#YY  MM DD hh mm WDIR WSPD GST  WVHT   DPD   APD MWD   PRES  ATMP  WTMP  DEWP  VIS  TIDE
#yr  mo dy hr mn degT m/s  m/s     m   sec   sec deg    hPa  degC  degC  degC  nmi    ft
2026 05 01 00 00  68  8.3  9.9 99.00 99.00 99.00 999 1007.8 999.0  28.1 999.0 99.0 99.00
2026 05 01 00 10  69  8.4 10.1  1.82  7.69  5.14 104 1007.8 999.0  28.1 999.0 99.0 99.00
2026 05 01 00 20  65  8.9 10.6 99.00 99.00 99.00 999 1008.0 999.0  28.1 999.0 99.0 99.00
2026 05 01 00 30  69  8.6 10.1 99.00 99.00 99.00 999 1008.2 999.0  28.1 999.0 99.0 99.00
2026 05 01 00 40  66  8.6 10.2  1.69  7.14  4.93  98 1008.3 999.0  28.1 999.0 99.0 99.00
2026 05 01 00 50  62  8.0 10.0 99.00 99.00 99.00 999 1008.3 999.0  28.1 999.0 99.0 99.00
2026 05 01 01 00  64  8.5 10.0 99.00 99.00 99.00 999 1008.6 999.0  28.1 999.0 99.0 99.00
2026 05 01 01 10  62  7.7  9.2  1.63  7.14  5.04  94 1008.9 999.0  28.1 999.0 99.0 99.00
2026 05 01 01 20  59  8.2  9.9 99.00 99.00 99.00 999 1009.0 999.0  28.1 999.0 99.0 99.00
2026 05 01 01 30  64  8.4 10.3 99.00 99.00 99.00 999 1009.2 999.0  28.1 999.0 99.0 99.00
2026 05 01 01 40  62  8.1 10.1  1.73  6.67  5.15  94 1009.2 999.0  28.1 999.0 99.0 99.00
2026 05 01 01 50  64  8.0  9.8 99.00 99.00 99.00 999 1009.2 999.0  28.1 999.0 99.0 99.00
2026 05 01 02 00  61  8.5 10.1 99.00 99.00 99.00 999 1009.2 999.0  28.1 999.0 99.0 99.00
2026 05 01 02 10  62  8.1 10.0  1.69  7.14  5.01  91 1009.5 999.0  28.1 999.0 99.0 99.00
2026 05 01 02 20  60  8.7 10.2 99.00 99.00 99.00 999 1009.5 999.0  28.1 999.0 99.0 99.00
2026 05 01 02 30  62  8.3 10.1 99.00 99.00 99.00 999 1009.6 999.0  28.1 999.0 99.0 99.00
2026 05 01 02 40  62  8.4 10.1  1.83  7.69  5.18  98 1009.8 999.0  28.1 999.0 99.0 99.00
2026 05 01 02 50  57  8.1  9.6 99.00 99.00 99.00 999 1009.8 999.0  28.1 999.0 99.0 99.00
2026 05 01 03 00  58  8.4  9.7 99.00 99.00 99.00 999 1009.9 999.0  28.1 999.0 99.0 99.00
2026 05 01 03 10  59  8.4  9.9  1.70  7.14  5.06  98 1009.8 999.0  28.1 999.0 99.0 99.00
2026 05 01 03 20  64  8.8 10.4 99.00 99.00 99.00 999 1009.9 999.0  28.1 999.0 99.0 99.00
2026 05 01 03 30  61  8.7 10.4 99.00 99.00 99.00 999 1009.8 999.0  28.1 999.0 99.0 99.00
2026 05 01 03 40  61  9.0 10.6  1.78  6.67  5.01 100 1009.8 999.0  28.1 999.0 99.0 99.00
2026 05 01 03 50  65  8.7 10.3 99.00 99.00 99.00 999 1009.8 999.0  28.1 999.0 99.0 99.00
2026 05 01 04 00  61  9.2 11.9 99.00 99.00 99.00 999 1009.6 999.0  28.1 999.0 99.0 99.00
2026 05 01 04 10  60  8.9 10.5  1.64  7.14  4.96  98 1009.6 999.0  28.1 999.0 99.0 99.00
2026 05 01 04 20  62  9.3 10.8 99.00 99.00 99.00 999 1009.5 999.0  28.1 999.0 99.0 99.00
2026 05 01 04 30  64  9.2 10.6 99.00 99.00 99.00 999 1009.4 999.0  28.1 999.0 99.0 99.00
2026 05 01 04 40  65  9.6 11.1  1.78  7.14  4.94  97 1009.2 999.0  28.1 999.0 99.0 99.00
2026 05 01 04 50  64  9.2 11.1 99.00 99.00 99.00 999 1009.1 999.0  28.1 999.0 99.0 99.00
2026 05 01 05 00  67  9.2 10.9 99.00 99.00 99.00 999 1008.8 999.0  28.1 999.0 99.0 99.00
2026 05 01 05 10  67  9.0 10.8  1.77  7.14  4.98  98 1008.7 999.0  28.1 999.0 99.0 99.00
2026 05 01 05 20  67  9.9 12.1 99.00 99.00 99.00 999 1008.6 999.0  28.1 999.0 99.0 99.00
2026 05 01 05 30  71  9.2 10.9 99.00 99.00 99.00 999 1008.6 999.0  28.1 999.0 99.0 99.00
2026 05 01 05 40  70  9.1 11.4  1.78  7.14  5.01 100 1008.5 999.0  28.1 999.0 99.0 99.00
2026 05 01 05 50  67  9.5 11.1 99.00 99.00 99.00 999 1008.4 999.0  28.1 999.0 99.0 99.00
2026 05 01 06 00  67  9.6 11.5 99.00 99.00 99.00 999 1008.3 999.0  28.1 999.0 99.0 99.00
2026 05 01 06 10  69  9.5 11.2  1.72  7.14  4.97  95 1008.3 999.0  28.1 999.0 99.0 99.00
2026 05 01 06 20  67  9.8 12.1 99.00 99.00 99.00 999 1008.0 999.0  28.1 999.0 99.0 99.00
2026 05 01 06 30  70 10.2 12.1 99.00 99.00 99.00 999 1007.9 999.0  28.1 999.0 99.0 99.00
2026 05 01 06 40  70  9.7 11.7  1.71  6.67  4.73  98 1008.0 999.0  28.1 999.0 99.0 99.00
2026 05 01 06 50  69  9.1 11.0 99.00 99.00 99.00 999 1008.0 999.0  28.1 999.0 99.0 99.00
2026 05 01 07 00  67  9.5 11.5 99.00 99.00 99.00 999 1007.9 999.0  28.1 999.0 99.0 99.00
2026 05 01 07 10  68  9.4 11.3  1.76  7.14  4.90  95 1007.9 999.0  28.1 999.0 99.0 99.00
2026 05 01 07 20  67  9.5 10.9 99.00 99.00 99.00 999 1007.9 999.0 999.0 999.0 99.0 99.00
2026 05 01 07 30  68  9.9 11.8 99.00 99.00 99.00 999 1007.9 999.0  28.1 999.0 99.0 99.00
2026 05 01 07 40  71  9.7 11.4  1.74  7.14  4.81  96 1008.0 999.0  28.1 999.0 99.0 99.00
2026 05 01 07 50  75  9.5 11.6 99.00 99.00 99.00 999 1008.0 999.0  28.1 999.0 99.0 99.00
2026 05 01 08 00  70  9.4 11.5 99.00 99.00 99.00 999 1007.9 999.0  28.1 999.0 99.0 99.00
2026 05 01 08 10  71 10.0 11.7  1.79  7.14  4.91  97 1007.6 999.0  28.1 999.0 99.0 99.00
2026 05 01 08 20  71 10.1 11.8 99.00 99.00 99.00 999 1007.5 999.0  28.1 999.0 99.0 99.00
2026 05 01 08 30  72 10.0 12.0 99.00 99.00 99.00 999 1007.4 999.0  28.1 999.0 99.0 99.00
2026 05 01 08 40  72  9.7 11.6  1.65  6.25  4.62  96 1007.5 999.0  28.1 999.0 99.0 99.00
2026 05 01 08 50  68  9.4 11.6 99.00 99.00 99.00 999 1007.6 999.0  28.1 999.0 99.0 99.00
2026 05 01 09 00  66 10.0 12.5 99.00 99.00 99.00 999 1007.7 999.0  28.1 999.0 99.0 99.00
2026 05 01 09 10  71 10.5 12.4  1.68  7.14  4.65  99 1007.8 999.0  28.1 999.0 99.0 99.00
2026 05 01 09 20  74 10.8 13.3 99.00 99.00 99.00 999 1007.9 999.0  28.1 999.0 99.0 99.00
2026 05 01 09 30  74 10.3 12.1 99.00 99.00 99.00 999 1008.0 999.0  28.1 999.0 99.0 99.00
2026 05 01 09 40  73 10.2 12.2  1.86  7.14  4.80  98 1008.1 999.0  28.1 999.0 99.0 99.00
2026 05 01 09 50  70  9.8 11.5 99.00 99.00 99.00 999 1008.2 999.0  28.1 999.0 99.0 99.00
2026 05 01 10 00  70 10.0 11.5 99.00 99.00 99.00 999 1008.3 999.0  28.1 999.0 99.0 99.00
2026 05 01 10 10  71  9.6 11.3  1.70  5.56  4.66  94 1008.3 999.0  28.1 999.0 99.0 99.00
2026 05 01 10 20  69  9.6 12.0 99.00 99.00 99.00 999 1008.4 999.0  28.1 999.0 99.0 99.00
2026 05 01 10 30  67 10.0 11.8 99.00 99.00 99.00 999 1008.6 999.0  28.1 999.0 99.0 99.00
2026 05 01 10 40  67  9.9 11.8  1.76  7.14  4.83  98 1008.5 999.0  28.1 999.0 99.0 99.00
2026 05 01 10 50  68  9.7 11.3 99.00 99.00 99.00 999 1008.6 999.0  28.1 999.0 99.0 99.00
2026 05 01 11 00  69  9.6 11.2 99.00 99.00 99.00 999 1008.7 999.0  28.1 999.0 99.0 99.00
2026 05 01 11 10  71 10.0 11.7  1.74  6.67  4.79  92 1008.7 999.0  28.1 999.0 99.0 99.00
2026 05 01 11 20  72 10.5 12.1 99.00 99.00 99.00 999 1008.6 999.0  28.1 999.0 99.0 99.00
2026 05 01 11 30  71 10.4 12.2 99.00 99.00 99.00 999 1008.7 999.0  28.1 999.0 99.0 99.00
2026 05 01 11 40  73 10.3 12.3  1.72  6.67  4.83  98 1008.8 999.0  28.1 999.0 99.0 99.00
2026 05 01 11 50  74  9.7 11.5 99.00 99.00 99.00 999 1009.0 999.0  28.1 999.0 99.0 99.00
2026 05 01 12 00  77  9.7 11.6 99.00 99.00 99.00 999 1009.0 999.0  28.1 999.0 99.0 99.00
2026 05 01 12 10  79  9.6 11.7  1.76  7.14  4.86  98 1009.1 999.0  28.1 999.0 99.0 99.00
2026 05 01 12 20  79  9.4 11.2 99.00 99.00 99.00 999 1009.1 999.0  28.1 999.0 99.0 99.00
2026 05 01 12 30  78  9.3 10.9 99.00 99.00 99.00 999 1009.3 999.0  28.1 999.0 99.0 99.00
2026 05 01 12 40  82  9.3 11.2  1.80  7.14  4.89  93 1009.5 999.0  28.1 999.0 99.0 99.00
2026 05 01 12 50  84  9.3 10.9 99.00 99.00 99.00 999 1009.6 999.0  28.1 999.0 99.0 99.00
2026 05 01 13 00  83  9.5 11.1 99.00 99.00 99.00 999 1009.7 999.0  28.1 999.0 99.0 99.00
2026 05 01 13 10  81  9.4 11.5  1.90  7.14  5.16 100 1010.0 999.0  28.1 999.0 99.0 99.00
2026 05 01 13 20  81  9.4 11.1 99.00 99.00 99.00 999 1010.0 999.0  28.1 999.0 99.0 99.00
2026 05 01 13 30  78  9.3 11.4 99.00 99.00 99.00 999 1010.1 999.0  28.1 999.0 99.0 99.00
2026 05 01 13 40  77  9.0 10.8  1.67  7.14  4.81  97 1010.1 999.0  28.1 999.0 99.0 99.00
2026 05 01 13 50  74  9.2 10.7 99.00 99.00 99.00 999 1010.3 999.0  28.1 999.0 99.0 99.00
2026 05 01 14 00  74  8.8 10.4 99.00 99.00 99.00 999 1010.5 999.0  28.1 999.0 99.0 99.00
2026 05 01 14 10  77  8.8 10.5  1.83  6.67  5.01 100 1010.6 999.0  28.1 999.0 99.0 99.00
2026 05 01 14 20  75  9.2 10.7 99.00 99.00 99.00 999 1010.5 999.0  28.1 999.0 99.0 99.00
2026 05 01 14 30  75  9.3 11.1 99.00 99.00 99.00 999 1010.5 999.0  28.1 999.0 99.0 99.00
2026 05 01 14 40  76  9.0 10.4  1.88  7.14  5.14  98 1010.6 999.0  28.1 999.0 99.0 99.00
2026 05 01 14 50  76  8.5  9.8 99.00 99.00 99.00 999 1010.7 999.0  28.1 999.0 99.0 99.00
2026 05 01 15 00  75  8.2  9.7 99.00 99.00 99.00 999 1010.7 999.0  28.1 999.0 99.0 99.00
2026 05 01 15 10  71  8.7 10.5  1.87  7.14  5.10 101 1010.6 999.0  28.1 999.0 99.0 99.00
2026 05 01 15 20  71  8.4 10.1 99.00 99.00 99.00 999 1010.5 999.0  28.1 999.0 99.0 99.00
2026 05 01 15 30  72  8.7 10.3 99.00 99.00 99.00 999 1010.5 999.0  28.1 999.0 99.0 99.00
2026 05 01 15 40  73  8.8 10.3  1.76  7.14  5.01 103 1010.4 999.0  28.1 999.0 99.0 99.00
2026 05 01 15 50  73  8.4  9.7 99.00 99.00 99.00 999 1010.4 999.0  28.1 999.0 99.0 99.00
2026 05 01 16 00  70  8.7 10.4 99.00 99.00 99.00 999 1010.3 999.0  28.1 999.0 99.0 99.00
2026 05 01 16 10  71  8.9 10.7  1.77  7.14  4.97  98 1010.1 999.0  28.1 999.0 99.0 99.00
2026 05 01 16 20  66  8.5  9.8 99.00 99.00 99.00 999 1010.1 999.0  28.1 999.0 99.0 99.00
2026 05 01 16 30  69  8.5 10.2 99.00 99.00 99.00 999 1010.2 999.0  28.1 999.0 99.0 99.00
2026 05 01 16 40  71  8.0  9.6  1.78  6.67  4.97  98 1010.0 999.0  28.1 999.0 99.0 99.00
2026 05 01 16 50  74  8.6 10.1 99.00 99.00 99.00 999 1009.9 999.0  28.1 999.0 99.0 99.00
2026 05 01 17 00  73  8.6  9.8 99.00 99.00 99.00 999 1009.8 999.0  28.1 999.0 99.0 99.00
2026 05 01 17 10  72  8.7 10.4  1.71  6.67  4.93  96 1009.8 999.0  28.1 999.0 99.0 99.00
2026 05 01 17 20  76  8.9 10.4 99.00 99.00 99.00 999 1009.7 999.0  28.2 999.0 99.0 99.00
2026 05 01 17 30  82  8.6 10.4 99.00 99.00 99.00 999 1009.6 999.0  28.2 999.0 99.0 99.00
2026 05 01 17 40  87  8.6 10.6  1.67  7.69  4.91 103 1009.5 999.0  28.2 999.0 99.0 99.00
2026 05 01 17 50  88  8.8 10.3 99.00 99.00 99.00 999 1009.3 999.0  28.2 999.0 99.0 99.00
2026 05 01 18 00  85  8.6 10.1 99.00 99.00 99.00 999 1009.2 999.0  28.2 999.0 99.0 99.00
2026 05 01 18 10  82  8.7 10.5  1.73  7.14  4.94 104 1009.0 999.0  28.2 999.0 99.0 99.00
2026 05 01 18 20  84  8.9 10.4 99.00 99.00 99.00 999 1008.8 999.0  28.2 999.0 99.0 99.00
2026 05 01 18 30  86  8.9 10.6 99.00 99.00 99.00 999 1008.7 999.0  28.2 999.0 99.0 99.00
2026 05 01 18 40  82  8.9 10.6  1.82  7.14  4.92  97 1008.6 999.0  28.2 999.0 99.0 99.00
2026 05 01 18 50  82  8.3  9.8 99.00 99.00 99.00 999 1008.5 999.0  28.2 999.0 99.0 99.00
2026 05 01 19 00  77  8.6 10.0 99.00 99.00 99.00 999 1008.4 999.0  28.2 999.0 99.0 99.00
2026 05 01 19 10  74  8.5 10.6  1.84  7.14  5.08 101 1008.2 999.0  28.2 999.0 99.0 99.00
2026 05 01 19 20  73  8.8 10.5 99.00 99.00 99.00 999 1008.1 999.0  28.2 999.0 99.0 99.00
2026 05 01 19 30  72  8.5 10.2 99.00 99.00 99.00 999 1007.9 999.0  28.2 999.0 99.0 99.00
2026 05 01 19 40  72  8.6 10.3  1.79  7.14  5.02  98 1007.9 999.0  28.2 999.0 99.0 99.00
2026 05 01 19 50  69  8.8 10.2 99.00 99.00 99.00 999 1007.9 999.0  28.2 999.0 99.0 99.00
2026 05 01 20 00  69  9.0 10.8 99.00 99.00 99.00 999 1007.9 999.0  28.2 999.0 99.0 99.00
2026 05 01 20 10  69  8.9 10.2  1.75  7.14  5.01  97 1007.6 999.0  28.3 999.0 99.0 99.00
2026 05 01 20 20  66  8.7 10.3 99.00 99.00 99.00 999 1007.6 999.0  28.3 999.0 99.0 99.00
2026 05 01 20 30  72  8.6 10.4 99.00 99.00 99.00 999 1007.3 999.0  28.3 999.0 99.0 99.00
2026 05 01 20 40  68  8.9 10.7  1.81  7.14  4.97  93 1007.2 999.0  28.3 999.0 99.0 99.00
2026 05 01 20 50  70  9.1 11.0 99.00 99.00 99.00 999 1007.1 999.0  28.3 999.0 99.0 99.00
2026 05 01 21 00  65  9.1 10.8 99.00 99.00 99.00 999 1007.0 999.0  28.3 999.0 99.0 99.00
2026 05 01 21 10  71  9.7 12.2  1.74  7.14  5.07  98 1006.9 999.0  28.3 999.0 99.0 99.00
2026 05 01 21 20  73 10.0 12.2 99.00 99.00 99.00 999 1007.0 999.0  28.3 999.0 99.0 99.00
2026 05 01 21 30  73 10.1 12.0 99.00 99.00 99.00 999 1006.9 999.0  28.3 999.0 99.0 99.00
2026 05 01 21 40  72  9.5 11.1  1.74  7.14  4.87  99 1006.9 999.0  28.3 999.0 99.0 99.00
2026 05 01 21 50  70  9.1 11.6 99.00 99.00 99.00 999 1007.1 999.0  28.3 999.0 99.0 99.00
2026 05 01 22 00  70  9.8 11.9 99.00 99.00 99.00 999 1007.1 999.0  28.3 999.0 99.0 99.00
2026 05 01 22 10  69  9.3 11.3  1.79  7.14  4.92  93 1007.1 999.0  28.3 999.0 99.0 99.00
2026 05 01 22 20  70  9.6 11.2 99.00 99.00 99.00 999 1007.1 999.0  28.3 999.0 99.0 99.00
2026 05 01 22 30  71  9.6 11.5 99.00 99.00 99.00 999 1007.2 999.0  28.2 999.0 99.0 99.00
2026 05 01 22 40  73  9.8 12.0  1.79  7.69  4.92 100 1007.2 999.0  28.2 999.0 99.0 99.00
2026 05 01 22 50  74  9.8 11.6 99.00 99.00 99.00 999 1007.3 999.0  28.2 999.0 99.0 99.00
2026 05 01 23 00  71  9.7 11.6 99.00 99.00 99.00 999 1007.3 999.0  28.2 999.0 99.0 99.00
2026 05 01 23 10  70  9.9 12.0  1.97  7.69  5.30  97 1007.3 999.0  28.2 999.0 99.0 99.00
2026 05 01 23 20  72  9.8 11.6 99.00 99.00 99.00 999 1007.4 999.0  28.2 999.0 99.0 99.00
2026 05 01 23 30  70  9.9 11.6 99.00 99.00 99.00 999 1007.5 999.0  28.2 999.0 99.0 99.00
2026 05 01 23 40  68 10.0 11.7  1.84  7.14  5.05  95 1007.7 999.0  28.2 999.0 99.0 99.00
2026 05 01 23 50  69  9.9 11.7 99.00 99.00 99.00 999 1007.9 999.0  28.2 999.0 99.0 99.00
2026 05 02 00 00  68  9.6 11.2 99.00 99.00 99.00 999 1008.1 999.0  28.2 999.0 99.0 99.00
2026 05 02 00 10  70 10.0 11.9  1.95  7.69  5.07  99 1008.1 999.0  28.2 999.0 99.0 99.00
2026 05 02 00 20  72  9.7 11.6 99.00 99.00 99.00 999 1008.2 999.0  28.2 999.0 99.0 99.00
2026 05 02 00 30  71  9.6 11.4 99.00 99.00 99.00 999 1008.4 999.0  28.2 999.0 99.0 99.00
2026 05 02 00 40  74  9.0 11.1  1.78  7.14  4.99  97 1008.5 999.0  28.2 999.0 99.0 99.00
2026 05 02 00 50  72  8.9 10.6 99.00 99.00 99.00 999 1008.7 999.0  28.2 999.0 99.0 99.00
2026 05 02 01 00  73  9.1 11.2 99.00 99.00 99.00 999 1008.7 999.0  28.2 999.0 99.0 99.00
2026 05 02 01 10  73  9.4 11.7  2.06  7.69  5.07  96 1008.7 999.0  28.2 999.0 99.0 99.00
2026 05 02 01 20  69  9.6 11.4 99.00 99.00 99.00 999 1008.8 999.0  28.2 999.0 99.0 99.00
2026 05 02 01 30  71  9.7 11.4 99.00 99.00 99.00 999 1008.8 999.0  28.2 999.0 99.0 99.00
2026 05 02 01 40  71  9.8 11.6  1.91  7.69  5.18 101 1009.0 999.0  28.2 999.0 99.0 99.00
2026 05 02 01 50  72 10.0 12.2 99.00 99.00 99.00 999 1009.1 999.0  28.2 999.0 99.0 99.00
2026 05 02 02 00  68  9.6 11.2 99.00 99.00 99.00 999 1009.3 999.0  28.2 999.0 99.0 99.00
2026 05 02 02 10  66  9.4 11.6  1.83  7.14  4.98  93 1009.5 999.0  28.2 999.0 99.0 99.00
2026 05 02 02 20  67  9.4 11.6 99.00 99.00 99.00 999 1009.6 999.0  28.2 999.0 99.0 99.00
2026 05 02 02 30  65  9.6 11.3 99.00 99.00 99.00 999 1009.7 999.0  28.2 999.0 99.0 99.00
2026 05 02 02 40  66  9.7 11.5  1.74  7.69  4.97 100 1010.0 999.0  28.2 999.0 99.0 99.00
2026 05 02 02 50  70  9.5 11.1 99.00 99.00 99.00 999 1010.2 999.0  28.2 999.0 99.0 99.00
2026 05 02 03 00  70  9.7 11.2 99.00 99.00 99.00 999 1010.3 999.0  28.2 999.0 99.0 99.00
2026 05 02 03 10  70  9.7 11.6  1.83  7.14  4.97  94 1010.4 999.0  28.2 999.0 99.0 99.00
2026 05 02 03 20  70  9.3 11.2 99.00 99.00 99.00 999 1010.6 999.0  28.2 999.0 99.0 99.00
2026 05 02 03 30  74  9.6 11.0 99.00 99.00 99.00 999 1010.6 999.0  28.2 999.0 99.0 99.00
2026 05 02 03 40  74  9.4 11.6  2.03  7.14  5.24  91 1010.7 999.0  28.2 999.0 99.0 99.00
2026 05 02 03 50  72  9.8 12.0 99.00 99.00 99.00 999 1010.8 999.0  28.2 999.0 99.0 99.00
2026 05 02 04 00  72  9.9 11.9 99.00 99.00 99.00 999 1010.8 999.0  28.2 999.0 99.0 99.00
2026 05 02 04 10  74  9.9 12.0  1.82  7.69  5.04  97 1010.6 999.0  28.2 999.0 99.0 99.00
2026 05 02 04 20  72  9.9 11.5 99.00 99.00 99.00 999 1010.5 999.0  28.2 999.0 99.0 99.00
2026 05 02 04 30  73 10.0 11.8 99.00 99.00 99.00 999 1010.4 999.0  28.2 999.0 99.0 99.00
2026 05 02 04 40  72  9.9 12.0  1.86  7.14  5.07 102 1010.3 999.0  28.2 999.0 99.0 99.00
2026 05 02 04 50  73  9.8 12.1 99.00 99.00 99.00 999 1010.2 999.0  28.2 999.0 99.0 99.00
2026 05 02 05 00  69  9.6 11.5 99.00 99.00 99.00 999 1010.1 999.0  28.2 999.0 99.0 99.00
2026 05 02 05 10  70  9.4 11.5  1.89  7.14  5.03  93 1009.8 999.0  28.2 999.0 99.0 99.00
2026 05 02 05 20  73  9.6 11.6 99.00 99.00 99.00 999 1009.7 999.0  28.2 999.0 99.0 99.00
2026 05 02 05 30  72  9.5 11.4 99.00 99.00 99.00 999 1009.5 999.0  28.2 999.0 99.0 99.00
2026 05 02 05 40  72  9.5 11.2  1.85  7.14  5.03 101 1009.2 999.0  28.2 999.0 99.0 99.00
2026 05 02 05 50  68  9.6 12.2 99.00 99.00 99.00 999 1009.1 999.0  28.2 999.0 99.0 99.00
2026 05 02 06 00  71  9.7 12.1 99.00 99.00 99.00 999 1009.0 999.0  28.2 999.0 99.0 99.00
2026 05 02 06 10  70  9.8 11.8  1.96  7.14  5.10  91 1009.0 999.0 999.0 999.0 99.0 99.00
2026 05 02 06 20  69  9.5 12.0 99.00 99.00 99.00 999 1009.0 999.0  28.2 999.0 99.0 99.00
2026 05 02 06 30  73 10.0 11.8 99.00 99.00 99.00 999 1008.8 999.0  28.2 999.0 99.0 99.00
2026 05 02 06 40  69 10.1 11.7  2.01  7.69  5.15 103 1008.7 999.0  28.2 999.0 99.0 99.00
2026 05 02 06 50  71 10.1 11.8 99.00 99.00 99.00 999 1008.7 999.0  28.1 999.0 99.0 99.00
2026 05 02 07 00  72 10.1 11.9 99.00 99.00 99.00 999 1008.6 999.0  28.2 999.0 99.0 99.00
2026 05 02 07 10  71 10.0 11.6  1.95  7.69  5.04 102 1008.7 999.0  28.2 999.0 99.0 99.00
2026 05 02 07 20  74  9.6 11.6 99.00 99.00 99.00 999 1008.7 999.0  28.2 999.0 99.0 99.00
2026 05 02 07 30  74  9.7 11.9 99.00 99.00 99.00 999 1008.8 999.0  28.2 999.0 99.0 99.00
2026 05 02 07 40  75  9.8 12.0  2.11  7.69  5.38 101 1008.8 999.0  28.2 999.0 99.0 99.00
2026 05 02 07 50  78  9.4 11.3 99.00 99.00 99.00 999 1008.9 999.0  28.2 999.0 99.0 99.00
2026 05 02 08 00  73  9.3 11.3 99.00 99.00 99.00 999 1008.7 999.0  28.2 999.0 99.0 99.00
2026 05 02 08 10  78  9.6 11.5  2.16  7.69  5.34 100 1008.6 999.0  28.2 999.0 99.0 99.00
2026 05 02 08 20  78 10.0 11.6 99.00 99.00 99.00 999 1008.5 999.0  28.2 999.0 99.0 99.00
2026 05 02 08 30  76  9.4 11.6 99.00 99.00 99.00 999 1008.5 999.0  28.2 999.0 99.0 99.00
2026 05 02 08 40  73  9.1 10.9  2.13  7.69  5.40  96 1008.5 999.0  28.2 999.0 99.0 99.00
2026 05 02 08 50  72  9.4 11.1 99.00 99.00 99.00 999 1008.7 999.0  28.2 999.0 99.0 99.00
2026 05 02 09 00  74  9.4 11.2 99.00 99.00 99.00 999 1008.9 999.0  28.2 999.0 99.0 99.00
2026 05 02 09 10  73  9.0 11.0  2.02  7.14  5.15  98 1009.0 999.0  28.2 999.0 99.0 99.00
2026 05 02 09 20  77  9.5 11.7 99.00 99.00 99.00 999 1008.9 999.0  28.2 999.0 99.0 99.00
2026 05 02 09 30  76  9.6 11.3 99.00 99.00 99.00 999 1009.0 999.0  28.2 999.0 99.0 99.00
2026 05 02 09 40  79  9.1 11.2  2.12  6.67  5.34  98 1009.1 999.0  28.2 999.0 99.0 99.00
2026 05 02 09 50  80  9.7 11.8 99.00 99.00 99.00 999 1009.1 999.0  28.2 999.0 99.0 99.00
2026 05 02 10 00  81  9.9 11.9 99.00 99.00 99.00 999 1009.1 999.0  28.2 999.0 99.0 99.00
2026 05 02 10 10  79 10.2 12.1  2.00  7.69  5.08  91 1009.3 999.0  28.2 999.0 99.0 99.00
2026 05 02 10 20  84  9.6 11.6 99.00 99.00 99.00 999 1009.4 999.0  28.2 999.0 99.0 99.00
2026 05 02 10 30  79  9.5 11.2 99.00 99.00 99.00 999 1009.4 999.0  28.2 999.0 99.0 99.00
2026 05 02 10 40  82  9.3 11.2  1.92  7.69  5.24  98 1009.6 999.0  28.2 999.0 99.0 99.00
2026 05 02 10 50  83  9.3 11.2 99.00 99.00 99.00 999 1009.5 999.0  28.2 999.0 99.0 99.00
2026 05 02 11 00  86  9.4 11.3 99.00 99.00 99.00 999 1009.7 999.0  28.2 999.0 99.0 99.00
2026 05 02 11 10  80  9.4 10.9  1.96  7.69  5.25 100 1009.8 999.0  28.2 999.0 99.0 99.00
2026 05 02 11 20  81  9.0 10.9 99.00 99.00 99.00 999 1010.0 999.0  28.2 999.0 99.0 99.00
2026 05 02 11 30  77  9.5 10.7 99.00 99.00 99.00 999 1010.0 999.0  28.2 999.0 99.0 99.00
2026 05 02 11 40  81  9.3 10.9  2.02  7.14  5.33 100 1010.1 999.0  28.2 999.0 99.0 99.00
2026 05 02 11 50  82 10.0 11.3 99.00 99.00 99.00 999 1010.3 999.0  28.2 999.0 99.0 99.00
2026 05 02 12 00  79  9.6 11.4 99.00 99.00 99.00 999 1010.4 999.0  28.2 999.0 99.0 99.00
2026 05 02 12 10  79  9.7 11.3  2.17  7.69  5.37 101 1010.4 999.0  28.2 999.0 99.0 99.00
2026 05 02 12 20  77  9.2 10.9 99.00 99.00 99.00 999 1010.6 999.0  28.2 999.0 99.0 99.00
2026 05 02 12 30  79  9.1 11.6 99.00 99.00 99.00 999 1010.8 999.0  28.2 999.0 99.0 99.00
2026 05 02 12 40  77  9.2 11.6  2.11  7.69  5.32  96 1011.0 999.0  28.2 999.0 99.0 99.00
2026 05 02 12 50  76  9.5 11.6 99.00 99.00 99.00 999 1011.1 999.0  28.2 999.0 99.0 99.00
2026 05 02 13 00  73  9.0 10.7 99.00 99.00 99.00 999 1011.2 999.0  28.2 999.0 99.0 99.00
2026 05 02 13 10  76  8.7 10.2  2.00  7.14  5.36  95 1011.4 999.0  28.2 999.0 99.0 99.00
2026 05 02 13 20  73  9.2 11.2 99.00 99.00 99.00 999 1011.4 999.0  28.2 999.0 99.0 99.00
2026 05 02 13 30  74  9.4 11.1 99.00 99.00 99.00 999 1011.4 999.0  28.2 999.0 99.0 99.00
2026 05 02 13 40  74  9.3 11.3  1.95  7.69  5.08  99 1011.6 999.0  28.2 999.0 99.0 99.00
2026 05 02 13 50  75  9.4 11.2 99.00 99.00 99.00 999 1011.7 999.0  28.2 999.0 99.0 99.00
2026 05 02 14 00  75  9.3 10.9 99.00 99.00 99.00 999 1011.8 999.0  28.2 999.0 99.0 99.00
2026 05 02 14 10  78  9.4 11.2  1.97  7.14  5.30  98 1011.9 999.0  28.2 999.0 99.0 99.00
2026 05 02 14 20  79  9.6 11.2 99.00 99.00 99.00 999 1012.0 999.0  28.2 999.0 99.0 99.00
2026 05 02 14 30  80  9.7 12.0 99.00 99.00 99.00 999 1011.9 999.0  28.2 999.0 99.0 99.00
2026 05 02 14 40  81 10.0 11.9  2.07  7.14  5.30 100 1011.9 999.0  28.2 999.0 99.0 99.00
2026 05 02 14 50  81  9.7 11.1 99.00 99.00 99.00 999 1012.0 999.0  28.2 999.0 99.0 99.00
2026 05 02 15 00  76  9.3 11.3 99.00 99.00 99.00 999 1012.1 999.0  28.2 999.0 99.0 99.00
2026 05 02 15 10  82  8.8 10.3  2.06  7.14  5.31 101 1012.1 999.0  28.2 999.0 99.0 99.00
2026 05 02 15 20  82  8.5 10.0 99.00 99.00 99.00 999 1012.1 999.0  28.2 999.0 99.0 99.00
2026 05 02 15 30  84  8.9 10.5 99.00 99.00 99.00 999 1012.2 999.0  28.2 999.0 99.0 99.00
2026 05 02 15 40  89  8.9 10.7  1.95  7.69  5.06 101 1012.1 999.0  28.2 999.0 99.0 99.00
2026 05 02 15 50  93  9.0 10.7 99.00 99.00 99.00 999 1012.0 999.0  28.2 999.0 99.0 99.00
2026 05 02 16 00  88  9.7 12.3 99.00 99.00 99.00 999 1011.8 999.0  28.2 999.0 99.0 99.00
2026 05 02 16 10  89  9.8 12.4  1.87  7.69  5.08 100 1012.0 999.0  28.2 999.0 99.0 99.00
2026 05 02 16 20  87  9.6 12.1 99.00 99.00 99.00 999 1011.9 999.0  28.2 999.0 99.0 99.00
2026 05 02 16 30  84  9.5 11.9 99.00 99.00 99.00 999 1011.9 999.0  28.2 999.0 99.0 99.00
2026 05 02 16 40  85  9.5 11.5  2.06  7.69  5.25 101 1011.7 999.0  28.2 999.0 99.0 99.00
2026 05 02 16 50  84  9.3 10.9 99.00 99.00 99.00 999 1011.5 999.0  28.2 999.0 99.0 99.00
2026 05 02 17 00  84  9.5 11.7 99.00 99.00 99.00 999 1011.5 999.0  28.2 999.0 99.0 99.00
2026 05 02 17 10  84  9.0 10.5  2.12  7.69  5.32  94 1011.4 999.0  28.2 999.0 99.0 99.00
2026 05 02 17 20  87  8.7 10.8 99.00 99.00 99.00 999 1011.4 999.0 999.0 999.0 99.0 99.00
2026 05 02 17 30  86  9.4 11.3 99.00 99.00 99.00 999 1011.2 999.0  28.2 999.0 99.0 99.00
2026 05 02 17 40  85  9.4 11.1  1.98  7.69  5.26  97 1011.0 999.0  28.2 999.0 99.0 99.00
2026 05 02 17 50  84  9.6 11.6 99.00 99.00 99.00 999 1010.8 999.0  28.2 999.0 99.0 99.00
2026 05 02 18 00  83  9.4 11.5 99.00 99.00 99.00 999 1010.7 999.0  28.2 999.0 99.0 99.00
2026 05 02 18 10  85  9.5 11.1  2.05  7.14  5.42  93 1010.7 999.0  28.2 999.0 99.0 99.00
2026 05 02 18 20  84  8.8 10.8 99.00 99.00 99.00 999 1010.8 999.0  28.2 999.0 99.0 99.00
2026 05 02 18 30  86  9.4 11.3 99.00 99.00 99.00 999 1010.7 999.0  28.2 999.0 99.0 99.00
2026 05 02 18 40  89  9.0 11.0  2.08  7.69  5.20 101 1010.6 999.0  28.2 999.0 99.0 99.00
2026 05 02 18 50  86  9.2 10.8 99.00 99.00 99.00 999 1010.5 999.0  28.2 999.0 99.0 99.00
2026 05 02 19 00  88  8.8 11.1 99.00 99.00 99.00 999 1010.2 999.0  28.2 999.0 99.0 99.00
2026 05 02 19 10  85  9.7 11.6  2.03  7.14  5.11  97 1010.1 999.0  28.2 999.0 99.0 99.00
2026 05 02 19 20  81  8.9 10.4 99.00 99.00 99.00 999 1009.8 999.0  28.2 999.0 99.0 99.00
2026 05 02 19 30  79  9.0 10.9 99.00 99.00 99.00 999 1009.6 999.0  28.2 999.0 99.0 99.00
2026 05 02 19 40  80  9.5 11.4  2.22  6.67  5.40  98 1009.6 999.0  28.2 999.0 99.0 99.00
2026 05 02 19 50  85  9.2 11.1 99.00 99.00 99.00 999 1009.6 999.0  28.2 999.0 99.0 99.00
2026 05 02 20 00  84  9.4 11.2 99.00 99.00 99.00 999 1009.5 999.0  28.2 999.0 99.0 99.00
2026 05 02 20 10  86  8.7 10.5  2.18  7.69  5.54  94 1009.4 999.0  28.2 999.0 99.0 99.00
2026 05 02 20 20  82  9.7 11.3 99.00 99.00 99.00 999 1009.3 999.0  28.2 999.0 99.0 99.00
2026 05 02 20 30  84  9.5 11.7 99.00 99.00 99.00 999 1009.3 999.0  28.2 999.0 99.0 99.00
2026 05 02 20 40  86  9.6 11.4  2.18  8.33  5.44 102 1009.3 999.0  28.2 999.0 99.0 99.00
2026 05 02 20 50  84  9.6 11.4 99.00 99.00 99.00 999 1009.1 999.0  28.2 999.0 99.0 99.00
2026 05 02 21 00  85  9.5 10.9 99.00 99.00 99.00 999 1009.2 999.0  28.2 999.0 99.0 99.00
2026 05 02 21 10  87  8.9 10.5  2.17  7.69  5.31  96 1009.2 999.0  28.2 999.0 99.0 99.00
2026 05 02 21 20  86  8.7 10.4 99.00 99.00 99.00 999 1009.3 999.0  28.2 999.0 99.0 99.00
2026 05 02 21 30  88  8.8 10.8 99.00 99.00 99.00 999 1009.2 999.0  28.2 999.0 99.0 99.00
2026 05 02 21 40  84  8.1  9.9  2.20  7.69  5.58  97 1009.1 999.0  28.2 999.0 99.0 99.00
2026 05 02 21 50  85  8.7 10.4 99.00 99.00 99.00 999 1009.1 999.0  28.2 999.0 99.0 99.00
2026 05 02 22 00  89  9.1 11.0 99.00 99.00 99.00 999 1009.2 999.0  28.2 999.0 99.0 99.00
2026 05 02 22 10  84  9.2 11.1  2.06  7.69  5.41 104 1009.2 999.0  28.2 999.0 99.0 99.00
2026 05 02 22 20  86  9.9 11.4 99.00 99.00 99.00 999 1009.3 999.0  28.2 999.0 99.0 99.00
2026 05 02 22 30  91  9.7 11.2 99.00 99.00 99.00 999 1009.2 999.0  28.2 999.0 99.0 99.00
2026 05 02 22 40  85  9.2 11.0  2.10  7.14  5.20 102 1009.4 999.0  28.2 999.0 99.0 99.00
2026 05 02 22 50  89  9.1 11.2 99.00 99.00 99.00 999 1009.5 999.0  28.2 999.0 99.0 99.00
2026 05 02 23 00  90  8.8 11.1 99.00 99.00 99.00 999 1009.6 999.0  28.2 999.0 99.0 99.00
2026 05 02 23 10  93  9.4 11.4  2.05  7.69  5.30 100 1009.7 999.0  28.2 999.0 99.0 99.00
2026 05 02 23 20  85  9.0 10.8 99.00 99.00 99.00 999 1009.8 999.0  28.2 999.0 99.0 99.00
2026 05 02 23 30  87  9.2 11.0 99.00 99.00 99.00 999 1009.9 999.0  28.2 999.0 99.0 99.00
2026 05 02 23 40  83 10.2 12.2  1.94  7.69  5.09  96 1010.1 999.0  28.2 999.0 99.0 99.00
2026 05 02 23 50  85  9.5 11.3 99.00 99.00 99.00 999 1010.2 999.0  28.2 999.0 99.0 99.00
2026 05 03 00 00  92  9.7 12.3 99.00 99.00 99.00 999 1010.6 999.0  28.2 999.0 99.0 99.00
2026 05 03 00 10  91  9.3 11.5  2.09  8.33  5.31 105 1010.6 999.0  28.2 999.0 99.0 99.00
2026 05 03 00 20  93  9.4 10.9 99.00 99.00 99.00 999 1010.9 999.0  28.2 999.0 99.0 99.00
2026 05 03 00 30  92  9.4 11.2 99.00 99.00 99.00 999 1010.9 999.0  28.2 999.0 99.0 99.00
2026 05 03 00 40  93  9.8 11.6  2.12  8.33  5.42 105 1011.1 999.0  28.2 999.0 99.0 99.00
2026 05 03 00 50  90  8.6 10.4 99.00 99.00 99.00 999 1011.4 999.0  28.2 999.0 99.0 99.00
2026 05 03 01 00  89  9.1 11.1 99.00 99.00 99.00 999 1011.5 999.0  28.2 999.0 99.0 99.00
2026 05 03 01 10  90  8.9 10.6  1.97  7.69  5.37 101 1011.7 999.0  28.2 999.0 99.0 99.00
2026 05 03 01 20  83  8.7 10.7 99.00 99.00 99.00 999 1012.0 999.0  28.2 999.0 99.0 99.00
2026 05 03 01 30  91  8.9 10.8 99.00 99.00 99.00 999 1012.1 999.0  28.2 999.0 99.0 99.00
2026 05 03 01 40  86  7.9  9.5  2.00  7.14  5.33 100 1012.3 999.0  28.2 999.0 99.0 99.00
2026 05 03 01 50  85  8.7 10.6 99.00 99.00 99.00 999 1012.2 999.0  28.2 999.0 99.0 99.00
2026 05 03 02 00  85  8.7 10.4 99.00 99.00 99.00 999 1012.4 999.0  28.2 999.0 99.0 99.00
2026 05 03 02 10  82  8.5 10.3  2.05  7.69  5.51  97 1012.5 999.0  28.2 999.0 99.0 99.00
2026 05 03 02 20  81  8.9 11.0 99.00 99.00 99.00 999 1012.8 999.0  28.2 999.0 99.0 99.00
2026 05 03 02 30  82  8.7 10.0 99.00 99.00 99.00 999 1012.8 999.0  28.2 999.0 99.0 99.00
2026 05 03 02 40  81  8.3  9.8  2.12  8.33  5.54 100 1012.8 999.0  28.2 999.0 99.0 99.00
2026 05 03 02 50  81  8.4  9.7 99.00 99.00 99.00 999 1012.9 999.0  28.3 999.0 99.0 99.00
2026 05 03 03 00  81  8.5 10.2 99.00 99.00 99.00 999 1012.9 999.0  28.2 999.0 99.0 99.00
2026 05 03 03 10  79  8.3 10.0  2.13  7.69  5.65  93 1012.9 999.0  28.2 999.0 99.0 99.00
2026 05 03 03 20  77  8.3  9.6 99.00 99.00 99.00 999 1013.0 999.0  28.2 999.0 99.0 99.00
2026 05 03 03 30  78  8.5 10.0 99.00 99.00 99.00 999 1013.1 999.0  28.2 999.0 99.0 99.00
2026 05 03 03 40  76  8.5  9.9  2.12  7.69  5.57  97 1012.9 999.0  28.2 999.0 99.0 99.00
2026 05 03 03 50  75  8.7 10.6 99.00 99.00 99.00 999 1012.9 999.0  28.2 999.0 99.0 99.00
2026 05 03 04 00  79  8.6 10.6 99.00 99.00 99.00 999 1012.9 999.0  28.2 999.0 99.0 99.00
2026 05 03 04 10  81  8.6 10.3  2.05  7.69  5.54  98 1012.8 999.0  28.2 999.0 99.0 99.00
2026 05 03 04 20  78  8.5 10.1 99.00 99.00 99.00 999 1012.8 999.0  28.2 999.0 99.0 99.00
2026 05 03 04 30  80  8.6 10.2 99.00 99.00 99.00 999 1012.7 999.0  28.2 999.0 99.0 99.00
2026 05 03 04 40  81  8.7 10.2  2.08  8.33  5.61  95 1012.6 999.0  28.2 999.0 99.0 99.00
2026 05 03 04 50  79  8.2  9.9 99.00 99.00 99.00 999 1012.5 999.0  28.2 999.0 99.0 99.00
2026 05 03 05 00  78  8.5 10.7 99.00 99.00 99.00 999 1012.5 999.0  28.2 999.0 99.0 99.00
2026 05 03 05 10  79  8.5 10.1  1.99  7.69  5.53  93 1012.2 999.0  28.2 999.0 99.0 99.00
2026 05 03 05 20  79  8.5 10.1 99.00 99.00 99.00 999 1012.2 999.0  28.2 999.0 99.0 99.00
2026 05 03 05 30  80  8.2  9.9 99.00 99.00 99.00 999 1012.0 999.0  28.1 999.0 99.0 99.00
2026 05 03 05 40  78  8.1  9.7  2.16  7.69  5.67  96 1011.9 999.0  28.1 999.0 99.0 99.00
2026 05 03 05 50  76  8.4 10.5 99.00 99.00 99.00 999 1011.6 999.0  28.0 999.0 99.0 99.00
2026 05 03 06 00  77  8.3  9.7 99.00 99.00 99.00 999 1011.5 999.0  28.0 999.0 99.0 99.00
2026 05 03 06 10  79  8.6  9.8  1.95  8.33  5.49  93 1011.4 999.0  28.0 999.0 99.0 99.00
2026 05 03 06 20  77  8.4  9.6 99.00 99.00 99.00 999 1011.4 999.0  28.0 999.0 99.0 99.00
2026 05 03 06 30  77  8.5 10.3 99.00 99.00 99.00 999 1011.3 999.0  28.0 999.0 99.0 99.00
2026 05 03 06 40  80  8.0  9.6  1.97  7.69  5.44  96 1011.2 999.0  28.0 999.0 99.0 99.00
2026 05 03 06 50  75  8.6 10.3 99.00 99.00 99.00 999 1010.9 999.0  28.0 999.0 99.0 99.00
2026 05 03 07 00  75  8.1  9.5 99.00 99.00 99.00 999 1010.9 999.0  28.0 999.0 99.0 99.00
2026 05 03 07 10  75  8.4  9.7  2.07  7.69  5.63 101 1010.7 999.0  28.0 999.0 99.0 99.00
2026 05 03 07 20  75  7.7  9.2 99.00 99.00 99.00 999 1010.6 999.0  28.0 999.0 99.0 99.00
2026 05 03 07 30  71  7.7  9.8 99.00 99.00 99.00 999 1010.6 999.0  28.0 999.0 99.0 99.00
2026 05 03 07 40  73  7.8  9.1  1.96  7.69  5.37  97 1010.4 999.0  28.0 999.0 99.0 99.00
2026 05 03 07 50  72  7.9  9.4 99.00 99.00 99.00 999 1010.3 999.0  28.0 999.0 99.0 99.00
2026 05 03 08 00  73  8.3  9.9 99.00 99.00 99.00 999 1010.3 999.0  28.0 999.0 99.0 99.00
2026 05 03 08 10  70  8.3 10.1  1.92  8.33  5.29  91 1010.2 999.0  28.0 999.0 99.0 99.00
2026 05 03 08 20  72  8.2 10.2 99.00 99.00 99.00 999 1010.4 999.0  28.0 999.0 99.0 99.00
2026 05 03 08 30  72  8.4 10.0 99.00 99.00 99.00 999 1010.5 999.0  28.0 999.0 99.0 99.00
2026 05 03 08 40  71  7.8  9.7  1.91  7.69  5.30  97 1010.5 999.0  28.0 999.0 99.0 99.00
2026 05 03 08 50  68  8.1  9.5 99.00 99.00 99.00 999 1010.6 999.0  27.9 999.0 99.0 99.00
2026 05 03 09 00  64  8.0  9.4 99.00 99.00 99.00 999 1010.7 999.0  28.0 999.0 99.0 99.00
2026 05 03 09 10  67  7.9  9.4  2.07  8.33  5.64  96 1010.7 999.0  27.9 999.0 99.0 99.00
2026 05 03 09 20  63  8.0 10.0 99.00 99.00 99.00 999 1010.8 999.0  27.9 999.0 99.0 99.00
2026 05 03 09 30  63  8.3 10.1 99.00 99.00 99.00 999 1010.9 999.0  27.9 999.0 99.0 99.00
2026 05 03 09 40  62  8.3  9.6  2.00  8.33  5.57  99 1010.9 999.0  27.9 999.0 99.0 99.00
2026 05 03 09 50  67  8.3  9.9 99.00 99.00 99.00 999 1011.0 999.0  27.9 999.0 99.0 99.00
2026 05 03 10 00  64  8.4  9.7 99.00 99.00 99.00 999 1011.2 999.0  27.9 999.0 99.0 99.00
2026 05 03 10 10  62  8.3 10.1  1.86  7.69  5.26  92 1011.3 999.0  27.9 999.0 99.0 99.00
2026 05 03 10 20  67  8.7 10.3 99.00 99.00 99.00 999 1011.3 999.0  27.9 999.0 99.0 99.00
2026 05 03 10 30  68  8.6 10.0 99.00 99.00 99.00 999 1011.4 999.0  27.9 999.0 99.0 99.00
2026 05 03 10 40  69  8.7 11.0  2.06  7.69  5.57  91 1011.4 999.0  27.9 999.0 99.0 99.00
2026 05 03 10 50  69  9.4 10.8 99.00 99.00 99.00 999 1011.7 999.0  27.9 999.0 99.0 99.00
2026 05 03 11 00  71  8.9 10.6 99.00 99.00 99.00 999 1011.9 999.0  27.9 999.0 99.0 99.00
2026 05 03 11 10  69  8.9 10.6  2.05  8.33  5.49  91 1011.9 999.0  27.9 999.0 99.0 99.00
2026 05 03 11 20  69  9.2 10.9 99.00 99.00 99.00 999 1012.0 999.0  27.9 999.0 99.0 99.00
2026 05 03 11 30  65  8.6 10.3 99.00 99.00 99.00 999 1012.0 999.0  27.9 999.0 99.0 99.00
2026 05 03 11 40  68  9.3 10.9  1.97  7.69  5.41  96 1012.1 999.0  27.9 999.0 99.0 99.00
2026 05 03 11 50  67  9.4 11.2 99.00 99.00 99.00 999 1012.2 999.0  28.0 999.0 99.0 99.00
2026 05 03 12 00  71  9.2 11.3 99.00 99.00 99.00 999 1012.2 999.0  28.0 999.0 99.0 99.00
2026 05 03 12 10  74 10.0 11.7  1.85  6.67  5.10  98 1012.3 999.0  28.0 999.0 99.0 99.00
2026 05 03 12 20  71 10.0 11.9 99.00 99.00 99.00 999 1012.4 999.0  28.0 999.0 99.0 99.00
2026 05 03 12 30  71  9.6 11.7 99.00 99.00 99.00 999 1012.6 999.0  28.0 999.0 99.0 99.00
2026 05 03 12 40  71  9.9 11.7  1.83  7.69  5.13  96 1012.8 999.0  28.0 999.0 99.0 99.00
2026 05 03 12 50  76  9.5 11.1 99.00 99.00 99.00 999 1013.0 999.0  28.0 999.0 99.0 99.00
2026 05 03 13 00  75  9.6 12.0 99.00 99.00 99.00 999 1013.0 999.0  28.0 999.0 99.0 99.00
2026 05 03 13 10  78  9.8 11.4  1.84  8.33  5.10  87 1013.1 999.0  28.0 999.0 99.0 99.00
2026 05 03 13 20  75  9.8 11.4 99.00 99.00 99.00 999 1013.1 999.0  28.0 999.0 99.0 99.00
2026 05 03 13 30  73  9.5 11.3 99.00 99.00 99.00 999 1013.3 999.0  28.0 999.0 99.0 99.00
2026 05 03 13 40  73  9.7 11.5  1.77  8.33  4.97  95 1013.4 999.0  28.0 999.0 99.0 99.00
2026 05 03 13 50  74  9.5 11.3 99.00 99.00 99.00 999 1013.4 999.0  28.0 999.0 99.0 99.00
2026 05 03 14 00  74  9.8 12.2 99.00 99.00 99.00 999 1013.5 999.0  28.0 999.0 99.0 99.00
2026 05 03 14 10  73  9.4 11.0  1.79  7.69  5.09  97 1013.6 999.0  28.0 999.0 99.0 99.00
2026 05 03 14 20  69  8.8 10.6 99.00 99.00 99.00 999 1013.6 999.0  28.0 999.0 99.0 99.00
2026 05 03 14 30  71  9.2 10.9 99.00 99.00 99.00 999 1013.6 999.0  28.0 999.0 99.0 99.00
2026 05 03 14 40  72  8.5 10.2  1.77  7.69  5.03  96 1013.7 999.0  28.0 999.0 99.0 99.00
2026 05 03 14 50  74  8.3  9.8 99.00 99.00 99.00 999 1013.6 999.0  28.0 999.0 99.0 99.00
2026 05 03 15 00  77  8.7 10.5 99.00 99.00 99.00 999 1013.5 999.0  28.0 999.0 99.0 99.00
2026 05 03 15 10  79  9.5 11.4  1.88  7.69  5.27  96 1013.3 999.0  28.0 999.0 99.0 99.00
2026 05 03 15 20  80  9.5 11.5 99.00 99.00 99.00 999 1013.3 999.0  28.0 999.0 99.0 99.00
2026 05 03 15 30  79  9.1 10.7 99.00 99.00 99.00 999 1013.3 999.0  28.0 999.0 99.0 99.00
2026 05 03 15 40  75  9.3 11.6  1.91  7.69  5.26  94 1013.3 999.0  28.0 999.0 99.0 99.00
2026 05 03 15 50  72  9.1 10.9 99.00 99.00 99.00 999 1013.4 999.0  28.0 999.0 99.0 99.00
2026 05 03 16 00  75  9.4 12.0 99.00 99.00 99.00 999 1013.3 999.0  28.0 999.0 99.0 99.00
2026 05 03 16 10  79  9.8 11.7  1.89  7.69  5.06  92 1013.3 999.0  28.0 999.0 99.0 99.00
2026 05 03 16 20  79  9.2 11.3 99.00 99.00 99.00 999 1013.4 999.0  28.0 999.0 99.0 99.00
2026 05 03 16 30  77  8.4 10.1 99.00 99.00 99.00 999 1013.3 999.0  27.9 999.0 99.0 99.00
2026 05 03 16 40  79  8.9 10.6  1.84  7.69  5.11  89 1013.2 999.0  28.0 999.0 99.0 99.00
2026 05 03 16 50  78  8.4  9.8 99.00 99.00 99.00 999 1013.2 999.0  28.0 999.0 99.0 99.00
2026 05 03 17 00  76  8.7 10.3 99.00 99.00 99.00 999 1013.1 999.0  28.0 999.0 99.0 99.00
2026 05 03 17 10  77  8.5 10.1  1.89  7.69  5.14  87 1013.1 999.0  28.0 999.0 99.0 99.00
2026 05 03 17 20  80  8.3 10.0 99.00 99.00 99.00 999 1012.8 999.0  28.0 999.0 99.0 99.00
2026 05 03 17 30  79  8.4 10.0 99.00 99.00 99.00 999 1012.7 999.0  28.0 999.0 99.0 99.00
2026 05 03 17 40  80  8.2  9.5  1.76  7.14  5.05  86 1012.6 999.0  28.0 999.0 99.0 99.00
2026 05 03 17 50  85  7.9  9.5 99.00 99.00 99.00 999 1012.5 999.0  28.0 999.0 99.0 99.00
2026 05 03 18 00  79  8.0  9.4 99.00 99.00 99.00 999 1012.2 999.0  28.0 999.0 99.0 99.00
2026 05 03 18 10  78  7.7  9.0  1.77  8.33  5.16  93 1012.1 999.0  28.0 999.0 99.0 99.00
2026 05 03 18 20  80  8.1  9.4 99.00 99.00 99.00 999 1011.8 999.0  28.0 999.0 99.0 99.00
2026 05 03 18 30  77  8.0  9.3 99.00 99.00 99.00 999 1011.7 999.0  28.0 999.0 99.0 99.00
2026 05 03 18 40  78  8.4 10.0  1.75  7.69  5.06  93 1011.6 999.0  28.0 999.0 99.0 99.00
2026 05 03 18 50  80  8.1  9.6 99.00 99.00 99.00 999 1011.4 999.0  28.0 999.0 99.0 99.00
2026 05 03 19 00  80  8.3 10.3 99.00 99.00 99.00 999 1011.2 999.0  28.0 999.0 99.0 99.00
2026 05 03 19 10  79  8.6 10.3  1.79  7.69  5.32  95 1011.0 999.0  28.0 999.0 99.0 99.00
2026 05 03 19 20  81  8.6 10.1 99.00 99.00 99.00 999 1011.0 999.0  28.1 999.0 99.0 99.00
2026 05 03 19 30  77  8.3 10.0 99.00 99.00 99.00 999 1010.9 999.0  28.1 999.0 99.0 99.00
2026 05 03 19 40  73  8.0  9.5  1.67  7.69  5.02  95 1010.9 999.0  28.1 999.0 99.0 99.00
2026 05 03 19 50  76  8.2  9.5 99.00 99.00 99.00 999 1010.7 999.0  28.1 999.0 99.0 99.00
2026 05 03 20 00  75  8.3  9.8 99.00 99.00 99.00 999 1010.5 999.0  28.1 999.0 99.0 99.00
2026 05 03 20 10  79  8.5  9.9  1.84  7.69  5.26  90 1010.3 999.0  28.1 999.0 99.0 99.00
2026 05 03 20 20  77  8.5 10.7 99.00 99.00 99.00 999 1010.1 999.0  28.1 999.0 99.0 99.00
2026 05 03 20 30  77  8.8 10.5 99.00 99.00 99.00 999 1010.1 999.0  28.1 999.0 99.0 99.00
2026 05 03 20 40  79  9.1 10.5  1.77  7.69  5.02  89 1010.0 999.0  28.1 999.0 99.0 99.00
2026 05 03 20 50  78  8.9 10.4 99.00 99.00 99.00 999 1010.1 999.0  28.1 999.0 99.0 99.00
2026 05 03 21 00  78  8.6 10.4 99.00 99.00 99.00 999 1010.2 999.0  28.1 999.0 99.0 99.00
2026 05 03 21 10  78  8.3  9.8  1.84  7.69  5.18  92 1010.1 999.0  28.1 999.0 99.0 99.00
2026 05 03 21 20  75  8.4 10.5 99.00 99.00 99.00 999 1010.2 999.0  28.1 999.0 99.0 99.00
2026 05 03 21 30  76  8.8 10.6 99.00 99.00 99.00 999 1010.2 999.0  28.1 999.0 99.0 99.00
2026 05 03 21 40  76  8.5 10.3  1.64  7.69  4.97  93 1010.3 999.0  28.1 999.0 99.0 99.00
2026 05 03 21 50  78  9.3 10.9 99.00 99.00 99.00 999 1010.3 999.0  28.1 999.0 99.0 99.00
2026 05 03 22 00  81  9.1 10.6 99.00 99.00 99.00 999 1010.4 999.0  28.1 999.0 99.0 99.00
2026 05 03 22 10  82  8.6 10.2  1.63  7.69  4.83  97 1010.4 999.0  28.1 999.0 99.0 99.00
2026 05 03 22 20  80  8.5  9.9 99.00 99.00 99.00 999 1010.4 999.0  28.1 999.0 99.0 99.00
2026 05 03 22 30  79  8.5 10.0 99.00 99.00 99.00 999 1010.6 999.0  28.1 999.0 99.0 99.00
2026 05 03 22 40  77  8.5 10.3  1.67  7.69  5.04  91 1010.7 999.0  28.1 999.0 99.0 99.00
2026 05 03 22 50  76  8.6 10.1 99.00 99.00 99.00 999 1010.8 999.0  28.1 999.0 99.0 99.00
2026 05 03 23 00  74  8.7 10.4 99.00 99.00 99.00 999 1010.9 999.0  28.1 999.0 99.0 99.00
2026 05 03 23 10  75  8.5 10.0  1.69  8.33  5.03  97 1011.0 999.0  28.1 999.0 99.0 99.00
2026 05 03 23 20  77  8.9 10.5 99.00 99.00 99.00 999 1010.9 999.0  28.1 999.0 99.0 99.00
2026 05 03 23 30  79  8.4 10.3 99.00 99.00 99.00 999 1011.0 999.0  28.1 999.0 99.0 99.00
2026 05 03 23 40  76  8.4  9.8  1.77  7.69  5.26  89 1011.1 999.0  28.1 999.0 99.0 99.00
2026 05 03 23 50  80  8.6  9.9 99.00 99.00 99.00 999 1011.1 999.0  28.1 999.0 99.0 99.00
2026 05 04 00 00  80  8.6 10.1 99.00 99.00 99.00 999 1011.1 999.0  28.1 999.0 99.0 99.00
2026 05 04 00 10  78  8.6 10.3  1.60  7.69  4.87  95 1011.2 999.0  28.1 999.0 99.0 99.00
2026 05 04 00 20  77  8.8 10.7 99.00 99.00 99.00 999 1011.4 999.0  28.1 999.0 99.0 99.00
2026 05 04 00 30  78  8.5  9.9 99.00 99.00 99.00 999 1011.4 999.0  28.1 999.0 99.0 99.00
2026 05 04 00 40  82  8.0  9.5  1.65  6.67  4.89  98 1011.4 999.0  28.1 999.0 99.0 99.00
2026 05 04 00 50  79  8.0  9.2 99.00 99.00 99.00 999 1011.4 999.0  28.1 999.0 99.0 99.00
2026 05 04 01 00  75  7.9  9.2 99.00 99.00 99.00 999 1011.5 999.0  28.1 999.0 99.0 99.00
2026 05 04 01 10  74  7.7  9.1  1.64  7.69  4.98  98 1011.4 999.0  28.1 999.0 99.0 99.00
2026 05 04 01 20  73  8.5 10.4 99.00 99.00 99.00 999 1011.3 999.0  28.1 999.0 99.0 99.00
2026 05 04 01 30  74  8.4  9.9 99.00 99.00 99.00 999 1011.5 999.0  28.1 999.0 99.0 99.00
2026 05 04 01 40  70  8.3  9.9  1.61  7.69  4.97  97 1011.5 999.0  28.1 999.0 99.0 99.00
2026 05 04 01 50  72  8.2  9.6 99.00 99.00 99.00 999 1011.6 999.0  28.1 999.0 99.0 99.00
2026 05 04 02 00  74  8.7 10.4 99.00 99.00 99.00 999 1011.6 999.0  28.1 999.0 99.0 99.00
2026 05 04 02 10  75  9.0 10.6  1.45  7.14  4.85  91 1011.6 999.0  28.1 999.0 99.0 99.00
2026 05 04 02 20  74  8.3 10.0 99.00 99.00 99.00 999 1011.9 999.0  28.1 999.0 99.0 99.00
2026 05 04 02 30  74  7.9  9.2 99.00 99.00 99.00 999 1011.9 999.0  28.1 999.0 99.0 99.00
2026 05 04 02 40  73  8.2  9.5  1.53  7.14  4.92  99 1011.9 999.0  28.1 999.0 99.0 99.00
2026 05 04 02 50  74  8.1  9.7 99.00 99.00 99.00 999 1012.0 999.0  28.1 999.0 99.0 99.00
2026 05 04 03 00  71  8.4 10.0 99.00 99.00 99.00 999 1012.0 999.0  28.1 999.0 99.0 99.00
2026 05 04 03 10  71  8.6 10.3  1.65  7.14  5.04  98 1012.0 999.0  28.1 999.0 99.0 99.00
2026 05 04 03 20  70  8.0  9.5 99.00 99.00 99.00 999 1012.0 999.0  28.1 999.0 99.0 99.00
2026 05 04 03 30  73  8.5  9.9 99.00 99.00 99.00 999 1011.8 999.0  28.1 999.0 99.0 99.00
2026 05 04 03 40  70  8.5 10.0  1.63  7.69  4.93  92 1011.8 999.0  28.1 999.0 99.0 99.00
2026 05 04 03 50  71  8.4  9.9 99.00 99.00 99.00 999 1011.7 999.0  28.1 999.0 99.0 99.00
2026 05 04 04 00  64  8.4  9.7 99.00 99.00 99.00 999 1011.9 999.0  28.1 999.0 99.0 99.00
2026 05 04 04 10  62  7.7  9.5  1.60  7.69  4.91  90 1011.8 999.0  28.1 999.0 99.0 99.00
2026 05 04 04 20  58  8.1  9.2 99.00 99.00 99.00 999 1011.8 999.0  28.1 999.0 99.0 99.00
2026 05 04 04 30  59  8.1  9.7 99.00 99.00 99.00 999 1011.7 999.0  28.1 999.0 99.0 99.00
2026 05 04 04 40  54  8.0  9.3  1.54  7.14  4.91  95 1011.8 999.0  28.1 999.0 99.0 99.00
2026 05 04 04 50  52  8.2  9.8 99.00 99.00 99.00 999 1011.8 999.0  28.1 999.0 99.0 99.00
2026 05 04 05 00  57  8.2 10.0 99.00 99.00 99.00 999 1011.6 999.0  28.1 999.0 99.0 99.00
2026 05 04 05 10  54  8.9 10.2  1.68  6.25  4.90  93 1011.3 999.0  28.1 999.0 99.0 99.00
2026 05 04 05 20  54  8.6 10.5 99.00 99.00 99.00 999 1011.3 999.0  28.1 999.0 99.0 99.00
2026 05 04 05 30  53  8.6 10.6 99.00 99.00 99.00 999 1011.2 999.0  28.1 999.0 99.0 99.00
2026 05 04 05 40  52  9.3 10.9  1.64  7.14  4.93  94 1011.2 999.0  28.1 999.0 99.0 99.00
2026 05 04 05 50  57  9.6 11.3 99.00 99.00 99.00 999 1011.1 999.0  28.1 999.0 99.0 99.00
2026 05 04 06 00  59  9.4 11.2 99.00 99.00 99.00 999 1010.8 999.0  28.1 999.0 99.0 99.00
2026 05 04 06 10  58  9.4 11.2  1.72  7.14  4.91  98 1010.7 999.0  28.1 999.0 99.0 99.00
2026 05 04 06 20  58  9.4 11.2 99.00 99.00 99.00 999 1010.7 999.0  28.1 999.0 99.0 99.00
2026 05 04 06 30  58  9.2 10.7 99.00 99.00 99.00 999 1010.6 999.0  28.1 999.0 99.0 99.00
2026 05 04 06 40  59  9.4 11.4  1.63  7.69  4.98  95 1010.7 999.0  28.1 999.0 99.0 99.00
2026 05 04 06 50  61  9.1 10.7 99.00 99.00 99.00 999 1010.6 999.0  28.1 999.0 99.0 99.00
2026 05 04 07 00  64  9.1 10.3 99.00 99.00 99.00 999 1010.6 999.0  28.1 999.0 99.0 99.00
2026 05 04 07 10  65  9.4 11.2  1.72  7.69  4.89  92 1010.4 999.0  28.1 999.0 99.0 99.00
2026 05 04 07 20  64  9.0 10.6 99.00 99.00 99.00 999 1010.3 999.0  28.1 999.0 99.0 99.00
2026 05 04 07 30  65  9.3 11.0 99.00 99.00 99.00 999 1010.3 999.0  28.0 999.0 99.0 99.00
2026 05 04 07 40  65  8.6 10.4  1.57  7.14  4.82  96 1010.4 999.0  28.0 999.0 99.0 99.00
2026 05 04 07 50  67  8.7 10.5 99.00 99.00 99.00 999 1010.5 999.0  28.0 999.0 99.0 99.00
2026 05 04 08 00  67  8.3 10.2 99.00 99.00 99.00 999 1010.5 999.0  28.0 999.0 99.0 99.00
2026 05 04 08 10  68  8.8 10.5  1.64  7.14  4.98  94 1010.4 999.0  28.0 999.0 99.0 99.00
2026 05 04 08 20  65  8.7 10.4 99.00 99.00 99.00 999 1010.3 999.0  28.0 999.0 99.0 99.00
2026 05 04 08 30  68  9.1 10.5 99.00 99.00 99.00 999 1010.2 999.0  28.0 999.0 99.0 99.00
2026 05 04 08 40  72  9.2 10.7  1.67  7.14  4.83 100 1010.1 999.0  28.0 999.0 99.0 99.00
2026 05 04 08 50  70  9.3 11.2 99.00 99.00 99.00 999 1010.2 999.0  28.0 999.0 99.0 99.00
2026 05 04 09 00  67  9.2 11.1 99.00 99.00 99.00 999 1010.3 999.0  28.0 999.0 99.0 99.00
2026 05 04 09 10  68  8.9 10.5  1.64  7.69  4.90  93 1010.3 999.0  28.0 999.0 99.0 99.00
2026 05 04 09 20  65  9.0 10.5 99.00 99.00 99.00 999 1010.4 999.0  28.0 999.0 99.0 99.00
2026 05 04 09 30  70  8.7 10.3 99.00 99.00 99.00 999 1010.6 999.0  28.0 999.0 99.0 99.00
2026 05 04 09 40  65  8.7 10.2  1.68  7.14  4.92  90 1010.7 999.0  28.0 999.0 99.0 99.00
2026 05 04 09 50  66  8.4 10.3 99.00 99.00 99.00 999 1010.7 999.0  28.0 999.0 99.0 99.00
2026 05 04 10 00  65  8.8 10.8 99.00 99.00 99.00 999 1010.8 999.0  28.0 999.0 99.0 99.00
2026 05 04 10 10  67  8.7 10.1  1.67  7.14  4.71  85 1010.8 999.0  28.0 999.0 99.0 99.00
2026 05 04 10 20  66  8.8 10.3 99.00 99.00 99.00 999 1010.8 999.0  28.0 999.0 99.0 99.00
2026 05 04 10 30  64  8.7 10.4 99.00 99.00 99.00 999 1010.9 999.0  28.0 999.0 99.0 99.00
2026 05 04 10 40  63  8.3  9.8  1.76  7.14  4.96  99 1011.1 999.0  28.0 999.0 99.0 99.00
2026 05 04 10 50  66  8.6 10.2 99.00 99.00 99.00 999 1011.1 999.0  28.0 999.0 99.0 99.00
2026 05 04 11 00  69  8.8 10.4 99.00 99.00 99.00 999 1011.1 999.0  28.0 999.0 99.0 99.00
2026 05 04 11 10  69  9.1 10.8  1.69  6.67  4.89  95 1011.2 999.0  28.0 999.0 99.0 99.00
2026 05 04 11 20  70  8.6 10.5 99.00 99.00 99.00 999 1011.2 999.0  28.0 999.0 99.0 99.00
2026 05 04 11 30  67  8.7 10.3 99.00 99.00 99.00 999 1011.2 999.0  28.0 999.0 99.0 99.00
2026 05 04 11 40  66  8.9 10.6  1.69  7.14  4.94  97 1011.2 999.0  28.0 999.0 99.0 99.00
2026 05 04 11 50  63  8.8 10.6 99.00 99.00 99.00 999 1011.4 999.0  28.0 999.0 99.0 99.00
2026 05 04 12 00  65  9.0 10.5 99.00 99.00 99.00 999 1011.4 999.0  28.0 999.0 99.0 99.00
2026 05 04 12 10  61  8.5 10.3  1.78  7.14  4.99  96 1011.4 999.0  28.0 999.0 99.0 99.00
2026 05 04 12 20  61  8.7 10.5 99.00 99.00 99.00 999 1011.5 999.0  28.0 999.0 99.0 99.00
2026 05 04 12 30  62  8.8 10.9 99.00 99.00 99.00 999 1011.6 999.0  28.0 999.0 99.0 99.00
2026 05 04 12 40  64  8.9 10.6  1.53  6.67  4.79  90 1011.6 999.0  28.0 999.0 99.0 99.00
2026 05 04 12 50  71  9.0 10.9 99.00 99.00 99.00 999 1011.7 999.0  28.0 999.0 99.0 99.00
2026 05 04 13 00  71  9.1 10.5 99.00 99.00 99.00 999 1011.7 999.0  28.0 999.0 99.0 99.00
2026 05 04 13 10  72  9.0 10.4  1.73  7.14  5.03  94 1011.6 999.0  28.0 999.0 99.0 99.00
2026 05 04 13 20  72  9.2 11.2 99.00 99.00 99.00 999 1011.7 999.0  28.0 999.0 99.0 99.00
2026 05 04 13 30  74  9.4 11.1 99.00 99.00 99.00 999 1011.8 999.0  28.0 999.0 99.0 99.00
2026 05 04 13 40  74  9.3 11.6  1.59  7.14  4.79  94 1011.9 999.0  28.0 999.0 99.0 99.00
2026 05 04 13 50  75  9.3 11.1 99.00 99.00 99.00 999 1011.9 999.0  28.0 999.0 99.0 99.00
2026 05 04 14 00  74  9.1 10.8 99.00 99.00 99.00 999 1011.9 999.0  28.0 999.0 99.0 99.00
2026 05 04 14 10  71  9.3 10.7  1.62  6.67  4.73  89 1011.9 999.0  28.0 999.0 99.0 99.00
2026 05 04 14 20  73  9.4 11.5 99.00 99.00 99.00 999 1011.8 999.0  28.0 999.0 99.0 99.00
2026 05 04 14 30  74  9.7 11.3 99.00 99.00 99.00 999 1011.8 999.0  28.0 999.0 99.0 99.00
2026 05 04 14 40  73  9.4 11.1  1.66  7.14  4.84  97 1011.9 999.0  28.0 999.0 99.0 99.00
2026 05 04 14 50  74  9.9 11.8 99.00 99.00 99.00 999 1011.8 999.0  28.1 999.0 99.0 99.00
2026 05 04 15 00  81  9.9 11.8 99.00 99.00 99.00 999 1011.8 999.0  28.1 999.0 99.0 99.00
2026 05 04 15 10  86 10.1 12.4  1.66  7.69  4.82  92 1011.8 999.0  28.1 999.0 99.0 99.00
2026 05 04 15 20  84  9.7 11.9 99.00 99.00 99.00 999 1011.8 999.0  28.1 999.0 99.0 99.00
2026 05 04 15 30  80  9.1 12.2 99.00 99.00 99.00 999 1011.8 999.0  28.1 999.0 99.0 99.00
2026 05 04 15 40  75  9.9 11.7  1.95  7.14  4.97  95 1011.9 999.0  28.1 999.0 99.0 99.00
2026 05 04 15 50  81  9.1 11.0 99.00 99.00 99.00 999 1011.7 999.0  28.1 999.0 99.0 99.00
2026 05 04 16 00  82  9.4 11.3 99.00 99.00 99.00 999 1011.6 999.0  28.1 999.0 99.0 99.00
2026 05 04 16 10  80  9.9 11.9  1.83  7.69  4.95  97 1011.5 999.0  28.1 999.0 99.0 99.00
2026 05 04 16 20  82  9.9 11.6 99.00 99.00 99.00 999 1011.5 999.0  28.1 999.0 99.0 99.00
2026 05 04 16 30  84  9.7 11.5 99.00 99.00 99.00 999 1011.4 999.0  28.1 999.0 99.0 99.00
2026 05 04 16 40  87  9.4 11.4  1.76  7.14  4.88  98 1011.4 999.0  28.1 999.0 99.0 99.00
2026 05 04 16 50  88  9.9 11.9 99.00 99.00 99.00 999 1011.4 999.0  28.1 999.0 99.0 99.00
2026 05 04 17 00  83  9.9 11.5 99.00 99.00 99.00 999 1011.4 999.0  28.1 999.0 99.0 99.00
2026 05 04 17 10  87 10.1 12.0  1.87  7.14  5.04 100 1011.2 999.0  28.1 999.0 99.0 99.00
2026 05 04 17 20  89  9.6 11.2 99.00 99.00 99.00 999 1011.2 999.0  28.1 999.0 99.0 99.00
2026 05 04 17 30  88 10.1 12.2 99.00 99.00 99.00 999 1010.9 999.0  28.1 999.0 99.0 99.00
2026 05 04 17 40  88  9.9 11.8  1.98  7.14  4.99  96 1010.9 999.0  28.1 999.0 99.0 99.00
2026 05 04 17 50  87  9.6 11.3 99.00 99.00 99.00 999 1010.9 999.0  28.2 999.0 99.0 99.00
2026 05 04 18 00  85  9.8 11.8 99.00 99.00 99.00 999 1010.7 999.0  28.1 999.0 99.0 99.00
2026 05 04 18 10  84 10.2 11.9  1.86  7.14  4.96  98 1010.6 999.0  28.1 999.0 99.0 99.00
2026 05 04 18 20  90 10.0 11.8 99.00 99.00 99.00 999 1010.3 999.0  28.2 999.0 99.0 99.00
2026 05 04 18 30  90 10.3 12.0 99.00 99.00 99.00 999 1010.3 999.0  28.1 999.0 99.0 99.00
2026 05 04 18 40  85  9.7 11.8  2.01  7.69  5.10 101 1010.3 999.0  28.1 999.0 99.0 99.00
2026 05 04 18 50  82  9.4 11.3 99.00 99.00 99.00 999 1010.4 999.0  28.2 999.0 99.0 99.00
2026 05 04 19 00  87  9.1 11.1 99.00 99.00 99.00 999 1010.3 999.0  28.2 999.0 99.0 99.00
2026 05 04 19 10  82  8.6 10.2  2.02  7.69  5.04  94 1010.3 999.0  28.2 999.0 99.0 99.00
2026 05 04 19 20  85  9.0 10.6 99.00 99.00 99.00 999 1010.1 999.0  28.2 999.0 99.0 99.00
2026 05 04 19 30  85  9.3 11.3 99.00 99.00 99.00 999 1010.0 999.0  28.2 999.0 99.0 99.00
2026 05 04 19 40  83  9.5 11.7  1.95  7.14  5.01  98 1010.1 999.0  28.2 999.0 99.0 99.00
2026 05 04 19 50  84  9.7 11.3 99.00 99.00 99.00 999 1010.0 999.0  28.2 999.0 99.0 99.00
2026 05 04 20 00  83  9.3 11.1 99.00 99.00 99.00 999 1010.0 999.0  28.2 999.0 99.0 99.00
2026 05 04 20 10  82  9.2 11.1  1.92  6.25  5.09  98 1010.0 999.0  28.2 999.0 99.0 99.00
2026 05 04 20 20  76  8.6 10.1 99.00 99.00 99.00 999 1009.9 999.0  28.2 999.0 99.0 99.00
2026 05 04 20 30  81  9.1 10.4 99.00 99.00 99.00 999 1009.8 999.0  28.2 999.0 99.0 99.00
2026 05 04 20 40  75  8.0 10.0  1.95  7.14  5.20  99 1009.8 999.0  28.2 999.0 99.0 99.00
2026 05 04 20 50  75  8.6 10.2 99.00 99.00 99.00 999 1009.7 999.0  28.2 999.0 99.0 99.00
2026 05 04 21 00  75  8.2 10.1 99.00 99.00 99.00 999 1009.8 999.0  28.2 999.0 99.0 99.00
2026 05 04 21 10  70  8.5 10.5  1.90  7.14  5.14  99 1009.9 999.0  28.2 999.0 99.0 99.00
2026 05 04 21 20  75  8.5  9.8 99.00 99.00 99.00 999 1009.8 999.0  28.2 999.0 99.0 99.00
2026 05 04 21 30  74  8.2  9.8 99.00 99.00 99.00 999 1010.0 999.0  28.2 999.0 99.0 99.00
2026 05 04 21 40  71  8.2  9.9  1.85  7.14  5.23  97 1010.0 999.0  28.2 999.0 99.0 99.00
2026 05 04 21 50  71  8.5 10.0 99.00 99.00 99.00 999 1010.1 999.0  28.2 999.0 99.0 99.00
2026 05 04 22 00  72  8.6 10.6 99.00 99.00 99.00 999 1010.2 999.0  28.2 999.0 99.0 99.00
2026 05 04 22 10  71  8.4 10.0  1.80  7.14  5.12  96 1010.2 999.0  28.2 999.0 99.0 99.00
2026 05 04 22 20  67  8.0  9.4 99.00 99.00 99.00 999 1010.2 999.0  28.2 999.0 99.0 99.00
2026 05 04 22 30  66  7.6  9.4 99.00 99.00 99.00 999 1010.3 999.0  28.2 999.0 99.0 99.00
2026 05 04 22 40  64  8.0  9.4  1.94  7.69  5.23  91 1010.4 999.0  28.2 999.0 99.0 99.00
2026 05 04 22 50  68  8.3  9.7 99.00 99.00 99.00 999 1010.4 999.0  28.2 999.0 99.0 99.00
2026 05 04 23 00  66  8.3  9.5 99.00 99.00 99.00 999 1010.5 999.0 999.0 999.0 99.0 99.00
2026 05 04 23 10  67  8.3  9.8  2.04  7.14  5.48  94 1010.4 999.0  28.2 999.0 99.0 99.00
2026 05 04 23 20  66  8.1  9.7 99.00 99.00 99.00 999 1010.5 999.0  28.2 999.0 99.0 99.00
2026 05 04 23 30  63  7.9  9.6 99.00 99.00 99.00 999 1010.7 999.0  28.2 999.0 99.0 99.00
2026 05 04 23 40  66  8.1  9.6  1.96  7.69  5.38  96 1010.7 999.0  28.2 999.0 99.0 99.00
2026 05 04 23 50  65  8.1  9.7 99.00 99.00 99.00 999 1010.8 999.0  28.1 999.0 99.0 99.00
2026 05 05 00 00  67  7.8  9.2 99.00 99.00 99.00 999 1010.8 999.0  28.1 999.0 99.0 99.00
2026 05 05 00 10  62  7.8  9.0  1.91  7.14  5.41  98 1010.9 999.0  28.1 999.0 99.0 99.00
2026 05 05 00 20  60  7.6  8.9 99.00 99.00 99.00 999 1010.9 999.0  28.1 999.0 99.0 99.00
2026 05 05 00 30  60  8.3 10.0 99.00 99.00 99.00 999 1010.9 999.0  28.1 999.0 99.0 99.00
2026 05 05 00 40  61  8.3  9.8  1.87  7.69  5.44  92 1010.9 999.0  28.1 999.0 99.0 99.00
2026 05 05 00 50  60  8.4  9.9 99.00 99.00 99.00 999 1010.9 999.0  28.1 999.0 99.0 99.00
2026 05 05 01 00  60  8.0  9.7 99.00 99.00 99.00 999 1011.1 999.0  28.1 999.0 99.0 99.00
2026 05 05 01 10  59  8.4  9.9  1.84  7.69  5.26  94 1011.2 999.0  28.1 999.0 99.0 99.00
2026 05 05 01 20  58  7.8  9.5 99.00 99.00 99.00 999 1011.2 999.0 999.0 999.0 99.0 99.00
2026 05 05 01 30  58  8.1  9.4 99.00 99.00 99.00 999 1011.2 999.0  28.1 999.0 99.0 99.00
2026 05 05 01 40  57  8.6 10.4  1.72  7.69  5.07  87 1011.2 999.0  28.1 999.0 99.0 99.00
2026 05 05 01 50  59  8.6 10.5 99.00 99.00 99.00 999 1011.4 999.0  28.1 999.0 99.0 99.00
2026 05 05 02 00  58  9.1 11.1 99.00 99.00 99.00 999 1011.5 999.0  28.1 999.0 99.0 99.00
2026 05 05 02 10  59  9.3 11.3  1.80  7.14  5.10  95 1011.5 999.0  28.1 999.0 99.0 99.00
2026 05 05 02 20  63  9.2 11.0 99.00 99.00 99.00 999 1011.6 999.0  28.1 999.0 99.0 99.00
2026 05 05 02 30  60  9.5 11.1 99.00 99.00 99.00 999 1011.7 999.0  28.1 999.0 99.0 99.00
2026 05 05 02 40  62  9.7 11.2  1.84  7.69  5.27  96 1011.8 999.0  28.1 999.0 99.0 99.00
2026 05 05 02 50  62 10.1 12.5 99.00 99.00 99.00 999 1011.8 999.0  28.1 999.0 99.0 99.00
2026 05 05 03 00  67 10.5 12.1 99.00 99.00 99.00 999 1011.9 999.0  28.1 999.0 99.0 99.00
2026 05 05 03 10  66  9.8 11.7  1.79  7.69  5.03  94 1011.9 999.0  28.1 999.0 99.0 99.00
2026 05 05 03 20 999 99.0 99.0 99.00 99.00 99.00 999 1012.0 999.0  28.1 999.0 99.0 99.00
2026 05 05 03 30  66 10.7 12.6 99.00 99.00 99.00 999 1011.9  27.7  28.1  23.5 99.0 99.00
2026 05 05 03 40  71 10.4 12.1  1.86  7.14  5.08  97 1012.0  27.7  28.1  23.6 99.0 99.00
2026 05 05 03 50  71  9.8 12.1 99.00 99.00 99.00 999 1012.0  27.7  28.1  24.1 99.0 99.00
2026 05 05 04 00  72 10.4 12.5 99.00 99.00 99.00 999 1012.0  27.7  28.1  23.8 99.0 99.00
2026 05 05 04 10  71 10.1 12.0  1.86  7.69  4.87  93 1011.9  27.7  28.1  24.0 99.0 99.00
2026 05 05 04 20  73  9.9 11.9 99.00 99.00 99.00 999 1011.7  27.7  28.1  23.9 99.0 99.00
2026 05 05 04 30  74 10.6 12.7 99.00 99.00 99.00 999 1011.5  27.7  28.1  23.5 99.0 99.00
2026 05 05 04 40  74 10.1 12.0  1.82  7.69  4.99 101 1011.4  27.8  28.1  23.7 99.0 99.00
2026 05 05 04 50  73 10.5 12.6 99.00 99.00 99.00 999 1011.3  27.7  28.1  23.7 99.0 99.00
2026 05 05 05 00  74 10.6 12.3 99.00 99.00 99.00 999 1011.2  27.7  28.1  23.8 99.0 99.00
2026 05 05 05 10  77 10.5 12.7  1.92  7.69  5.11  93 1011.0  27.7 999.0  24.1 99.0 99.00
2026 05 05 05 20  78 10.4 12.2 99.00 99.00 99.00 999 1010.9  27.6  28.1  23.9 99.0 99.00
2026 05 05 05 30  76  9.6 11.5 99.00 99.00 99.00 999 1010.8  27.6  28.1  24.3 99.0 99.00
2026 05 05 05 40  77  9.4 11.5  1.86  7.69  5.06 100 1010.7  27.6  28.1  24.5 99.0 99.00
2026 05 05 05 50  77  9.9 11.3 99.00 99.00 99.00 999 1010.6  27.5  28.1  24.3 99.0 99.00
2026 05 05 06 00  77  9.6 11.2 99.00 99.00 99.00 999 1010.5  27.6  28.1  24.5 99.0 99.00
2026 05 05 06 10  82  9.5 11.0  1.87  7.69  5.15 101 1010.4  27.5  28.1  24.6 99.0 99.00
2026 05 05 06 20  75 10.0 12.3 99.00 99.00 99.00 999 1010.4  27.5  28.1  24.3 99.0 99.00
2026 05 05 06 30  76  9.8 12.0 99.00 99.00 99.00 999 1010.3  27.6  28.1  24.4 99.0 99.00
2026 05 05 06 40  82  9.7 11.5  1.92  7.69  5.17  91 1010.1  27.5  28.1  24.3 99.0 99.00
2026 05 05 06 50  77  9.4 11.8 99.00 99.00 99.00 999 1010.1  27.5  28.1  24.3 99.0 99.00
2026 05 05 07 00  75  9.9 11.6 99.00 99.00 99.00 999 1010.0  27.5  28.1  24.1 99.0 99.00
2026 05 05 07 10  74  9.7 11.9  1.99  7.14  5.15  94 1010.0  27.5  28.1  24.1 99.0 99.00
2026 05 05 07 20  75  9.4 11.6 99.00 99.00 99.00 999 1010.0  27.5  28.1  24.1 99.0 99.00
2026 05 05 07 30  77  9.8 11.3 99.00 99.00 99.00 999 1009.9  27.5  28.1  23.8 99.0 99.00
2026 05 05 07 40  81  9.4 11.2  1.84  7.14  4.99  98 1009.8  27.5  28.1  24.1 99.0 99.00
2026 05 05 07 50  79  9.3 11.0 99.00 99.00 99.00 999 1009.6  27.5  28.1  24.4 99.0 99.00
2026 05 05 08 00  79  9.5 11.3 99.00 99.00 99.00 999 1009.5  27.4  28.1  24.3 99.0 99.00
2026 05 05 08 10  80  9.3 11.0  1.90  7.14  5.14  90 1009.5  27.4  28.1  24.5 99.0 99.00
2026 05 05 08 20  86  9.4 11.1 99.00 99.00 99.00 999 1009.5  27.4  28.1  24.2 99.0 99.00
2026 05 05 08 30  85  9.3 11.5 99.00 99.00 99.00 999 1009.6  27.4  28.1  24.0 99.0 99.00
2026 05 05 08 40  85  9.3 10.7  1.88  7.14  5.09  96 1009.5  27.4  28.1  23.9 99.0 99.00
2026 05 05 08 50  81  9.1 10.8 99.00 99.00 99.00 999 1009.7  27.5  28.1  24.3 99.0 99.00
2026 05 05 09 00  80  9.1 10.9 99.00 99.00 99.00 999 1009.7  27.4  28.1  24.3 99.0 99.00
2026 05 05 09 10  80  9.2 10.8  2.02  7.69  5.37 100 1009.8  27.4  28.1  24.2 99.0 99.00
2026 05 05 09 20  77  9.1 11.0 99.00 99.00 99.00 999 1009.7  27.5  28.1  24.4 99.0 99.00
2026 05 05 09 30  75  8.9 10.5 99.00 99.00 99.00 999 1009.8  27.5  28.0  24.6 99.0 99.00
2026 05 05 09 40  78  9.5 11.2  1.95  7.69  5.22 103 1009.8  27.4  28.0  24.5 99.0 99.00
2026 05 05 09 50  76  9.6 11.2 99.00 99.00 99.00 999 1009.8  27.4  28.0  24.4 99.0 99.00
2026 05 05 10 00  78  9.9 11.6 99.00 99.00 99.00 999 1010.1  27.4  28.0  24.3 99.0 99.00
2026 05 05 10 10  79  9.8 11.7  1.98  7.69  5.22 105 1010.1  27.4  28.0  24.4 99.0 99.00
2026 05 05 10 20  83  9.9 11.8 99.00 99.00 99.00 999 1010.1  27.4  28.0  24.5 99.0 99.00
2026 05 05 10 30  82  9.5 11.4 99.00 99.00 99.00 999 1010.2  27.5  28.0  24.7 99.0 99.00
2026 05 05 10 40  84 10.4 12.6  2.16  8.33  5.40 102 1010.3  27.4  28.0  24.3 99.0 99.00
2026 05 05 10 50  85 10.1 12.0 99.00 99.00 99.00 999 1010.6  27.4  28.0  24.1 99.0 99.00
2026 05 05 11 00  85  9.4 11.3 99.00 99.00 99.00 999 1010.6  27.5  28.0  24.4 99.0 99.00
2026 05 05 11 10  90  9.5 11.4  1.98  7.69  5.26  97 1010.5  27.4  28.0  24.2 99.0 99.00
2026 05 05 11 20  91  9.5 11.5 99.00 99.00 99.00 999 1010.5  27.5  28.0  24.5 99.0 99.00
2026 05 05 11 30  91  9.4 11.2 99.00 99.00 99.00 999 1010.7  27.4  28.1  24.4 99.0 99.00
2026 05 05 11 40  92  9.0 11.0  2.05  7.69  5.21  96 1010.9  27.4  28.0  24.5 99.0 99.00
2026 05 05 11 50  90  8.8 10.7 99.00 99.00 99.00 999 1010.9  27.5  28.0  24.7 99.0 99.00
2026 05 05 12 00  91  9.3 11.1 99.00 99.00 99.00 999 1010.9  27.5  28.0  24.6 99.0 99.00
2026 05 05 12 10  89  9.5 11.1  2.08  7.69  5.32  97 1011.1  27.6  28.0  24.7 99.0 99.00
2026 05 05 12 20  89  8.9 10.7 99.00 99.00 99.00 999 1011.2  27.6  28.0  24.7 99.0 99.00
2026 05 05 12 30  87  9.2 10.9 99.00 99.00 99.00 999 1011.3  27.6  28.0  24.4 99.0 99.00
2026 05 05 12 40  85  8.7 11.0  2.20  7.14  5.27  98 1011.5  27.6  28.0  24.6 99.0 99.00
2026 05 05 12 50  84  8.6 10.6 99.00 99.00 99.00 999 1011.4  27.6  28.0  24.8 99.0 99.00
2026 05 05 13 00  90  9.1 10.6 99.00 99.00 99.00 999 1011.6  27.6  28.0  24.6 99.0 99.00
2026 05 05 13 10  87  9.0 11.0  1.85  7.69  5.24  99 1011.8  27.6  28.0  24.4 99.0 99.00
2026 05 05 13 20  87  8.4 10.5 99.00 99.00 99.00 999 1012.0  27.7  28.0  24.6 99.0 99.00
2026 05 05 13 30  82  8.4 10.1 99.00 99.00 99.00 999 1012.2  27.7  28.0  24.7 99.0 99.00
2026 05 05 13 40  78  8.4 10.5  2.03  7.69  5.48  95 1012.4  27.7  28.0  24.7 99.0 99.00
2026 05 05 13 50  80  8.5 10.2 99.00 99.00 99.00 999 1012.4  27.7  28.0  24.5 99.0 99.00
2026 05 05 14 00  80  8.2  9.8 99.00 99.00 99.00 999 1012.5  27.7  28.0  24.5 99.0 99.00
2026 05 05 14 10  82  8.6 10.1  1.89  7.14  5.23  90 1012.6  27.7  28.0  24.3 99.0 99.00
2026 05 05 14 20  81  8.6 10.3 99.00 99.00 99.00 999 1012.4  27.7  28.0  24.4 99.0 99.00
2026 05 05 14 30  82  8.9 10.5 99.00 99.00 99.00 999 1012.4  27.7  28.0  24.3 99.0 99.00
2026 05 05 14 40  86  8.2  9.9  2.00  7.69  5.37  95 1012.5  27.8  28.0  24.4 99.0 99.00
2026 05 05 14 50  89  8.3 10.0 99.00 99.00 99.00 999 1012.6  27.8  28.0  24.5 99.0 99.00
2026 05 05 15 00  87  7.7  9.2 99.00 99.00 99.00 999 1012.6  27.7  28.0  24.4 99.0 99.00
2026 05 05 15 10  93  7.7  9.0  2.12  7.69  5.60  94 1012.7  27.7  28.0  24.5 99.0 99.00
2026 05 05 15 20  84  7.6  9.4 99.00 99.00 99.00 999 1012.8  27.7  28.0  24.4 99.0 99.00
2026 05 05 15 30  86  7.7  9.2 99.00 99.00 99.00 999 1012.8  27.8  28.0  24.5 99.0 99.00
2026 05 05 15 40  89  7.8  9.7  1.90  7.69  5.40  86 1012.6  27.8  28.0  24.6 99.0 99.00
2026 05 05 15 50  90  7.9  9.3 99.00 99.00 99.00 999 1012.5  27.8  28.0  24.5 99.0 99.00
2026 05 05 16 00  88  7.4  8.7 99.00 99.00 99.00 999 1012.5  27.8  28.0  24.7 99.0 99.00
2026 05 05 16 10  89  8.0  9.5  1.86  7.69  5.33  92 1012.5  27.8  28.1  24.6 99.0 99.00
2026 05 05 16 20  89  7.9  9.2 99.00 99.00 99.00 999 1012.5  27.9  28.1  24.7 99.0 99.00
2026 05 05 16 30  89  8.2  9.9 99.00 99.00 99.00 999 1012.5  27.8  28.1  24.4 99.0 99.00
2026 05 05 16 40  89  8.0  9.5  1.93  7.69  5.47  94 1012.4  27.9  28.1  24.6 99.0 99.00
2026 05 05 16 50  88  8.1  9.2 99.00 99.00 99.00 999 1012.3  27.9  28.1  24.5 99.0 99.00
2026 05 05 17 00  86  8.0  9.4 99.00 99.00 99.00 999 1012.3  27.9  28.1  24.6 99.0 99.00
2026 05 05 17 10  83  8.1  9.5  1.91  8.33  5.45  89 1012.1  27.9  28.1  24.8 99.0 99.00
2026 05 05 17 20  81  7.9  9.4 99.00 99.00 99.00 999 1012.1  27.9  28.1  24.9 99.0 99.00
2026 05 05 17 30  79  8.4 10.1 99.00 99.00 99.00 999 1012.0  27.8  28.1  24.9 99.0 99.00
2026 05 05 17 40  77  8.2  9.3  1.99  7.69  5.62  89 1011.9  27.9  28.1  25.0 99.0 99.00
2026 05 05 17 50  74  8.7 10.3 99.00 99.00 99.00 999 1011.7  27.8  28.1  24.6 99.0 99.00
2026 05 05 18 00  80  8.3  9.4 99.00 99.00 99.00 999 1011.6  27.9  28.1  24.6 99.0 99.00
2026 05 05 18 10  80  7.9  9.5  1.77  7.69  5.28  93 1011.5  27.9  28.1  24.7 99.0 99.00
2026 05 05 18 20  78  8.2  9.7 99.00 99.00 99.00 999 1011.3  27.9  28.1  25.0 99.0 99.00
2026 05 05 18 30  78  8.9 10.2 99.00 99.00 99.00 999 1011.2  27.8  28.1  24.8 99.0 99.00
2026 05 05 18 40  80  9.0 10.5  1.75  6.67  5.09  96 1011.2  27.9  28.1  24.8 99.0 99.00
2026 05 05 18 50  78  8.6 10.3 99.00 99.00 99.00 999 1011.0  27.9  28.1  24.8 99.0 99.00
2026 05 05 19 00  81  8.3 10.4 99.00 99.00 99.00 999 1010.9  27.9  28.1  24.9 99.0 99.00
2026 05 05 19 10  80  8.4 10.2  1.83  7.69  5.15  96 1010.9  27.8  28.2  24.7 99.0 99.00
2026 05 05 19 20  78  8.1  9.8 99.00 99.00 99.00 999 1010.9  27.9  28.2  24.8 99.0 99.00
2026 05 05 19 30  79  8.0  9.5 99.00 99.00 99.00 999 1010.7  27.9  28.1  24.9 99.0 99.00
2026 05 05 19 40  82  8.4 10.5  1.81  7.69  5.25  89 1010.4  27.9  28.2  24.8 99.0 99.00
2026 05 05 19 50  81  8.1  9.9 99.00 99.00 99.00 999 1010.5  27.9  28.1  25.0 99.0 99.00
2026 05 05 20 00  77  8.2  9.9 99.00 99.00 99.00 999 1010.5  27.8  28.1  24.7 99.0 99.00
2026 05 05 20 10  73  7.8  9.3  1.94  7.14  5.28  92 1010.4  27.9  28.2  24.8 99.0 99.00
2026 05 05 20 20  78  8.1  9.9 99.00 99.00 99.00 999 1010.3  27.9  28.2  24.8 99.0 99.00
2026 05 05 20 30  75  8.0 10.1 99.00 99.00 99.00 999 1010.2  27.9  28.2  25.0 99.0 99.00
2026 05 05 20 40  73  8.1  9.7  1.89  7.69  5.22  97 1010.3  27.9  28.1  24.9 99.0 99.00
2026 05 05 20 50  68  8.7 10.1 99.00 99.00 99.00 999 1010.4  27.9  28.1  24.8 99.0 99.00
2026 05 05 21 00  70  8.4 10.1 99.00 99.00 99.00 999 1010.3  27.9  28.1  24.9 99.0 99.00
2026 05 05 21 10  68  8.4  9.9  1.74  7.69  5.14  98 1010.1  27.9  28.1  24.9 99.0 99.00
2026 05 05 21 20  71  8.4 10.4 99.00 99.00 99.00 999 1010.0  27.8  28.1  24.9 99.0 99.00
2026 05 05 21 30  69  8.3  9.8 99.00 99.00 99.00 999 1010.1  27.9  28.1  25.0 99.0 99.00
2026 05 05 21 40  70  8.8 10.2  1.74  7.69  5.07  87 1010.0  27.8  28.1  24.7 99.0 99.00
2026 05 05 21 50  71  8.6 10.3 99.00 99.00 99.00 999 1009.9  27.9  28.1  24.8 99.0 99.00
2026 05 05 22 00  68  8.2 10.5 99.00 99.00 99.00 999 1010.0  27.9  28.1  25.0 99.0 99.00
2026 05 05 22 10  67  8.5 10.4  1.87  7.69  5.32  91 1010.1  27.8  28.1  25.0 99.0 99.00
2026 05 05 22 20  66  9.3 11.2 99.00 99.00 99.00 999 1010.1  27.9  28.1  24.8 99.0 99.00
2026 05 05 22 30  68  9.1 10.8 99.00 99.00 99.00 999 1010.1  27.9  28.1  24.8 99.0 99.00
2026 05 05 22 40  68  8.7 10.5  1.87  7.14  5.46  89 1010.2  27.9  28.1  25.0 99.0 99.00
2026 05 05 22 50  67  9.3 11.2 99.00 99.00 99.00 999 1010.3  27.9  28.1  24.9 99.0 99.00
2026 05 05 23 00  67  9.1 10.9 99.00 99.00 99.00 999 1010.5  27.9  28.1  24.9 99.0 99.00
2026 05 05 23 10  66  9.0 11.1  1.80  7.69  5.12  93 1010.6  27.9  28.1  24.9 99.0 99.00
2026 05 05 23 20  66  9.0 10.8 99.00 99.00 99.00 999 1010.7  27.9  28.1  24.9 99.0 99.00
2026 05 05 23 30  65  9.3 10.8 99.00 99.00 99.00 999 1010.7  27.9  28.1  25.0 99.0 99.00
2026 05 05 23 40  66  8.8 10.6  1.89  7.69  5.36  91 1010.8  27.9  28.1  25.0 99.0 99.00
2026 05 05 23 50  65  8.9 10.8 99.00 99.00 99.00 999 1010.8  27.9  28.1  24.9 99.0 99.00
2026 05 06 00 00  64  9.2 11.6 99.00 99.00 99.00 999 1010.9  28.0 999.0  25.2 99.0 99.00
2026 05 06 00 10  64  9.0 11.4  2.00  7.69  5.51  94 1010.9  27.9  28.1  25.3 99.0 99.00
2026 05 06 00 20  65  9.3 10.8 99.00 99.00 99.00 999 1010.9  27.9  28.1  25.1 99.0 99.00
2026 05 06 00 30  64  8.9 10.8 99.00 99.00 99.00 999 1011.0  27.9  28.1  25.2 99.0 99.00
2026 05 06 00 40  64  8.8 10.4  1.87  7.69  5.09  91 1011.0  27.9  28.1  25.1 99.0 99.00
2026 05 06 00 50  64  9.1 11.1 99.00 99.00 99.00 999 1011.1  27.9  28.1  25.3 99.0 99.00
2026 05 06 01 00  64  9.7 11.8 99.00 99.00 99.00 999 1011.2  27.9  28.1  25.3 99.0 99.00
2026 05 06 01 10  68  9.5 12.0  1.92  8.33  5.28  91 1011.1  27.9  28.1  25.2 99.0 99.00
2026 05 06 01 20  70  9.2 11.0 99.00 99.00 99.00 999 1011.2  28.0  28.1  25.2 99.0 99.00
2026 05 06 01 30  67  9.4 11.7 99.00 99.00 99.00 999 1011.2  28.0  28.1  25.1 99.0 99.00
2026 05 06 01 40  72  9.3 11.5  1.87  7.14  5.11  92 1011.4  28.0  28.1  25.2 99.0 99.00
2026 05 06 01 50  69  9.0 10.7 99.00 99.00 99.00 999 1011.6  27.9  28.1  25.3 99.0 99.00
2026 05 06 02 00  71  8.4 10.2 99.00 99.00 99.00 999 1011.7  27.9  28.1  25.5 99.0 99.00
2026 05 06 02 10  72  8.7 10.8  1.90  7.69  5.29  89 1011.7  27.8  28.1  25.4 99.0 99.00
2026 05 06 02 20  70  9.2 10.7 99.00 99.00 99.00 999 1011.7  27.8  28.1  25.2 99.0 99.00
2026 05 06 02 30  67  9.3 11.8 99.00 99.00 99.00 999 1011.8  27.9  28.0  25.4 99.0 99.00
2026 05 06 02 40  67  9.6 11.4  1.77  7.69  5.03  94 1011.9  27.9  28.1  25.3 99.0 99.00
2026 05 06 02 50  69  9.5 11.2 99.00 99.00 99.00 999 1012.0  27.9  28.0  25.4 99.0 99.00
2026 05 06 03 00  70  9.1 10.7 99.00 99.00 99.00 999 1012.0  27.9  28.0  25.5 99.0 99.00
2026 05 06 03 10  69  9.3 11.3  1.79  7.69  5.08  90 1012.0  27.9  28.1  25.4 99.0 99.00
2026 05 06 03 20  71  9.6 11.3 99.00 99.00 99.00 999 1012.1  27.9  28.1  25.2 99.0 99.00
2026 05 06 03 30  69  9.6 11.5 99.00 99.00 99.00 999 1012.0  27.9  28.1  25.2 99.0 99.00
2026 05 06 03 40  70  9.5 11.0  2.05  7.69  5.29  95 1012.1  27.8  28.0  25.1 99.0 99.00
2026 05 06 03 50  72  9.8 11.6 99.00 99.00 99.00 999 1012.1  27.8  28.0  25.2 99.0 99.00
2026 05 06 04 00  72  9.7 11.6 99.00 99.00 99.00 999 1012.1  27.8  28.0  25.2 99.0 99.00
2026 05 06 04 10  71  9.2 11.0  1.84  7.69  5.15  92 1012.2  27.9  28.0  25.3 99.0 99.00
2026 05 06 04 20  69  9.5 11.4 99.00 99.00 99.00 999 1012.2  27.9  28.0  25.1 99.0 99.00
2026 05 06 04 30  68  9.8 11.7 99.00 99.00 99.00 999 1012.1  27.9  28.0  25.0 99.0 99.00
2026 05 06 04 40  65  9.2 11.1  1.99  7.69  5.28  88 1012.1  27.8  28.0  25.1 99.0 99.00
2026 05 06 04 50  68  8.9 10.5 99.00 99.00 99.00 999 1012.1  27.9  28.0  25.2 99.0 99.00
2026 05 06 05 00  66  9.2 10.8 99.00 99.00 99.00 999 1012.0  27.8  28.0  25.2 99.0 99.00
2026 05 06 05 10  72  9.1 11.2  1.95  7.69  5.19  92 1011.8  27.8  28.0  25.2 99.0 99.00
2026 05 06 05 20  72  9.3 11.3 99.00 99.00 99.00 999 1011.8  27.8  28.0  25.0 99.0 99.00
2026 05 06 05 30  70  8.5 10.8 99.00 99.00 99.00 999 1011.6  27.8  28.0  25.4 99.0 99.00
2026 05 06 05 40  68  9.5 11.7  1.95  8.33  5.36  91 1011.5  27.7  28.0  25.1 99.0 99.00
2026 05 06 05 50  71  9.1 10.9 99.00 99.00 99.00 999 1011.4  27.8  28.0  25.2 99.0 99.00
2026 05 06 06 00  74 10.0 11.7 99.00 99.00 99.00 999 1011.4  27.8  28.0  25.0 99.0 99.00
2026 05 06 06 10  73  8.9 10.6  1.95  7.14  5.31  91 1011.4  27.7  28.0  25.0 99.0 99.00
2026 05 06 06 20  69  9.6 11.5 99.00 99.00 99.00 999 1011.4  27.8  28.0  25.1 99.0 99.00
2026 05 06 06 30  75  9.6 11.8 99.00 99.00 99.00 999 1011.2  27.7  28.0  25.0 99.0 99.00
2026 05 06 06 40  75  9.9 12.1  1.95  7.69  5.22  97 1011.2  27.8  28.0  24.8 99.0 99.00
2026 05 06 06 50  74  9.5 11.3 99.00 99.00 99.00 999 1011.0  27.7  28.0  24.8 99.0 99.00
2026 05 06 07 00  72  9.0 10.8 99.00 99.00 99.00 999 1010.9  27.7  28.0  25.0 99.0 99.00
2026 05 06 07 10  74 10.2 12.7  1.97  7.69  5.24  91 1010.7  27.7  28.0  24.8 99.0 99.00
2026 05 06 07 20  79 10.6 12.1 99.00 99.00 99.00 999 1010.6  27.8  28.1  24.3 99.0 99.00
2026 05 06 07 30  76 10.0 12.1 99.00 99.00 99.00 999 1010.6  27.9  28.0  24.6 99.0 99.00
2026 05 06 07 40  72  9.9 11.5  2.07  8.33  5.33  99 1010.6  27.7  28.1  24.7 99.0 99.00
2026 05 06 07 50  74  9.7 11.5 99.00 99.00 99.00 999 1010.7  27.6  28.1  24.8 99.0 99.00
2026 05 06 08 00  71  9.7 12.0 99.00 99.00 99.00 999 1010.7  27.7  28.0  25.0 99.0 99.00
2026 05 06 08 10  74 10.0 12.0  2.09  7.69  5.22  94 1010.7  27.7  28.0  24.9 99.0 99.00
2026 05 06 08 20  73 10.5 12.4 99.00 99.00 99.00 999 1010.6  27.7  28.0  24.9 99.0 99.00
2026 05 06 08 30  73  9.8 11.8 99.00 99.00 99.00 999 1010.8  27.6  28.0  25.1 99.0 99.00
2026 05 06 08 40  71 10.0 11.8  1.99  8.33  5.27  93 1010.9  27.6  28.0  24.7 99.0 99.00
2026 05 06 08 50  72  9.5 11.5 99.00 99.00 99.00 999 1010.9  27.7  28.0  24.9 99.0 99.00
2026 05 06 09 00  74  9.8 11.6 99.00 99.00 99.00 999 1010.8  27.6  28.0  24.6 99.0 99.00
2026 05 06 09 10  74 10.1 11.8  2.00  7.69  5.31  97 1010.8  27.7  28.0  24.7 99.0 99.00
2026 05 06 09 20  71  9.7 11.7 99.00 99.00 99.00 999 1010.9  27.7  28.0  24.9 99.0 99.00
2026 05 06 09 30  71 10.3 12.4 99.00 99.00 99.00 999 1010.9  27.7  28.0  24.8 99.0 99.00
2026 05 06 09 40  70 10.2 11.9  2.11  7.69  5.41  93 1011.1  27.7  28.0  24.9 99.0 99.00
2026 05 06 09 50  70 10.1 12.5 99.00 99.00 99.00 999 1011.1  27.7  28.1  24.9 99.0 99.00
2026 05 06 10 00  74 10.6 13.4 99.00 99.00 99.00 999 1011.2  27.7  28.1  25.0 99.0 99.00
2026 05 06 10 10  75 10.5 12.5  2.13  8.33  5.24  96 1011.3  27.7  28.1  24.8 99.0 99.00
2026 05 06 10 20  76  9.9 12.1 99.00 99.00 99.00 999 1011.4  27.7  28.1  25.0 99.0 99.00
2026 05 06 10 30  76 10.5 12.7 99.00 99.00 99.00 999 1011.6  27.7  28.0  24.8 99.0 99.00
2026 05 06 10 40  77 10.9 13.2  2.00  7.69  5.05  91 1011.9  27.7  28.0  24.5 99.0 99.00
2026 05 06 10 50  78 10.1 11.9 99.00 99.00 99.00 999 1012.0  27.8  28.0  24.8 99.0 99.00
2026 05 06 11 00  74 10.7 12.5 99.00 99.00 99.00 999 1012.1  27.8  28.0  24.6 99.0 99.00
2026 05 06 11 10  76 10.4 12.5  2.16  7.14  5.36  97 1012.1  27.8  28.0  24.8 99.0 99.00
2026 05 06 11 20  75 10.3 12.8 99.00 99.00 99.00 999 1012.2  27.8  28.1  24.7 99.0 99.00
2026 05 06 11 30  75 10.1 11.9 99.00 99.00 99.00 999 1012.2  27.8  28.1  24.3 99.0 99.00
2026 05 06 11 40  80  9.7 11.8  2.21  8.33  5.30  98 1012.3  27.9  28.1  24.4 99.0 99.00
2026 05 06 11 50  78  9.7 11.9 99.00 99.00 99.00 999 1012.3  27.8  28.1  24.7 99.0 99.00
2026 05 06 12 00  82 10.3 12.2 99.00 99.00 99.00 999 1012.5  27.8  28.1  24.6 99.0 99.00
2026 05 06 12 10  83 10.6 12.9  1.99  7.69  5.12  94 1012.4  27.9  28.1  24.2 99.0 99.00
2026 05 06 12 20  80 10.3 12.1 99.00 99.00 99.00 999 1012.4  27.8  28.1  24.4 99.0 99.00
2026 05 06 12 30  83 10.7 13.1 99.00 99.00 99.00 999 1012.4  27.8  28.1  24.3 99.0 99.00
2026 05 06 12 40  82  9.8 12.0  2.32  7.69  5.55  96 1012.5  27.9  28.1  24.7 99.0 99.00
2026 05 06 12 50  79 10.4 12.4 99.00 99.00 99.00 999 1012.6  27.8  28.1  24.6 99.0 99.00
2026 05 06 13 00  80 10.1 12.2 99.00 99.00 99.00 999 1012.6  27.8  28.1  24.5 99.0 99.00
2026 05 06 13 10  78 10.2 12.4  2.19  7.69  5.38  96 1012.6  27.9  28.1  24.6 99.0 99.00
2026 05 06 13 20  82  9.7 11.7 99.00 99.00 99.00 999 1012.7  27.8  28.1  24.7 99.0 99.00
2026 05 06 13 30  78 10.7 12.9 99.00 99.00 99.00 999 1012.7  27.8  28.1  24.4 99.0 99.00
2026 05 06 13 40  80  9.7 11.7  2.24  8.33  5.46  91 1012.8  27.9  28.1  24.7 99.0 99.00
2026 05 06 13 50  77  9.6 11.6 99.00 99.00 99.00 999 1012.8  27.8  28.1  24.9 99.0 99.00
2026 05 06 14 00  78 10.3 12.5 99.00 99.00 99.00 999 1013.0  27.8  28.1  24.6 99.0 99.00
2026 05 06 14 10  77 10.6 12.5  2.27  7.69  5.33  97 1013.1  27.9  28.1  24.6 99.0 99.00
2026 05 06 14 20  77 10.7 13.2 99.00 99.00 99.00 999 1013.1  27.9  28.1  24.5 99.0 99.00
2026 05 06 14 30  78 10.8 13.5 99.00 99.00 99.00 999 1013.2  27.9  28.1  24.3 99.0 99.00
2026 05 06 14 40  77 10.1 12.6  2.30  7.69  5.49  92 1013.3  28.0  28.1  24.7 99.0 99.00
2026 05 06 14 50  77 10.4 13.8 99.00 99.00 99.00 999 1013.3  27.9  28.1  24.8 99.0 99.00
2026 05 06 15 00  76 11.3 13.8 99.00 99.00 99.00 999 1013.4  27.9  28.1  24.4 99.0 99.00
2026 05 06 15 10  75 10.9 13.5  2.21  8.33  5.36  99 1013.4  27.9  28.1  24.6 99.0 99.00
2026 05 06 15 20  74 11.2 13.0 99.00 99.00 99.00 999 1013.4  27.9  28.1  24.5 99.0 99.00
2026 05 06 15 30  74 11.1 13.1 99.00 99.00 99.00 999 1013.3  28.0  28.1  24.4 99.0 99.00
2026 05 06 15 40  72 11.2 13.2  2.37  7.69  5.38  99 1013.3  27.9  28.1  24.4 99.0 99.00
2026 05 06 15 50  75 10.6 13.0 99.00 99.00 99.00 999 1013.2  27.9  28.1  24.5 99.0 99.00
2026 05 06 16 00  77 11.1 13.5 99.00 99.00 99.00 999 1013.1  27.9  28.1  24.4 99.0 99.00
2026 05 06 16 10  75 10.5 12.2  2.20  7.69  5.34  99 1013.1  27.9  28.1  24.6 99.0 99.00
2026 05 06 16 20  76 10.6 12.5 99.00 99.00 99.00 999 1013.0  27.9  28.1  24.6 99.0 99.00
2026 05 06 16 30  76 11.2 14.3 99.00 99.00 99.00 999 1012.9  27.9  28.1  24.4 99.0 99.00
2026 05 06 16 40  78 11.1 13.4  2.33  7.69  5.34  92 1012.7  28.0  28.1  24.4 99.0 99.00
2026 05 06 16 50  74 10.4 12.3 99.00 99.00 99.00 999 1012.7  27.9  28.1  24.6 99.0 99.00
2026 05 06 17 00  74 11.0 13.4 99.00 99.00 99.00 999 1012.6  27.9  28.1  24.4 99.0 99.00
2026 05 06 17 10  76 10.9 13.0  2.33  7.69  5.37  87 1012.5  27.9  28.1  24.4 99.0 99.00
2026 05 06 17 20  75 10.2 12.1 99.00 99.00 99.00 999 1012.5  28.0  28.1  24.7 99.0 99.00
2026 05 06 17 30  77 10.5 12.4 99.00 99.00 99.00 999 1012.2  27.9  28.1  24.5 99.0 99.00
2026 05 06 17 40  74 10.4 12.6  2.23  7.69  5.45  89 1012.2  27.9  28.1  24.6 99.0 99.00
2026 05 06 17 50  73 11.0 13.3 99.00 99.00 99.00 999 1012.1  28.0  28.2  24.4 99.0 99.00
2026 05 06 18 00  75 10.0 11.7 99.00 99.00 99.00 999 1012.0  28.0  28.2  24.7 99.0 99.00
2026 05 06 18 10  76 10.3 12.7  2.20  8.33  5.37  97 1011.7  28.0  28.1  24.7 99.0 99.00
2026 05 06 18 20  74 10.1 12.5 99.00 99.00 99.00 999 1011.5  27.9  28.1  24.7 99.0 99.00
2026 05 06 18 30  76 10.0 11.9 99.00 99.00 99.00 999 1011.4  28.0  28.2  24.8 99.0 99.00
2026 05 06 18 40  75 10.1 12.4  2.46  8.33  5.82  90 1011.3  27.9  28.2  24.8 99.0 99.00
2026 05 06 18 50  74 10.4 12.4 99.00 99.00 99.00 999 1011.2  27.9  28.2  24.5 99.0 99.00
2026 05 06 19 00  76 10.6 13.1 99.00 99.00 99.00 999 1011.0  28.0  28.2  24.4 99.0 99.00
2026 05 06 19 10  72 10.2 12.4  2.29  8.33  5.40 100 1010.9  28.0  28.2  24.6 99.0 99.00
2026 05 06 19 20  76 10.5 13.1 99.00 99.00 99.00 999 1010.7  28.0  28.2  24.3 99.0 99.00
2026 05 06 19 30  74 10.7 13.1 99.00 99.00 99.00 999 1010.7  28.0  28.1  24.4 99.0 99.00
2026 05 06 19 40  73 10.9 13.1  2.24  8.33  5.42  99 1010.6  28.0  28.2  24.2 99.0 99.00
2026 05 06 19 50  75 11.3 13.5 99.00 99.00 99.00 999 1010.4  28.0  28.2  24.0 99.0 99.00
2026 05 06 20 00  73 10.6 13.3 99.00 99.00 99.00 999 1010.4  28.0  28.2  24.2 99.0 99.00
2026 05 06 20 10  77 10.4 12.9  2.33  8.33  5.43  95 1010.3  28.0  28.2  24.3 99.0 99.00
2026 05 06 20 20  76 10.7 13.0 99.00 99.00 99.00 999 1010.2  28.0  28.2  24.3 99.0 99.00
2026 05 06 20 30  77 10.0 12.3 99.00 99.00 99.00 999 1010.2  28.0  28.2  24.6 99.0 99.00
2026 05 06 20 40  74 10.3 12.3  2.42  8.33  5.52  93 1010.2  27.9  28.2  24.5 99.0 99.00
2026 05 06 20 50  76 10.9 13.4 99.00 99.00 99.00 999 1010.2  28.0  28.2  24.2 99.0 99.00
2026 05 06 21 00  77 10.0 12.5 99.00 99.00 99.00 999 1010.1  28.0  28.2  24.5 99.0 99.00
2026 05 06 21 10  74 10.3 12.8  2.55  8.33  5.68  96 1010.1  28.0  28.2  24.4 99.0 99.00
2026 05 06 21 20  75 10.3 12.6 99.00 99.00 99.00 999 1010.1  27.9  28.1  24.4 99.0 99.00
2026 05 06 21 30  73 10.2 12.1 99.00 99.00 99.00 999 1010.1  27.9  28.1  24.5 99.0 99.00
2026 05 06 21 40  73 10.0 12.0  2.42  8.33  5.56  98 1010.1  27.9  28.1  24.5 99.0 99.00
2026 05 06 21 50  75 10.1 12.0 99.00 99.00 99.00 999 1010.3  27.9  28.1  24.5 99.0 99.00
2026 05 06 22 00  71  9.9 11.8 99.00 99.00 99.00 999 1010.3  28.0  28.1  24.7 99.0 99.00
2026 05 06 22 10  70 10.1 11.9  2.53  8.33  5.83  97 1010.4  27.9  28.1  24.5 99.0 99.00
2026 05 06 22 20  68 10.5 12.4 99.00 99.00 99.00 999 1010.4  27.9  28.1  24.3 99.0 99.00
2026 05 06 22 30  70 10.1 12.6 99.00 99.00 99.00 999 1010.5  28.0  28.2  24.5 99.0 99.00
2026 05 06 22 40  73  9.9 11.8  2.38  7.69  5.49  95 1010.6  28.0  28.2  24.6 99.0 99.00
2026 05 06 22 50  71  9.9 12.3 99.00 99.00 99.00 999 1010.6  27.9  28.2  24.6 99.0 99.00
2026 05 06 23 00  71  9.9 11.8 99.00 99.00 99.00 999 1010.6  28.0  28.2  24.7 99.0 99.00
2026 05 06 23 10  70 10.7 12.7  2.31  8.33  5.60  98 1010.6  27.9  28.2  24.4 99.0 99.00
2026 05 06 23 20  72 10.3 12.2 99.00 99.00 99.00 999 1010.6  28.0  28.1  24.6 99.0 99.00
2026 05 06 23 30  68 10.3 12.4 99.00 99.00 99.00 999 1010.6  27.9  28.2  24.6 99.0 99.00
2026 05 06 23 40  71 10.5 12.6  2.29  8.33  5.55  99 1010.8  27.9  28.1  24.5 99.0 99.00
2026 05 06 23 50  69  9.8 12.1 99.00 99.00 99.00 999 1010.9  27.9  28.1  24.7 99.0 99.00
2026 05 07 00 00  70  9.8 12.0 99.00 99.00 99.00 999 1010.9  27.9  28.1  24.7 99.0 99.00
2026 05 07 00 10  69  9.4 11.3  2.18  8.33  5.44  92 1010.8  27.8  28.1  24.8 99.0 99.00
2026 05 07 00 20  70  9.5 11.5 99.00 99.00 99.00 999 1011.0  27.9  28.1  24.7 99.0 99.00
2026 05 07 00 30  68  9.6 11.9 99.00 99.00 99.00 999 1011.0  27.8  28.1  24.8 99.0 99.00
2026 05 07 00 40  67  9.9 11.9  2.44  8.33  5.78  99 1011.0  27.8  28.1  24.7 99.0 99.00
2026 05 07 00 50  69  9.8 11.8 99.00 99.00 99.00 999 1011.2  27.8  28.1  24.7 99.0 99.00
2026 05 07 01 00  69 10.0 12.5 99.00 99.00 99.00 999 1011.2  27.8  28.1  24.8 99.0 99.00
2026 05 07 01 10  72 10.4 12.5  2.26  8.33  5.48 100 1011.2  27.8  28.1  24.8 99.0 99.00
2026 05 07 01 20  68  9.9 12.0 99.00 99.00 99.00 999 1011.3  27.8  28.1  25.0 99.0 99.00
2026 05 07 01 30  72 10.8 12.7 99.00 99.00 99.00 999 1011.2  27.8  28.1  24.8 99.0 99.00
2026 05 07 01 40  69 10.0 11.7  2.23  8.33  5.45  99 1011.4  27.9  28.1  25.1 99.0 99.00
2026 05 07 01 50  71 10.0 12.1 99.00 99.00 99.00 999 1011.6  27.8  28.1  24.8 99.0 99.00
2026 05 07 02 00  75 10.1 12.1 99.00 99.00 99.00 999 1011.7  27.8  28.1  24.7 99.0 99.00
2026 05 07 02 10  72  9.9 12.4  2.19  8.33  5.40  98 1011.7  27.9  28.1  24.8 99.0 99.00
2026 05 07 02 20  76 10.2 12.0 99.00 99.00 99.00 999 1011.9  27.9  28.1  24.6 99.0 99.00
2026 05 07 02 30  74 10.1 12.1 99.00 99.00 99.00 999 1012.0  27.9  28.1  24.7 99.0 99.00
2026 05 07 02 40  69 10.2 12.7  2.30  8.33  5.48  98 1012.1  27.9  28.1  24.6 99.0 99.00
2026 05 07 02 50  71 10.3 12.6 99.00 99.00 99.00 999 1012.2  27.9  28.1  24.7 99.0 99.00
2026 05 07 03 00  73  9.9 11.7 99.00 99.00 99.00 999 1012.2  27.9 999.0  24.7 99.0 99.00
2026 05 07 03 10  71 10.2 12.6  2.25  7.69  5.53  91 1012.2  27.9  28.1  24.6 99.0 99.00
2026 05 07 03 20  71 10.0 11.8 99.00 99.00 99.00 999 1012.3  27.9  28.1  24.7 99.0 99.00
2026 05 07 03 30  70 10.3 12.4 99.00 99.00 99.00 999 1012.3  27.9  28.1  24.7 99.0 99.00
2026 05 07 03 40  74 10.4 12.1  2.16  8.33  5.45  96 1012.2  27.9  28.1  24.8 99.0 99.00
2026 05 07 03 50  73 10.1 12.7 99.00 99.00 99.00 999 1012.2  27.9  28.1  25.0 99.0 99.00
2026 05 07 04 00  73 10.7 12.5 99.00 99.00 99.00 999 1012.3  27.9  28.1  24.7 99.0 99.00
2026 05 07 04 10  75  9.7 11.4  2.07  8.33  5.30  93 1012.3  27.9  28.1  24.9 99.0 99.00
2026 05 07 04 20  77 10.2 12.4 99.00 99.00 99.00 999 1012.2  27.8  28.1  24.6 99.0 99.00
2026 05 07 04 30  73  9.7 11.7 99.00 99.00 99.00 999 1012.1  27.9  28.1  24.8 99.0 99.00
2026 05 07 04 40  72  9.8 12.1  2.37  7.69  5.55  88 1012.0  27.8  28.1  24.8 99.0 99.00
2026 05 07 04 50  74 10.2 12.4 99.00 99.00 99.00 999 1011.9  27.9  28.1  24.8 99.0 99.00
2026 05 07 05 00  77 10.0 12.2 99.00 99.00 99.00 999 1011.8  27.8  28.1  25.0 99.0 99.00
2026 05 07 05 10  77 10.6 13.2  2.34  8.33  5.59  97 1011.7  27.8  28.1  24.7 99.0 99.00
2026 05 07 05 20  75 10.4 12.5 99.00 99.00 99.00 999 1011.6  27.8  28.1  24.8 99.0 99.00
2026 05 07 05 30  72 10.1 12.3 99.00 99.00 99.00 999 1011.5  27.8  28.1  24.9 99.0 99.00
2026 05 07 05 40  72  9.8 11.7  2.45  8.33  5.62  96 1011.5  27.8  28.1  25.0 99.0 99.00
2026 05 07 05 50  71 10.6 12.5 99.00 99.00 99.00 999 1011.4  27.8  28.1  24.7 99.0 99.00
2026 05 07 06 00  72 10.5 12.2 99.00 99.00 99.00 999 1011.2  27.8  28.1  24.7 99.0 99.00
2026 05 07 06 10  73  9.8 11.6  2.26  8.33  5.47  90 1011.1  27.8  28.1  24.9 99.0 99.00
2026 05 07 06 20  76  9.7 12.0 99.00 99.00 99.00 999 1011.1  27.8  28.1  25.2 99.0 99.00
2026 05 07 06 30  74 10.3 12.0 99.00 99.00 99.00 999 1010.9  27.7  28.1  24.8 99.0 99.00
2026 05 07 06 40  70 10.8 13.3  2.26  8.33  5.43  98 1010.9  27.8  28.1  24.9 99.0 99.00
2026 05 07 06 50  74 10.2 12.2 99.00 99.00 99.00 999 1010.8  27.8  28.1  24.9 99.0 99.00
2026 05 07 07 00  74 10.4 12.5 99.00 99.00 99.00 999 1010.8  27.8  28.1  24.7 99.0 99.00
2026 05 07 07 10  73 10.5 13.4  2.16  8.33  5.41  94 1010.7  27.8  28.1  24.9 99.0 99.00
2026 05 07 07 20  72 10.1 12.3 99.00 99.00 99.00 999 1010.6  27.8  28.1  25.0 99.0 99.00
2026 05 07 07 30  74  9.7 11.7 99.00 99.00 99.00 999 1010.6  27.8  28.1  25.1 99.0 99.00
2026 05 07 07 40  75 10.0 11.5  2.27  8.33  5.49 101 1010.5  27.8  28.1  25.0 99.0 99.00
2026 05 07 07 50  76 10.1 12.0 99.00 99.00 99.00 999 1010.4  27.8  28.1  25.1 99.0 99.00
2026 05 07 08 00  76  9.5 11.6 99.00 99.00 99.00 999 1010.4  27.7  28.1  25.0 99.0 99.00
2026 05 07 08 10  74  9.6 11.5  2.29  7.69  5.60  89 1010.4  27.8  28.1  25.0 99.0 99.00
2026 05 07 08 20  74  9.5 11.5 99.00 99.00 99.00 999 1010.5  27.8  28.1  24.9 99.0 99.00
2026 05 07 08 30  73  9.5 11.2 99.00 99.00 99.00 999 1010.5  27.8  28.1  25.0 99.0 99.00
2026 05 07 08 40  75  9.3 11.5  2.38  8.33  5.42 102 1010.4  27.8  28.1  25.1 99.0 99.00
2026 05 07 08 50  76  9.6 11.7 99.00 99.00 99.00 999 1010.4  27.8  28.1  25.1 99.0 99.00
2026 05 07 09 00  76 10.2 12.3 99.00 99.00 99.00 999 1010.5  27.8  28.1  24.9 99.0 99.00
2026 05 07 09 10  77  9.5 11.2  2.30  8.33  5.65  92 1010.6  27.8  28.1  24.9 99.0 99.00
2026 05 07 09 20  75  9.3 11.8 99.00 99.00 99.00 999 1010.6  27.8  28.1  25.0 99.0 99.00
2026 05 07 09 30  75  9.3 11.2 99.00 99.00 99.00 999 1010.7  27.8  28.1  25.2 99.0 99.00
2026 05 07 09 40  76  9.1 11.0  2.16  8.33  5.41  96 1010.8  27.8  28.1  25.2 99.0 99.00
2026 05 07 09 50  77 10.1 12.4 99.00 99.00 99.00 999 1010.8  27.8  28.1  25.0 99.0 99.00
2026 05 07 10 00  76  9.7 11.5 99.00 99.00 99.00 999 1010.8  27.8  28.1  25.1 99.0 99.00
2026 05 07 10 10  78  9.4 10.9  2.22  8.33  5.40  96 1010.9  27.8  28.1  25.3 99.0 99.00
2026 05 07 10 20  81  9.4 11.4 99.00 99.00 99.00 999 1010.9  27.8  28.1  25.3 99.0 99.00
2026 05 07 10 30  78  9.3 11.6 99.00 99.00 99.00 999 1010.9  27.8  28.1  25.4 99.0 99.00
2026 05 07 10 40  80  9.7 11.9  2.29  8.33  5.65  95 1010.9  27.8  28.1  25.2 99.0 99.00
2026 05 07 10 50  79  9.9 11.9 99.00 99.00 99.00 999 1011.0  27.8  28.1  25.0 99.0 99.00
2026 05 07 11 00  81  9.4 11.3 99.00 99.00 99.00 999 1011.2  27.9  28.1  25.2 99.0 99.00
2026 05 07 11 10  80  9.0 11.0  2.32  8.33  5.62 100 1011.2  27.9  28.1  25.4 99.0 99.00
2026 05 07 11 20  82  9.6 11.6 99.00 99.00 99.00 999 1011.3  27.8  28.1  24.9 99.0 99.00
2026 05 07 11 30  79  8.9 11.2 99.00 99.00 99.00 999 1011.4  27.9  28.1  25.3 99.0 99.00
2026 05 07 11 40  78  9.6 12.0  2.29  8.33  5.56  99 1011.6  27.8  28.1  25.0 99.0 99.00
2026 05 07 11 50  80  9.4 11.3 99.00 99.00 99.00 999 1011.7  27.9  28.1  25.1 99.0 99.00
2026 05 07 12 00  80  9.2 11.3 99.00 99.00 99.00 999 1011.8  28.0  28.1  25.0 99.0 99.00
2026 05 07 12 10  82  9.6 11.3  2.16  8.33  5.42  99 1011.8  27.9  28.1  24.9 99.0 99.00
2026 05 07 12 20  79 10.0 11.7 99.00 99.00 99.00 999 1012.0  27.9  28.1  25.0 99.0 99.00
2026 05 07 12 30  77  9.8 11.9 99.00 99.00 99.00 999 1012.1  28.0  28.1  25.1 99.0 99.00
2026 05 07 12 40  80  9.7 11.7  2.12  8.33  5.57 100 1012.2  28.0  28.1  25.1 99.0 99.00
2026 05 07 12 50  83  9.6 11.9 99.00 99.00 99.00 999 1012.3  28.0  28.1  25.0 99.0 99.00
2026 05 07 13 00  82  9.6 11.5 99.00 99.00 99.00 999 1012.3  28.0  28.2  25.1 99.0 99.00
2026 05 07 13 10  80  9.4 11.3  1.98  8.33  5.40  99 1012.5  28.0  28.2  25.1 99.0 99.00
2026 05 07 13 20  79  9.4 11.2 99.00 99.00 99.00 999 1012.6  28.0  28.2  25.2 99.0 99.00
2026 05 07 13 30  79  9.6 12.2 99.00 99.00 99.00 999 1012.6  28.0  28.2  25.1 99.0 99.00
2026 05 07 13 40  81  9.9 11.8  2.26  8.33  5.58  95 1012.5  28.0  28.2  25.0 99.0 99.00
2026 05 07 13 50  76  9.6 11.1 99.00 99.00 99.00 999 1012.6  28.0  28.2  25.2 99.0 99.00
2026 05 07 14 00  76  9.5 11.5 99.00 99.00 99.00 999 1012.6  28.0  28.2  25.3 99.0 99.00
2026 05 07 14 10  77  9.1 11.2  2.20  7.69  5.60  95 1012.6  28.0  28.2  25.4 99.0 99.00
2026 05 07 14 20  79  9.7 11.9 99.00 99.00 99.00 999 1012.6  28.0  28.2  25.3 99.0 99.00
2026 05 07 14 30  78  9.9 11.7 99.00 99.00 99.00 999 1012.6  28.1  28.2  25.3 99.0 99.00
2026 05 07 14 40  79 10.3 12.5  2.31  8.33  5.48  94 1012.5  28.0  28.2  25.0 99.0 99.00
2026 05 07 14 50  78 10.0 12.1 99.00 99.00 99.00 999 1012.6  28.1  28.2  25.1 99.0 99.00
2026 05 07 15 00  77  9.3 11.3 99.00 99.00 99.00 999 1012.5  28.1  28.2  25.4 99.0 99.00
2026 05 07 15 10  76  9.7 11.6  2.19  8.33  5.57  97 1012.5  28.0  28.2  25.2 99.0 99.00
2026 05 07 15 20  76 10.0 11.9 99.00 99.00 99.00 999 1012.4  28.0  28.2  25.2 99.0 99.00
2026 05 07 15 30  80 10.0 12.0 99.00 99.00 99.00 999 1012.5  28.1  28.2  25.1 99.0 99.00
2026 05 07 15 40  83  8.8 10.9  2.25  8.33  5.56  95 1012.5  28.1  28.2  25.4 99.0 99.00
2026 05 07 15 50  86  8.9 10.8 99.00 99.00 99.00 999 1012.4  28.0  28.2  25.3 99.0 99.00
2026 05 07 16 00  84  8.7 10.9 99.00 99.00 99.00 999 1012.4  28.0  28.2  25.4 99.0 99.00
2026 05 07 16 10  86  9.4 11.4  2.29  8.33  5.75  89 1012.3  28.0  28.2  25.3 99.0 99.00
2026 05 07 16 20  85  9.0 11.1 99.00 99.00 99.00 999 1012.3  28.1  28.2  25.5 99.0 99.00
2026 05 07 16 30  83  9.7 11.3 99.00 99.00 99.00 999 1012.2  28.1  28.2  25.3 99.0 99.00
2026 05 07 16 40  82  9.3 11.2  2.04  7.69  5.36  99 1012.1  28.1  28.2  25.3 99.0 99.00
2026 05 07 16 50  81  9.7 11.8 99.00 99.00 99.00 999 1012.0  28.1  28.2  25.0 99.0 99.00
2026 05 07 17 00  81  9.3 11.1 99.00 99.00 99.00 999 1011.9  28.1  28.2  25.1 99.0 99.00
2026 05 07 17 10  78  9.5 11.5  2.28  8.33  5.67  95 1011.8  28.1  28.2  25.1 99.0 99.00
2026 05 07 17 20  80  9.4 11.7 99.00 99.00 99.00 999 1011.7  28.1  28.2  25.0 99.0 99.00
2026 05 07 17 30  76  9.3 11.2 99.00 99.00 99.00 999 1011.5  28.1  28.2  25.0 99.0 99.00
2026 05 07 17 40  76  9.6 11.4  2.30  7.69  5.84  95 1011.4  28.1  28.2  25.0 99.0 99.00
2026 05 07 17 50  79  9.1 10.9 99.00 99.00 99.00 999 1011.3  28.2  28.2  25.3 99.0 99.00
2026 05 07 18 00  77  8.9 10.8 99.00 99.00 99.00 999 1011.2  28.1  28.2  25.2 99.0 99.00
2026 05 07 18 10  79  9.6 11.3  2.39  8.33  5.82 101 1011.2  28.1  28.2  24.9 99.0 99.00
2026 05 07 18 20  77  8.6 11.0 99.00 99.00 99.00 999 1011.1  28.2  28.2  25.3 99.0 99.00
2026 05 07 18 30  76  9.0 10.9 99.00 99.00 99.00 999 1010.9  28.1  28.2  25.1 99.0 99.00
2026 05 07 18 40  75  8.3 10.3  2.22  8.33  5.64  96 1010.8  28.1  28.2  25.4 99.0 99.00
2026 05 07 18 50  73  8.6 10.2 99.00 99.00 99.00 999 1010.7  28.1  28.2  25.4 99.0 99.00
2026 05 07 19 00  73  9.1 11.0 99.00 99.00 99.00 999 1010.6  28.1  28.2  25.2 99.0 99.00
2026 05 07 19 10  75  9.4 11.3  2.03  8.33  5.43  99 1010.5  28.2  28.2  25.2 99.0 99.00
2026 05 07 19 20  76  9.5 11.6 99.00 99.00 99.00 999 1010.3  28.2  28.2  25.1 99.0 99.00
2026 05 07 19 30  76  9.7 11.5 99.00 99.00 99.00 999 1010.3  28.2  28.2  25.1 99.0 99.00
2026 05 07 19 40  76  8.8 11.0  2.04  8.33  5.39  92 1010.2  28.2  28.2  25.3 99.0 99.00
2026 05 07 19 50  72  8.9 10.3 99.00 99.00 99.00 999 1010.1  28.1  28.2  25.1 99.0 99.00
2026 05 07 20 00  76  8.1  9.9 99.00 99.00 99.00 999 1010.1  28.1  28.2  25.3 99.0 99.00
2026 05 07 20 10  82  7.7  9.9  2.28  8.33  5.75  90 1010.1  27.8  28.2  25.6 99.0 99.00
2026 05 07 20 20  77  8.4 10.8 99.00 99.00 99.00 999 1010.1  27.8  28.2  25.5 99.0 99.00
2026 05 07 20 30  73  9.2 11.0 99.00 99.00 99.00 999 1010.0  28.1  28.2  25.0 99.0 99.00
2026 05 07 20 40  72  8.6 10.6  2.43  8.33  5.83  97 1009.9  28.1  28.2  25.0 99.0 99.00
2026 05 07 20 50  69  8.0  9.6 99.00 99.00 99.00 999 1009.8  28.1  28.2  25.2 99.0 99.00
2026 05 07 21 00  67  8.6 10.8 99.00 99.00 99.00 999 1009.8  28.1  28.2  25.2 99.0 99.00
2026 05 07 21 10  70  9.1 10.9  2.24  7.69  5.58  97 1009.8  28.1  28.2  25.2 99.0 99.00
2026 05 07 21 20  70  9.1 11.0 99.00 99.00 99.00 999 1009.8  28.1  28.2  25.0 99.0 99.00
2026 05 07 21 30  72  8.9 10.9 99.00 99.00 99.00 999 1009.8  28.2  28.2  25.1 99.0 99.00
2026 05 07 21 40  70  8.9 10.9  2.12  7.69  5.51  89 1009.8  28.2  28.2  25.1 99.0 99.00
2026 05 07 21 50  68  8.8 10.1 99.00 99.00 99.00 999 1009.8  28.1  28.2  25.1 99.0 99.00
2026 05 07 22 00  65  8.8 10.7 99.00 99.00 99.00 999 1009.9  28.1  28.2  25.3 99.0 99.00
2026 05 07 22 10  62  8.4 10.2  2.08  8.33  5.58  99 1009.9  28.1  28.2  25.4 99.0 99.00
2026 05 07 22 20  62  8.8 10.1 99.00 99.00 99.00 999 1010.0  28.0  28.2  25.4 99.0 99.00
2026 05 07 22 30  66  9.5 11.4 99.00 99.00 99.00 999 1010.0  28.1  28.2  25.3 99.0 99.00
2026 05 07 22 40  68  9.5 11.3  2.15  8.33  5.61 100 1010.0  28.1  28.2  25.0 99.0 99.00
2026 05 07 22 50  66  9.0 11.3 99.00 99.00 99.00 999 1010.1  28.2 999.0  25.2 99.0 99.00
2026 05 07 23 00  63  8.5  9.9 99.00 99.00 99.00 999 1010.0  28.1  28.2  25.5 99.0 99.00
2026 05 07 23 10  63  8.9 10.5  2.13  8.33  5.64  94 1010.0  28.0  28.2  25.2 99.0 99.00
2026 05 07 23 20  64  9.6 11.6 99.00 99.00 99.00 999 1010.0  28.1  28.2  25.3 99.0 99.00
2026 05 07 23 30  66  9.6 11.4 99.00 99.00 99.00 999 1010.1  28.1  28.2  25.2 99.0 99.00
2026 05 07 23 40  69  9.4 11.6  2.22  8.33  5.66 102 1010.1  28.1  28.2  25.2 99.0 99.00
2026 05 07 23 50  71  8.6 10.7 99.00 99.00 99.00 999 1010.2  28.1  28.2  25.5 99.0 99.00
2026 05 08 00 00  70  9.0 10.6 99.00 99.00 99.00 999 1010.3  28.0  28.2  25.3 99.0 99.00
2026 05 08 00 10  67  8.6 10.6  2.04  8.33  5.52  98 1010.3  28.1  28.2  25.5 99.0 99.00
2026 05 08 00 20  62  8.7 10.1 99.00 99.00 99.00 999 1010.3  28.1  28.2  25.5 99.0 99.00
2026 05 08 00 30  63  9.2 11.2 99.00 99.00 99.00 999 1010.4  28.0  28.2  25.5 99.0 99.00
2026 05 08 00 40  65  9.3 11.7  2.19  8.33  5.69  97 1010.6  28.1  28.2  25.4 99.0 99.00
2026 05 08 00 50  65  9.0 10.9 99.00 99.00 99.00 999 1010.7  28.1  28.2  25.3 99.0 99.00
2026 05 08 01 00  69  9.2 10.9 99.00 99.00 99.00 999 1010.7  28.1  28.2  25.2 99.0 99.00
2026 05 08 01 10  69  9.0 10.9  2.21  7.69  5.66  97 1010.9  28.2  28.2  25.1 99.0 99.00
2026 05 08 01 20  62  9.1 11.4 99.00 99.00 99.00 999 1010.9  28.1  28.2  25.4 99.0 99.00
2026 05 08 01 30  68  9.3 11.4 99.00 99.00 99.00 999 1011.0  28.1  28.2  25.3 99.0 99.00
2026 05 08 01 40  72  9.1 10.4  2.11  9.09  5.63  91 1011.0  28.1  28.2  25.4 99.0 99.00
2026 05 08 01 50  69  9.7 11.9 99.00 99.00 99.00 999 1011.1  28.1  28.2  25.4 99.0 99.00
2026 05 08 02 00  70  9.5 11.3 99.00 99.00 99.00 999 1011.1  28.1  28.2  25.0 99.0 99.00
2026 05 08 02 10  68  9.7 12.1  1.96  7.69  5.45  90 1011.0  28.2  28.2  25.4 99.0 99.00
2026 05 08 02 20  66  9.6 11.1 99.00 99.00 99.00 999 1011.0  28.1  28.2  25.4 99.0 99.00
2026 05 08 02 30  66  9.3 11.7 99.00 99.00 99.00 999 1011.1  28.1  28.2  25.5 99.0 99.00
2026 05 08 02 40  64  9.6 11.4  2.07  7.69  5.42  89 1011.2  28.1  28.2  25.4 99.0 99.00
2026 05 08 02 50  67  9.9 12.6 99.00 99.00 99.00 999 1011.4  28.1  28.2  25.3 99.0 99.00
2026 05 08 03 00  68  9.3 11.3 99.00 99.00 99.00 999 1011.4  28.1  28.2  25.4 99.0 99.00
2026 05 08 03 10  68  8.2  9.9  2.14  7.69  5.54  87 1011.6  28.1  28.2  25.7 99.0 99.00
2026 05 08 03 20  64  9.4 11.9 99.00 99.00 99.00 999 1011.6  28.0  28.2  25.6 99.0 99.00
2026 05 08 03 30  66  9.0 11.0 99.00 99.00 99.00 999 1011.6  28.0  28.2  25.6 99.0 99.00
2026 05 08 03 40  66  8.6 10.3  2.23  8.33  5.63  90 1011.7  28.0  28.2  25.5 99.0 99.00
2026 05 08 03 50  67  8.8 11.4 99.00 99.00 99.00 999 1011.5  28.0 999.0  25.7 99.0 99.00
2026 05 08 04 00  66  9.1 10.9 99.00 99.00 99.00 999 1011.5  28.0  28.2  25.6 99.0 99.00
2026 05 08 04 10  65  9.6 11.6  2.05  8.33  5.48  95 1011.4  28.0  28.2  25.6 99.0 99.00
2026 05 08 04 20  65  9.4 11.6 99.00 99.00 99.00 999 1011.4  27.9  28.2  25.6 99.0 99.00
2026 05 08 04 30  65  9.9 11.6 99.00 99.00 99.00 999 1011.2  27.9  28.2  25.5 99.0 99.00
2026 05 08 04 40  71 10.2 12.0  2.09  8.33  5.53  88 1011.2  27.9  28.2  25.2 99.0 99.00
2026 05 08 04 50  70  9.9 12.3 99.00 99.00 99.00 999 1011.1  27.9  28.2  25.2 99.0 99.00
2026 05 08 05 00  74  9.5 11.3 99.00 99.00 99.00 999 1010.9  27.9  28.2  25.2 99.0 99.00
2026 05 08 05 10  66  8.6 10.4  2.02  8.33  5.31  83 1010.8  27.9  28.2  25.7 99.0 99.00
2026 05 08 05 20  62  8.8 11.3 99.00 99.00 99.00 999 1010.7  27.9  28.2  25.9 99.0 99.00
2026 05 08 05 30  65  9.9 12.0 99.00 99.00 99.00 999 1010.7  27.8  28.2  25.6 99.0 99.00
2026 05 08 05 40  67 10.3 12.2  2.20  7.69  5.45  93 1010.6  27.8  28.2  25.2 99.0 99.00
2026 05 08 05 50  66  9.6 11.7 99.00 99.00 99.00 999 1010.5  27.9  28.2  25.3 99.0 99.00
2026 05 08 06 00  68  9.7 11.8 99.00 99.00 99.00 999 1010.3  27.9  28.2  25.4 99.0 99.00
2026 05 08 06 10  70  9.5 11.6  2.13  8.33  5.43  94 1010.3  27.9  28.2  25.6 99.0 99.00
2026 05 08 06 20  69  9.4 11.6 99.00 99.00 99.00 999 1010.3  27.8  28.2  25.4 99.0 99.00
2026 05 08 06 30  70  9.4 11.0 99.00 99.00 99.00 999 1010.3  27.8  28.2  25.3 99.0 99.00
2026 05 08 06 40  66  9.3 11.8  2.02  8.33  5.48  85 1010.3  27.9  28.2  25.5 99.0 99.00
2026 05 08 06 50  68  9.9 11.9 99.00 99.00 99.00 999 1010.1  27.9  28.1  25.5 99.0 99.00
2026 05 08 07 00  73 10.0 12.1 99.00 99.00 99.00 999 1010.1  27.9  28.2  25.3 99.0 99.00
2026 05 08 07 10  72  9.6 11.4  1.95  7.69  5.11  93 1010.1  27.9  28.1  25.3 99.0 99.00
2026 05 08 07 20  70  9.3 11.5 99.00 99.00 99.00 999 1010.0  27.9  28.1  25.5 99.0 99.00
2026 05 08 07 30  72 10.0 12.1 99.00 99.00 99.00 999 1010.0  27.8  28.1  25.2 99.0 99.00
2026 05 08 07 40  75  9.3 10.9  2.12  7.69  5.49  92 1009.9  27.8  28.1  25.2 99.0 99.00
2026 05 08 07 50  77  9.7 11.6 99.00 99.00 99.00 999 1010.0  27.9  28.1  25.2 99.0 99.00
2026 05 08 08 00  79  9.9 12.1 99.00 99.00 99.00 999 1009.9  27.8  28.2  25.2 99.0 99.00
2026 05 08 08 10  80  9.8 12.2  2.01  7.69  5.37  97 1009.9  27.8  28.1  25.1 99.0 99.00
2026 05 08 08 20  77  9.5 11.4 99.00 99.00 99.00 999 1009.9  27.8  28.2  25.1 99.0 99.00
2026 05 08 08 30  74  9.6 11.5 99.00 99.00 99.00 999 1009.8  27.9  28.1  25.2 99.0 99.00
2026 05 08 08 40  77  9.6 11.5  1.98  8.33  5.36  95 1009.7  27.8  28.1  25.2 99.0 99.00
2026 05 08 08 50  74  9.4 10.9 99.00 99.00 99.00 999 1009.8  27.8  28.1  25.3 99.0 99.00
2026 05 08 09 00  77  9.6 12.7 99.00 99.00 99.00 999 1009.6  27.8  28.1  25.5 99.0 99.00
2026 05 08 09 10  83 10.5 12.7  2.06  8.33  5.39  94 1009.7  27.8  28.1  25.3 99.0 99.00
2026 05 08 09 20  81 10.6 12.5 99.00 99.00 99.00 999 1009.6  27.8  28.1  25.2 99.0 99.00
2026 05 08 09 30  82 10.6 12.8 99.00 99.00 99.00 999 1009.7  27.9  28.1  24.8 99.0 99.00
2026 05 08 09 40  81  9.5 11.3  2.03  8.33  5.39  92 1009.8  28.1  28.1  24.9 99.0 99.00
2026 05 08 09 50  82  9.4 11.4 99.00 99.00 99.00 999 1010.0  27.9  28.1  24.9 99.0 99.00
2026 05 08 10 00  83  8.9 10.7 99.00 99.00 99.00 999 1010.0  27.9  28.1  25.3 99.0 99.00
2026 05 08 10 10  84  9.8 11.5  1.94  7.69  5.36  95 1010.1  27.8  28.1  25.2 99.0 99.00
2026 05 08 10 20  82  9.9 12.2 99.00 99.00 99.00 999 1010.1  27.9  28.1  25.1 99.0 99.00
2026 05 08 10 30  85  9.5 11.8 99.00 99.00 99.00 999 1010.1  28.0  28.1  25.1 99.0 99.00
2026 05 08 10 40  90  9.3 11.1  2.12  7.69  5.45  95 1010.3  28.0  28.1  25.2 99.0 99.00
2026 05 08 10 50  88  9.2 11.1 99.00 99.00 99.00 999 1010.4  27.9  28.1  25.1 99.0 99.00
2026 05 08 11 00  89  8.8 10.9 99.00 99.00 99.00 999 1010.5  27.9  28.1  25.3 99.0 99.00
2026 05 08 11 10  87  9.5 11.5  2.10  7.69  5.42  87 1010.6  27.9  28.1  25.4 99.0 99.00
2026 05 08 11 20  80  9.9 12.0 99.00 99.00 99.00 999 1010.7  27.9  28.1  25.4 99.0 99.00
2026 05 08 11 30  79  9.6 11.5 99.00 99.00 99.00 999 1010.8  27.9  28.1  25.3 99.0 99.00
2026 05 08 11 40  83 10.0 11.6  2.10  7.69  5.32  88 1010.9  27.9  28.1  25.1 99.0 99.00
2026 05 08 11 50  82  9.5 11.2 99.00 99.00 99.00 999 1011.0  28.0  28.1  25.3 99.0 99.00
2026 05 08 12 00  86  8.9 10.3 99.00 99.00 99.00 999 1011.2  27.9  28.1  25.3 99.0 99.00
2026 05 08 12 10  85  8.1 10.0  2.11  8.33  5.53  98 1011.2  28.0  28.1  25.6 99.0 99.00
2026 05 08 12 20  84  8.3  9.7 99.00 99.00 99.00 999 1011.3  27.9  28.1  25.4 99.0 99.00
2026 05 08 12 30  80  8.0  9.4 99.00 99.00 99.00 999 1011.4  28.0  28.1  25.5 99.0 99.00
2026 05 08 12 40  77  9.4 11.4  2.17  7.69  5.53 101 1011.4  27.9  28.1  25.2 99.0 99.00
2026 05 08 12 50  82  9.4 11.2 99.00 99.00 99.00 999 1011.4  27.9  28.1  25.3 99.0 99.00
2026 05 08 13 00  83  9.6 12.1 99.00 99.00 99.00 999 1011.5  27.9  28.1  25.2 99.0 99.00
2026 05 08 13 10  78  9.2 11.1  2.03  8.33  5.41 106 1011.6  28.0  28.1  25.4 99.0 99.00
2026 05 08 13 20  76  9.8 11.9 99.00 99.00 99.00 999 1011.6  28.0  28.1  25.3 99.0 99.00
2026 05 08 13 30  75  9.6 11.6 99.00 99.00 99.00 999 1011.6  28.0  28.1  25.4 99.0 99.00
2026 05 08 13 40  77  9.9 11.8  2.06  8.33  5.40  99 1011.7  27.9  28.1  25.4 99.0 99.00
2026 05 08 13 50  85 10.0 12.5 99.00 99.00 99.00 999 1011.7  28.0  28.2  25.0 99.0 99.00
2026 05 08 14 00  85  9.6 12.1 99.00 99.00 99.00 999 1011.7  28.0  28.2  25.1 99.0 99.00
2026 05 08 14 10  84  9.7 11.7  2.19  8.33  5.45  96 1011.7  28.0  28.2  24.9 99.0 99.00
2026 05 08 14 20  85  9.9 12.1 99.00 99.00 99.00 999 1011.5  28.1  28.1  24.9 99.0 99.00
2026 05 08 14 30  84 10.3 12.8 99.00 99.00 99.00 999 1011.5  28.0  28.2  24.8 99.0 99.00
2026 05 08 14 40  86  9.7 11.7  2.16  7.69  5.54  92 1011.5  28.0  28.2  24.9 99.0 99.00
2026 05 08 14 50  88  9.6 12.0 99.00 99.00 99.00 999 1011.4  28.0  28.2  24.8 99.0 99.00
2026 05 08 15 00  87  8.9 10.4 99.00 99.00 99.00 999 1011.5  28.0  28.2  24.9 99.0 99.00
2026 05 08 15 10  88  9.0 11.0  2.08  8.33  5.41  92 1011.6  28.0  28.2  24.9 99.0 99.00
2026 05 08 15 20  83  8.8 10.2 99.00 99.00 99.00 999 1011.5  28.0  28.2  25.0 99.0 99.00
2026 05 08 15 30  85  9.0 11.0 99.00 99.00 99.00 999 1011.5  28.0  28.2  24.9 99.0 99.00
2026 05 08 15 40  83  8.7 10.1  2.15  8.33  5.54 100 1011.4  28.0  28.2  25.1 99.0 99.00
2026 05 08 15 50  80  8.7 10.4 99.00 99.00 99.00 999 1011.4  28.0  28.2  25.3 99.0 99.00
2026 05 08 16 00  81  9.1 11.3 99.00 99.00 99.00 999 1011.3  27.9  28.2  25.0 99.0 99.00
2026 05 08 16 10  82  9.5 11.2  1.99  8.33  5.44  94 1011.2  27.9  28.2  24.8 99.0 99.00
2026 05 08 16 20  82  9.0 11.2 99.00 99.00 99.00 999 1011.1  28.0  28.2  24.9 99.0 99.00
2026 05 08 16 30  80  9.0 10.3 99.00 99.00 99.00 999 1011.0  28.0  28.2  25.0 99.0 99.00
2026 05 08 16 40  83  9.7 11.8  1.98  7.69  5.45  96 1010.8  28.0  28.2  24.8 99.0 99.00
2026 05 08 16 50  80  9.4 11.0 99.00 99.00 99.00 999 1010.8  28.0  28.2  24.8 99.0 99.00
2026 05 08 17 00  80  9.5 11.3 99.00 99.00 99.00 999 1010.8  28.0  28.2  24.8 99.0 99.00
2026 05 08 17 10  81  9.3 10.5  1.97  7.69  5.33  88 1010.7  28.0  28.2  24.8 99.0 99.00
2026 05 08 17 20  82  9.2 11.3 99.00 99.00 99.00 999 1010.7  28.0  28.2  24.8 99.0 99.00
2026 05 08 17 30  78  9.2 11.0 99.00 99.00 99.00 999 1010.6  28.0  28.2  24.9 99.0 99.00
2026 05 08 17 40  78  8.6 10.6  1.95  8.33  5.30  95 1010.4  28.0  28.2  25.1 99.0 99.00
2026 05 08 17 50  78  9.4 11.8 99.00 99.00 99.00 999 1010.3  28.0  28.2  25.0 99.0 99.00
2026 05 08 18 00  81  9.2 11.2 99.00 99.00 99.00 999 1010.3  28.1  28.2  24.9 99.0 99.00
2026 05 08 18 10  80  9.3 11.1  2.01  8.33  5.40 102 1010.3  28.0  28.3  24.8 99.0 99.00
2026 05 08 18 20  79  8.5 10.8 99.00 99.00 99.00 999 1010.2  28.1  28.3  25.3 99.0 99.00
2026 05 08 18 30  74  9.0 11.1 99.00 99.00 99.00 999 1010.0  28.0  28.3  25.2 99.0 99.00
2026 05 08 18 40  77  9.2 10.7  2.00  7.14  5.36  97 1009.9  28.0  28.3  25.0 99.0 99.00
2026 05 08 18 50  75  8.9 10.8 99.00 99.00 99.00 999 1009.8  28.0  28.3  25.1 99.0 99.00
2026 05 08 19 00  75  9.1 11.1 99.00 99.00 99.00 999 1009.7  28.0  28.3  24.9 99.0 99.00
2026 05 08 19 10  73  8.5 10.2  1.92  7.69  5.28 100 1009.6  28.0  28.3  25.2 99.0 99.00
2026 05 08 19 20  71  9.3 11.1 99.00 99.00 99.00 999 1009.5  28.0  28.3  25.0 99.0 99.00
2026 05 08 19 30  74  8.9 10.8 99.00 99.00 99.00 999 1009.3  28.0  28.3  25.0 99.0 99.00
2026 05 08 19 40  69  9.2 10.6  2.07  8.33  5.53  92 1009.2  28.0  28.3  25.0 99.0 99.00
2026 05 08 19 50  70  9.1 10.5 99.00 99.00 99.00 999 1009.1  28.0  28.3  24.9 99.0 99.00
2026 05 08 20 00  70  8.8 10.8 99.00 99.00 99.00 999 1009.0  28.0  28.3  25.1 99.0 99.00
2026 05 08 20 10  70  9.3 11.4  1.96  7.69  5.22  98 1009.0  28.0  28.3  25.0 99.0 99.00
2026 05 08 20 20  72  9.2 11.1 99.00 99.00 99.00 999 1009.0  28.0  28.3  25.0 99.0 99.00
2026 05 08 20 30  76  9.4 11.3 99.00 99.00 99.00 999 1008.9  28.0  28.3  25.0 99.0 99.00
2026 05 08 20 40  71  9.5 11.7  2.11  8.33  5.41  98 1009.0  28.1  28.3  24.9 99.0 99.00
2026 05 08 20 50  69  9.0 10.7 99.00 99.00 99.00 999 1008.9  28.1  28.3  25.1 99.0 99.00
2026 05 08 21 00  70  9.5 11.2 99.00 99.00 99.00 999 1008.8  28.0  28.3  24.8 99.0 99.00
2026 05 08 21 10  74  9.2 11.1  1.99  7.69  5.36  89 1008.9  28.1  28.3  24.9 99.0 99.00
2026 05 08 21 20  70  9.0 10.7 99.00 99.00 99.00 999 1008.8  28.1  28.3  25.1 99.0 99.00
2026 05 08 21 30  67  9.0 10.7 99.00 99.00 99.00 999 1008.7  28.0  28.3  25.1 99.0 99.00
2026 05 08 21 40  69  9.2 10.9  1.91  7.69  5.26  98 1008.9  28.0  28.3  25.0 99.0 99.00
2026 05 08 21 50  65  9.0 10.5 99.00 99.00 99.00 999 1009.0  28.0  28.3  25.1 99.0 99.00
2026 05 08 22 00  64  9.8 12.3 99.00 99.00 99.00 999 1009.0  28.0  28.3  24.9 99.0 99.00
2026 05 08 22 10  69  9.8 12.1  1.94  7.69  5.21  97 1009.1  28.1  28.3  24.7 99.0 99.00
2026 05 08 22 20  65  9.3 11.4 99.00 99.00 99.00 999 1009.2  28.1  28.3  24.9 99.0 99.00
2026 05 08 22 30  66 10.5 12.6 99.00 99.00 99.00 999 1009.3  28.0  28.3  24.4 99.0 99.00
2026 05 08 22 40  68  9.4 11.6  2.02  7.69  5.38  98 1009.4  28.1  28.3  24.7 99.0 99.00
2026 05 08 22 50  65  9.9 11.5 99.00 99.00 99.00 999 1009.3  28.0  28.2  24.6 99.0 99.00
2026 05 08 23 00  64  9.9 11.4 99.00 99.00 99.00 999 1009.2  28.0  28.2  24.7 99.0 99.00
2026 05 08 23 10  63  9.6 11.4  1.97  7.69  5.39  92 1009.2  28.0  28.2  24.9 99.0 99.00
2026 05 08 23 20  64  9.5 11.7 99.00 99.00 99.00 999 1009.3  28.0  28.2  24.9 99.0 99.00
2026 05 08 23 30  67  9.5 11.3 99.00 99.00 99.00 999 1009.4  28.0 999.0  24.8 99.0 99.00
2026 05 08 23 40  66  9.7 11.8  1.90  8.33  5.10  93 1009.6  28.0  28.2  24.9 99.0 99.00
2026 05 08 23 50  68 10.1 12.0 99.00 99.00 99.00 999 1009.6  28.0  28.2  24.6 99.0 99.00
2026 05 09 00 00  70 10.0 11.9 99.00 99.00 99.00 999 1009.7  28.0  28.2  24.6 99.0 99.00
2026 05 09 00 10  70 10.4 12.1  2.02  8.33  5.16  94 1009.8  28.0  28.2  24.5 99.0 99.00
2026 05 09 00 20  69  9.5 12.3 99.00 99.00 99.00 999 1009.9  28.0  28.2  24.7 99.0 99.00
2026 05 09 00 30  66  9.8 11.7 99.00 99.00 99.00 999 1010.0  27.9  28.2  24.7 99.0 99.00
2026 05 09 00 40  69  9.9 11.9  1.99  8.33  5.31  96 1010.1  27.9  28.2  24.7 99.0 99.00
2026 05 09 00 50  69  9.7 11.6 99.00 99.00 99.00 999 1010.3  27.9 999.0  24.7 99.0 99.00
2026 05 09 01 00  72  9.9 11.8 99.00 99.00 99.00 999 1010.4  27.9  28.2  24.5 99.0 99.00
2026 05 09 01 10  75  9.5 11.7  1.90  7.69  5.27  94 1010.4  27.9  28.2  24.6 99.0 99.00
2026 05 09 01 20  75 10.0 11.8 99.00 99.00 99.00 999 1010.4  27.9  28.2  24.4 99.0 99.00
2026 05 09 01 30  74  9.8 11.7 99.00 99.00 99.00 999 1010.5  28.0  28.2  24.5 99.0 99.00
2026 05 09 01 40  73  9.6 11.4  2.10  7.69  5.35  95 1010.6  27.9  28.2  24.8 99.0 99.00
2026 05 09 01 50  74  9.7 11.4 99.00 99.00 99.00 999 1010.6  27.9  28.2  24.8 99.0 99.00
2026 05 09 02 00  75  9.6 11.5 99.00 99.00 99.00 999 1010.7  27.9  28.2  24.8 99.0 99.00
2026 05 09 02 10  78 10.1 12.4  1.90  7.69  5.07 100 1010.6  27.9  28.2  24.6 99.0 99.00
2026 05 09 02 20  75 10.2 11.5 99.00 99.00 99.00 999 1010.6  27.9  28.2  24.7 99.0 99.00
2026 05 09 02 30  73  9.8 12.3 99.00 99.00 99.00 999 1010.7  27.9  28.2  24.9 99.0 99.00
2026 05 09 02 40  74 10.1 11.9  1.95  7.69  5.29 101 1010.7  27.9  28.2  24.7 99.0 99.00
2026 05 09 02 50  72 10.1 12.3 99.00 99.00 99.00 999 1010.7  27.8  28.2  24.9 99.0 99.00
2026 05 09 03 00  73 10.4 12.6 99.00 99.00 99.00 999 1010.6  27.8  28.2  24.7 99.0 99.00
2026 05 09 03 10  71 10.0 12.3  1.92  7.69  5.11  90 1010.7  27.8  28.2  24.9 99.0 99.00
2026 05 09 03 20  71  9.8 11.9 99.00 99.00 99.00 999 1010.6  27.8  28.2  25.1 99.0 99.00
2026 05 09 03 30  71 10.1 12.6 99.00 99.00 99.00 999 1010.6  27.8  28.2  25.0 99.0 99.00
2026 05 09 03 40  70 10.2 12.1  1.96  8.33  5.22 100 1010.5  27.8  28.2  25.1 99.0 99.00
2026 05 09 03 50  72 10.6 13.2 99.00 99.00 99.00 999 1010.6  27.8  28.2  24.8 99.0 99.00
2026 05 09 04 00  70 10.3 12.8 99.00 99.00 99.00 999 1010.5  27.7  28.2  25.1 99.0 99.00
2026 05 09 04 10  71 10.3 12.2  1.99  7.69  5.20  98 1010.4  27.7  28.2  24.9 99.0 99.00
2026 05 09 04 20  71 10.8 12.7 99.00 99.00 99.00 999 1010.4  27.7  28.2  24.5 99.0 99.00
2026 05 09 04 30  74 10.3 12.4 99.00 99.00 99.00 999 1010.3  27.7 999.0  24.5 99.0 99.00
2026 05 09 04 40  74 10.4 12.8  1.91  6.67  5.12  96 1010.2  27.7  28.2  24.4 99.0 99.00
2026 05 09 04 50  75 10.3 12.7 99.00 99.00 99.00 999 1010.1  27.7  28.2  24.4 99.0 99.00
2026 05 09 05 00  75 10.6 12.7 99.00 99.00 99.00 999 1010.0  27.7  28.2  24.2 99.0 99.00
2026 05 09 05 10  79 10.6 12.8  2.09  7.69  5.31  96 1010.0  27.7  28.2  24.3 99.0 99.00
2026 05 09 05 20  75  9.8 12.4 99.00 99.00 99.00 999 1009.8  27.7  28.2  24.8 99.0 99.00
2026 05 09 05 30  75 10.7 13.1 99.00 99.00 99.00 999 1009.7  27.5  28.2  24.3 99.0 99.00
2026 05 09 05 40  75 10.6 13.0  2.14  7.69  5.20  91 1009.5  27.7  28.2  24.2 99.0 99.00
2026 05 09 05 50  72 10.1 12.5 99.00 99.00 99.00 999 1009.4  27.6  28.2  24.5 99.0 99.00
2026 05 09 06 00  72 10.3 12.4 99.00 99.00 99.00 999 1009.2  27.6  28.2  24.7 99.0 99.00
2026 05 09 06 10  70 11.1 12.7  2.07  8.33  5.34  95 1009.2  27.5  28.1  24.4 99.0 99.00
2026 05 09 06 20  71 10.7 13.1 99.00 99.00 99.00 999 1009.1  27.6  28.2  24.6 99.0 99.00
2026 05 09 06 30  69 10.6 12.5 99.00 99.00 99.00 999 1009.0  27.5  28.1  24.5 99.0 99.00
2026 05 09 06 40  69 10.6 12.9  2.12  8.33  5.30  98 1008.9  27.5  28.2  24.5 99.0 99.00
2026 05 09 06 50  69 11.3 13.1 99.00 99.00 99.00 999 1008.7  27.5  28.1  24.4 99.0 99.00
2026 05 09 07 00  74 10.1 12.3 99.00 99.00 99.00 999 1008.8  27.6  28.2  24.7 99.0 99.00
2026 05 09 07 10  75 10.4 12.8  2.12  7.14  5.18 104 1008.9  27.5  28.2  24.5 99.0 99.00
2026 05 09 07 20  75 10.6 12.7 99.00 99.00 99.00 999 1008.7  27.5  28.2  24.3 99.0 99.00
2026 05 09 07 30  77 10.3 12.6 99.00 99.00 99.00 999 1008.7  27.6  28.1  24.5 99.0 99.00
2026 05 09 07 40  75 10.4 12.3  2.16  7.69  5.34  95 1008.6  27.5  28.1  24.6 99.0 99.00
2026 05 09 07 50  74 10.8 12.8 99.00 99.00 99.00 999 1008.5  27.5  28.2  24.6 99.0 99.00
2026 05 09 08 00  73 10.1 12.6 99.00 99.00 99.00 999 1008.5  27.5  28.1  24.6 99.0 99.00
2026 05 09 08 10  72 11.0 13.9  2.13  7.69  5.27  90 1008.4  27.4  28.1  24.2 99.0 99.00
2026 05 09 08 20  76 10.7 13.0 99.00 99.00 99.00 999 1008.4  27.5  28.1  24.3 99.0 99.00
2026 05 09 08 30  73 10.8 12.6 99.00 99.00 99.00 999 1008.4  27.4  28.1  24.2 99.0 99.00
2026 05 09 08 40  74 10.6 13.4  2.36  7.69  5.50  93 1008.5  27.5  28.1  24.3 99.0 99.00
2026 05 09 08 50  77 11.3 13.2 99.00 99.00 99.00 999 1008.6  27.4  28.1  24.0 99.0 99.00
2026 05 09 09 00  78 10.7 12.4 99.00 99.00 99.00 999 1008.6  27.5  28.1  24.3 99.0 99.00
2026 05 09 09 10  79 11.4 13.9  2.22  7.69  5.47  98 1008.7  27.5  28.1  24.1 99.0 99.00
2026 05 09 09 20  79 10.7 13.0 99.00 99.00 99.00 999 1008.7  27.5  28.1  24.1 99.0 99.00
2026 05 09 09 30  79 11.3 13.2 99.00 99.00 99.00 999 1008.9  27.5  28.1  24.1 99.0 99.00
2026 05 09 09 40  78 11.2 13.3  2.31  7.69  5.41  97 1009.0  27.5  28.1  23.9 99.0 99.00
2026 05 09 09 50  80 11.7 14.0 99.00 99.00 99.00 999 1008.8  27.6  28.1  23.9 99.0 99.00
2026 05 09 10 00  82 11.7 14.4 99.00 99.00 99.00 999 1008.9  27.6  28.1  23.9 99.0 99.00
2026 05 09 10 10  87 10.9 13.2  2.21  7.69  5.34 102 1009.0  27.6  28.1  24.1 99.0 99.00
2026 05 09 10 20  81 11.0 13.4 99.00 99.00 99.00 999 1009.1  27.6  28.1  24.1 99.0 99.00
2026 05 09 10 30  87 11.3 13.5 99.00 99.00 99.00 999 1009.1  27.5  28.1  23.8 99.0 99.00
2026 05 09 10 40  87 11.6 13.7  2.24  7.69  5.40  95 1009.2  27.6  28.1  24.0 99.0 99.00
2026 05 09 10 50  88 11.7 13.8 99.00 99.00 99.00 999 1009.3  27.5  28.1  23.8 99.0 99.00
2026 05 09 11 00  87 11.6 13.8 99.00 99.00 99.00 999 1009.4  27.6  28.1  23.6 99.0 99.00
2026 05 09 11 10  85 11.6 14.0  2.31  7.14  5.49  93 1009.6  27.6  28.1  23.8 99.0 99.00
2026 05 09 11 20  89 10.4 12.8 99.00 99.00 99.00 999 1009.7  27.6  28.1  24.4 99.0 99.00
2026 05 09 11 30  84 11.2 13.6 99.00 99.00 99.00 999 1009.8  27.6  28.1  24.1 99.0 99.00
2026 05 09 11 40  85 11.2 14.0  2.55  7.69  5.62  97 1009.8  27.6  28.1  23.9 99.0 99.00
2026 05 09 11 50  87 10.8 13.4 99.00 99.00 99.00 999 1010.0  27.7  28.1  24.1 99.0 99.00
2026 05 09 12 00  88 11.0 13.2 99.00 99.00 99.00 999 1010.2  27.7  28.1  24.0 99.0 99.00
2026 05 09 12 10  85 11.4 13.9  2.44  7.69  5.52  94 1010.2  27.7  28.1  23.7 99.0 99.00
2026 05 09 12 20  85 11.6 14.2 99.00 99.00 99.00 999 1010.2  27.7  28.1  23.9 99.0 99.00
2026 05 09 12 30  81 11.7 13.9 99.00 99.00 99.00 999 1010.2  27.7  28.1  23.9 99.0 99.00
2026 05 09 12 40  83 11.7 14.5  2.58  7.69  5.63 101 1010.3  27.7  28.1  23.8 99.0 99.00
2026 05 09 12 50  84 11.3 13.4 99.00 99.00 99.00 999 1010.4  27.8  28.1  23.9 99.0 99.00
2026 05 09 13 00  84 10.7 13.2 99.00 99.00 99.00 999 1010.6  27.7  28.1  24.3 99.0 99.00
2026 05 09 13 10  81 11.1 13.3  2.36  7.69  5.52  97 1010.9  27.7  28.1  24.2 99.0 99.00
2026 05 09 13 20  78 10.7 12.8 99.00 99.00 99.00 999 1011.1  27.7  28.1  24.2 99.0 99.00
2026 05 09 13 30  79 10.9 13.1 99.00 99.00 99.00 999 1011.1  27.8  28.1  24.0 99.0 99.00
2026 05 09 13 40  82 10.8 13.8  2.71  7.69  5.80  88 1011.0  27.8  28.1  23.9 99.0 99.00
2026 05 09 13 50  82 10.8 13.0 99.00 99.00 99.00 999 1011.0  27.8  28.1  24.1 99.0 99.00
2026 05 09 14 00  81 10.8 13.0 99.00 99.00 99.00 999 1010.9  27.8  28.1  24.2 99.0 99.00
2026 05 09 14 10  81 11.3 13.5  2.69  7.69  5.84  97 1010.8  27.8  28.1  23.9 99.0 99.00
2026 05 09 14 20  82 10.9 13.1 99.00 99.00 99.00 999 1010.8  27.8  28.1  23.9 99.0 99.00
2026 05 09 14 30  83 11.1 13.4 99.00 99.00 99.00 999 1010.9  27.8  28.1  23.8 99.0 99.00
2026 05 09 14 40  83 10.6 12.7  2.60  7.69  5.83  97 1010.9  27.8  28.1  24.1 99.0 99.00
2026 05 09 14 50  84 10.3 12.5 99.00 99.00 99.00 999 1010.9  27.8  28.2  24.4 99.0 99.00
2026 05 09 15 00  82 10.7 12.4 99.00 99.00 99.00 999 1010.7  27.8  28.2  24.1 99.0 99.00
2026 05 09 15 10  82 10.3 12.7  2.37  8.33  5.57  98 1010.7  27.8  28.2  24.3 99.0 99.00
2026 05 09 15 20  84 10.9 12.8 99.00 99.00 99.00 999 1010.7  27.8  28.2  24.2 99.0 99.00
2026 05 09 15 30  82 10.8 12.9 99.00 99.00 99.00 999 1010.7  27.8  28.2  24.3 99.0 99.00
2026 05 09 15 40  81 10.2 12.1  2.32  7.69  5.64  95 1010.7  27.8  28.2  24.5 99.0 99.00
2026 05 09 15 50  83 10.8 13.4 99.00 99.00 99.00 999 1010.6  27.8  28.2  24.4 99.0 99.00
2026 05 09 16 00  84 10.9 13.2 99.00 99.00 99.00 999 1010.5  27.9  28.2  24.6 99.0 99.00
2026 05 09 16 10  85 10.5 13.2  2.52  8.33  5.67 102 1010.5  27.9  28.2  24.6 99.0 99.00
2026 05 09 16 20  83 10.7 13.4 99.00 99.00 99.00 999 1010.3  27.8  28.2  24.5 99.0 99.00
2026 05 09 16 30  87 10.5 12.5 99.00 99.00 99.00 999 1010.1  27.9  28.2  24.6 99.0 99.00
2026 05 09 16 40  87 10.8 12.7  2.39  8.33  5.72  95 1010.1  27.8  28.2  24.6 99.0 99.00
2026 05 09 16 50  91 10.2 12.3 99.00 99.00 99.00 999 1010.1  27.9  28.2  24.9 99.0 99.00
2026 05 09 17 00  90 10.7 13.1 99.00 99.00 99.00 999 1009.8  27.8  28.2  24.8 99.0 99.00
2026 05 09 17 10  88 10.9 12.6  2.58  7.69  5.85  94 1009.8  27.9  28.2  24.7 99.0 99.00
2026 05 09 17 20  87 10.9 13.0 99.00 99.00 99.00 999 1009.8  27.9  28.2  24.8 99.0 99.00
2026 05 09 17 30  86 11.6 14.0 99.00 99.00 99.00 999 1009.7  27.9  28.2  24.5 99.0 99.00
2026 05 09 17 40  83 11.5 14.2  2.40  7.69  5.44 102 1009.6  27.9  28.2  23.9 99.0 99.00
2026 05 09 17 50  83 10.9 13.1 99.00 99.00 99.00 999 1009.5  27.9  28.2  23.8 99.0 99.00
2026 05 09 18 00  81 10.8 12.8 99.00 99.00 99.00 999 1009.4  27.9  28.2  23.8 99.0 99.00
2026 05 09 18 10  81 11.1 13.5  2.44  7.69  5.61  95 1009.2  27.9  28.2  23.8 99.0 99.00
2026 05 09 18 20  81 10.7 12.8 99.00 99.00 99.00 999 1009.0  27.9  28.2  24.0 99.0 99.00
2026 05 09 18 30  80 10.1 13.0 99.00 99.00 99.00 999 1009.0  27.9  28.2  24.2 99.0 99.00
2026 05 09 18 40  78 10.2 12.1  2.63  8.33  5.84  97 1008.9  27.8  28.2  24.2 99.0 99.00
2026 05 09 18 50  75 10.1 12.0 99.00 99.00 99.00 999 1008.7  27.8  28.2  24.3 99.0 99.00
2026 05 09 19 00  75 10.3 12.7 99.00 99.00 99.00 999 1008.6  27.8  28.2  24.5 99.0 99.00
2026 05 09 19 10  74 11.0 13.4  2.77  8.33  6.11  97 1008.5  27.8  28.2  24.6 99.0 99.00
2026 05 09 19 20  78 11.3 14.2 99.00 99.00 99.00 999 1008.3  27.7  28.2  24.1 99.0 99.00
2026 05 09 19 30  85 11.2 14.0 99.00 99.00 99.00 999 1008.3  28.0  28.2  23.4 99.0 99.00
2026 05 09 19 40  81 10.3 12.9  2.33  7.69  5.54  95 1008.2  28.0  28.2  23.9 99.0 99.00
2026 05 09 19 50  80 11.0 13.1 99.00 99.00 99.00 999 1008.2  27.9  28.2  23.3 99.0 99.00
2026 05 09 20 00  76 10.4 12.4 99.00 99.00 99.00 999 1008.2  27.9  28.2  23.7 99.0 99.00
2026 05 09 20 10  74 10.9 13.6  2.85  8.33  6.00 103 1008.2  27.9  28.2  23.6 99.0 99.00
2026 05 09 20 20  76 10.7 13.4 99.00 99.00 99.00 999 1008.0  27.9  28.2  23.7 99.0 99.00
2026 05 09 20 30  77 11.1 13.3 99.00 99.00 99.00 999 1007.9  27.9  28.2  23.4 99.0 99.00
2026 05 09 20 40  74 11.3 13.3  2.56  8.33  5.86  94 1008.0  27.9  28.2  23.5 99.0 99.00
2026 05 09 20 50  74 10.8 13.0 99.00 99.00 99.00 999 1007.9  28.0  28.2  23.7 99.0 99.00
2026 05 09 21 00  77 10.8 13.2 99.00 99.00 99.00 999 1008.0  28.0  28.2  23.6 99.0 99.00
2026 05 09 21 10  79 11.2 13.2  2.73  7.14  5.92  89 1007.9  28.0  28.2  23.4 99.0 99.00
2026 05 09 21 20  74 11.0 14.1 99.00 99.00 99.00 999 1007.9  27.9  28.2  23.6 99.0 99.00
2026 05 09 21 30  79 11.5 14.5 99.00 99.00 99.00 999 1007.8  28.0  28.2  23.2 99.0 99.00
2026 05 09 21 40  78 11.1 13.4  2.81  8.33  5.91  95 1007.8  27.9  28.2  23.6 99.0 99.00
2026 05 09 21 50  77 11.4 14.2 99.00 99.00 99.00 999 1007.8  28.0  28.2  23.4 99.0 99.00
2026 05 09 22 00  77 11.1 14.1 99.00 99.00 99.00 999 1007.8  28.0  28.2  23.4 99.0 99.00
2026 05 09 22 10  75 11.1 13.9  2.60  8.33  5.70  89 1007.7  27.9  28.2  23.5 99.0 99.00
2026 05 09 22 20  75 11.2 13.6 99.00 99.00 99.00 999 1007.8  28.0  28.2  23.6 99.0 99.00
2026 05 09 22 30  74 11.6 14.3 99.00 99.00 99.00 999 1007.8  27.9  28.2  23.4 99.0 99.00
2026 05 09 22 40  75 10.9 13.4  2.86  8.33  6.11 102 1008.0  27.9  28.2  23.6 99.0 99.00
2026 05 09 22 50  77 11.3 13.8 99.00 99.00 99.00 999 1008.2  27.9  28.2  23.7 99.0 99.00
2026 05 09 23 00  77 11.0 12.9 99.00 99.00 99.00 999 1008.2  27.9  28.2  23.9 99.0 99.00
2026 05 09 23 10  75 11.5 13.8  2.76  8.33  5.80  87 1008.2  27.9  28.2  23.7 99.0 99.00
2026 05 09 23 20  75 11.0 13.6 99.00 99.00 99.00 999 1008.3  27.9  28.2  23.9 99.0 99.00
2026 05 09 23 30  74 11.0 13.7 99.00 99.00 99.00 999 1008.5  27.9  28.2  24.0 99.0 99.00
2026 05 09 23 40  79 11.6 13.8  2.62  7.69  5.97  84 1008.6  27.9  28.2  23.8 99.0 99.00
2026 05 09 23 50  76 11.5 14.7 99.00 99.00 99.00 999 1008.8  28.0  28.2  23.8 99.0 99.00
2026 05 10 00 00  78 11.7 14.4 99.00 99.00 99.00 999 1009.0  28.0  28.2  23.7 99.0 99.00
2026 05 10 00 10  75 11.3 14.2  2.70  8.33  5.89  91 1009.1  28.0  28.2  24.0 99.0 99.00
2026 05 10 00 20  76 10.9 13.8 99.00 99.00 99.00 999 1009.1  27.9  28.2  24.0 99.0 99.00
2026 05 10 00 30  73 10.8 12.9 99.00 99.00 99.00 999 1009.2  27.9  28.2  24.1 99.0 99.00
2026 05 10 00 40  74 11.5 13.9  2.79  8.33  5.92  95 1009.3  27.9  28.2  23.8 99.0 99.00
2026 05 10 00 50  76 10.9 13.1 99.00 99.00 99.00 999 1009.4  28.0  28.2  24.1 99.0 99.00
2026 05 10 01 00  72 10.7 12.5 99.00 99.00 99.00 999 1009.4  27.9  28.2  24.1 99.0 99.00
2026 05 10 01 10  71 10.7 13.1  2.74  8.33  6.00  94 1009.4  27.9  28.2  24.3 99.0 99.00
2026 05 10 01 20  67 11.1 14.1 99.00 99.00 99.00 999 1009.4  27.9  28.2  24.3 99.0 99.00
2026 05 10 01 30  70 11.0 13.8 99.00 99.00 99.00 999 1009.5  27.9  28.2  24.3 99.0 99.00
2026 05 10 01 40  70 11.4 14.2  2.75  8.33  5.97  91 1009.5  27.9  28.2  24.3 99.0 99.00
2026 05 10 01 50  71 11.5 14.0 99.00 99.00 99.00 999 1009.7  27.9  28.2  24.1 99.0 99.00
2026 05 10 02 00  68 10.9 13.0 99.00 99.00 99.00 999 1009.7  27.9  28.2  24.5 99.0 99.00
2026 05 10 02 10  71 11.0 13.0  2.91  9.09  6.07  95 1009.8  27.9  28.2  24.6 99.0 99.00
2026 05 10 02 20  65 11.1 13.0 99.00 99.00 99.00 999 1009.8  27.9  28.1  24.6 99.0 99.00
2026 05 10 02 30  64 10.7 12.8 99.00 99.00 99.00 999 1009.8  27.9  28.2  24.9 99.0 99.00
2026 05 10 02 40  65 11.5 14.2  2.83  7.69  5.99  87 1009.9  27.8  28.2  24.8 99.0 99.00
2026 05 10 02 50  66 12.2 14.6 99.00 99.00 99.00 999 1010.0  27.8  28.2  24.5 99.0 99.00
2026 05 10 03 00  65 11.8 14.5 99.00 99.00 99.00 999 1009.9  27.8  28.2  24.4 99.0 99.00
2026 05 10 03 10  68 11.5 14.7  2.93  8.33  6.24  92 1010.1  27.8  28.1  24.4 99.0 99.00
2026 05 10 03 20  69 11.9 14.6 99.00 99.00 99.00 999 1010.2  27.8  28.2  24.1 99.0 99.00
2026 05 10 03 30  70 11.5 14.0 99.00 99.00 99.00 999 1010.3  27.8  28.2  24.1 99.0 99.00
2026 05 10 03 40  73 11.8 14.2  3.04  8.33  6.12  90 1010.4  27.8  28.2  23.8 99.0 99.00
2026 05 10 03 50  79 11.3 13.9 99.00 99.00 99.00 999 1010.4  27.8  28.2  23.8 99.0 99.00
2026 05 10 04 00  78 10.9 13.5 99.00 99.00 99.00 999 1010.3  27.8  28.1  24.0 99.0 99.00
2026 05 10 04 10  77 11.1 13.9  2.89  8.33  6.05  98 1010.2  27.8  28.1  23.8 99.0 99.00
2026 05 10 04 20  73 11.8 14.4 99.00 99.00 99.00 999 1010.1  27.8  28.1  23.5 99.0 99.00
2026 05 10 04 30  72 11.6 14.1 99.00 99.00 99.00 999 1010.0  27.8  28.1  23.4 99.0 99.00
2026 05 10 04 40  73 11.2 13.8  2.84  8.33  6.01  93 1009.9  27.8  28.1  23.7 99.0 99.00
2026 05 10 04 50  69 10.9 13.6 99.00 99.00 99.00 999 1009.9  27.8  28.1  23.8 99.0 99.00
2026 05 10 05 00  69 11.7 13.9 99.00 99.00 99.00 999 1009.8  27.7  28.1  23.7 99.0 99.00
2026 05 10 05 10  70 11.8 14.6  2.91  8.33  6.09  92 1009.7  27.8  28.1  23.7 99.0 99.00
2026 05 10 05 20  77 11.8 14.9 99.00 99.00 99.00 999 1009.9  27.8  28.1  23.5 99.0 99.00
2026 05 10 05 30  77 11.8 14.5 99.00 99.00 99.00 999 1009.8  27.8  28.1  23.6 99.0 99.00
2026 05 10 05 40  75 11.6 13.9  2.65  8.33  5.73  93 1009.8  27.8  28.1  23.5 99.0 99.00
2026 05 10 05 50  82 11.5 13.6 99.00 99.00 99.00 999 1009.6  27.8  28.1  23.5 99.0 99.00
2026 05 10 06 00  79 11.0 13.9 99.00 99.00 99.00 999 1009.5  27.8  28.1  23.9 99.0 99.00
2026 05 10 06 10  71 11.6 14.0  2.82  8.33  6.04  99 1009.4  27.7  28.1  23.8 99.0 99.00
2026 05 10 06 20  73 11.5 14.8 99.00 99.00 99.00 999 1009.3  27.7  28.1  23.5 99.0 99.00
2026 05 10 06 30  76 11.3 13.9 99.00 99.00 99.00 999 1009.2  27.8  28.1  23.5 99.0 99.00
2026 05 10 06 40  71 10.8 13.2  2.85  8.33  5.96  99 1009.2  27.7  28.1  23.9 99.0 99.00
2026 05 10 06 50  72 11.6 14.2 99.00 99.00 99.00 999 1009.2  27.7  28.1  23.9 99.0 99.00
2026 05 10 07 00  72 11.7 13.4 99.00 99.00 99.00 999 1009.2  27.7  28.1  23.6 99.0 99.00
2026 05 10 07 10  76 11.5 14.6  2.72  9.09  5.93  97 1009.0  27.7  28.1  23.8 99.0 99.00
2026 05 10 07 20  79 11.8 14.4 99.00 99.00 99.00 999 1009.2  27.7  28.1  23.5 99.0 99.00
2026 05 10 07 30  78 12.1 14.7 99.00 99.00 99.00 999 1009.2  27.7  28.1  23.6 99.0 99.00
2026 05 10 07 40  80 11.8 14.5  2.89  7.69  6.06  86 1009.2  27.7  28.1  23.6 99.0 99.00
2026 05 10 07 50  83 11.6 14.1 99.00 99.00 99.00 999 1009.1  27.7  28.1  23.5 99.0 99.00
2026 05 10 08 00  78 12.3 14.6 99.00 99.00 99.00 999 1009.1  27.7  28.1  23.5 99.0 99.00
2026 05 10 08 10  77 12.1 14.5  3.10  9.09  6.26  91 1009.1  27.7  28.1  23.5 99.0 99.00
2026 05 10 08 20  81 11.9 14.5 99.00 99.00 99.00 999 1009.1  27.7  28.1  23.6 99.0 99.00
2026 05 10 08 30  80 12.4 15.0 99.00 99.00 99.00 999 1009.1  27.7  28.1  23.5 99.0 99.00
2026 05 10 08 40  79 11.7 15.0  2.84  7.69  6.08  88 1009.0  27.8  28.1  23.7 99.0 99.00
2026 05 10 08 50  78 11.4 14.6 99.00 99.00 99.00 999 1009.2  27.7  28.1  23.7 99.0 99.00
2026 05 10 09 00  80 11.4 13.5 99.00 99.00 99.00 999 1009.2  27.7  28.1  23.9 99.0 99.00
2026 05 10 09 10  76 11.4 14.0  2.99  9.09  6.35  95 1009.3  27.7  28.1  24.0 99.0 99.00
2026 05 10 09 20  79 11.2 14.0 99.00 99.00 99.00 999 1009.5  27.7  28.1  24.0 99.0 99.00
2026 05 10 09 30  79 11.6 14.3 99.00 99.00 99.00 999 1009.4  27.7  28.1  23.7 99.0 99.00
2026 05 10 09 40  77 11.5 14.9  3.27  9.09  6.33  96 1009.5  27.8  28.1  24.0 99.0 99.00
2026 05 10 09 50  81 11.5 14.0 99.00 99.00 99.00 999 1009.7  27.7  28.1  23.9 99.0 99.00
2026 05 10 10 00  79 11.6 14.5 99.00 99.00 99.00 999 1009.9  27.7  28.1  24.0 99.0 99.00
2026 05 10 10 10  81 11.5 14.2  3.19  8.33  6.40  91 1010.0  27.7  28.1  23.9 99.0 99.00
2026 05 10 10 20  82 12.1 14.4 99.00 99.00 99.00 999 1010.0  27.7  28.1  23.7 99.0 99.00
2026 05 10 10 30  88 11.8 14.6 99.00 99.00 99.00 999 1010.1  27.7  28.1  23.7 99.0 99.00
2026 05 10 10 40  85 11.8 14.1  3.41  9.09  6.48  89 1010.2  27.8  28.1  23.6 99.0 99.00
2026 05 10 10 50  85 11.2 13.8 99.00 99.00 99.00 999 1010.3  27.7  28.1  24.0 99.0 99.00
2026 05 10 11 00  84 11.4 13.9 99.00 99.00 99.00 999 1010.3  27.7  28.1  24.1 99.0 99.00
2026 05 10 11 10  82 11.8 13.8  3.18  7.69  6.31  86 1010.6  27.7  28.1  24.0 99.0 99.00
2026 05 10 11 20  83 11.8 14.2 99.00 99.00 99.00 999 1010.7  27.7  28.1  23.9 99.0 99.00
2026 05 10 11 30  82 11.7 13.8 99.00 99.00 99.00 999 1010.6  27.8  28.1  24.0 99.0 99.00
2026 05 10 11 40  82 11.4 13.8  3.17  8.33  6.27  92 1010.7  27.8 999.0  24.2 99.0 99.00
2026 05 10 11 50  79 11.5 14.2 99.00 99.00 99.00 999 1010.8  27.8  28.1  24.2 99.0 99.00
2026 05 10 12 00  80 12.1 14.5 99.00 99.00 99.00 999 1010.9  27.7  28.1  24.0 99.0 99.00
2026 05 10 12 10  82 11.7 14.4  3.28  9.09  6.40  96 1011.1  27.8  28.1  24.1 99.0 99.00
2026 05 10 12 20  82 12.1 15.0 99.00 99.00 99.00 999 1011.3  27.8  28.1  23.8 99.0 99.00
2026 05 10 12 30  83 11.8 13.9 99.00 99.00 99.00 999 1011.3  27.8  28.1  23.9 99.0 99.00
2026 05 10 12 40  83 12.0 14.3  3.02  9.09  6.11  93 1011.4  27.8  28.1  23.8 99.0 99.00
2026 05 10 12 50  86 11.7 14.0 99.00 99.00 99.00 999 1011.4  27.8  28.1  23.5 99.0 99.00
2026 05 10 13 00  85 10.9 13.2 99.00 99.00 99.00 999 1011.6  27.9  28.1  23.8 99.0 99.00
2026 05 10 13 10  83 10.6 12.9  3.17  9.09  6.25  91 1011.8  27.9  28.1  23.9 99.0 99.00
2026 05 10 13 20  80 10.8 14.2 99.00 99.00 99.00 999 1011.9  27.9  28.1  24.0 99.0 99.00
2026 05 10 13 30  85 10.6 13.7 99.00 99.00 99.00 999 1011.9  27.8  28.1  24.0 99.0 99.00
2026 05 10 13 40  82 11.3 13.4  3.22  9.09  6.52  97 1012.0  27.9  28.1  23.9 99.0 99.00
2026 05 10 13 50  85 10.4 12.4 99.00 99.00 99.00 999 1012.1  27.9  28.1  24.1 99.0 99.00
2026 05 10 14 00  82 11.1 13.2 99.00 99.00 99.00 999 1012.1  27.9  28.1  24.2 99.0 99.00
2026 05 10 14 10  81 10.9 13.0  3.30  9.09  6.58  95 1012.1  27.9  28.1  24.1 99.0 99.00
2026 05 10 14 20  77 10.7 13.1 99.00 99.00 99.00 999 1012.2  27.9  28.1  24.3 99.0 99.00
2026 05 10 14 30  79 10.9 13.6 99.00 99.00 99.00 999 1012.1  27.9  28.1  24.4 99.0 99.00
2026 05 10 14 40  80 11.3 14.1  3.25  9.09  6.42  93 1012.0  27.9  28.1  24.1 99.0 99.00
2026 05 10 14 50  79 11.0 14.1 99.00 99.00 99.00 999 1012.0  28.0  28.1  24.1 99.0 99.00
2026 05 10 15 00  80 11.9 14.1 99.00 99.00 99.00 999 1012.0  28.0  28.1  23.7 99.0 99.00
2026 05 10 15 10  81 11.6 13.9  3.44  8.33  6.65  94 1012.1  28.0  28.1  24.0 99.0 99.00
2026 05 10 15 20  83 10.7 12.8 99.00 99.00 99.00 999 1012.1  27.9  28.1  24.4 99.0 99.00
2026 05 10 15 30  82 10.5 13.9 99.00 99.00 99.00 999 1012.0  27.9  28.1  24.7 99.0 99.00
2026 05 10 15 40  80 11.4 13.7  3.24  9.09  6.52  91 1011.9  27.8  28.1  24.4 99.0 99.00
2026 05 10 15 50  84 11.4 13.7 99.00 99.00 99.00 999 1011.9  27.8  28.1  24.2 99.0 99.00
2026 05 10 16 00  85 11.1 13.2 99.00 99.00 99.00 999 1012.0  27.9  28.1  24.0 99.0 99.00
2026 05 10 16 10  83 11.6 13.4  3.08  9.09  6.31  93 1012.0  27.9  28.1  23.8 99.0 99.00
2026 05 10 16 20  85 11.3 13.4 99.00 99.00 99.00 999 1011.9  28.0  28.1  23.9 99.0 99.00
2026 05 10 16 30  88 11.3 14.4 99.00 99.00 99.00 999 1011.7  28.0  28.1  24.0 99.0 99.00
2026 05 10 16 40  86 10.9 13.3  3.29  8.33  6.56  94 1011.6  28.0  28.1  24.0 99.0 99.00
2026 05 10 16 50  83 10.8 13.2 99.00 99.00 99.00 999 1011.5  27.9  28.1  24.0 99.0 99.00
2026 05 10 17 00  85 11.4 13.6 99.00 99.00 99.00 999 1011.2  28.0  28.1  23.9 99.0 99.00
2026 05 10 17 10  80 11.2 13.9  2.90  9.09  6.22  90 1010.9  28.0  28.1  24.2 99.0 99.00
2026 05 10 17 20  80 11.5 13.6 99.00 99.00 99.00 999 1010.9  27.9  28.1  24.2 99.0 99.00
2026 05 10 17 30  77 11.1 13.0 99.00 99.00 99.00 999 1010.7  27.9  28.1  24.4 99.0 99.00
2026 05 10 17 40  78 11.2 13.2  3.00  9.09  6.23  94 1010.6  27.9  28.1  24.3 99.0 99.00
2026 05 10 17 50  79 11.2 13.4 99.00 99.00 99.00 999 1010.6  28.0  28.1  24.1 99.0 99.00
2026 05 10 18 00  78 10.6 13.3 99.00 99.00 99.00 999 1010.6  28.1  28.1  24.2 99.0 99.00
2026 05 10 18 10  80 10.4 13.5  3.10  9.09  6.31  92 1010.5  28.0  28.2  24.3 99.0 99.00
2026 05 10 18 20  79 11.2 13.7 99.00 99.00 99.00 999 1010.4  28.0  28.2  24.0 99.0 99.00
2026 05 10 18 30  76 10.6 12.9 99.00 99.00 99.00 999 1010.4  28.0  28.2  24.2 99.0 99.00
2026 05 10 18 40  74 10.1 12.7  3.06  8.33  6.31  96 1010.4  28.0  28.2  24.4 99.0 99.00
2026 05 10 18 50  73 10.8 12.9 99.00 99.00 99.00 999 1010.3  27.9  28.2  24.2 99.0 99.00
2026 05 10 19 00  76 10.4 12.6 99.00 99.00 99.00 999 1010.3  28.0  28.2  24.2 99.0 99.00
2026 05 10 19 10  73 10.4 12.6  3.03  8.33  6.30  94 1010.2  28.0  28.2  24.4 99.0 99.00
2026 05 10 19 20  72 10.4 12.3 99.00 99.00 99.00 999 1010.2  28.0  28.2  24.3 99.0 99.00
2026 05 10 19 30  71 10.2 12.2 99.00 99.00 99.00 999 1010.1  28.0  28.2  24.4 99.0 99.00
2026 05 10 19 40  72 10.4 12.6  3.00  9.09  6.42  92 1010.0  28.0  28.2  24.5 99.0 99.00
2026 05 10 19 50  77 11.0 13.2 99.00 99.00 99.00 999 1010.0  28.0  28.2  24.3 99.0 99.00
2026 05 10 20 00  75 10.4 12.7 99.00 99.00 99.00 999 1009.7  28.1  28.2  24.5 99.0 99.00
2026 05 10 20 10  68 10.3 12.4  2.85  9.09  6.27  87 1009.8  27.8  28.2  24.6 99.0 99.00
2026 05 10 20 20  75  9.5 12.2 99.00 99.00 99.00 999 1009.6  27.7  28.2  24.7 99.0 99.00
2026 05 10 20 30  76  9.6 12.7 99.00 99.00 99.00 999 1009.5  27.7  28.2  24.7 99.0 99.00
2026 05 10 20 40  74 10.7 13.2  2.76  9.09  6.18  97 1009.4  27.9  28.2  24.5 99.0 99.00
2026 05 10 20 50  74 11.0 13.6 99.00 99.00 99.00 999 1009.4  27.9  28.2  24.4 99.0 99.00
2026 05 10 21 00  75 11.5 13.6 99.00 99.00 99.00 999 1009.3  28.0  28.2  24.3 99.0 99.00
2026 05 10 21 10  77 10.9 14.2  2.83  9.09  6.16  96 1009.5  28.0  28.2  24.2 99.0 99.00
2026 05 10 21 20  74 10.5 12.4 99.00 99.00 99.00 999 1009.6  28.0  28.2  24.3 99.0 99.00
2026 05 10 21 30  75 11.1 13.7 99.00 99.00 99.00 999 1009.5  27.9  28.2  24.0 99.0 99.00
2026 05 10 21 40  69 10.9 13.1  3.13  9.09  6.53  92 1009.5  28.0  28.2  24.3 99.0 99.00
2026 05 10 21 50  75 10.1 11.7 99.00 99.00 99.00 999 1009.6  27.8  28.2  24.3 99.0 99.00
2026 05 10 22 00  71 10.6 12.7 99.00 99.00 99.00 999 1009.7  28.0  28.2  24.5 99.0 99.00
2026 05 10 22 10  69 10.7 13.2  2.76  8.33  5.96  88 1009.7  28.0  28.2  24.5 99.0 99.00
2026 05 10 22 20  70 10.5 13.0 99.00 99.00 99.00 999 1009.7  28.0  28.2  24.4 99.0 99.00
2026 05 10 22 30  68 10.5 12.6 99.00 99.00 99.00 999 1009.8  28.0  28.2  24.4 99.0 99.00
2026 05 10 22 40  65  9.9 12.0  2.66  9.09  6.00  97 1009.9  28.0  28.2  24.6 99.0 99.00
2026 05 10 22 50  72 10.7 13.3 99.00 99.00 99.00 999 1009.9  28.0  28.1  24.6 99.0 99.00
2026 05 10 23 00  70 10.6 13.1 99.00 99.00 99.00 999 1009.9  28.0  28.2  24.5 99.0 99.00
2026 05 10 23 10  71 10.5 12.5  2.74  9.09  6.02  90 1010.1  28.0  28.1  24.5 99.0 99.00
2026 05 10 23 20  73 11.1 13.6 99.00 99.00 99.00 999 1010.4  28.0  28.1  24.4 99.0 99.00
2026 05 10 23 30  76 10.9 13.1 99.00 99.00 99.00 999 1010.6  28.0  28.1  24.3 99.0 99.00
2026 05 10 23 40  76 11.0 13.4  2.78  9.09  6.15  87 1010.9  28.0  28.1  24.2 99.0 99.00
2026 05 10 23 50  77  9.9 12.4 99.00 99.00 99.00 999 1010.9  28.0  28.1  24.5 99.0 99.00
2026 05 11 00 00  75 10.9 13.2 99.00 99.00 99.00 999 1010.8  28.0  28.1  24.3 99.0 99.00
2026 05 11 00 10  74 10.8 12.7  2.92  9.09  6.26  96 1010.8  28.0  28.1  24.4 99.0 99.00
2026 05 11 00 20  74 11.5 14.0 99.00 99.00 99.00 999 1010.9  28.0  28.1  24.2 99.0 99.00
2026 05 11 00 30  74 11.0 13.5 99.00 99.00 99.00 999 1010.9  28.0  28.1  24.2 99.0 99.00
2026 05 11 00 40  72 11.4 13.8  2.92  9.09  6.39  91 1010.9  28.0  28.1  24.3 99.0 99.00
2026 05 11 00 50  76 11.5 14.1 99.00 99.00 99.00 999 1010.9  28.1  28.1  24.4 99.0 99.00
2026 05 11 01 00  75 10.5 13.8 99.00 99.00 99.00 999 1011.0  28.0  28.1  24.6 99.0 99.00
2026 05 11 01 10  73 10.6 13.2  2.93  9.09  6.33  96 1011.1  28.0  28.1  24.7 99.0 99.00
2026 05 11 01 20  71 11.8 14.1 99.00 99.00 99.00 999 1011.3  28.0  28.1  24.5 99.0 99.00
2026 05 11 01 30  71 11.3 13.4 99.00 99.00 99.00 999 1011.4  28.0  28.1  24.6 99.0 99.00
2026 05 11 01 40  73 10.9 14.0  2.88  9.09  6.24  98 1011.4  28.0  28.1  24.8 99.0 99.00
2026 05 11 01 50  70 11.3 14.5 99.00 99.00 99.00 999 1011.4  27.9  28.1  24.7 99.0 99.00
2026 05 11 02 00  69 10.9 13.4 99.00 99.00 99.00 999 1011.5  27.9  28.1  24.8 99.0 99.00
2026 05 11 02 10  72 11.3 13.3  3.05  9.09  6.18  88 1011.5  27.9  28.1  24.9 99.0 99.00
2026 05 11 02 20  76 11.2 14.4 99.00 99.00 99.00 999 1011.7  27.9  28.1  24.7 99.0 99.00
2026 05 11 02 30  76 11.3 14.0 99.00 99.00 99.00 999 1011.7  27.9  28.1  24.6 99.0 99.00
2026 05 11 02 40  76 11.1 14.2  3.00  8.33  6.22  87 1011.7  27.9  28.1  24.6 99.0 99.00
2026 05 11 02 50  73 11.2 14.0 99.00 99.00 99.00 999 1011.6  27.9  28.1  24.6 99.0 99.00
2026 05 11 03 00  75 11.0 13.2 99.00 99.00 99.00 999 1011.7  27.9  28.1  24.6 99.0 99.00
2026 05 11 03 10  77 11.1 13.6  2.74  8.33  6.12  92 1011.7  27.9  28.1  24.4 99.0 99.00
2026 05 11 03 20  75 11.6 13.5 99.00 99.00 99.00 999 1011.7  27.9  28.1  24.4 99.0 99.00
2026 05 11 03 30  72 11.4 13.6 99.00 99.00 99.00 999 1011.7  27.9  28.1  24.5 99.0 99.00
2026 05 11 03 40  72 11.5 13.9  2.87  9.09  6.11 100 1011.7  27.9  28.1  24.4 99.0 99.00
2026 05 11 03 50  70 11.4 13.6 99.00 99.00 99.00 999 1011.7  27.9  28.1  24.4 99.0 99.00
2026 05 11 04 00  69 11.2 14.4 99.00 99.00 99.00 999 1011.8  27.8  28.1  24.5 99.0 99.00
2026 05 11 04 10  71 11.3 13.8  2.78  9.09  6.15  94 1011.7  27.8  28.1  24.4 99.0 99.00
2026 05 11 04 20  73 11.4 13.9 99.00 99.00 99.00 999 1011.8  27.9  28.1  24.4 99.0 99.00
2026 05 11 04 30  70 11.3 13.6 99.00 99.00 99.00 999 1011.7  27.8  28.1  24.5 99.0 99.00
2026 05 11 04 40  71 11.5 14.3  2.78  9.09  5.98  88 1011.8  27.8  28.1  24.3 99.0 99.00
2026 05 11 04 50  69 11.0 13.8 99.00 99.00 99.00 999 1011.7  27.8  28.1  24.4 99.0 99.00
2026 05 11 05 00  69 10.9 12.9 99.00 99.00 99.00 999 1011.7  27.8  28.1  24.5 99.0 99.00
2026 05 11 05 10  70 10.9 13.9  3.02  9.09  6.41  94 1011.7  27.8  28.1  24.4 99.0 99.00
2026 05 11 05 20  71 11.2 13.9 99.00 99.00 99.00 999 1011.6  27.8  28.1  24.4 99.0 99.00
2026 05 11 05 30  77 10.6 12.6 99.00 99.00 99.00 999 1011.5  27.8  28.1  24.5 99.0 99.00
2026 05 11 05 40  81 10.8 13.1  2.93  8.33  6.22  92 1011.4  27.7  28.1  24.5 99.0 99.00
2026 05 11 05 50  76 11.1 13.7 99.00 99.00 99.00 999 1011.4  27.7  28.1  24.4 99.0 99.00
2026 05 11 06 00  77 11.0 13.5 99.00 99.00 99.00 999 1011.3  27.7  28.1  24.4 99.0 99.00
2026 05 11 06 10  78 11.3 13.7  2.88  8.33  6.16  94 1011.2  27.7  28.1  24.2 99.0 99.00
2026 05 11 06 20  75 11.5 13.5 99.00 99.00 99.00 999 1011.2  27.8  28.1  24.3 99.0 99.00
2026 05 11 06 30  76 11.5 13.6 99.00 99.00 99.00 999 1011.2  27.8  28.1  24.2 99.0 99.00
2026 05 11 06 40  76 11.2 14.1  2.71  9.09  6.02  92 1011.0  27.8  28.1  24.4 99.0 99.00
2026 05 11 06 50  76 11.9 14.1 99.00 99.00 99.00 999 1010.9  27.8  28.1  24.1 99.0 99.00
2026 05 11 07 00  76 11.9 14.7 99.00 99.00 99.00 999 1010.8  27.8  28.1  24.1 99.0 99.00
2026 05 11 07 10  75 11.7 13.8  2.79  9.09  5.92  91 1010.8  27.8  28.1  24.3 99.0 99.00
2026 05 11 07 20  72 11.0 13.5 99.00 99.00 99.00 999 1010.8  27.8  28.1  24.4 99.0 99.00
2026 05 11 07 30  75 11.3 13.7 99.00 99.00 99.00 999 1010.7  27.8  28.1  24.2 99.0 99.00
2026 05 11 07 40  72 11.0 13.3  2.71  9.09  5.95  94 1010.7  27.7  28.1  24.2 99.0 99.00
2026 05 11 07 50  73 10.9 12.8 99.00 99.00 99.00 999 1010.6  27.7  28.1  24.2 99.0 99.00
2026 05 11 08 00  76 10.8 13.6 99.00 99.00 99.00 999 1010.6  27.7  28.1  24.1 99.0 99.00
2026 05 11 08 10  72 10.9 13.2  2.93  9.09  6.18  90 1010.4  27.7  28.1  24.3 99.0 99.00
2026 05 11 08 20  70 10.5 12.8 99.00 99.00 99.00 999 1010.6  27.7  28.1  24.4 99.0 99.00
2026 05 11 08 30  71 11.1 13.4 99.00 99.00 99.00 999 1010.6  27.7  28.1  24.2 99.0 99.00
2026 05 11 08 40  71 11.3 13.3  2.68  9.09  6.03 100 1010.6  27.7  28.1  24.1 99.0 99.00
2026 05 11 08 50  71 10.0 12.4 99.00 99.00 99.00 999 1010.6  27.8  28.1  24.6 99.0 99.00
2026 05 11 09 00  74 10.7 13.9 99.00 99.00 99.00 999 1010.8  27.7  28.1  24.2 99.0 99.00
2026 05 11 09 10  70 10.5 13.3  2.96  8.33  6.17  93 1010.8  27.7  28.1  24.2 99.0 99.00
2026 05 11 09 20  71 10.6 12.7 99.00 99.00 99.00 999 1011.0  27.7  28.1  24.0 99.0 99.00
2026 05 11 09 30  71 10.0 12.2 99.00 99.00 99.00 999 1010.9  27.4  28.1  24.3 99.0 99.00
2026 05 11 09 40  74 11.4 13.8  2.69  8.33  6.04  92 1010.9  27.7  28.1  23.9 99.0 99.00
2026 05 11 09 50  73 11.8 14.2 99.00 99.00 99.00 999 1011.1  27.8  28.1  23.9 99.0 99.00
2026 05 11 10 00  75 11.1 13.4 99.00 99.00 99.00 999 1011.2  27.8  28.1  23.9 99.0 99.00
2026 05 11 10 10  72 11.1 12.8  2.76  8.33  5.96  96 1011.2  27.7  28.1  24.1 99.0 99.00
2026 05 11 10 20  76 11.0 13.4 99.00 99.00 99.00 999 1011.3  27.7  28.1  24.0 99.0 99.00
2026 05 11 10 30  74 10.4 12.5 99.00 99.00 99.00 999 1011.4  27.8  28.1  24.2 99.0 99.00
2026 05 11 10 40  73 10.9 13.4  2.69  9.09  6.00  89 1011.4  27.7  28.1  24.2 99.0 99.00
2026 05 11 10 50  72 11.0 13.5 99.00 99.00 99.00 999 1011.4  27.7  28.1  24.1 99.0 99.00
2026 05 11 11 00  72 11.5 13.8 99.00 99.00 99.00 999 1011.5  27.7  28.1  24.0 99.0 99.00
2026 05 11 11 10  76 11.6 14.1  2.71  9.09  6.07  92 1011.4  27.8  28.1  24.0 99.0 99.00
2026 05 11 11 20  75 11.3 13.8 99.00 99.00 99.00 999 1011.6  27.8  28.1  24.1 99.0 99.00
2026 05 11 11 30  76 11.9 14.2 99.00 99.00 99.00 999 1011.7  27.8  28.1  23.7 99.0 99.00
2026 05 11 11 40  79 11.3 14.4  2.49  8.33  5.79  87 1012.0  27.9  28.1  23.8 99.0 99.00
2026 05 11 11 50  79 10.8 13.7 99.00 99.00 99.00 999 1012.0  27.9  28.1  24.1 99.0 99.00
2026 05 11 12 00  77 10.9 13.2 99.00 99.00 99.00 999 1012.0  27.8  28.1  24.0 99.0 99.00
2026 05 11 12 10  80 10.8 12.7  2.64  8.33  6.02  88 1012.1  27.8  28.1  24.2 99.0 99.00
2026 05 11 12 20  80 10.7 13.1 99.00 99.00 99.00 999 1012.1  27.7  28.1  24.1 99.0 99.00
2026 05 11 12 30  82 10.8 12.7 99.00 99.00 99.00 999 1012.2  27.7  28.1  24.2 99.0 99.00
2026 05 11 12 40  76 11.1 13.7  2.74  7.14  5.90  87 1012.4  27.7  28.1  24.3 99.0 99.00
2026 05 11 12 50  80 10.9 12.7 99.00 99.00 99.00 999 1012.5  27.7  28.1  24.4 99.0 99.00
2026 05 11 13 00  76 10.9 13.3 99.00 99.00 99.00 999 1012.5  27.8  28.1  24.4 99.0 99.00
2026 05 11 13 10  75 11.3 13.1  2.86  8.33  6.14  91 1012.8  27.9  28.1  24.2 99.0 99.00
2026 05 11 13 20  77 11.1 13.4 99.00 99.00 99.00 999 1012.9  27.9  28.1  24.1 99.0 99.00
2026 05 11 13 30  73 11.3 13.5 99.00 99.00 99.00 999 1012.8  27.9  28.1  24.0 99.0 99.00
2026 05 11 13 40  73 11.2 13.0  2.85  9.09  6.06  95 1013.0  27.9  28.1  24.1 99.0 99.00
2026 05 11 13 50  78 11.3 13.4 99.00 99.00 99.00 999 1012.9  27.9  28.1  24.3 99.0 99.00
2026 05 11 14 00  77 10.8 12.9 99.00 99.00 99.00 999 1013.0  27.9  28.1  24.3 99.0 99.00
2026 05 11 14 10  78 10.6 13.0  3.03  8.33  6.02  92 1013.0  27.9  28.1  24.5 99.0 99.00
2026 05 11 14 20  80 11.0 13.7 99.00 99.00 99.00 999 1013.0  27.8  28.1  24.2 99.0 99.00
2026 05 11 14 30  80 10.4 13.2 99.00 99.00 99.00 999 1013.0  27.9  28.1  24.3 99.0 99.00
2026 05 11 14 40  82 11.0 13.8  2.73  8.33  6.02  92 1012.9  27.9  28.1  24.1 99.0 99.00
2026 05 11 14 50  80 10.8 13.1 99.00 99.00 99.00 999 1012.8  28.0  28.1  24.1 99.0 99.00
2026 05 11 15 00  79 10.6 13.2 99.00 99.00 99.00 999 1012.8  28.0  28.1  24.2 99.0 99.00
2026 05 11 15 10  78 10.5 12.9  2.76  8.33  5.98  84 1012.9  27.9  28.1  24.1 99.0 99.00
2026 05 11 15 20  78 10.4 12.5 99.00 99.00 99.00 999 1012.8  27.9  28.1  24.2 99.0 99.00
2026 05 11 15 30  75 10.0 11.6 99.00 99.00 99.00 999 1012.9  27.9  28.1  24.3 99.0 99.00
2026 05 11 15 40  75  9.9 11.9  2.65  7.69  5.84  85 1012.9  27.9  28.1  24.5 99.0 99.00
2026 05 11 15 50  76 10.4 13.2 99.00 99.00 99.00 999 1012.9  27.9  28.1  24.1 99.0 99.00
2026 05 11 16 00  75  9.9 12.4 99.00 99.00 99.00 999 1012.8  27.9  28.1  24.3 99.0 99.00
2026 05 11 16 10  77 10.2 12.7  2.58  9.09  5.85  90 1012.8  28.0  28.1  24.2 99.0 99.00
2026 05 11 16 20  74 10.3 12.4 99.00 99.00 99.00 999 1012.8  27.9  28.1  24.3 99.0 99.00
2026 05 11 16 30  75 10.1 12.5 99.00 99.00 99.00 999 1012.7  28.0  28.1  24.4 99.0 99.00
2026 05 11 16 40  77  9.9 11.9  2.51  7.69  5.93  93 1012.6  28.0  28.1  24.4 99.0 99.00
2026 05 11 16 50  77  9.7 12.2 99.00 99.00 99.00 999 1012.5  27.9  28.1  24.5 99.0 99.00
2026 05 11 17 00  78  9.8 11.7 99.00 99.00 99.00 999 1012.4  27.9  28.1  24.5 99.0 99.00
2026 05 11 17 10  79  9.8 12.2  2.72  8.33  6.07  86 1012.3  28.0  28.1  24.5 99.0 99.00
2026 05 11 17 20  80  9.7 11.6 99.00 99.00 99.00 999 1012.1  28.0  28.1  24.4 99.0 99.00
2026 05 11 17 30  76  9.4 11.7 99.00 99.00 99.00 999 1012.0  28.0  28.1  24.7 99.0 99.00
2026 05 11 17 40  74  9.4 11.2  2.60  8.33  5.98  89 1011.9  27.9  28.1  24.7 99.0 99.00
2026 05 11 17 50  72  9.7 11.5 99.00 99.00 99.00 999 1011.7  27.9  28.1  24.8 99.0 99.00
2026 05 11 18 00  76 10.0 12.0 99.00 99.00 99.00 999 1011.4  27.9  28.2  24.7 99.0 99.00
2026 05 11 18 10  74  9.5 12.0  2.60  8.33  6.00  90 1011.2  27.9  28.2  24.9 99.0 99.00
2026 05 11 18 20  76 10.0 12.2 99.00 99.00 99.00 999 1011.2  27.8  28.1  24.7 99.0 99.00
2026 05 11 18 30  76  9.6 12.1 99.00 99.00 99.00 999 1011.0  27.9  28.2  24.8 99.0 99.00
2026 05 11 18 40  71 10.5 12.6  2.72  8.33  6.19  88 1010.9  27.9  28.2  24.6 99.0 99.00
2026 05 11 18 50  72 10.4 12.4 99.00 99.00 99.00 999 1010.7  27.9  28.2  24.7 99.0 99.00
2026 05 11 19 00  70 10.8 12.5 99.00 99.00 99.00 999 1010.3  27.8  28.2  24.5 99.0 99.00
2026 05 11 19 10  71 10.5 12.7  2.47  8.33  5.72  88 1010.2  27.9  28.2  24.6 99.0 99.00
2026 05 11 19 20  72 10.2 12.4 99.00 99.00 99.00 999 1010.2  27.8  28.2  24.6 99.0 99.00
2026 05 11 19 30  72 10.7 13.0 99.00 99.00 99.00 999 1010.1  27.9  28.2  24.6 99.0 99.00
2026 05 11 19 40  71 10.4 12.5  2.54  7.14  5.69  88 1010.1  27.9  28.2  24.7 99.0 99.00
2026 05 11 19 50  69 11.0 13.3 99.00 99.00 99.00 999 1009.9  27.9  28.2  24.6 99.0 99.00
2026 05 11 20 00  71 11.0 13.2 99.00 99.00 99.00 999 1009.9  27.9  28.2  24.6 99.0 99.00
2026 05 11 20 10  72 10.4 12.2  2.54  8.33  5.88  92 1009.8  27.9  28.2  24.7 99.0 99.00
2026 05 11 20 20  73 10.4 12.9 99.00 99.00 99.00 999 1009.8  27.9  28.2  24.7 99.0 99.00
2026 05 11 20 30  73 10.3 12.5 99.00 99.00 99.00 999 1009.7  27.9  28.2  24.6 99.0 99.00
2026 05 11 20 40  75 10.5 13.1  2.67  8.33  5.88  88 1009.7  27.9  28.2  24.3 99.0 99.00
2026 05 11 20 50  72 10.1 12.9 99.00 99.00 99.00 999 1009.5  27.9  28.2  24.4 99.0 99.00
2026 05 11 21 00  77 10.2 13.0 99.00 99.00 99.00 999 1009.5  27.9  28.2  24.4 99.0 99.00
2026 05 11 21 10  73 10.0 11.5  2.57  8.33  5.83  95 1009.5  27.9  28.2  24.6 99.0 99.00
2026 05 11 21 20  71 10.3 12.5 99.00 99.00 99.00 999 1009.5  27.9  28.2  24.4 99.0 99.00
2026 05 11 21 30  74 10.6 12.7 99.00 99.00 99.00 999 1009.4  27.9  28.2  24.3 99.0 99.00
2026 05 11 21 40  78  9.9 12.6  2.42  8.33  5.81  89 1009.5  27.9  28.2  24.4 99.0 99.00
2026 05 11 21 50  76 10.4 12.6 99.00 99.00 99.00 999 1009.6  27.9  28.2  24.4 99.0 99.00
2026 05 11 22 00  77 10.4 12.5 99.00 99.00 99.00 999 1009.6  27.9  28.1  24.3 99.0 99.00
2026 05 11 22 10  79 10.5 12.9  2.36  8.33  5.78  92 1009.7  27.9  28.1  24.4 99.0 99.00
2026 05 11 22 20  80 10.5 12.0 99.00 99.00 99.00 999 1009.9  27.9  28.1  24.4 99.0 99.00
2026 05 11 22 30  78 10.3 12.5 99.00 99.00 99.00 999 1010.0  27.9  28.1  24.4 99.0 99.00
2026 05 11 22 40  78 10.0 12.3  2.45  8.33  5.89  89 1009.9  27.9  28.1  24.7 99.0 99.00
2026 05 11 22 50  78 10.0 12.1 99.00 99.00 99.00 999 1010.0  27.9  28.1  24.7 99.0 99.00
2026 05 11 23 00  77  9.8 12.4 99.00 99.00 99.00 999 1010.1  27.9  28.1  24.8 99.0 99.00
2026 05 11 23 10  73 10.1 12.3  2.44  8.33  5.65  89 1010.2  27.8  28.1  24.6 99.0 99.00
2026 05 11 23 20  73 10.4 12.5 99.00 99.00 99.00 999 1010.2  27.9  28.1  24.6 99.0 99.00
2026 05 11 23 30  73 10.1 12.2 99.00 99.00 99.00 999 1010.3  27.9  28.1  24.7 99.0 99.00
2026 05 11 23 40  73 10.1 12.1  2.65  8.33  6.00  93 1010.4  27.9  28.1  24.8 99.0 99.00
2026 05 11 23 50  73 10.4 13.1 99.00 99.00 99.00 999 1010.4  27.7  28.1  24.6 99.0 99.00
2026 05 12 00 00  73 10.5 12.5 99.00 99.00 99.00 999 1010.6  27.9  28.1  24.6 99.0 99.00
2026 05 12 00 10  73 10.3 12.0  2.41  8.33  5.70  94 1010.6  27.8  28.1  24.6 99.0 99.00
2026 05 12 00 20  74 10.4 12.4 99.00 99.00 99.00 999 1010.9  27.9  28.1  24.6 99.0 99.00
2026 05 12 00 30  73  9.7 12.3 99.00 99.00 99.00 999 1010.9  27.8  28.1  24.7 99.0 99.00
2026 05 12 00 40  71 10.1 12.0  2.20  8.33  5.62  86 1011.0  27.8  28.1  24.6 99.0 99.00
2026 05 12 00 50  73  9.7 12.6 99.00 99.00 99.00 999 1011.2  27.9  28.1  24.8 99.0 99.00
2026 05 12 01 00  75 10.0 12.3 99.00 99.00 99.00 999 1011.4  27.8  28.1  24.7 99.0 99.00
2026 05 12 01 10  70 10.5 12.3  2.49  8.33  5.69  81 1011.3  27.8  28.1  24.5 99.0 99.00
2026 05 12 01 20  73 10.5 12.5 99.00 99.00 99.00 999 1011.4  27.8  28.1  24.5 99.0 99.00
2026 05 12 01 30  72  9.9 11.8 99.00 99.00 99.00 999 1011.5  27.8  28.1  24.7 99.0 99.00
2026 05 12 01 40  73 10.5 12.3  2.54  8.33  5.93  86 1011.7  27.8  28.1  24.5 99.0 99.00
2026 05 12 01 50  71  9.6 11.8 99.00 99.00 99.00 999 1011.8  27.8  28.1  24.8 99.0 99.00
2026 05 12 02 00  71 10.4 12.6 99.00 99.00 99.00 999 1011.9  27.8  28.1  24.6 99.0 99.00
2026 05 12 02 10  71 10.1 12.5  2.40  8.33  5.76  95 1011.9  27.8  28.1  24.6 99.0 99.00
2026 05 12 02 20  68 10.4 12.3 99.00 99.00 99.00 999 1011.9  27.8  28.1  24.7 99.0 99.00
2026 05 12 02 30  67 10.3 12.9 99.00 99.00 99.00 999 1012.0  27.8  28.1  24.7 99.0 99.00
2026 05 12 02 40  68 10.3 12.8  2.39  7.69  5.71  89 1012.2  27.8  28.1  24.7 99.0 99.00
2026 05 12 02 50  68 10.6 12.8 99.00 99.00 99.00 999 1012.3  27.8  28.1  24.6 99.0 99.00
2026 05 12 03 00  68 10.9 13.0 99.00 99.00 99.00 999 1012.5  27.8  28.1  24.4 99.0 99.00
2026 05 12 03 10  66 10.6 13.3  2.39  8.33  5.82  93 1012.5  27.8  28.1  24.7 99.0 99.00
2026 05 12 03 20  73 10.5 12.6 99.00 99.00 99.00 999 1012.5  27.8  28.1  24.6 99.0 99.00
2026 05 12 03 30  72 10.1 12.7 99.00 99.00 99.00 999 1012.4  27.8  28.1  24.7 99.0 99.00
2026 05 12 03 40  72 10.4 12.7  2.44  8.33  5.80  82 1012.4  27.8  28.1  24.7 99.0 99.00
2026 05 12 03 50  68 11.1 13.5 99.00 99.00 99.00 999 1012.4  27.8  28.1  24.5 99.0 99.00
2026 05 12 04 00  70 10.7 13.6 99.00 99.00 99.00 999 1012.4  27.8  28.1  24.5 99.0 99.00
2026 05 12 04 10  71 10.2 12.9  2.28  8.33  5.65  86 1012.4  27.8  28.1  24.6 99.0 99.00
2026 05 12 04 20  73 10.2 12.7 99.00 99.00 99.00 999 1012.3  27.8  28.1  24.4 99.0 99.00
2026 05 12 04 30  73 10.1 12.2 99.00 99.00 99.00 999 1012.4  27.8  28.1  24.5 99.0 99.00
2026 05 12 04 40  74 10.9 12.8  2.56  8.33  5.89  86 1012.4  27.8  28.1  24.2 99.0 99.00
2026 05 12 04 50  71 10.4 12.7 99.00 99.00 99.00 999 1012.3  27.9  28.1  24.5 99.0 99.00
2026 05 12 05 00  74 10.1 12.5 99.00 99.00 99.00 999 1012.4  27.8  28.1  24.6 99.0 99.00
2026 05 12 05 10  73 10.7 13.1  2.58  8.33  5.87  92 1012.2  27.8  28.1  24.3 99.0 99.00
2026 05 12 05 20  74 10.3 13.1 99.00 99.00 99.00 999 1012.2  27.9  28.1  24.5 99.0 99.00
2026 05 12 05 30  75 10.3 12.9 99.00 99.00 99.00 999 1012.2  27.8  28.1  24.5 99.0 99.00
2026 05 12 05 40  77 10.5 13.0  2.72  8.33  6.13  95 1012.1  27.8  28.1  24.3 99.0 99.00
2026 05 12 05 50  77 10.8 12.8 99.00 99.00 99.00 999 1012.0  27.8  28.1  24.2 99.0 99.00
2026 05 12 06 00  70 10.3 12.7 99.00 99.00 99.00 999 1011.8  27.8  28.1  24.6 99.0 99.00
2026 05 12 06 10  75 10.9 13.2  2.48  8.33  5.83  89 1011.7  27.7  28.1  24.2 99.0 99.00
2026 05 12 06 20  75 11.0 13.3 99.00 99.00 99.00 999 1011.7  27.8  28.1  24.2 99.0 99.00
2026 05 12 06 30  81 10.6 12.7 99.00 99.00 99.00 999 1011.5  27.8  28.1  24.4 99.0 99.00
2026 05 12 06 40  75 10.6 12.8  2.53  8.33  5.91  90 1011.4  27.7  28.1  24.4 99.0 99.00
2026 05 12 06 50  72 11.2 13.4 99.00 99.00 99.00 999 1011.4  27.7  28.1  24.3 99.0 99.00
2026 05 12 07 00  76 10.5 12.6 99.00 99.00 99.00 999 1011.4  27.8  28.1  24.5 99.0 99.00
2026 05 12 07 10  76 11.0 13.3  2.73  8.33  6.07  86 1011.3  27.7  28.1  24.2 99.0 99.00
2026 05 12 07 20  82 10.8 12.9 99.00 99.00 99.00 999 1011.3  27.7  28.1  24.3 99.0 99.00
2026 05 12 07 30  78 10.3 12.5 99.00 99.00 99.00 999 1011.2  27.7  28.1  24.4 99.0 99.00
2026 05 12 07 40  76  9.7 11.4  2.52  8.33  5.86  89 1011.2  27.7  28.1  24.6 99.0 99.00
2026 05 12 07 50  79  9.9 12.2 99.00 99.00 99.00 999 1011.2  27.7  28.1  24.5 99.0 99.00
2026 05 12 08 00  78 10.3 13.0 99.00 99.00 99.00 999 1011.1  27.7  28.1  24.5 99.0 99.00
2026 05 12 08 10  79 10.3 12.4  2.55  8.33  5.86  90 1011.1  27.7  28.1  24.4 99.0 99.00
2026 05 12 08 20  78  9.9 11.9 99.00 99.00 99.00 999 1011.1  27.7  28.1  24.4 99.0 99.00
2026 05 12 08 30  74  9.9 12.2 99.00 99.00 99.00 999 1011.0  27.7  28.1  24.6 99.0 99.00
2026 05 12 08 40  75 10.2 12.2  2.68  7.69  6.02  88 1010.8  27.7  28.1  24.4 99.0 99.00
2026 05 12 08 50  76  9.8 12.2 99.00 99.00 99.00 999 1010.9  27.7  28.0  24.5 99.0 99.00
2026 05 12 09 00  80  9.7 11.8 99.00 99.00 99.00 999 1011.0  27.7  28.1  24.6 99.0 99.00
2026 05 12 09 10  78 10.2 12.4  2.45  7.14  5.84  96 1011.2  27.7  28.0  24.5 99.0 99.00
2026 05 12 09 20  77  9.6 11.8 99.00 99.00 99.00 999 1011.2  27.7  28.0  24.7 99.0 99.00
2026 05 12 09 30  77  9.8 12.2 99.00 99.00 99.00 999 1011.2  27.7  28.1  24.7 99.0 99.00
2026 05 12 09 40  75  9.5 11.4  2.29  8.33  5.63  87 1011.2  27.7  28.0  24.7 99.0 99.00
2026 05 12 09 50  74  9.6 11.1 99.00 99.00 99.00 999 1011.2  27.7  28.0  24.8 99.0 99.00
2026 05 12 10 00  78  9.9 11.8 99.00 99.00 99.00 999 1011.3  27.7  28.0  24.8 99.0 99.00
2026 05 12 10 10  80 10.2 12.3  2.37  8.33  5.79  89 1011.4  27.7  28.0  24.7 99.0 99.00
2026 05 12 10 20  80  9.3 11.5 99.00 99.00 99.00 999 1011.4  27.8  28.0  25.0 99.0 99.00
2026 05 12 10 30  81 10.3 12.6 99.00 99.00 99.00 999 1011.3  27.7  28.0  24.7 99.0 99.00
2026 05 12 10 40  78 10.1 11.9  2.32  7.69  5.74  87 1011.4  27.7  28.0  24.7 99.0 99.00
2026 05 12 10 50  76  9.8 12.1 99.00 99.00 99.00 999 1011.5  27.7  28.0  24.8 99.0 99.00
2026 05 12 11 00  77  9.8 11.8 99.00 99.00 99.00 999 1011.7  27.7  28.0  24.9 99.0 99.00
2026 05 12 11 10  77 10.1 11.9  2.53  7.14  5.82  83 1011.7  27.7  28.0  24.7 99.0 99.00
2026 05 12 11 20  77  9.6 12.0 99.00 99.00 99.00 999 1011.8  27.7  28.0  24.8 99.0 99.00
2026 05 12 11 30  77  9.5 12.0 99.00 99.00 99.00 999 1012.0  27.8  28.0  24.9 99.0 99.00
2026 05 12 11 40  79  9.6 11.4  2.55  8.33  5.95  92 1012.3  27.7  28.0  24.8 99.0 99.00
2026 05 12 11 50  77  9.3 11.0 99.00 99.00 99.00 999 1012.5  27.8  28.0  24.9 99.0 99.00
2026 05 12 12 00  73  9.4 11.6 99.00 99.00 99.00 999 1012.7  27.7  28.0  24.9 99.0 99.00
2026 05 12 12 10  75  9.7 11.6  2.29  8.33  5.64  93 1012.8  27.8  28.0  24.8 99.0 99.00
2026 05 12 12 20  72  9.2 12.3 99.00 99.00 99.00 999 1012.8  27.8  28.0  24.9 99.0 99.00
2026 05 12 12 30  72  9.6 11.8 99.00 99.00 99.00 999 1012.7  27.7  28.0  24.9 99.0 99.00
2026 05 12 12 40  70  9.9 11.9  2.44  8.33  5.83  82 1012.8  27.7  28.0  24.7 99.0 99.00
2026 05 12 12 50  73  9.5 11.2 99.00 99.00 99.00 999 1012.9  27.8  28.0  24.9 99.0 99.00
2026 05 12 13 00  72  9.7 11.3 99.00 99.00 99.00 999 1012.8  27.8  28.0  24.9 99.0 99.00
2026 05 12 13 10  73  9.8 11.9  2.46  8.33  5.95  81 1012.9  27.8  28.0  24.8 99.0 99.00
2026 05 12 13 20  74 10.0 11.9 99.00 99.00 99.00 999 1012.9  27.8  28.0  24.7 99.0 99.00
2026 05 12 13 30  78  9.7 11.6 99.00 99.00 99.00 999 1013.0  27.8  28.0  24.5 99.0 99.00
2026 05 12 13 40  75  9.4 11.5  2.45  8.33  5.98  88 1013.1  27.8  28.0  24.6 99.0 99.00
2026 05 12 13 50  78  9.8 12.2 99.00 99.00 99.00 999 1013.3  27.8  28.0  24.3 99.0 99.00
2026 05 12 14 00  77  9.3 11.3 99.00 99.00 99.00 999 1013.3  27.9  28.0  24.5 99.0 99.00
2026 05 12 14 10  72  9.5 11.7  2.27  9.09  5.72  89 1013.4  27.9  28.0  24.5 99.0 99.00
2026 05 12 14 20  77  9.9 12.4 99.00 99.00 99.00 999 1013.4  27.8  28.0  24.3 99.0 99.00
2026 05 12 14 30  74  9.9 11.7 99.00 99.00 99.00 999 1013.4  27.9  28.0  24.4 99.0 99.00
2026 05 12 14 40  77  9.3 11.2  2.41  8.33  6.00  82 1013.3  27.9  28.0  24.6 99.0 99.00
2026 05 12 14 50  77  9.8 11.8 99.00 99.00 99.00 999 1013.4  27.9  28.0  24.4 99.0 99.00
2026 05 12 15 00  77  9.5 11.3 99.00 99.00 99.00 999 1013.3  27.9  28.0  24.3 99.0 99.00
2026 05 12 15 10  78  9.7 12.0  2.50  8.33  5.99  83 1013.3  27.9  28.0  24.1 99.0 99.00
2026 05 12 15 20  81  9.6 11.4 99.00 99.00 99.00 999 1013.3  28.0  28.0  24.4 99.0 99.00
2026 05 12 15 30  80  9.5 11.7 99.00 99.00 99.00 999 1013.2  27.9  28.0  24.4 99.0 99.00
2026 05 12 15 40  77  9.6 11.3  2.38  8.33  5.83  79 1013.2  27.9  28.0  24.3 99.0 99.00
2026 05 12 15 50  79  9.1 10.8 99.00 99.00 99.00 999 1012.9  28.0  28.0  24.5 99.0 99.00
2026 05 12 16 00  81  9.2 11.1 99.00 99.00 99.00 999 1012.9  27.9  28.0  24.5 99.0 99.00
2026 05 12 16 10  79  8.7 10.8  2.76  8.33  6.21  83 1012.8  27.9  28.0  24.7 99.0 99.00
2026 05 12 16 20  77  8.9 10.5 99.00 99.00 99.00 999 1012.8  27.8  28.0  24.5 99.0 99.00
2026 05 12 16 30  80  8.8 10.5 99.00 99.00 99.00 999 1012.7  27.8  28.0  24.5 99.0 99.00
2026 05 12 16 40  80  8.8 10.9  2.44  8.33  5.87  83 1012.6  27.9  28.0  24.5 99.0 99.00
2026 05 12 16 50  81  8.4 10.6 99.00 99.00 99.00 999 1012.5  27.9  28.0  24.8 99.0 99.00
2026 05 12 17 00  81  8.4 10.2 99.00 99.00 99.00 999 1012.5  27.8  28.1  24.8 99.0 99.00
2026 05 12 17 10  82  8.9 10.7  2.34  8.33  5.86  76 1012.5  27.9  28.1  24.4 99.0 99.00
2026 05 12 17 20  75  8.4 10.0 99.00 99.00 99.00 999 1012.4  27.8  28.1  24.6 99.0 99.00
2026 05 12 17 30  77  8.5 10.4 99.00 99.00 99.00 999 1012.2  27.8  28.1  24.7 99.0 99.00
2026 05 12 17 40  79  9.1 11.0  2.28  8.33  5.74  87 1012.0  27.8  28.1  24.3 99.0 99.00
2026 05 12 17 50  83  9.2 11.2 99.00 99.00 99.00 999 1012.0  27.9  28.1  24.0 99.0 99.00
2026 05 12 18 00  74  8.6 10.1 99.00 99.00 99.00 999 1011.8  27.9  28.1  24.4 99.0 99.00
2026 05 12 18 10  78  8.3 10.1  2.45  8.33  6.03  84 1011.7  27.8  28.1  24.3 99.0 99.00
2026 05 12 18 20  75  8.1  9.4 99.00 99.00 99.00 999 1011.6  27.8  28.1  24.4 99.0 99.00
2026 05 12 18 30  72  8.1  9.5 99.00 99.00 99.00 999 1011.4  27.8  28.1  24.6 99.0 99.00
2026 05 12 18 40  73  8.1  9.7  2.28  8.33  5.91  73 1011.4  27.8  28.1  24.5 99.0 99.00
2026 05 12 18 50  71  8.1  9.7 99.00 99.00 99.00 999 1011.3  27.8  28.1  24.6 99.0 99.00
2026 05 12 19 00  72  8.5 10.4 99.00 99.00 99.00 999 1011.1  27.8  28.1  24.7 99.0 99.00
2026 05 12 19 10  74  8.9 10.6  2.28  8.33  5.92  86 1010.9  27.8  28.1  24.5 99.0 99.00
2026 05 12 19 20  76  8.3 10.0 99.00 99.00 99.00 999 1010.9  27.9  28.1  24.6 99.0 99.00
2026 05 12 19 30  73  8.2  9.8 99.00 99.00 99.00 999 1010.8  27.9  28.1  24.8 99.0 99.00
2026 05 12 19 40  70  8.8 10.6  2.24  8.33  5.90  81 1010.7  27.8  28.1  24.6 99.0 99.00
2026 05 12 19 50  78  8.8 10.8 99.00 99.00 99.00 999 1010.6  27.9  28.1  24.4 99.0 99.00
2026 05 12 20 00  77  8.2 10.1 99.00 99.00 99.00 999 1010.6  28.0  28.1  24.8 99.0 99.00
2026 05 12 20 10  75  8.7 11.0  2.32  8.33  6.01  84 1010.3  27.8  28.1  24.7 99.0 99.00
2026 05 12 20 20  77  9.0 10.6 99.00 99.00 99.00 999 1010.3  27.9  28.1  24.5 99.0 99.00
2026 05 12 20 30  79  9.7 11.6 99.00 99.00 99.00 999 1010.2  27.9  28.1  24.3 99.0 99.00
2026 05 12 20 40  80  9.1 11.1  2.25  8.33  5.92  80 1010.1  28.0  28.1  24.4 99.0 99.00
2026 05 12 20 50  80  9.0 10.6 99.00 99.00 99.00 999 1010.1  27.9  28.1  24.3 99.0 99.00
2026 05 12 21 00  77  9.1 10.5 99.00 99.00 99.00 999 1009.8  27.9  28.1  24.5 99.0 99.00
2026 05 12 21 10  76  9.3 11.6  2.23  8.33  5.71  85 1010.0  27.9  28.1  24.4 99.0 99.00
2026 05 12 21 20  74  9.4 11.0 99.00 99.00 99.00 999 1009.9  27.9  28.1  24.4 99.0 99.00
2026 05 12 21 30  76  9.0 10.6 99.00 99.00 99.00 999 1010.0  27.9  28.1  24.5 99.0 99.00
2026 05 12 21 40  72  9.2 11.1  2.28  7.69  5.89  83 1010.0  27.9  28.1  24.5 99.0 99.00
2026 05 12 21 50  72  9.1 10.9 99.00 99.00 99.00 999 1010.0  27.9  28.1  24.5 99.0 99.00
2026 05 12 22 00  70  9.2 11.1 99.00 99.00 99.00 999 1010.0  27.9  28.1  24.5 99.0 99.00
2026 05 12 22 10  65  8.8 11.1  2.06  7.69  5.54  81 1010.1  27.9  28.1  24.8 99.0 99.00
2026 05 12 22 20  66  9.4 11.9 99.00 99.00 99.00 999 1010.1  27.8  28.1  24.5 99.0 99.00
2026 05 12 22 30  68  8.9 11.1 99.00 99.00 99.00 999 1010.2  27.9  28.1  24.5 99.0 99.00
2026 05 12 22 40  64  9.0 10.9  2.17  7.69  5.76  81 1010.2  27.9  28.1  24.6 99.0 99.00
2026 05 12 22 50  65  9.4 11.0 99.00 99.00 99.00 999 1010.3  27.8  28.1  24.5 99.0 99.00
2026 05 12 23 00  65  9.2 11.1 99.00 99.00 99.00 999 1010.4  27.9  28.1  24.6 99.0 99.00
2026 05 12 23 10  68  9.4 11.3  2.18  8.33  5.71  87 1010.5  27.9  28.1  24.5 99.0 99.00
2026 05 12 23 20  70  9.3 11.2 99.00 99.00 99.00 999 1010.6  27.9  28.1  24.5 99.0 99.00
2026 05 12 23 30  67  8.9 10.9 99.00 99.00 99.00 999 1010.8  27.9  28.1  24.7 99.0 99.00
2026 05 12 23 40  66  9.3 11.0  1.94  7.69  5.49  98 1010.8  27.8  28.1  24.5 99.0 99.00
2026 05 12 23 50  68  9.3 11.1 99.00 99.00 99.00 999 1010.9  27.9  28.1  24.6 99.0 99.00
2026 05 13 00 00  71  9.3 11.3 99.00 99.00 99.00 999 1011.2  27.9  28.1  24.5 99.0 99.00
2026 05 13 00 10  72  8.6 10.3  2.09  7.69  5.67  80 1011.4  27.9  28.1  24.8 99.0 99.00
2026 05 13 00 20  68  8.6 10.9 99.00 99.00 99.00 999 1011.5  27.8  28.1  24.8 99.0 99.00
2026 05 13 00 30  65  9.2 11.4 99.00 99.00 99.00 999 1011.6  27.9  28.1  24.8 99.0 99.00
2026 05 13 00 40  65  9.6 11.3  1.95  7.69  5.50  83 1011.6  27.9  28.1  24.6 99.0 99.00
2026 05 13 00 50  66  9.5 11.5 99.00 99.00 99.00 999 1011.6  27.9  28.1  24.5 99.0 99.00
2026 05 13 01 00  67  9.4 11.8 99.00 99.00 99.00 999 1011.7  27.9  28.1  24.7 99.0 99.00
2026 05 13 01 10  66  9.7 11.6  2.29  7.69  5.82  88 1011.8  27.9  28.1  24.6 99.0 99.00
2026 05 13 01 20  65  9.1 11.3 99.00 99.00 99.00 999 1011.9  27.9  28.1  24.8 99.0 99.00
2026 05 13 01 30  65  9.6 12.1 99.00 99.00 99.00 999 1011.8  27.9  28.1  24.8 99.0 99.00
2026 05 13 01 40  63 10.3 12.1  2.19  7.69  5.68  91 1011.8  27.9  28.1  24.6 99.0 99.00
2026 05 13 01 50  62 10.2 12.0 99.00 99.00 99.00 999 1011.9  27.9  28.1  24.8 99.0 99.00
2026 05 13 02 00  61 10.2 12.6 99.00 99.00 99.00 999 1012.0  27.9  28.0  24.8 99.0 99.00
2026 05 13 02 10  60 10.6 12.8  2.03  7.69  5.54  93 1012.0  27.9  28.1  24.8 99.0 99.00
2026 05 13 02 20  60 10.4 13.4 99.00 99.00 99.00 999 1012.1  27.8  28.1  24.6 99.0 99.00
2026 05 13 02 30  63 10.1 12.3 99.00 99.00 99.00 999 1012.2  27.9  28.1  24.7 99.0 99.00
2026 05 13 02 40  61 10.1 12.2  2.09  8.33  5.52  79 1012.4  27.9  28.1  24.8 99.0 99.00
2026 05 13 02 50  62  9.9 12.0 99.00 99.00 99.00 999 1012.6  27.8  28.1  24.8 99.0 99.00
2026 05 13 03 00  59  9.9 11.9 99.00 99.00 99.00 999 1012.8  27.9  28.1  25.0 99.0 99.00
2026 05 13 03 10  60 10.2 12.0  2.11  7.69  5.53  87 1012.8  27.9  28.1  24.9 99.0 99.00
2026 05 13 03 20  60  9.4 11.4 99.00 99.00 99.00 999 1012.8  27.9  28.1  25.1 99.0 99.00
2026 05 13 03 30  63  9.5 11.7 99.00 99.00 99.00 999 1012.9  27.9  28.1  25.2 99.0 99.00
2026 05 13 03 40  65 10.0 12.0  2.15  8.33  5.62  87 1012.9  27.8  28.0  25.0 99.0 99.00
2026 05 13 03 50  69 10.0 12.5 99.00 99.00 99.00 999 1013.0  27.9  28.1  25.0 99.0 99.00
2026 05 13 04 00  68 10.0 12.9 99.00 99.00 99.00 999 1013.0  27.9  28.1  24.9 99.0 99.00
2026 05 13 04 10  67 10.1 12.6  2.13  8.33  5.69  89 1012.9  27.8  28.0  24.9 99.0 99.00
2026 05 13 04 20  67  9.8 12.0 99.00 99.00 99.00 999 1012.9  27.9  28.1  25.0 99.0 99.00
2026 05 13 04 30  70  9.7 12.2 99.00 99.00 99.00 999 1012.9  27.8  28.0  25.0 99.0 99.00
2026 05 13 04 40  69  9.4 11.6  2.21  8.33  5.68  92 1012.9  27.8  28.0  24.9 99.0 99.00
2026 05 13 04 50  70  9.6 11.5 99.00 99.00 99.00 999 1012.8  27.8  28.0  24.9 99.0 99.00
2026 05 13 05 00  70 10.0 12.3 99.00 99.00 99.00 999 1012.8  27.8  28.0  25.0 99.0 99.00
2026 05 13 05 10  69  9.9 11.7  2.19  7.69  5.53  88 1012.8  27.8  28.0  25.1 99.0 99.00
2026 05 13 05 20  72  9.3 11.6 99.00 99.00 99.00 999 1012.7  27.8  28.0  25.1 99.0 99.00
2026 05 13 05 30  74  9.5 11.6 99.00 99.00 99.00 999 1012.5  27.8  28.0  24.8 99.0 99.00
2026 05 13 05 40  70  9.3 11.2  2.24  8.33  5.66  88 1012.4  27.8  28.0  24.8 99.0 99.00
2026 05 13 05 50  70  9.5 11.6 99.00 99.00 99.00 999 1012.2  27.8  28.0  24.9 99.0 99.00
2026 05 13 06 00  70  9.3 11.5 99.00 99.00 99.00 999 1012.1  27.8  28.0  25.1 99.0 99.00
2026 05 13 06 10  75  9.5 12.1  2.27  8.33  5.75  86 1012.1  27.8  28.0  24.9 99.0 99.00
2026 05 13 06 20  74  9.9 11.8 99.00 99.00 99.00 999 1012.0  27.8  28.0  24.8 99.0 99.00
2026 05 13 06 30  69  9.5 11.5 99.00 99.00 99.00 999 1011.9  27.8  28.0  24.8 99.0 99.00
2026 05 13 06 40  68  9.3 11.2  2.33  7.69  5.83  85 1011.7  27.7  28.0  24.7 99.0 99.00
2026 05 13 06 50  68  9.7 11.9 99.00 99.00 99.00 999 1011.7  27.7  28.0  24.6 99.0 99.00
2026 05 13 07 00  66  9.1 11.6 99.00 99.00 99.00 999 1011.5  27.7  28.0  24.7 99.0 99.00
2026 05 13 07 10  64  9.2 11.0  2.27  7.69  5.66  86 1011.4  27.7  28.0  24.8 99.0 99.00
2026 05 13 07 20  64  8.8 10.6 99.00 99.00 99.00 999 1011.4  27.7  28.0  25.2 99.0 99.00
2026 05 13 07 30  72  9.0 11.0 99.00 99.00 99.00 999 1011.4  27.7  28.0  25.2 99.0 99.00
2026 05 13 07 40  82  9.5 11.4  2.10  8.33  5.58  83 1011.3  27.6  28.0  24.8 99.0 99.00
2026 05 13 07 50  77  9.6 11.7 99.00 99.00 99.00 999 1011.2  27.7  28.0  24.6 99.0 99.00
2026 05 13 08 00  76  8.8 11.0 99.00 99.00 99.00 999 1011.2  27.7  28.0  24.8 99.0 99.00
2026 05 13 08 10  76  9.2 11.4  2.19  7.69  5.70  87 1011.2  27.6  28.0  24.7 99.0 99.00
2026 05 13 08 20  74  9.5 11.5 99.00 99.00 99.00 999 1011.2  27.7  28.0  24.8 99.0 99.00
2026 05 13 08 30  75  9.5 11.3 99.00 99.00 99.00 999 1011.2  27.7  28.0  24.6 99.0 99.00
2026 05 13 08 40  76  9.7 11.4  2.34  7.69  5.80  81 1011.2  27.7  28.0  24.5 99.0 99.00
2026 05 13 08 50  75  9.3 11.7 99.00 99.00 99.00 999 1011.2  27.7  28.0  24.9 99.0 99.00
2026 05 13 09 00  80  9.6 11.5 99.00 99.00 99.00 999 1011.2  27.7  28.0  24.5 99.0 99.00
2026 05 13 09 10  80  9.7 12.1  2.20  7.69  5.66  86 1011.2  27.7  28.0  24.5 99.0 99.00
2026 05 13 09 20  78  9.8 11.6 99.00 99.00 99.00 999 1011.2  27.7  28.0  24.5 99.0 99.00
2026 05 13 09 30  79  9.5 11.5 99.00 99.00 99.00 999 1011.2  27.7  28.0  24.5 99.0 99.00
2026 05 13 09 40  82  9.8 12.1  2.36  8.33  5.85  84 1011.2  27.7  28.0  24.6 99.0 99.00
2026 05 13 09 50  79  9.6 12.0 99.00 99.00 99.00 999 1011.2  27.7  28.0  24.7 99.0 99.00
2026 05 13 10 00  80  9.7 11.7 99.00 99.00 99.00 999 1011.2  27.7  28.0  24.5 99.0 99.00
2026 05 13 10 10  81  9.9 11.9  2.35  7.69  5.88  87 1011.2  27.7  28.0  24.6 99.0 99.00
2026 05 13 10 20  81 10.2 12.3 99.00 99.00 99.00 999 1011.3  27.8  28.0  24.5 99.0 99.00
2026 05 13 10 30  79  9.5 11.7 99.00 99.00 99.00 999 1011.4  27.8  28.0  24.7 99.0 99.00
2026 05 13 10 40  77  9.7 12.0  2.41  7.69  5.80  87 1011.4  27.7  28.0  24.7 99.0 99.00
2026 05 13 10 50  82 10.1 12.0 99.00 99.00 99.00 999 1011.5  27.7  28.0  24.3 99.0 99.00
2026 05 13 11 00  84  9.8 11.9 99.00 99.00 99.00 999 1011.6  27.8  28.0  24.4 99.0 99.00
2026 05 13 11 10  84  9.8 11.7  2.33  7.69  5.74  86 1011.7  27.8  28.0  24.5 99.0 99.00
2026 05 13 11 20  78  9.4 11.4 99.00 99.00 99.00 999 1011.8  27.8  28.0  24.8 99.0 99.00
2026 05 13 11 30  79  9.7 11.9 99.00 99.00 99.00 999 1012.0  27.7  28.0  24.6 99.0 99.00
2026 05 13 11 40  78  9.9 12.1  2.27  8.33  5.62  93 1012.1  27.8  28.0  24.6 99.0 99.00
2026 05 13 11 50  82  9.6 12.2 99.00 99.00 99.00 999 1012.0  27.8  28.0  24.7 99.0 99.00
2026 05 13 12 00  79  9.7 11.7 99.00 99.00 99.00 999 1012.2  27.8  28.0  24.7 99.0 99.00
2026 05 13 12 10  81  9.3 11.4  2.21  8.33  5.63  84 1012.3  27.8  28.0  24.6 99.0 99.00
2026 05 13 12 20  82  9.3 11.3 99.00 99.00 99.00 999 1012.2  27.9  28.0  24.8 99.0 99.00
2026 05 13 12 30  77  9.0 11.4 99.00 99.00 99.00 999 1012.4  27.8  28.0  24.9 99.0 99.00
2026 05 13 12 40  81  9.1 11.1  2.47  8.33  5.96  84 1012.6  27.7  28.0  25.1 99.0 99.00
2026 05 13 12 50  77 10.2 12.1 99.00 99.00 99.00 999 1012.6  27.8  28.0  24.8 99.0 99.00
2026 05 13 13 00  83 10.2 12.9 99.00 99.00 99.00 999 1012.6  27.9  28.0  24.6 99.0 99.00
2026 05 13 13 10  82 10.1 13.0  2.36  8.33  5.90  90 1012.7  27.9  28.0  24.7 99.0 99.00
2026 05 13 13 20  85  9.9 11.5 99.00 99.00 99.00 999 1012.8  27.9  28.0  24.8 99.0 99.00
2026 05 13 13 30  85  9.7 11.9 99.00 99.00 99.00 999 1013.0  27.9  28.0  24.8 99.0 99.00
2026 05 13 13 40  84  9.1 11.4  2.37  8.33  5.75  86 1013.0  27.9  28.0  25.0 99.0 99.00
2026 05 13 13 50  85  9.9 12.0 99.00 99.00 99.00 999 1013.1  28.0  28.0  24.9 99.0 99.00
2026 05 13 14 00  84  9.3 11.6 99.00 99.00 99.00 999 1013.3  28.0  28.0  24.9 99.0 99.00
2026 05 13 14 10  87  9.5 11.4  2.45  8.33  6.00  86 1013.4  28.0  28.0  24.9 99.0 99.00
2026 05 13 14 20  82  9.2 12.1 99.00 99.00 99.00 999 1013.4  28.0  28.0  25.1 99.0 99.00
2026 05 13 14 30  86 10.0 11.6 99.00 99.00 99.00 999 1013.5  28.1  28.0  24.9 99.0 99.00
2026 05 13 14 40  85  9.8 12.2  2.41  8.33  5.86  88 1013.4  28.1  28.1  25.1 99.0 99.00
2026 05 13 14 50  85  9.7 12.0 99.00 99.00 99.00 999 1013.3  28.1  28.1  25.1 99.0 99.00
2026 05 13 15 00  83 10.0 11.9 99.00 99.00 99.00 999 1013.2  28.1  28.1  25.0 99.0 99.00
2026 05 13 15 10  79  9.1 11.9  2.53  7.69  6.09  93 1013.3  28.1  28.1  25.1 99.0 99.00
2026 05 13 15 20  78  9.1 10.8 99.00 99.00 99.00 999 1013.3  28.0  28.1  25.1 99.0 99.00
2026 05 13 15 30  81  8.7 10.5 99.00 99.00 99.00 999 1013.2  28.0  28.1  25.1 99.0 99.00
2026 05 13 15 40  80  8.7 10.8  2.53  8.33  5.91  85 1013.1  28.0  28.1  25.2 99.0 99.00
2026 05 13 15 50  75  9.0 11.0 99.00 99.00 99.00 999 1013.0  28.0  28.1  25.2 99.0 99.00
2026 05 13 16 00  78  9.0 11.0 99.00 99.00 99.00 999 1012.8  28.0  28.1  25.2 99.0 99.00
2026 05 13 16 10  70  8.8 10.6  2.16  7.69  5.64  87 1012.8  28.1  28.1  25.4 99.0 99.00
2026 05 13 16 20  72  9.1 10.9 99.00 99.00 99.00 999 1012.8  28.0  28.1  25.2 99.0 99.00
2026 05 13 16 30  73  8.5 10.8 99.00 99.00 99.00 999 1012.8  28.0  28.1  25.5 99.0 99.00
2026 05 13 16 40  74  9.0 11.1  2.45  7.69  6.08  82 1012.7  28.0  28.1  25.4 99.0 99.00
2026 05 13 16 50  75  8.9 10.5 99.00 99.00 99.00 999 1012.8  28.1  28.1  25.5 99.0 99.00
2026 05 13 17 00  79  8.8 10.7 99.00 99.00 99.00 999 1012.8  28.1  28.1  25.4 99.0 99.00
2026 05 13 17 10  80  8.5 10.7  2.40  7.69  6.05  86 1012.7  28.1  28.1  25.4 99.0 99.00
2026 05 13 17 20  79  8.8 10.7 99.00 99.00 99.00 999 1012.5  28.1  28.1  25.2 99.0 99.00
2026 05 13 17 30  80  8.5 10.4 99.00 99.00 99.00 999 1012.3  28.1  28.1  25.3 99.0 99.00
2026 05 13 17 40  77  8.9 10.5  2.42  8.33  5.88  84 1012.2  28.1  28.1  25.2 99.0 99.00
2026 05 13 17 50  76  8.0  9.6 99.00 99.00 99.00 999 1012.0  28.1  28.1  25.4 99.0 99.00
2026 05 13 18 00  78  8.0  9.7 99.00 99.00 99.00 999 1011.9  28.0  28.1  25.3 99.0 99.00
2026 05 13 18 10  78  8.1 10.0  2.38  7.69  5.91  90 1011.8  28.0  28.1  25.3 99.0 99.00
2026 05 13 18 20  78  8.4 10.2 99.00 99.00 99.00 999 1011.5  28.0  28.1  25.4 99.0 99.00
2026 05 13 18 30  79  8.3 10.6 99.00 99.00 99.00 999 1011.4  27.9  28.1  25.3 99.0 99.00
2026 05 13 18 40  82  8.1  9.8  2.23  8.33  5.87  84 1011.2  27.9  28.1  25.4 99.0 99.00
2026 05 13 18 50  84  7.6  9.7 99.00 99.00 99.00 999 1011.0  27.9  28.1  25.7 99.0 99.00
2026 05 13 19 00  82  8.2 10.1 99.00 99.00 99.00 999 1010.8  27.9  28.2  25.5 99.0 99.00
2026 05 13 19 10  82  8.4  9.9  2.34  8.33  6.01  86 1010.7  28.0  28.2  25.1 99.0 99.00
2026 05 13 19 20  84  8.1  9.4 99.00 99.00 99.00 999 1010.7  28.1  28.2  25.3 99.0 99.00
2026 05 13 19 30  84  8.2 10.3 99.00 99.00 99.00 999 1010.6  28.0  28.2  25.3 99.0 99.00
2026 05 13 19 40  85  8.1 10.1  2.22  8.33  5.91  85 1010.5  28.0  28.2  25.2 99.0 99.00
2026 05 13 19 50  81  8.2  9.8 99.00 99.00 99.00 999 1010.4  28.1  28.2  25.2 99.0 99.00
2026 05 13 20 00  76  8.1  9.9 99.00 99.00 99.00 999 1010.3  28.1  28.2  25.3 99.0 99.00
2026 05 13 20 10  75  8.2 10.0  2.06  7.69  5.76  94 1010.1  28.1  28.2  25.2 99.0 99.00
2026 05 13 20 20  72  8.3 10.1 99.00 99.00 99.00 999 1009.9  28.0  28.2  25.2 99.0 99.00
2026 05 13 20 30  70  8.1 10.3 99.00 99.00 99.00 999 1009.9  28.0 999.0  25.3 99.0 99.00
2026 05 13 20 40  71  8.4  9.8  2.28  7.69  5.97  85 1009.8  28.0  28.2  25.4 99.0 99.00
2026 05 13 20 50  67  8.4 10.0 99.00 99.00 99.00 999 1009.8  28.0  28.2  25.3 99.0 99.00
2026 05 13 21 00  65  8.4 10.2 99.00 99.00 99.00 999 1009.8  28.0  28.2  25.3 99.0 99.00
2026 05 13 21 10  61  8.5 10.4  2.32  7.69  5.99 100 1009.8  28.0  28.2  25.4 99.0 99.00
2026 05 13 21 20  61  8.2 10.9 99.00 99.00 99.00 999 1009.7  28.0  28.2  25.4 99.0 99.00
2026 05 13 21 30  63  8.5 10.6 99.00 99.00 99.00 999 1009.6  28.0  28.2  25.4 99.0 99.00
2026 05 13 21 40  60  8.2 10.4  2.33  7.69  5.90  80 1009.5  28.0  28.2  25.5 99.0 99.00
2026 05 13 21 50  59  8.5 10.3 99.00 99.00 99.00 999 1009.6  28.0  28.2  25.6 99.0 99.00
2026 05 13 22 00  59  8.9 10.6 99.00 99.00 99.00 999 1009.5  27.9  28.2  25.4 99.0 99.00
2026 05 13 22 10  58  8.4  9.9  2.21  7.69  5.78  83 1009.5  28.0  28.2  25.6 99.0 99.00
2026 05 13 22 20  62  8.7 11.2 99.00 99.00 99.00 999 1009.6  28.0  28.2  25.6 99.0 99.00
2026 05 13 22 30  64  8.9 10.4 99.00 99.00 99.00 999 1009.7  28.0  28.2  25.5 99.0 99.00
2026 05 13 22 40  62  8.7 10.1  2.23  7.69  5.96  92 1009.7  28.0  28.2  25.6 99.0 99.00
2026 05 13 22 50  59  8.5 10.5 99.00 99.00 99.00 999 1009.8  28.0  28.2  25.7 99.0 99.00
2026 05 13 23 00  58  8.7 10.3 99.00 99.00 99.00 999 1010.0  27.9  28.2  25.6 99.0 99.00
2026 05 13 23 10  59  8.8 10.6  2.06  7.69  5.72  78 1010.1  27.9  28.2  25.5 99.0 99.00
2026 05 13 23 20  58  8.7 10.2 99.00 99.00 99.00 999 1010.1  28.0  28.2  25.7 99.0 99.00
2026 05 13 23 30  58  8.5 10.2 99.00 99.00 99.00 999 1010.2  27.9  28.2  25.6 99.0 99.00
2026 05 13 23 40  63  9.1 10.9  2.27  8.33  5.83  87 1010.3  27.9  28.2  25.6 99.0 99.00
2026 05 13 23 50  61  9.1 11.5 99.00 99.00 99.00 999 1010.3  27.9  28.2  25.7 99.0 99.00
2026 05 14 00 00  65  9.8 11.9 99.00 99.00 99.00 999 1010.4  27.9  28.2  25.4 99.0 99.00
2026 05 14 00 10  66  9.0 10.9  2.08  8.33  5.64  88 1010.3  28.0  28.2  25.6 99.0 99.00
2026 05 14 00 20  65  9.0 10.6 99.00 99.00 99.00 999 1010.4  28.0  28.2  25.7 99.0 99.00
2026 05 14 00 30  68  9.4 11.5 99.00 99.00 99.00 999 1010.5  27.9  28.2  25.4 99.0 99.00
2026 05 14 00 40  66  9.2 11.4  2.24  7.69  5.84  88 1010.6  28.0  28.2  25.7 99.0 99.00
2026 05 14 00 50  68  9.9 11.9 99.00 99.00 99.00 999 1010.6  27.9  28.2  25.5 99.0 99.00
2026 05 14 01 00  67  9.1 11.1 99.00 99.00 99.00 999 1010.8  28.0  28.2  25.7 99.0 99.00
2026 05 14 01 10  64  8.9 11.0  2.13  8.33  5.70  89 1010.8  27.9  28.2  25.7 99.0 99.00
2026 05 14 01 20  64  9.5 11.5 99.00 99.00 99.00 999 1010.9  27.9  28.2  25.5 99.0 99.00
2026 05 14 01 30  64  8.9 11.0 99.00 99.00 99.00 999 1010.9  28.0  28.2  25.8 99.0 99.00
2026 05 14 01 40  67  9.5 11.8  2.23  8.33  5.69  91 1010.9  27.9  28.2  25.6 99.0 99.00
2026 05 14 01 50  69  9.4 11.1 99.00 99.00 99.00 999 1011.0  28.0  28.2  25.7 99.0 99.00
2026 05 14 02 00  66  9.6 11.5 99.00 99.00 99.00 999 1011.2  27.9  28.2  25.4 99.0 99.00
2026 05 14 02 10  69  8.9 11.5  2.14  7.69  5.57  85 1011.3  28.0  28.2  25.7 99.0 99.00
2026 05 14 02 20  68  8.8 11.8 99.00 99.00 99.00 999 1011.4  28.0  28.2  25.7 99.0 99.00
2026 05 14 02 30  71  9.7 12.3 99.00 99.00 99.00 999 1011.3  27.9  28.2  25.5 99.0 99.00
2026 05 14 02 40  69  9.3 11.5  2.30  8.33  5.94  83 1011.3  28.0  28.2  25.6 99.0 99.00
2026 05 14 02 50  66  9.5 11.8 99.00 99.00 99.00 999 1011.4  27.9  28.2  25.6 99.0 99.00
2026 05 14 03 00  66  9.5 12.0 99.00 99.00 99.00 999 1011.4  27.9  28.2  25.4 99.0 99.00
2026 05 14 03 10  66  9.0 11.3  2.10  8.33  5.73  83 1011.6  28.0  28.1  25.6 99.0 99.00
2026 05 14 03 20  63  9.0 10.9 99.00 99.00 99.00 999 1011.5  27.9  28.1  25.6 99.0 99.00
2026 05 14 03 30  64  9.1 10.6 99.00 99.00 99.00 999 1011.6  27.9  28.1  25.7 99.0 99.00
2026 05 14 03 40  65  8.7 11.2  2.02  7.69  5.42  89 1011.6  27.9  28.1  25.8 99.0 99.00
2026 05 14 03 50  63  9.1 10.8 99.00 99.00 99.00 999 1011.6  27.9  28.1  25.7 99.0 99.00
2026 05 14 04 00  64  9.1 11.1 99.00 99.00 99.00 999 1011.5  27.9  28.1  25.6 99.0 99.00
2026 05 14 04 10  66  9.4 11.6  2.11  8.33  5.53  93 1011.6  27.9  28.1  25.4 99.0 99.00
2026 05 14 04 20  65  9.6 11.6 99.00 99.00 99.00 999 1011.4  28.0  28.1  25.5 99.0 99.00
2026 05 14 04 30  63  9.4 11.7 99.00 99.00 99.00 999 1011.3  27.9  28.1  25.6 99.0 99.00
2026 05 14 04 40  63 10.1 12.7  2.26  8.33  5.73  89 1011.3  27.9  28.1  25.4 99.0 99.00
2026 05 14 04 50  63  9.1 10.8 99.00 99.00 99.00 999 1011.2  28.0  28.1  25.7 99.0 99.00
2026 05 14 05 00  64 10.0 11.7 99.00 99.00 99.00 999 1011.2  27.8  28.1  25.5 99.0 99.00
2026 05 14 05 10  67  9.5 12.0  2.11  8.33  5.58  84 1011.1  27.9  28.1  25.4 99.0 99.00
2026 05 14 05 20  68  9.4 11.2 99.00 99.00 99.00 999 1011.1  28.0  28.1  25.5 99.0 99.00
2026 05 14 05 30  71  9.1 11.7 99.00 99.00 99.00 999 1010.9  27.9  28.1  25.5 99.0 99.00
2026 05 14 05 40  71  9.5 12.1  2.16  7.14  5.59  86 1010.8  27.9  28.1  25.5 99.0 99.00
2026 05 14 05 50  69  9.1 11.2 99.00 99.00 99.00 999 1010.7  27.9  28.1  25.7 99.0 99.00
2026 05 14 06 00  72  9.3 11.9 99.00 99.00 99.00 999 1010.6  27.8  28.1  25.4 99.0 99.00
2026 05 14 06 10  71  8.9 10.7  2.02  8.33  5.58  83 1010.4  27.9  28.1  25.7 99.0 99.00
2026 05 14 06 20  70  9.0 10.9 99.00 99.00 99.00 999 1010.4  27.9  28.1  25.7 99.0 99.00
2026 05 14 06 30  71  8.5 10.5 99.00 99.00 99.00 999 1010.3  27.9  28.1  25.8 99.0 99.00
2026 05 14 06 40  69  9.4 11.4  1.99  7.69  5.34  81 1010.3  27.8  28.1  25.5 99.0 99.00
2026 05 14 06 50  72  9.3 11.6 99.00 99.00 99.00 999 1010.2  27.8  28.1  25.5 99.0 99.00
2026 05 14 07 00  68  8.6 10.5 99.00 99.00 99.00 999 1010.1  27.9  28.1  25.7 99.0 99.00
2026 05 14 07 10  68  9.0 11.0  2.16  8.33  5.75  84 1009.9  27.8  28.1  25.6 99.0 99.00
2026 05 14 07 20  66  8.7 10.2 99.00 99.00 99.00 999 1009.8  27.8  28.1  25.6 99.0 99.00
2026 05 14 07 30  68  8.9 10.4 99.00 99.00 99.00 999 1009.8  27.8  28.1  25.6 99.0 99.00
2026 05 14 07 40  68  9.0 11.2  2.18  7.69  5.63  94 1009.6  27.8  28.1  25.6 99.0 99.00
2026 05 14 07 50  65  9.5 11.1 99.00 99.00 99.00 999 1009.4  27.8  28.1  25.6 99.0 99.00
2026 05 14 08 00  71  9.8 11.7 99.00 99.00 99.00 999 1009.4  27.8  28.1  25.3 99.0 99.00
2026 05 14 08 10  69  9.6 11.6  2.12  7.69  5.57  91 1009.5  27.8  28.1  25.5 99.0 99.00
2026 05 14 08 20  68 10.0 12.4 99.00 99.00 99.00 999 1009.4  27.8  28.1  25.2 99.0 99.00
2026 05 14 08 30  72  9.7 11.5 99.00 99.00 99.00 999 1009.5  27.8  28.1  25.1 99.0 99.00
2026 05 14 08 40  71  9.0 11.2  2.24  8.33  5.75  90 1009.5  27.8  28.1  25.4 99.0 99.00
2026 05 14 08 50  67 10.0 12.5 99.00 99.00 99.00 999 1009.6  27.7  28.1  25.2 99.0 99.00
2026 05 14 09 00  71 10.4 12.9 99.00 99.00 99.00 999 1009.7  27.8  28.1  24.8 99.0 99.00
2026 05 14 09 10  69  9.2 11.3  2.06  8.33  5.50  94 1009.8  27.9  28.1  25.3 99.0 99.00
2026 05 14 09 20  71  9.2 11.4 99.00 99.00 99.00 999 1009.8  27.8  28.1  25.2 99.0 99.00
2026 05 14 09 30  67  8.9 10.6 99.00 99.00 99.00 999 1009.9  27.8  28.1  25.2 99.0 99.00
2026 05 14 09 40  69  9.5 12.2  2.05  8.33  5.49  86 1009.9  27.8  28.1  25.2 99.0 99.00
2026 05 14 09 50  74 10.2 12.3 99.00 99.00 99.00 999 1009.9  27.8  28.1  25.1 99.0 99.00
2026 05 14 10 00  72  9.4 11.6 99.00 99.00 99.00 999 1009.9  27.9  28.1  25.3 99.0 99.00
2026 05 14 10 10  70  9.6 11.5  2.22  7.69  5.62  92 1010.0  27.8  28.1  25.2 99.0 99.00
2026 05 14 10 20  69  9.5 11.4 99.00 99.00 99.00 999 1010.1  27.8  28.1  25.2 99.0 99.00
2026 05 14 10 30  69  9.3 11.6 99.00 99.00 99.00 999 1010.1  27.8  28.1  25.4 99.0 99.00
2026 05 14 10 40  72  9.4 11.5  2.28  8.33  5.68  91 1010.1  27.8  28.1  25.3 99.0 99.00
2026 05 14 10 50  75 10.0 12.5 99.00 99.00 99.00 999 1010.3  27.8  28.1  25.0 99.0 99.00
2026 05 14 11 00  74  9.8 11.6 99.00 99.00 99.00 999 1010.4  27.9  28.1  25.2 99.0 99.00
2026 05 14 11 10  69  9.6 11.4  2.36  8.33  5.95  82 1010.5  27.8  28.1  25.4 99.0 99.00
2026 05 14 11 20  71 10.2 12.0 99.00 99.00 99.00 999 1010.6  27.8  28.1  25.2 99.0 99.00
2026 05 14 11 30  73  9.7 11.5 99.00 99.00 99.00 999 1010.8  27.9  28.1  25.2 99.0 99.00
2026 05 14 11 40  70  9.7 11.8  2.30  7.69  5.68  87 1011.0  27.9  28.1  25.4 99.0 99.00
2026 05 14 11 50  70  9.8 11.7 99.00 99.00 99.00 999 1011.1  27.8  28.1  25.2 99.0 99.00
2026 05 14 12 00  71  9.8 12.4 99.00 99.00 99.00 999 1011.2  27.9  28.1  25.2 99.0 99.00
2026 05 14 12 10  75  9.6 11.8  2.42  8.33  5.92  79 1011.4  27.9  28.1  25.2 99.0 99.00
2026 05 14 12 20  76  9.5 11.3 99.00 99.00 99.00 999 1011.4  28.0  28.1  25.3 99.0 99.00
2026 05 14 12 30  76  9.5 11.4 99.00 99.00 99.00 999 1011.5  27.9  28.1  25.3 99.0 99.00
2026 05 14 12 40  74  9.7 11.7  2.34  8.33  5.77  87 1011.5  27.9  28.1  25.3 99.0 99.00
2026 05 14 12 50  74  9.9 11.7 99.00 99.00 99.00 999 1011.6  28.0  28.1  25.2 99.0 99.00
2026 05 14 13 00  74  9.1 11.7 99.00 99.00 99.00 999 1011.7  28.0  28.1  25.5 99.0 99.00
2026 05 14 13 10  76  9.3 11.2  2.36  7.69  5.81  84 1011.9  28.0  28.1  25.4 99.0 99.00
2026 05 14 13 20  76  9.1 11.1 99.00 99.00 99.00 999 1012.0  28.0  28.1  25.3 99.0 99.00
2026 05 14 13 30  74  9.3 12.0 99.00 99.00 99.00 999 1012.0  28.0  28.1  25.4 99.0 99.00
2026 05 14 13 40  75  9.5 11.7  2.27  8.33  5.76  86 1012.2  28.0  28.1  25.3 99.0 99.00
2026 05 14 13 50  72  9.5 12.6 99.00 99.00 99.00 999 1012.2  28.1  28.1  25.4 99.0 99.00
2026 05 14 14 00  72  9.4 11.9 99.00 99.00 99.00 999 1012.3  28.1  28.1  25.4 99.0 99.00
2026 05 14 14 10  76  9.7 11.6  2.68  8.33  6.17  81 1012.5  28.1  28.1  25.3 99.0 99.00
2026 05 14 14 20  79  8.8 11.1 99.00 99.00 99.00 999 1012.6  28.1  28.1  25.4 99.0 99.00
2026 05 14 14 30  74  9.0 11.6 99.00 99.00 99.00 999 1012.5  28.1  28.1  25.5 99.0 99.00
2026 05 14 14 40  76  9.3 11.9  2.61  8.33  6.16  87 1012.5  28.1  28.1  25.4 99.0 99.00
2026 05 14 14 50  77  9.6 11.2 99.00 99.00 99.00 999 1012.6  28.1  28.1  25.2 99.0 99.00
2026 05 14 15 00  79  9.0 11.3 99.00 99.00 99.00 999 1012.5  28.2  28.1  25.5 99.0 99.00
2026 05 14 15 10  73  9.0 10.7  2.51  8.33  5.99  81 1012.5  28.1  28.1  25.6 99.0 99.00
2026 05 14 15 20  76  8.9 11.9 99.00 99.00 99.00 999 1012.4  28.1  28.1  25.6 99.0 99.00
2026 05 14 15 30  78 10.8 12.7 99.00 99.00 99.00 999 1012.3  28.2  28.1  25.2 99.0 99.00
2026 05 14 15 40  79  9.7 12.0  2.53  8.33  6.11  85 1012.3  28.2  28.1  25.4 99.0 99.00
2026 05 14 15 50  79 10.0 12.7 99.00 99.00 99.00 999 1012.2  28.1  28.1  25.2 99.0 99.00
2026 05 14 16 00  80  9.6 11.6 99.00 99.00 99.00 999 1012.1  28.2  28.1  25.3 99.0 99.00
2026 05 14 16 10  80  9.5 11.4  2.37  8.33  5.85  88 1012.0  28.2  28.1  25.4 99.0 99.00
2026 05 14 16 20  81  9.3 11.2 99.00 99.00 99.00 999 1012.0  28.2  28.1  25.5 99.0 99.00
2026 05 14 16 30  82  9.7 12.3 99.00 99.00 99.00 999 1011.9  28.1  28.1  25.3 99.0 99.00
2026 05 14 16 40  81 10.3 12.6  2.40  8.33  5.87  89 1011.8  28.2  28.1  25.2 99.0 99.00
2026 05 14 16 50  81 10.1 12.6 99.00 99.00 99.00 999 1011.7  28.2  28.1  25.2 99.0 99.00
2026 05 14 17 00  84 10.1 12.6 99.00 99.00 99.00 999 1011.5  28.2  28.1  25.2 99.0 99.00
2026 05 14 17 10  84  9.5 11.7  2.77  8.33  6.21  79 1011.4  28.1  28.1  25.3 99.0 99.00
2026 05 14 17 20  84 10.3 12.6 99.00 99.00 99.00 999 1011.3  28.1  28.2  25.1 99.0 99.00
2026 05 14 17 30  80  9.5 12.3 99.00 99.00 99.00 999 1011.2  28.1  28.2  25.3 99.0 99.00
2026 05 14 17 40  80  9.2 11.7  2.60  8.33  6.07  79 1011.1  28.1  28.2  25.6 99.0 99.00
2026 05 14 17 50  79  9.6 11.9 99.00 99.00 99.00 999 1010.9  28.1  28.2  25.6 99.0 99.00
2026 05 14 18 00  81 10.4 12.3 99.00 99.00 99.00 999 1010.9  28.1  28.2  25.3 99.0 99.00
2026 05 14 18 10  81  9.4 12.2  2.48  8.33  6.00  89 1010.8  28.1  28.2  25.4 99.0 99.00
2026 05 14 18 20  84 10.0 12.3 99.00 99.00 99.00 999 1010.8  28.1  28.2  25.2 99.0 99.00
2026 05 14 18 30  81  9.6 12.2 99.00 99.00 99.00 999 1010.6  28.1  28.2  25.2 99.0 99.00
2026 05 14 18 40  83 10.3 12.4  2.66  8.33  6.28  83 1010.3  28.2  28.2  25.0 99.0 99.00
2026 05 14 18 50  83  9.6 11.9 99.00 99.00 99.00 999 1010.2  28.2  28.2  25.0 99.0 99.00
2026 05 14 19 00  80  9.6 11.4 99.00 99.00 99.00 999 1010.1  28.1  28.2  25.2 99.0 99.00
2026 05 14 19 10  78  9.3 11.5  2.77  8.33  6.30  86 1010.0  28.1  28.2  25.3 99.0 99.00
2026 05 14 19 20  79 10.0 12.1 99.00 99.00 99.00 999 1009.9  28.1  28.2  25.2 99.0 99.00
2026 05 14 19 30  79  9.4 11.7 99.00 99.00 99.00 999 1010.0  28.1  28.2  25.3 99.0 99.00
2026 05 14 19 40  78  9.3 11.0  2.51  8.33  5.84  75 1009.8  28.1  28.2  25.3 99.0 99.00
2026 05 14 19 50  78  8.8 10.9 99.00 99.00 99.00 999 1009.8  28.1  28.2  25.4 99.0 99.00
2026 05 14 20 00  76  8.3 10.2 99.00 99.00 99.00 999 1009.6  28.1  28.2  25.5 99.0 99.00
2026 05 14 20 10  72  8.6 10.5  2.52  9.09  5.98  87 1009.5  28.1  28.2  25.7 99.0 99.00
2026 05 14 20 20  74  9.1 11.3 99.00 99.00 99.00 999 1009.3  28.0  28.2  25.5 99.0 99.00
2026 05 14 20 30  79  9.4 11.5 99.00 99.00 99.00 999 1009.2  28.1  28.2  25.3 99.0 99.00
2026 05 14 20 40  74  8.5 10.7  2.66  8.33  6.36  83 1009.1  28.1  28.2  25.5 99.0 99.00
2026 05 14 20 50  73  9.0 11.4 99.00 99.00 99.00 999 1009.1  28.0  28.2  25.3 99.0 99.00
2026 05 14 21 00  71  8.3 10.5 99.00 99.00 99.00 999 1009.1  28.1  28.2  25.5 99.0 99.00
2026 05 14 21 10  71  8.6 10.8  2.71  8.33  6.34  88 1009.1  28.0  28.2  25.4 99.0 99.00
2026 05 14 21 20  71  7.9  9.6 99.00 99.00 99.00 999 1009.1  28.1  28.2  25.7 99.0 99.00
2026 05 14 21 30  74  8.4 10.3 99.00 99.00 99.00 999 1009.0  28.0  28.2  25.5 99.0 99.00
2026 05 14 21 40  73  8.1 10.0  2.47  8.33  6.03  77 1009.1  28.0  28.2  25.5 99.0 99.00
2026 05 14 21 50  68  8.2  9.9 99.00 99.00 99.00 999 1009.1  28.0  28.2  25.6 99.0 99.00
2026 05 14 22 00  66  8.7 10.5 99.00 99.00 99.00 999 1009.1  28.0  28.2  25.6 99.0 99.00
2026 05 14 22 10  69  8.5 11.0  2.61  8.33  6.17  83 1009.1  28.1  28.2  25.6 99.0 99.00
2026 05 14 22 20  71  9.1 11.2 99.00 99.00 99.00 999 1009.1  28.0  28.2  25.4 99.0 99.00
2026 05 14 22 30  70  8.6 10.0 99.00 99.00 99.00 999 1009.2  28.1  28.2  25.6 99.0 99.00
2026 05 14 22 40  66  9.2 12.3  2.47  8.33  6.10  76 1009.1  28.0  28.2  25.4 99.0 99.00
2026 05 14 22 50  70  9.6 11.8 99.00 99.00 99.00 999 1009.3  28.0  28.2  25.3 99.0 99.00
2026 05 14 23 00  70  9.4 11.8 99.00 99.00 99.00 999 1009.3  28.1  28.2  25.6 99.0 99.00
2026 05 14 23 10  68  9.3 11.2  2.60  8.33  6.30  86 1009.4  28.0  28.2  25.5 99.0 99.00
2026 05 14 23 20  69  8.9 11.8 99.00 99.00 99.00 999 1009.5  28.0  28.2  25.5 99.0 99.00
2026 05 14 23 30  68  9.3 12.1 99.00 99.00 99.00 999 1009.7  28.0  28.2  25.5 99.0 99.00
2026 05 14 23 40  67  9.6 11.8  2.86  9.09  6.52  89 1009.8  28.0  28.2  25.5 99.0 99.00
2026 05 14 23 50  66  9.2 11.3 99.00 99.00 99.00 999 1010.0  28.0  28.2  25.6 99.0 99.00
2026 05 15 00 00  66  9.3 11.1 99.00 99.00 99.00 999 1010.1  28.0  28.2  25.7 99.0 99.00
2026 05 15 00 10  67  9.5 11.6  2.55  8.33  6.18  87 1010.3  28.0  28.2  25.7 99.0 99.00
2026 05 15 00 20  67  9.9 11.7 99.00 99.00 99.00 999 1010.6  28.1  28.2  25.7 99.0 99.00
2026 05 15 00 30  67  9.7 12.3 99.00 99.00 99.00 999 1010.6  28.1  28.2  25.7 99.0 99.00
2026 05 15 00 40  68  9.6 11.8  2.75  8.33  6.49  85 1010.7  28.1  28.2  25.7 99.0 99.00
2026 05 15 00 50  69 10.0 12.1 99.00 99.00 99.00 999 1010.8  28.1  28.2  25.7 99.0 99.00
2026 05 15 01 00  69  9.6 11.2 99.00 99.00 99.00 999 1010.9  28.1  28.2  25.7 99.0 99.00
2026 05 15 01 10  65  9.3 11.6  2.54  9.09  6.24  89 1010.9  28.0  28.2  25.7 99.0 99.00
2026 05 15 01 20  66  9.5 11.4 99.00 99.00 99.00 999 1011.1  28.0  28.2  25.7 99.0 99.00
2026 05 15 01 30  67  9.4 11.9 99.00 99.00 99.00 999 1011.2  28.0  28.2  25.6 99.0 99.00
2026 05 15 01 40  65  9.8 12.5  2.50  8.33  5.94  87 1011.3  28.1  28.2  25.8 99.0 99.00
2026 05 15 01 50  63 10.0 12.4 99.00 99.00 99.00 999 1011.4  28.1  28.2  25.7 99.0 99.00
2026 05 15 02 00  65  9.5 11.5 99.00 99.00 99.00 999 1011.6  28.1  28.2  25.8 99.0 99.00
2026 05 15 02 10  69  9.6 12.2  2.62  8.33  6.28  84 1011.7  28.1 999.0  25.6 99.0 99.00
2026 05 15 02 20  66  9.5 11.6 99.00 99.00 99.00 999 1011.6  28.0  28.2  25.7 99.0 99.00
2026 05 15 02 30  65 10.0 12.6 99.00 99.00 99.00 999 1011.7  28.0  28.2  25.6 99.0 99.00
2026 05 15 02 40  66  9.9 12.0  2.45  8.33  5.97  84 1011.6  28.1  28.2  25.6 99.0 99.00
2026 05 15 02 50  64  9.4 11.8 99.00 99.00 99.00 999 1011.6  28.0  28.2  25.7 99.0 99.00
2026 05 15 03 00  64  9.8 12.2 99.00 99.00 99.00 999 1011.7  28.0  28.2  25.8 99.0 99.00
2026 05 15 03 10  66  9.7 11.9  2.60  9.09  6.23  84 1011.6  28.0  28.2  25.7 99.0 99.00
2026 05 15 03 20  68 10.4 12.4 99.00 99.00 99.00 999 1011.6  28.0  28.2  25.5 99.0 99.00
2026 05 15 03 30  63 10.5 12.3 99.00 99.00 99.00 999 1011.6  28.0  28.2  25.4 99.0 99.00
2026 05 15 03 40  63 10.1 12.9  2.36  9.09  5.96  84 1011.5  28.0  28.2  25.7 99.0 99.00
2026 05 15 03 50  65 10.1 12.8 99.00 99.00 99.00 999 1011.4  28.0  28.2  25.7 99.0 99.00
2026 05 15 04 00  65 11.2 13.7 99.00 99.00 99.00 999 1011.5  27.9  28.3  25.4 99.0 99.00
2026 05 15 04 10  70 11.0 13.1  2.65  9.09  6.04  92 1011.5  27.9  28.2  25.2 99.0 99.00
2026 05 15 04 20  68 11.0 13.5 99.00 99.00 99.00 999 1011.2  28.0  28.2  25.3 99.0 99.00
2026 05 15 04 30  69 11.4 13.9 99.00 99.00 99.00 999 1011.2  28.0  28.2  25.2 99.0 99.00
2026 05 15 04 40  66 10.2 12.9  2.57  8.33  5.91  89 1011.3  28.0  28.2  25.6 99.0 99.00
2026 05 15 04 50  66 11.1 13.5 99.00 99.00 99.00 999 1011.2  27.9  28.2  25.5 99.0 99.00
2026 05 15 05 00  69 11.1 13.2 99.00 99.00 99.00 999 1011.1  27.9  28.2  25.2 99.0 99.00
2026 05 15 05 10  69 11.2 13.5  2.71  9.09  6.17  90 1010.9  27.9  28.2  25.2 99.0 99.00
2026 05 15 05 20  69 10.6 13.4 99.00 99.00 99.00 999 1010.8  27.9  28.2  25.3 99.0 99.00
2026 05 15 05 30  71 11.5 13.8 99.00 99.00 99.00 999 1010.7  27.9  28.2  24.8 99.0 99.00
2026 05 15 05 40  66 10.6 13.2  2.79  9.09  6.16  79 1010.8  27.9  28.3  25.2 99.0 99.00
2026 05 15 05 50  65 10.4 13.0 99.00 99.00 99.00 999 1010.9  27.9  28.2  25.3 99.0 99.00
2026 05 15 06 00  67 11.4 13.4 99.00 99.00 99.00 999 1010.9  27.8  28.2  25.1 99.0 99.00
2026 05 15 06 10  74 11.7 14.5  2.60  8.33  5.87  85 1010.9  27.9  28.2  24.9 99.0 99.00
2026 05 15 06 20  73 10.5 13.4 99.00 99.00 99.00 999 1011.0  27.9 999.0  25.1 99.0 99.00
2026 05 15 06 30  73 11.2 13.5 99.00 99.00 99.00 999 1011.1  27.9  28.2  24.8 99.0 99.00
2026 05 15 06 40  78 10.1 12.2  2.95  8.33  6.14  84 1011.1  28.0  28.2  25.1 99.0 99.00
2026 05 15 06 50  70 10.8 13.0 99.00 99.00 99.00 999 1011.0  27.9  28.2  25.3 99.0 99.00
2026 05 15 07 00  72 11.1 14.0 99.00 99.00 99.00 999 1011.0  27.8  28.2  25.0 99.0 99.00
2026 05 15 07 10  73 11.0 13.5  2.77  9.09  6.03  82 1010.9  27.9  28.2  25.0 99.0 99.00
2026 05 15 07 20  75 10.8 13.7 99.00 99.00 99.00 999 1011.0  27.9  28.2  24.8 99.0 99.00
2026 05 15 07 30  76 10.9 13.6 99.00 99.00 99.00 999 1010.9  28.0  28.2  24.9 99.0 99.00
2026 05 15 07 40  77 10.7 13.4  2.73  8.33  6.24  90 1010.9  28.0  28.2  24.9 99.0 99.00
2026 05 15 07 50  75  9.9 12.3 99.00 99.00 99.00 999 1010.9  28.0  28.2  25.1 99.0 99.00
2026 05 15 08 00  73  9.4 11.4 99.00 99.00 99.00 999 1010.9  27.9  28.2  25.2 99.0 99.00
2026 05 15 08 10  73 10.2 12.1  2.70  8.33  6.13  88 1010.8  27.8  28.2  25.1 99.0 99.00
2026 05 15 08 20  74 10.6 13.1 99.00 99.00 99.00 999 1010.5  27.9  28.2  25.0 99.0 99.00
2026 05 15 08 30  73 11.0 13.5 99.00 99.00 99.00 999 1010.4  27.9  28.2  25.0 99.0 99.00
2026 05 15 08 40  73 10.4 12.9  2.78  8.33  6.08  85 1010.4  27.9  28.2  25.0 99.0 99.00
2026 05 15 08 50  74 10.6 13.3 99.00 99.00 99.00 999 1010.4  27.9  28.2  25.0 99.0 99.00
2026 05 15 09 00  77 10.6 12.8 99.00 99.00 99.00 999 1010.5  27.9  28.2  24.7 99.0 99.00
2026 05 15 09 10  75 10.2 12.5  2.67  9.09  6.12  82 1010.4  27.9  28.2  25.0 99.0 99.00
2026 05 15 09 20  78 10.3 13.2 99.00 99.00 99.00 999 1010.6  28.0  28.2  24.8 99.0 99.00
2026 05 15 09 30  75 10.3 13.5 99.00 99.00 99.00 999 1010.6  28.0  28.2  25.2 99.0 99.00
2026 05 15 09 40  78 11.2 13.4  2.79  8.33  6.14  83 1010.6  28.0  28.2  24.9 99.0 99.00
2026 05 15 09 50  79 10.8 13.7 99.00 99.00 99.00 999 1010.7  27.6  28.2  25.0 99.0 99.00
2026 05 15 10 00  77 10.1 12.5 99.00 99.00 99.00 999 1010.8  28.0  28.2  25.2 99.0 99.00
2026 05 15 10 10  74 10.5 13.0  2.66  8.33  6.11  89 1010.8  28.0  28.2  25.2 99.0 99.00
2026 05 15 10 20  75 11.3 14.4 99.00 99.00 99.00 999 1010.8  28.0  28.2  24.9 99.0 99.00
2026 05 15 10 30  76 10.8 13.1 99.00 99.00 99.00 999 1011.0  28.1  28.2  25.1 99.0 99.00
2026 05 15 10 40  78 11.6 14.2  2.86  7.69  6.21  90 1010.9  28.0  28.2  24.8 99.0 99.00
2026 05 15 10 50  76 10.7 13.2 99.00 99.00 99.00 999 1011.1  28.1  28.2  25.1 99.0 99.00
2026 05 15 11 00  77 11.6 14.4 99.00 99.00 99.00 999 1011.1  28.1  28.2  24.9 99.0 99.00
2026 05 15 11 10  76 11.3 13.8  2.76  8.33  6.11  87 1011.3  28.1  28.2  24.9 99.0 99.00
2026 05 15 11 20  75 10.5 12.7 99.00 99.00 99.00 999 1011.4  28.1  28.2  25.1 99.0 99.00
2026 05 15 11 30  76 10.9 13.4 99.00 99.00 99.00 999 1011.4  28.1  28.2  25.0 99.0 99.00
2026 05 15 11 40  77 10.9 13.9  2.69  9.09  6.06  85 1011.5  28.1  28.2  25.0 99.0 99.00
2026 05 15 11 50  75 11.1 13.2 99.00 99.00 99.00 999 1011.7  28.1  28.2  25.0 99.0 99.00
2026 05 15 12 00  77 10.9 13.5 99.00 99.00 99.00 999 1011.8  28.1  28.2  25.0 99.0 99.00
2026 05 15 12 10  78 11.5 14.1  2.98  8.33  6.26  86 1011.8  28.2  28.2  24.9 99.0 99.00
2026 05 15 12 20  81 11.1 13.6 99.00 99.00 99.00 999 1012.0  28.1  28.2  25.0 99.0 99.00
2026 05 15 12 30  83 11.5 14.0 99.00 99.00 99.00 999 1012.0  28.1  28.2  24.9 99.0 99.00
2026 05 15 12 40  79 11.5 13.6  2.95  9.09  6.35  83 1012.0  28.0  28.2  25.2 99.0 99.00
2026 05 15 12 50  82 11.4 14.0 99.00 99.00 99.00 999 1012.0  28.0  28.2  25.2 99.0 99.00
2026 05 15 13 00  82 11.0 13.4 99.00 99.00 99.00 999 1012.1  28.1  28.2  25.1 99.0 99.00
2026 05 15 13 10  81 10.9 13.7  2.93  8.33  6.04  88 1012.2  27.9  28.2  25.3 99.0 99.00
2026 05 15 13 20  78 11.8 14.0 99.00 99.00 99.00 999 1012.1  27.9  28.2  25.2 99.0 99.00
2026 05 15 13 30  78 11.5 14.7 99.00 99.00 99.00 999 1012.2  28.0  28.2  25.1 99.0 99.00
2026 05 15 13 40  81 12.1 15.2  2.96  8.33  6.01  83 1012.2  28.1  28.2  24.9 99.0 99.00
2026 05 15 13 50  78 11.8 14.5 99.00 99.00 99.00 999 1012.1  28.1  28.2  25.0 99.0 99.00
2026 05 15 14 00  78 11.7 14.7 99.00 99.00 99.00 999 1012.2  28.1  28.2  25.0 99.0 99.00
2026 05 15 14 10  82 11.4 13.9  3.04  7.69  6.31  81 1012.4  28.2  28.2  25.0 99.0 99.00
2026 05 15 14 20  80 10.7 13.1 99.00 99.00 99.00 999 1012.3  28.2  28.2  25.1 99.0 99.00
2026 05 15 14 30  80 11.0 13.5 99.00 99.00 99.00 999 1012.3  28.1  28.2  25.2 99.0 99.00
2026 05 15 14 40  76 11.1 14.5  2.87  9.09  5.97  87 1012.4  27.8  28.2  25.4 99.0 99.00
2026 05 15 14 50  79 11.3 13.6 99.00 99.00 99.00 999 1012.4  28.0  28.2  25.3 99.0 99.00
2026 05 15 15 00  81 11.1 13.5 99.00 99.00 99.00 999 1012.4  28.1  28.2  25.1 99.0 99.00
2026 05 15 15 10  78 11.5 14.2  2.96  7.69  6.23  87 1012.3  28.2  28.2  25.0 99.0 99.00
2026 05 15 15 20  75 10.6 13.5 99.00 99.00 99.00 999 1012.3  28.2  28.2  25.3 99.0 99.00
2026 05 15 15 30  77 11.1 13.4 99.00 99.00 99.00 999 1012.3  28.1  28.2  25.1 99.0 99.00
2026 05 15 15 40  77 11.0 13.3  3.04  9.09  6.32  82 1012.1  28.2  28.2  25.4 99.0 99.00
2026 05 15 15 50  79 11.6 14.7 99.00 99.00 99.00 999 1012.0  28.2  28.2  25.2 99.0 99.00
2026 05 15 16 00  79 11.1 13.2 99.00 99.00 99.00 999 1012.0  28.2  28.2  25.4 99.0 99.00
2026 05 15 16 10  76 10.8 13.4  3.10  9.09  6.32  79 1012.0  28.1  28.2  25.4 99.0 99.00
2026 05 15 16 20  78 11.1 14.0 99.00 99.00 99.00 999 1012.0  28.2  28.2  25.3 99.0 99.00
2026 05 15 16 30  76 11.3 13.8 99.00 99.00 99.00 999 1011.9  28.1  28.2  25.2 99.0 99.00
2026 05 15 16 40  78 11.1 13.5  3.07  8.33  6.43  89 1011.8  28.1  28.2  25.2 99.0 99.00
2026 05 15 16 50  80 11.2 14.0 99.00 99.00 99.00 999 1011.7  28.2  28.2  25.1 99.0 99.00
2026 05 15 17 00  81 11.1 13.4 99.00 99.00 99.00 999 1011.6  28.2  28.2  25.1 99.0 99.00
2026 05 15 17 10  83 11.5 14.2  3.07  9.09  6.27  83 1011.7  28.2  28.2  24.9 99.0 99.00
2026 05 15 17 20  81 10.4 12.9 99.00 99.00 99.00 999 1011.6  28.2  28.2  25.1 99.0 99.00
2026 05 15 17 30  81 10.6 13.2 99.00 99.00 99.00 999 1011.5  28.1  28.2  25.1 99.0 99.00
2026 05 15 17 40  81 11.3 13.7  3.50  9.09  6.85  86 1011.4  28.2  28.2  25.0 99.0 99.00
2026 05 15 17 50  83 10.5 12.3 99.00 99.00 99.00 999 1011.4  28.2  28.2  25.2 99.0 99.00
2026 05 15 18 00  83 10.4 12.7 99.00 99.00 99.00 999 1011.3  28.1  28.2  25.2 99.0 99.00
2026 05 15 18 10  85 10.7 13.3  2.91  9.09  6.30  78 1011.2  28.2  28.2  25.1 99.0 99.00
2026 05 15 18 20  83 10.1 12.4 99.00 99.00 99.00 999 1011.1  28.2  28.2  25.3 99.0 99.00
2026 05 15 18 30  83 10.1 12.3 99.00 99.00 99.00 999 1010.9  28.1  28.2  25.3 99.0 99.00
2026 05 15 18 40  85 10.8 12.5  2.84  9.09  6.23  80 1010.9  28.2  28.2  25.2 99.0 99.00
2026 05 15 18 50  86 10.0 13.1 99.00 99.00 99.00 999 1010.7  28.2  28.2  25.3 99.0 99.00
2026 05 15 19 00  81  9.8 11.7 99.00 99.00 99.00 999 1010.6  28.1  28.2  25.3 99.0 99.00
2026 05 15 19 10  82  9.9 12.0  3.12  9.09  6.54  86 1010.6  28.2  28.2  25.2 99.0 99.00
2026 05 15 19 20  81  9.8 11.9 99.00 99.00 99.00 999 1010.4  28.1  28.2  25.3 99.0 99.00
2026 05 15 19 30  82  9.5 12.4 99.00 99.00 99.00 999 1010.2  28.2  28.2  25.5 99.0 99.00
2026 05 15 19 40  80  9.5 12.0  2.71  8.33  6.15  86 1010.1  28.1  28.2  25.5 99.0 99.00
2026 05 15 19 50  78  9.5 12.3 99.00 99.00 99.00 999 1010.0  28.1  28.2  25.5 99.0 99.00
2026 05 15 20 00  80 10.0 12.8 99.00 99.00 99.00 999 1010.0  28.1  28.2  25.4 99.0 99.00
2026 05 15 20 10  80  9.7 12.0  2.93  9.09  6.41  86 1009.9  28.2  28.2  25.4 99.0 99.00
2026 05 15 20 20  76  9.9 12.0 99.00 99.00 99.00 999 1009.8  28.2  28.2  25.4 99.0 99.00
2026 05 15 20 30  74  9.3 11.7 99.00 99.00 99.00 999 1009.8  28.2  28.2  25.7 99.0 99.00
2026 05 15 20 40  74  9.9 12.5  3.09  9.09  6.67  90 1009.8  28.1  28.2  25.4 99.0 99.00
2026 05 15 20 50  74  9.1 11.2 99.00 99.00 99.00 999 1009.8  28.2  28.2  25.6 99.0 99.00
2026 05 15 21 00  75  9.2 11.4 99.00 99.00 99.00 999 1009.8  28.1  28.2  25.7 99.0 99.00
2026 05 15 21 10  73 10.1 11.8  2.90  9.09  6.40  86 1009.6  28.1  28.2  25.5 99.0 99.00
2026 05 15 21 20  73  9.6 11.7 99.00 99.00 99.00 999 1009.6  28.2  28.2  25.6 99.0 99.00
2026 05 15 21 30  71  9.4 11.5 99.00 99.00 99.00 999 1009.5  28.1  28.2  25.5 99.0 99.00
2026 05 15 21 40  72  9.8 11.9  2.96  9.09  6.50  83 1009.6  28.1  28.2  25.5 99.0 99.00
2026 05 15 21 50  72 10.1 12.7 99.00 99.00 99.00 999 1009.7  28.2  28.2  25.4 99.0 99.00
2026 05 15 22 00  67  9.7 12.0 99.00 99.00 99.00 999 1009.6  28.2  28.2  25.6 99.0 99.00
2026 05 15 22 10  68  9.6 11.7  2.62  9.09  6.21  87 1009.7  28.1  28.2  25.5 99.0 99.00
2026 05 15 22 20  67  9.6 11.7 99.00 99.00 99.00 999 1009.7  28.1  28.2  25.6 99.0 99.00
2026 05 15 22 30  69  9.6 12.0 99.00 99.00 99.00 999 1009.8  28.1  28.2  25.6 99.0 99.00
2026 05 15 22 40  68  9.6 11.6  3.02  9.09  6.64  89 1009.8  28.0  28.2  25.6 99.0 99.00
2026 05 15 22 50  68 10.0 12.5 99.00 99.00 99.00 999 1009.8  28.0  28.2  25.5 99.0 99.00
2026 05 15 23 00  67  9.9 12.1 99.00 99.00 99.00 999 1009.9  28.1  28.2  25.7 99.0 99.00
2026 05 15 23 10  66 10.5 13.1  2.88  9.09  6.35  84 1010.0  28.0  28.2  25.5 99.0 99.00
2026 05 15 23 20  63  9.7 11.7 99.00 99.00 99.00 999 1010.1  28.0  28.2  25.7 99.0 99.00
2026 05 15 23 30  63 10.2 12.6 99.00 99.00 99.00 999 1010.1  28.0  28.2  25.7 99.0 99.00
2026 05 15 23 40  62 10.7 12.9  2.64  9.09  6.18  92 1010.2  28.0  28.2  25.5 99.0 99.00
2026 05 15 23 50  65 10.5 12.9 99.00 99.00 99.00 999 1010.3  28.0  28.2  25.5 99.0 99.00
2026 05 16 00 00  60 10.4 12.7 99.00 99.00 99.00 999 1010.6  28.0  28.2  25.5 99.0 99.00
2026 05 16 00 10  62 10.4 12.9  2.88  9.09  6.23  86 1010.6  28.1  28.2  25.6 99.0 99.00
2026 05 16 00 20  63 10.0 12.6 99.00 99.00 99.00 999 1010.8  28.0  28.2  25.7 99.0 99.00
2026 05 16 00 30  63 10.4 12.7 99.00 99.00 99.00 999 1010.8  28.0  28.2  25.6 99.0 99.00
2026 05 16 00 40  65 10.3 12.9  2.80  9.09  6.25  90 1010.8  28.0  28.2  25.6 99.0 99.00
2026 05 16 00 50  65 11.2 13.6 99.00 99.00 99.00 999 1010.8  28.0  28.2  25.4 99.0 99.00
2026 05 16 01 00  67 11.1 13.2 99.00 99.00 99.00 999 1011.0  28.0  28.2  25.3 99.0 99.00
2026 05 16 01 10  66 11.0 13.5  3.07  9.09  6.58  80 1011.2  28.0  28.2  25.4 99.0 99.00
2026 05 16 01 20  63 10.5 13.4 99.00 99.00 99.00 999 1011.3  28.0  28.2  25.6 99.0 99.00
2026 05 16 01 30  67 11.0 13.6 99.00 99.00 99.00 999 1011.4  27.9  28.2  25.3 99.0 99.00
2026 05 16 01 40  68 11.2 13.5  2.91  9.09  6.25  87 1011.5  28.0  28.2  25.3 99.0 99.00
2026 05 16 01 50  65 11.6 13.9 99.00 99.00 99.00 999 1011.6  28.0  28.2  25.2 99.0 99.00
2026 05 16 02 00  67 10.9 13.5 99.00 99.00 99.00 999 1011.7  28.0  28.2  25.3 99.0 99.00
2026 05 16 02 10  67 10.8 13.3  2.87 10.00  6.35  87 1011.7  28.0  28.2  25.4 99.0 99.00
2026 05 16 02 20  66 10.9 13.1 99.00 99.00 99.00 999 1011.7  27.9  28.2  25.3 99.0 99.00
2026 05 16 02 30  65 11.5 13.9 99.00 99.00 99.00 999 1011.7  28.0  28.2  25.2 99.0 99.00
2026 05 16 02 40  66 11.6 13.6  2.61  9.09  6.00  85 1011.7  28.0  28.2  25.1 99.0 99.00
2026 05 16 02 50  68 10.8 13.6 99.00 99.00 99.00 999 1011.7  28.0  28.2  25.3 99.0 99.00
2026 05 16 03 00  66 11.4 13.6 99.00 99.00 99.00 999 1011.7  27.9  28.2  25.2 99.0 99.00
2026 05 16 03 10  67 10.8 13.7  3.14  9.09  6.39  76 1011.7  28.0 999.0  25.4 99.0 99.00
2026 05 16 03 20  69 11.8 13.9 99.00 99.00 99.00 999 1011.7  27.9  28.2  25.1 99.0 99.00
2026 05 16 03 30  68 11.8 14.0 99.00 99.00 99.00 999 1011.9  28.0  28.2  25.0 99.0 99.00
2026 05 16 03 40  65 11.0 13.6  2.86  9.09  6.24  82 1011.9  27.9  28.2  25.1 99.0 99.00
2026 05 16 03 50  69 11.5 13.8 99.00 99.00 99.00 999 1011.8  27.9  28.1  25.1 99.0 99.00
2026 05 16 04 00  67 11.2 14.2 99.00 99.00 99.00 999 1011.9  27.9  28.2  25.1 99.0 99.00
2026 05 16 04 10  65 11.3 13.5  2.79  8.33  6.04  83 1011.9  27.9  28.1  25.1 99.0 99.00
2026 05 16 04 20  67 11.1 14.0 99.00 99.00 99.00 999 1011.8  27.9  28.1  25.1 99.0 99.00
2026 05 16 04 30  66 11.2 13.6 99.00 99.00 99.00 999 1011.7  27.9  28.1  25.0 99.0 99.00
2026 05 16 04 40  68 11.2 13.3  2.86  9.09  6.26  80 1011.5  27.9  28.1  25.1 99.0 99.00
2026 05 16 04 50  68 11.4 13.5 99.00 99.00 99.00 999 1011.4  27.8  28.1  25.0 99.0 99.00
2026 05 16 05 00  68 11.5 13.8 99.00 99.00 99.00 999 1011.4  27.8  28.1  24.9 99.0 99.00
2026 05 16 05 10  66 11.3 13.7  2.80  9.09  6.04  80 1011.4  27.8  28.1  25.0 99.0 99.00
2026 05 16 05 20  69 11.4 13.5 99.00 99.00 99.00 999 1011.5  27.8  28.1  24.8 99.0 99.00
2026 05 16 05 30  69 11.0 13.2 99.00 99.00 99.00 999 1011.5  27.8  28.1  24.9 99.0 99.00
2026 05 16 05 40  67 11.9 13.8  2.74  9.09  6.14  78 1011.4  27.8  28.1  24.7 99.0 99.00
2026 05 16 05 50  69 10.9 13.6 99.00 99.00 99.00 999 1011.3  27.8  28.1  24.9 99.0 99.00
2026 05 16 06 00  69 11.2 14.2 99.00 99.00 99.00 999 1011.2  27.8  28.1  24.8 99.0 99.00
2026 05 16 06 10  68 11.5 13.5  2.91  8.33  6.08  88 1011.1  27.8  28.1  24.7 99.0 99.00
2026 05 16 06 20  71 11.7 13.5 99.00 99.00 99.00 999 1010.9  27.8  28.1  24.6 99.0 99.00
2026 05 16 06 30  66 10.9 13.7 99.00 99.00 99.00 999 1010.8  27.8  28.1  25.0 99.0 99.00
2026 05 16 06 40  66 11.3 13.2  2.93  8.33  6.28  96 1010.8  27.7  28.1  25.0 99.0 99.00
2026 05 16 06 50  67 10.6 13.3 99.00 99.00 99.00 999 1010.8  27.7  28.1  25.1 99.0 99.00
2026 05 16 07 00  69 11.0 13.9 99.00 99.00 99.00 999 1010.9  27.7  28.1  24.9 99.0 99.00
2026 05 16 07 10  68 11.2 13.9  2.95  8.33  6.16  79 1010.8  27.7  28.1  24.8 99.0 99.00
2026 05 16 07 20  69 11.3 13.3 99.00 99.00 99.00 999 1010.6  27.7  28.1  24.7 99.0 99.00
2026 05 16 07 30  71 11.1 13.2 99.00 99.00 99.00 999 1010.6  27.8  28.1  24.9 99.0 99.00
2026 05 16 07 40  67 11.1 13.5  3.10  9.09  6.31  82 1010.6  27.7  28.1  25.0 99.0 99.00
2026 05 16 07 50  70 10.8 12.8 99.00 99.00 99.00 999 1010.7  27.7  28.1  24.9 99.0 99.00
2026 05 16 08 00  67 11.0 13.8 99.00 99.00 99.00 999 1010.8  27.7  28.1  24.9 99.0 99.00
2026 05 16 08 10  71 10.8 13.4  3.11  9.09  6.24  87 1010.8  27.7  28.1  24.9 99.0 99.00
2026 05 16 08 20  71 11.3 13.4 99.00 99.00 99.00 999 1010.8  27.7  28.1  24.7 99.0 99.00
2026 05 16 08 30  70 10.9 13.2 99.00 99.00 99.00 999 1010.8  27.8  28.1  24.9 99.0 99.00
2026 05 16 08 40  69 10.6 12.2  3.05  8.33  6.41  83 1010.8  27.8  28.1  25.1 99.0 99.00
2026 05 16 08 50  71 11.0 13.2 99.00 99.00 99.00 999 1010.9  27.8  28.1  24.8 99.0 99.00
2026 05 16 09 00  71 11.1 13.8 99.00 99.00 99.00 999 1010.9  27.8  28.1  24.9 99.0 99.00
2026 05 16 09 10  71 11.6 13.8  2.99  9.09  6.26  88 1011.0  27.7  28.1  24.5 99.0 99.00
2026 05 16 09 20  72 11.3 14.0 99.00 99.00 99.00 999 1010.9  27.8  28.1  24.7 99.0 99.00
2026 05 16 09 30  74 11.3 13.6 99.00 99.00 99.00 999 1010.9  27.8  28.1  24.8 99.0 99.00
2026 05 16 09 40  74 11.2 13.7  2.88  9.09  6.10  86 1010.8  27.7  28.1  25.0 99.0 99.00
2026 05 16 09 50  74 11.5 13.8 99.00 99.00 99.00 999 1010.9  27.7  28.1  24.7 99.0 99.00
2026 05 16 10 00  73 11.0 13.8 99.00 99.00 99.00 999 1011.1  27.7  28.1  24.8 99.0 99.00
2026 05 16 10 10  74 11.5 13.6  2.85  9.09  6.10  90 1010.9  27.8  28.1  24.8 99.0 99.00
2026 05 16 10 20  76 11.8 13.9 99.00 99.00 99.00 999 1011.0  27.8  28.1  24.6 99.0 99.00
2026 05 16 10 30  75 11.7 13.8 99.00 99.00 99.00 999 1011.1  27.8  28.1  24.7 99.0 99.00
2026 05 16 10 40  77 12.0 14.6  3.11  9.09  6.33  84 1011.2  27.8  28.1  24.5 99.0 99.00
2026 05 16 10 50  80 12.0 14.8 99.00 99.00 99.00 999 1011.3  27.9  28.1  24.5 99.0 99.00
2026 05 16 11 00  80 12.0 14.7 99.00 99.00 99.00 999 1011.4  27.9  28.1  24.5 99.0 99.00
2026 05 16 11 10  79 12.1 14.6  3.05  9.09  6.19  77 1011.5  27.9  28.1  24.7 99.0 99.00
2026 05 16 11 20  78 11.8 15.5 99.00 99.00 99.00 999 1011.7  27.8  28.1  24.7 99.0 99.00
2026 05 16 11 30  78 12.2 15.4 99.00 99.00 99.00 999 1011.7  27.9  28.1  24.5 99.0 99.00
2026 05 16 11 40  81 12.0 14.6  3.27  9.09  6.46  86 1011.8  28.0  28.1  24.6 99.0 99.00
2026 05 16 11 50  78 12.4 14.7 99.00 99.00 99.00 999 1011.9  27.9  28.1  24.5 99.0 99.00
2026 05 16 12 00  77 11.8 15.6 99.00 99.00 99.00 999 1012.0  27.9  28.1  24.7 99.0 99.00
2026 05 16 12 10  76 11.3 14.0  3.03  9.09  6.29  83 1012.0  27.9  28.1  24.9 99.0 99.00
2026 05 16 12 20  76 12.1 15.2 99.00 99.00 99.00 999 1012.1  27.9  28.1  24.8 99.0 99.00
2026 05 16 12 30  77 11.5 14.0 99.00 99.00 99.00 999 1012.1  27.9  28.1  25.0 99.0 99.00
2026 05 16 12 40  79 12.0 14.7  3.03  9.09  6.26  84 1012.2  28.0  28.1  24.7 99.0 99.00
2026 05 16 12 50  79 11.8 14.0 99.00 99.00 99.00 999 1012.3  28.0  28.1  24.6 99.0 99.00
2026 05 16 13 00  79 11.3 13.8 99.00 99.00 99.00 999 1012.2  28.1  28.1  24.8 99.0 99.00
2026 05 16 13 10  80 12.2 15.4  2.89  9.09  6.16  85 1012.2  28.0  28.1  24.7 99.0 99.00
2026 05 16 13 20  78 12.4 15.3 99.00 99.00 99.00 999 1012.1  28.0  28.1  24.7 99.0 99.00
2026 05 16 13 30  82 12.3 15.0 99.00 99.00 99.00 999 1012.2  28.1  28.1  24.7 99.0 99.00
2026 05 16 13 40  81 12.0 15.1  3.01  9.09  6.19  81 1012.2  28.1  28.1  24.8 99.0 99.00
2026 05 16 13 50  81 11.7 14.6 99.00 99.00 99.00 999 1012.4  28.1  28.1  24.9 99.0 99.00
2026 05 16 14 00  80 11.8 14.8 99.00 99.00 99.00 999 1012.5  28.1  28.1  24.8 99.0 99.00
2026 05 16 14 10  79 11.7 14.2  3.00  9.09  6.16  84 1012.6  28.1  28.1  24.8 99.0 99.00
2026 05 16 14 20  77 11.5 14.0 99.00 99.00 99.00 999 1012.9  28.2  28.1  24.8 99.0 99.00
2026 05 16 14 30  75 11.3 14.3 99.00 99.00 99.00 999 1012.9  28.1 999.0  24.9 99.0 99.00
2026 05 16 14 40  73 10.8 13.6  3.36  9.09  6.49  90 1013.0  28.1  28.1  25.1 99.0 99.00
2026 05 16 14 50  74 11.3 13.6 99.00 99.00 99.00 999 1013.1  28.1  28.1  24.7 99.0 99.00
2026 05 16 15 00  77 11.4 13.7 99.00 99.00 99.00 999 1013.2  28.2  28.1  24.6 99.0 99.00
2026 05 16 15 10  74 10.4 12.7  3.13  9.09  6.26  83 1013.2  28.2  28.1  24.8 99.0 99.00
2026 05 16 15 20  71 10.1 12.7 99.00 99.00 99.00 999 1013.3  28.2  28.1  25.0 99.0 99.00
2026 05 16 15 30  68 11.0 13.1 99.00 99.00 99.00 999 1013.1  28.1  28.1  25.0 99.0 99.00
2026 05 16 15 40  74 11.1 13.1  2.91  9.09  6.28  88 1012.8  28.1  28.1  24.8 99.0 99.00
2026 05 16 15 50  74 11.3 13.8 99.00 99.00 99.00 999 1012.6  28.2  28.1  24.8 99.0 99.00
2026 05 16 16 00  77 10.9 13.1 99.00 99.00 99.00 999 1012.6  28.1  28.1  24.7 99.0 99.00
2026 05 16 16 10  76 10.5 12.7  3.16  9.09  6.38  88 1012.5  28.1  28.1  25.0 99.0 99.00
2026 05 16 16 20  74 10.3 12.3 99.00 99.00 99.00 999 1012.3  28.0  28.1  25.1 99.0 99.00
2026 05 16 16 30  70 10.7 13.6 99.00 99.00 99.00 999 1012.4  27.9  28.2  25.1 99.0 99.00
2026 05 16 16 40  69 11.9 14.6  3.21  9.09  6.60  81 1012.5  28.0  28.2  24.9 99.0 99.00
2026 05 16 16 50  73 12.0 15.1 99.00 99.00 99.00 999 1012.4  28.1  28.2  24.7 99.0 99.00
2026 05 16 17 00  79 11.3 14.3 99.00 99.00 99.00 999 1012.1  28.2  28.2  24.6 99.0 99.00
2026 05 16 17 10  81 11.5 13.9  3.21  9.09  6.40  87 1011.8  28.2  28.2  24.8 99.0 99.00
2026 05 16 17 20  75 11.3 14.1 99.00 99.00 99.00 999 1011.5  28.1  28.2  25.1 99.0 99.00
2026 05 16 17 30  74 12.0 14.1 99.00 99.00 99.00 999 1011.2  28.0  28.2  25.1 99.0 99.00
2026 05 16 17 40  81 12.4 15.3  3.17  8.33  6.44  79 1010.9  28.1  28.2  24.9 99.0 99.00
2026 05 16 17 50  78 12.0 14.8 99.00 99.00 99.00 999 1010.8  28.1  28.2  25.1 99.0 99.00
2026 05 16 18 00  79 11.4 14.5 99.00 99.00 99.00 999 1010.7  28.1  28.2  25.1 99.0 99.00
2026 05 16 18 10  81 12.2 15.1  3.23  9.09  6.56  86 1010.6  28.1  28.2  24.9 99.0 99.00
2026 05 16 18 20  78 12.1 14.3 99.00 99.00 99.00 999 1010.5  28.1  28.2  25.0 99.0 99.00
2026 05 16 18 30  79 12.0 14.9 99.00 99.00 99.00 999 1010.6  28.1  28.2  24.9 99.0 99.00
2026 05 16 18 40  73 11.1 13.7  2.95  9.09  6.20  80 1010.8  28.1  28.2  25.0 99.0 99.00
2026 05 16 18 50  67 10.2 12.4 99.00 99.00 99.00 999 1010.8  28.0  28.2  25.1 99.0 99.00
2026 05 16 19 00  66 10.3 12.2 99.00 99.00 99.00 999 1010.9  28.0  28.2  25.1 99.0 99.00
2026 05 16 19 10  67 10.6 12.6  3.02  9.09  6.32  83 1010.7  28.1  28.2  25.1 99.0 99.00
2026 05 16 19 20  74 10.8 13.6 99.00 99.00 99.00 999 1010.4  28.1  28.2  25.0 99.0 99.00
2026 05 16 19 30  78 10.9 13.7 99.00 99.00 99.00 999 1010.3  28.1  28.2  25.0 99.0 99.00
2026 05 16 19 40  78 11.8 14.4  3.12  9.09  6.43  83 1010.1  28.1  28.2  24.9 99.0 99.00
2026 05 16 19 50  78 11.2 13.3 99.00 99.00 99.00 999 1010.1  28.1  28.2  24.9 99.0 99.00
2026 05 16 20 00  74 10.9 13.3 99.00 99.00 99.00 999 1010.0  28.1  28.2  25.2 99.0 99.00
2026 05 16 20 10  73 10.9 13.1  2.85  8.33  6.10  83 1009.9  28.1  28.2  25.3 99.0 99.00
2026 05 16 20 20  74 11.2 13.4 99.00 99.00 99.00 999 1009.8  28.1  28.2  25.1 99.0 99.00
2026 05 16 20 30  74 10.9 12.8 99.00 99.00 99.00 999 1009.8  28.1  28.2  25.1 99.0 99.00
2026 05 16 20 40  73 10.6 13.6  2.73  9.09  6.21  92 1009.7  28.1  28.2  25.1 99.0 99.00
2026 05 16 20 50  74 10.4 13.0 99.00 99.00 99.00 999 1009.6  28.1  28.2  25.2 99.0 99.00
2026 05 16 21 00  73 10.8 12.8 99.00 99.00 99.00 999 1009.4  28.0  28.2  25.1 99.0 99.00
2026 05 16 21 10  74 10.8 13.2  2.88  8.33  6.02  81 1009.3  28.0  28.2  25.2 99.0 99.00
2026 05 16 21 20  73 11.0 13.5 99.00 99.00 99.00 999 1009.2  28.0  28.2  25.2 99.0 99.00
2026 05 16 21 30  76 10.8 13.5 99.00 99.00 99.00 999 1009.2  28.0  28.2  25.2 99.0 99.00
2026 05 16 21 40  75 11.3 13.6  2.93  9.09  6.22  87 1009.1  28.0  28.2  25.1 99.0 99.00
2026 05 16 21 50  74 11.2 13.8 99.00 99.00 99.00 999 1009.1  28.1  28.2  25.1 99.0 99.00
2026 05 16 22 00  74 11.3 13.5 99.00 99.00 99.00 999 1009.1  28.0  28.2  24.9 99.0 99.00
2026 05 16 22 10  74 10.8 13.2  2.90  8.33  6.32  82 1009.1  28.0  28.2  25.1 99.0 99.00
2026 05 16 22 20  75 11.1 13.3 99.00 99.00 99.00 999 1009.1  28.0  28.2  25.1 99.0 99.00
2026 05 16 22 30  74 11.2 13.3 99.00 99.00 99.00 999 1009.1  28.0  28.2  25.2 99.0 99.00
2026 05 16 22 40  73 10.8 13.2  2.85  8.33  6.12  84 1009.1  28.0  28.2  25.3 99.0 99.00
2026 05 16 22 50  75 11.4 14.5 99.00 99.00 99.00 999 1009.2  27.9  28.2  25.1 99.0 99.00
2026 05 16 23 00  71 11.1 13.9 99.00 99.00 99.00 999 1009.4  28.0  28.2  25.3 99.0 99.00
2026 05 16 23 10  69 10.4 13.4  2.89  9.09  6.28  85 1009.6  28.0  28.2  25.4 99.0 99.00
2026 05 16 23 20  66 10.1 12.7 99.00 99.00 99.00 999 1009.7  28.0  28.2  25.4 99.0 99.00
2026 05 16 23 30  70 10.2 12.4 99.00 99.00 99.00 999 1009.8  27.9  28.2  25.3 99.0 99.00
2026 05 16 23 40  69 10.4 12.6  2.96  9.09  6.39  83 1009.9  28.0  28.2  25.4 99.0 99.00
2026 05 16 23 50  69 10.3 12.4 99.00 99.00 99.00 999 1009.9  27.9  28.2  25.4 99.0 99.00
2026 05 17 00 00  69 11.1 13.6 99.00 99.00 99.00 999 1010.0  27.9  28.2  25.2 99.0 99.00
2026 05 17 00 10  67 10.0 12.6  2.67  8.33  6.16  88 1010.1  28.0  28.2  25.5 99.0 99.00
2026 05 17 00 20  64 10.0 12.6 99.00 99.00 99.00 999 1010.2  28.0  28.2  25.5 99.0 99.00
2026 05 17 00 30  65 10.3 12.4 99.00 99.00 99.00 999 1010.4  27.9  28.2  25.4 99.0 99.00
2026 05 17 00 40  62 10.4 12.4  2.87  9.09  6.32  85 1010.6  27.9  28.2  25.5 99.0 99.00
2026 05 17 00 50  62  9.9 12.9 99.00 99.00 99.00 999 1010.9  27.9  28.2  25.6 99.0 99.00
2026 05 17 01 00  61 10.9 13.3 99.00 99.00 99.00 999 1010.8  27.9  28.2  25.5 99.0 99.00
2026 05 17 01 10  61 10.8 13.6  2.79  9.09  6.25  91 1011.0  27.9  28.2  25.5 99.0 99.00
2026 05 17 01 20  63 10.7 12.7 99.00 99.00 99.00 999 1011.1  27.9  28.2  25.5 99.0 99.00
2026 05 17 01 30  64 10.8 12.7 99.00 99.00 99.00 999 1011.2  27.9  28.2  25.5 99.0 99.00
2026 05 17 01 40  64 11.0 13.1  2.57  8.33  5.85  87 1011.2  28.0  28.2  25.6 99.0 99.00
2026 05 17 01 50  67 10.9 13.5 99.00 99.00 99.00 999 1011.2  28.0  28.2  25.6 99.0 99.00
2026 05 17 02 00  66 11.2 13.4 99.00 99.00 99.00 999 1011.2  28.0  28.2  25.4 99.0 99.00
2026 05 17 02 10  64 10.9 13.7  2.70  9.09  6.09  87 1011.2  28.0  28.2  25.5 99.0 99.00
2026 05 17 02 20  63 10.6 12.5 99.00 99.00 99.00 999 1011.4  28.0  28.2  25.6 99.0 99.00
2026 05 17 02 30  64 11.0 13.2 99.00 99.00 99.00 999 1011.4  28.0  28.2  25.6 99.0 99.00
2026 05 17 02 40  64 10.5 13.8  2.58  9.09  6.06  85 1011.5  28.0  28.2  25.6 99.0 99.00
2026 05 17 02 50  61 10.7 13.2 99.00 99.00 99.00 999 1011.6  28.0  28.2  25.7 99.0 99.00
2026 05 17 03 00  61 10.9 13.5 99.00 99.00 99.00 999 1011.7  28.0  28.2  25.5 99.0 99.00
2026 05 17 03 10  60 10.8 13.0  2.61  8.33  5.89  87 1011.7  28.1  28.2  25.6 99.0 99.00
2026 05 17 03 20  56 11.0 13.4 99.00 99.00 99.00 999 1011.8  28.0  28.2  25.5 99.0 99.00
2026 05 17 03 30  57 10.7 13.1 99.00 99.00 99.00 999 1011.9  28.0  28.2  25.6 99.0 99.00
2026 05 17 03 40  59 10.9 14.8  2.66  9.09  5.98  85 1011.9  28.1  28.2  25.6 99.0 99.00
2026 05 17 03 50  59 10.3 13.1 99.00 99.00 99.00 999 1011.9  28.1  28.2  25.8 99.0 99.00
2026 05 17 04 00  57 10.3 12.3 99.00 99.00 99.00 999 1011.8  28.0  28.2  25.7 99.0 99.00
2026 05 17 04 10  58 10.3 12.7  2.60  8.33  6.07  86 1011.7  28.0  28.2  25.8 99.0 99.00
2026 05 17 04 20  60 10.7 12.8 99.00 99.00 99.00 999 1011.7  28.0  28.2  25.7 99.0 99.00
2026 05 17 04 30  61 11.1 13.1 99.00 99.00 99.00 999 1011.6  28.0  28.2  25.7 99.0 99.00
2026 05 17 04 40  62  9.9 11.8  2.65  8.33  6.06  90 1011.7  28.0  28.2  25.8 99.0 99.00
2026 05 17 04 50  64 10.6 13.5 99.00 99.00 99.00 999 1011.6  28.0  28.2  25.6 99.0 99.00
2026 05 17 05 00  64 10.7 13.5 99.00 99.00 99.00 999 1011.5  28.1  28.2  25.6 99.0 99.00
2026 05 17 05 10  65 10.6 13.1  2.84  8.33  6.37  85 1011.5  28.1  28.2  25.7 99.0 99.00
2026 05 17 05 20  66 10.8 14.8 99.00 99.00 99.00 999 1011.4  28.0  28.2  25.8 99.0 99.00
2026 05 17 05 30  66 10.9 13.2 99.00 99.00 99.00 999 1011.2  28.1  28.2  25.7 99.0 99.00
2026 05 17 05 40  65 10.7 12.9  2.64  8.33  5.89  84 1011.2  28.0  28.2  25.7 99.0 99.00
2026 05 17 05 50  65 10.5 12.9 99.00 99.00 99.00 999 1011.1  28.0  28.2  25.8 99.0 99.00
2026 05 17 06 00  67 10.8 13.1 99.00 99.00 99.00 999 1010.9  28.0  28.2  25.7 99.0 99.00
2026 05 17 06 10  65 10.5 13.7  2.79  8.33  6.07  90 1010.9  28.0  28.2  25.7 99.0 99.00
2026 05 17 06 20  65 11.0 13.2 99.00 99.00 99.00 999 1010.7  27.9  28.1  25.6 99.0 99.00
2026 05 17 06 30  65 10.3 12.3 99.00 99.00 99.00 999 1010.7  28.0  28.1  25.8 99.0 99.00
2026 05 17 06 40  65 10.2 13.1  2.80  7.69  6.06  82 1010.6  27.9  28.1  25.7 99.0 99.00
2026 05 17 06 50  68 11.2 13.4 99.00 99.00 99.00 999 1010.5  27.9  28.1  25.7 99.0 99.00
2026 05 17 07 00  69 11.2 13.3 99.00 99.00 99.00 999 1010.3  28.0  28.1  25.7 99.0 99.00
2026 05 17 07 10  69 10.3 12.8  2.56  8.33  5.84  81 1010.4  28.0  28.1  25.8 99.0 99.00
2026 05 17 07 20  70 10.6 14.3 99.00 99.00 99.00 999 1010.4  27.9  28.1  25.5 99.0 99.00
2026 05 17 07 30  68 10.2 12.2 99.00 99.00 99.00 999 1010.3  28.0  28.1  25.7 99.0 99.00
2026 05 17 07 40  67 10.4 12.8  2.75  8.33  6.14  86 1010.3  28.0  28.1  25.6 99.0 99.00
2026 05 17 07 50  68  9.7 11.9 99.00 99.00 99.00 999 1010.1  28.0  28.1  25.8 99.0 99.00
2026 05 17 08 00  69  9.5 11.6 99.00 99.00 99.00 999 1010.1  28.0  28.1  25.8 99.0 99.00
2026 05 17 08 10  67  9.4 11.7  2.50  8.33  5.77  80 1010.0  27.9  28.1  25.9 99.0 99.00
2026 05 17 08 20  65 10.1 12.7 99.00 99.00 99.00 999 1010.0  27.9  28.1  25.8 99.0 99.00
2026 05 17 08 30  66 10.6 12.9 99.00 99.00 99.00 999 1009.9  27.9  28.1  25.9 99.0 99.00
2026 05 17 08 40  70 11.0 13.3  2.54  8.33  5.97  93 1009.8  27.9  28.1  25.7 99.0 99.00
2026 05 17 08 50  72 11.3 13.3 99.00 99.00 99.00 999 1009.9  28.0  28.1  25.6 99.0 99.00
2026 05 17 09 00  76 10.3 12.8 99.00 99.00 99.00 999 1009.9  28.0  28.1  25.6 99.0 99.00
2026 05 17 09 10  72 10.0 12.4  2.78  8.33  5.97  84 1009.9  28.0  28.1  25.7 99.0 99.00
2026 05 17 09 20  72 10.8 13.6 99.00 99.00 99.00 999 1009.9  27.9  28.1  25.4 99.0 99.00
2026 05 17 09 30  70 10.3 12.9 99.00 99.00 99.00 999 1009.8  28.0  28.1  25.6 99.0 99.00
2026 05 17 09 40  69 10.9 13.7  2.74  7.69  5.99  94 1009.7  27.9  28.1  25.5 99.0 99.00
2026 05 17 09 50  76 11.8 14.7 99.00 99.00 99.00 999 1009.6  28.0  28.1  25.3 99.0 99.00
2026 05 17 10 00  77 11.2 13.5 99.00 99.00 99.00 999 1009.5  28.0  28.1  25.3 99.0 99.00
2026 05 17 10 10  77 10.9 13.7  2.37  8.33  5.70  86 1009.5  28.0  28.1  25.4 99.0 99.00
2026 05 17 10 20  78 10.7 12.5 99.00 99.00 99.00 999 1009.5  28.0  28.1  25.4 99.0 99.00
2026 05 17 10 30  75 10.5 13.0 99.00 99.00 99.00 999 1009.5  27.9  28.1  25.6 99.0 99.00
2026 05 17 10 40  73 10.9 13.0  2.60  8.33  5.83  92 1009.6  27.9  28.1  25.4 99.0 99.00
2026 05 17 10 50  74 10.2 12.7 99.00 99.00 99.00 999 1009.7  28.0  28.1  25.6 99.0 99.00
2026 05 17 11 00  80 10.6 12.8 99.00 99.00 99.00 999 1009.9  27.9  28.1  25.5 99.0 99.00
2026 05 17 11 10  79 10.4 14.0  2.37  8.33  5.69  83 1010.1  28.1  28.1  25.5 99.0 99.00
2026 05 17 11 20  75 10.3 12.9 99.00 99.00 99.00 999 1010.2  28.0  28.1  25.5 99.0 99.00
2026 05 17 11 30  75 10.5 13.1 99.00 99.00 99.00 999 1010.3  28.0  28.1  25.4 99.0 99.00
2026 05 17 11 40  73 10.2 12.1  2.54  7.69  5.85  89 1010.6  28.0  28.1  25.4 99.0 99.00
2026 05 17 11 50  74 10.1 12.2 99.00 99.00 99.00 999 1010.7  28.0  28.1  25.5 99.0 99.00
2026 05 17 12 00  71 10.9 14.4 99.00 99.00 99.00 999 1010.7  28.0  28.1  25.5 99.0 99.00
2026 05 17 12 10  76 11.5 13.6  2.57  8.33  5.84  92 1010.8  28.1  28.1  25.3 99.0 99.00
2026 05 17 12 20  78 11.6 14.3 99.00 99.00 99.00 999 1010.8  28.1  28.1  25.3 99.0 99.00
2026 05 17 12 30  82 11.9 15.1 99.00 99.00 99.00 999 1010.9  28.2  28.1  25.2 99.0 99.00
2026 05 17 12 40  87 10.5 12.7  2.57  8.33  5.90  84 1011.1  28.1  28.1  25.2 99.0 99.00
2026 05 17 12 50  86 10.3 12.7 99.00 99.00 99.00 999 1011.1  28.1  28.1  25.3 99.0 99.00
2026 05 17 13 00  85 10.7 13.7 99.00 99.00 99.00 999 1011.2  28.2  28.1  25.3 99.0 99.00
2026 05 17 13 10  84 10.7 12.8  2.75  8.33  6.10  82 1011.2  28.2  28.1  25.1 99.0 99.00
2026 05 17 13 20  81 11.3 13.4 99.00 99.00 99.00 999 1011.3  28.3  28.1  25.1 99.0 99.00
2026 05 17 13 30  84 10.6 13.6 99.00 99.00 99.00 999 1011.5  28.2  28.1  25.2 99.0 99.00
2026 05 17 13 40  83 10.4 12.6  2.67  8.33  5.96  90 1011.5  28.2  28.1  25.3 99.0 99.00
2026 05 17 13 50  84 10.0 12.4 99.00 99.00 99.00 999 1011.5  28.2  28.1  25.5 99.0 99.00
2026 05 17 14 00  83 10.3 12.9 99.00 99.00 99.00 999 1011.5  28.2  28.1  25.5 99.0 99.00
2026 05 17 14 10  84 10.5 13.0  2.49  7.69  5.77  86 1011.7  28.2  28.1  25.4 99.0 99.00
2026 05 17 14 20  83 10.2 12.9 99.00 99.00 99.00 999 1011.7  28.2  28.1  25.6 99.0 99.00
2026 05 17 14 30  83 10.4 12.8 99.00 99.00 99.00 999 1011.7  28.2  28.1  25.5 99.0 99.00
2026 05 17 14 40  83 10.4 13.3  2.66  8.33  6.06  85 1011.8  28.3  28.1  25.4 99.0 99.00
2026 05 17 14 50  82 11.6 14.4 99.00 99.00 99.00 999 1011.7  28.3  28.1  24.9 99.0 99.00
2026 05 17 15 00  81 11.4 14.9 99.00 99.00 99.00 999 1011.7  28.3  28.1  25.1 99.0 99.00
2026 05 17 15 10  81 10.0 12.5  2.63  8.33  5.96  88 1011.8  28.3  28.2  25.3 99.0 99.00
2026 05 17 15 20  82  9.7 12.2 99.00 99.00 99.00 999 1011.7  28.2  28.2  25.4 99.0 99.00
2026 05 17 15 30  83  9.4 11.7 99.00 99.00 99.00 999 1011.8  28.2  28.2  25.5 99.0 99.00
2026 05 17 15 40  81  9.6 11.7  2.73  8.33  6.01  88 1011.7  28.2  28.2  25.4 99.0 99.00
2026 05 17 15 50  78  9.3 11.9 99.00 99.00 99.00 999 1011.8  28.2  28.2  25.6 99.0 99.00
2026 05 17 16 00  77  9.5 12.0 99.00 99.00 99.00 999 1011.7  28.2  28.2  25.6 99.0 99.00
2026 05 17 16 10  77 10.7 13.3  2.62  8.33  5.99  88 1011.9  28.2  28.2  25.4 99.0 99.00
2026 05 17 16 20  83 10.6 12.7 99.00 99.00 99.00 999 1011.7  28.2  28.2  25.2 99.0 99.00
2026 05 17 16 30  83 10.1 12.3 99.00 99.00 99.00 999 1011.6  28.2  28.2  25.4 99.0 99.00
2026 05 17 16 40  83  9.6 12.0  2.42  8.33  5.81  94 1011.5  28.2  28.2  25.4 99.0 99.00
2026 05 17 16 50  84  9.6 12.2 99.00 99.00 99.00 999 1011.4  28.1  28.2  25.4 99.0 99.00
2026 05 17 17 00  81 10.1 12.1 99.00 99.00 99.00 999 1011.3  28.2  28.2  25.3 99.0 99.00
2026 05 17 17 10  78  9.9 12.0  2.45  8.33  5.75  83 1011.3  28.2  28.2  25.3 99.0 99.00
2026 05 17 17 20  79  9.9 12.1 99.00 99.00 99.00 999 1011.3  28.2  28.2  25.3 99.0 99.00
2026 05 17 17 30  76  9.3 11.4 99.00 99.00 99.00 999 1011.4  28.2  28.2  25.5 99.0 99.00
2026 05 17 17 40  75  9.7 11.8  2.71  8.33  6.14  88 1011.4  28.1  28.2  25.4 99.0 99.00
2026 05 17 17 50  77 10.1 12.3 99.00 99.00 99.00 999 1011.2  28.2  28.2  25.4 99.0 99.00
2026 05 17 18 00  76 10.0 12.4 99.00 99.00 99.00 999 1010.9  28.2  28.2  25.3 99.0 99.00
2026 05 17 18 10  76 10.0 12.8  2.64  8.33  6.05  85 1010.8  28.2  28.2  25.3 99.0 99.00
2026 05 17 18 20  79  9.7 11.8 99.00 99.00 99.00 999 1010.8  28.2  28.2  25.4 99.0 99.00
2026 05 17 18 30  77 10.3 12.7 99.00 99.00 99.00 999 1010.6  28.2  28.2  25.2 99.0 99.00
2026 05 17 18 40  77  9.6 11.4  2.53  8.33  6.07  86 1010.4  28.2  28.2  25.3 99.0 99.00
2026 05 17 18 50  75  9.4 12.2 99.00 99.00 99.00 999 1010.4  28.2  28.3  25.5 99.0 99.00
2026 05 17 19 00  74  9.8 11.9 99.00 99.00 99.00 999 1010.3  28.2  28.2  25.4 99.0 99.00
2026 05 17 19 10  75 10.3 12.4  2.91  8.33  6.34  91 1010.1  28.2  28.2  25.4 99.0 99.00
2026 05 17 19 20  75 10.3 13.1 99.00 99.00 99.00 999 1009.9  28.2  28.2  25.4 99.0 99.00
2026 05 17 19 30  77 10.5 12.5 99.00 99.00 99.00 999 1009.8  28.2  28.2  25.3 99.0 99.00
2026 05 17 19 40  78 10.6 13.0  2.42  8.33  5.78  86 1009.7  28.2  28.2  25.2 99.0 99.00
2026 05 17 19 50  78  9.7 12.3 99.00 99.00 99.00 999 1009.6  28.2  28.3  25.4 99.0 99.00
2026 05 17 20 00  73 10.3 13.5 99.00 99.00 99.00 999 1009.5  28.1  28.3  25.4 99.0 99.00
2026 05 17 20 10  74 10.7 12.7  2.72  8.33  6.13  79 1009.2  28.2  28.3  25.4 99.0 99.00
2026 05 17 20 20  74  9.8 11.5 99.00 99.00 99.00 999 1009.2  28.2  28.3  25.6 99.0 99.00
2026 05 17 20 30  72 10.2 12.3 99.00 99.00 99.00 999 1009.2  28.1  28.3  25.5 99.0 99.00
2026 05 17 20 40  70 10.4 12.5  2.55  8.33  5.98  85 1009.1  28.2  28.3  25.5 99.0 99.00
2026 05 17 20 50  73 10.2 12.3 99.00 99.00 99.00 999 1009.2  28.1  28.3  25.5 99.0 99.00
2026 05 17 21 00  74 10.1 12.1 99.00 99.00 99.00 999 1009.1  28.1  28.3  25.6 99.0 99.00
2026 05 17 21 10  71 10.2 12.4  2.50  8.33  5.79  93 1009.1  28.1  28.3  25.5 99.0 99.00
2026 05 17 21 20  73  9.7 12.5 99.00 99.00 99.00 999 1009.1  28.1  28.3  25.6 99.0 99.00
2026 05 17 21 30  74 10.5 12.6 99.00 99.00 99.00 999 1009.2  28.1  28.3  25.4 99.0 99.00
2026 05 17 21 40  74 10.1 12.1  2.69  8.33  6.13  89 1009.2  28.1  28.3  25.5 99.0 99.00
2026 05 17 21 50  74 10.3 13.3 99.00 99.00 99.00 999 1009.2  28.1  28.3  25.5 99.0 99.00
2026 05 17 22 00  78 10.7 12.6 99.00 99.00 99.00 999 1009.1  28.2  28.3  25.4 99.0 99.00
2026 05 17 22 10  78 10.5 12.8  2.85  8.33  6.29  94 1009.0  28.2  28.3  25.5 99.0 99.00
2026 05 17 22 20  79 10.4 12.6 99.00 99.00 99.00 999 1009.3  28.2  28.3  25.4 99.0 99.00
2026 05 17 22 30  75 10.1 12.6 99.00 99.00 99.00 999 1009.3  28.2  28.3  25.6 99.0 99.00
2026 05 17 22 40  74 10.5 12.8  2.79  8.33  6.18  77 1009.4  28.1  28.3  25.5 99.0 99.00
2026 05 17 22 50  74 10.5 13.1 99.00 99.00 99.00 999 1009.5  28.1  28.3  25.5 99.0 99.00
2026 05 17 23 00  76 10.3 12.3 99.00 99.00 99.00 999 1009.6  28.1  28.3  25.5 99.0 99.00
2026 05 17 23 10  74  9.5 11.8  2.63  9.09  6.13  87 1009.6  28.1  28.3  25.7 99.0 99.00
2026 05 17 23 20  74 10.3 12.6 99.00 99.00 99.00 999 1009.6  28.1  28.3  25.7 99.0 99.00
2026 05 17 23 30  74 10.5 12.9 99.00 99.00 99.00 999 1009.7  28.1  28.3  25.6 99.0 99.00
2026 05 17 23 40  73 10.5 14.1  2.81  8.33  6.27  83 1009.6  28.1  28.3  25.6 99.0 99.00
2026 05 17 23 50  73 10.7 13.1 99.00 99.00 99.00 999 1009.6  28.1  28.3  25.4 99.0 99.00
2026 05 18 00 00  72 10.5 13.1 99.00 99.00 99.00 999 1009.8  28.1  28.3  25.6 99.0 99.00
2026 05 18 00 10  70 10.2 12.4  2.61  8.33  6.03  89 1009.8  28.1  28.3  25.7 99.0 99.00
2026 05 18 00 20  70 11.0 12.8 99.00 99.00 99.00 999 1009.9  28.1  28.3  25.6 99.0 99.00
2026 05 18 00 30  71 10.6 13.5 99.00 99.00 99.00 999 1010.1  28.1  28.3  25.5 99.0 99.00
2026 05 18 00 40  72 10.9 13.1  2.89  9.09  6.43  83 1010.3  28.1  28.3  25.4 99.0 99.00
2026 05 18 00 50  74 10.5 12.7 99.00 99.00 99.00 999 1010.6  28.2  28.3  25.3 99.0 99.00
2026 05 18 01 00  76 10.7 13.1 99.00 99.00 99.00 999 1010.8  28.2  28.3  25.5 99.0 99.00
2026 05 18 01 10  75 10.8 13.5  2.88  8.33  6.19  89 1010.9  28.2  28.3  25.3 99.0 99.00
2026 05 18 01 20  75 11.3 14.0 99.00 99.00 99.00 999 1010.9  28.2  28.3  25.2 99.0 99.00
2026 05 18 01 30  72 11.6 14.5 99.00 99.00 99.00 999 1010.9  28.1  28.3  25.2 99.0 99.00
2026 05 18 01 40  73 11.7 14.4  2.89  9.09  6.24  82 1011.0  28.2  28.3  25.4 99.0 99.00
2026 05 18 01 50  71 12.1 14.7 99.00 99.00 99.00 999 1011.1  28.1  28.3  25.3 99.0 99.00
2026 05 18 02 00  72 11.8 15.0 99.00 99.00 99.00 999 1011.2  28.1  28.3  25.2 99.0 99.00
2026 05 18 02 10  73 11.1 14.6  3.22  8.33  6.37  81 1011.5  28.2  28.3  25.4 99.0 99.00
2026 05 18 02 20  73 11.9 14.6 99.00 99.00 99.00 999 1011.5  28.1  28.3  25.2 99.0 99.00
2026 05 18 02 30  74 12.2 14.5 99.00 99.00 99.00 999 1011.6  28.1  28.3  25.2 99.0 99.00
2026 05 18 02 40  75 11.6 14.5  3.22  8.33  6.29  80 1011.7  28.1  28.3  25.2 99.0 99.00
2026 05 18 02 50  75 11.2 13.8 99.00 99.00 99.00 999 1012.0  28.1  28.3  25.3 99.0 99.00
2026 05 18 03 00  75 10.8 13.5 99.00 99.00 99.00 999 1012.2  28.1  28.3  25.4 99.0 99.00
2026 05 18 03 10  74 10.4 12.9  3.21  9.09  6.43  90 1012.5  28.1  28.3  25.5 99.0 99.00
2026 05 18 03 20  74 11.4 13.9 99.00 99.00 99.00 999 1012.5  28.1  28.2  25.2 99.0 99.00
2026 05 18 03 30  80 11.2 14.8 99.00 99.00 99.00 999 1012.5  28.1  28.3  25.2 99.0 99.00
2026 05 18 03 40  76 11.8 13.8  3.18  8.33  6.48  82 1012.6  28.1  28.3  25.1 99.0 99.00
2026 05 18 03 50  74 11.3 14.0 99.00 99.00 99.00 999 1012.5  28.2  28.3  25.3 99.0 99.00
2026 05 18 04 00  76 11.0 14.3 99.00 99.00 99.00 999 1012.6  28.1  28.3  25.2 99.0 99.00
2026 05 18 04 10  75 10.4 13.5  3.10  8.33  6.40  81 1012.5  28.1  28.3  25.3 99.0 99.00
2026 05 18 04 20  76 11.1 14.0 99.00 99.00 99.00 999 1012.5  28.1  28.3  25.2 99.0 99.00
2026 05 18 04 30  76 11.3 13.7 99.00 99.00 99.00 999 1012.3  28.1  28.2  25.3 99.0 99.00
2026 05 18 04 40  80 11.3 14.1  2.99  8.33  6.30  83 1012.3  28.1  28.2  25.2 99.0 99.00
2026 05 18 04 50  78 10.7 13.1 99.00 99.00 99.00 999 1012.3  28.1  28.2  25.4 99.0 99.00
2026 05 18 05 00  79 11.5 14.3 99.00 99.00 99.00 999 1012.2  28.1  28.2  25.1 99.0 99.00
2026 05 18 05 10  78 11.4 13.8  3.00  8.33  6.28  85 1012.0  28.1  28.2  25.2 99.0 99.00
2026 05 18 05 20  78 11.8 14.3 99.00 99.00 99.00 999 1012.0  28.0  28.2  25.2 99.0 99.00
2026 05 18 05 30  81 11.6 14.2 99.00 99.00 99.00 999 1011.7  28.0  28.2  25.0 99.0 99.00
2026 05 18 05 40  79 10.8 12.9  2.85  8.33  6.17  83 1011.6  28.1  28.2  25.3 99.0 99.00
2026 05 18 05 50  75 10.8 13.0 99.00 99.00 99.00 999 1011.5  27.9  28.2  25.3 99.0 99.00
2026 05 18 06 00  78 11.3 13.4 99.00 99.00 99.00 999 1011.3  27.9  28.2  25.1 99.0 99.00
2026 05 18 06 10  77 11.4 14.0  3.05  8.33  6.26  88 1011.3  27.9  28.2  25.1 99.0 99.00
2026 05 18 06 20  79 11.0 13.2 99.00 99.00 99.00 999 1011.2  27.9  28.2  25.0 99.0 99.00
2026 05 18 06 30  78 10.7 13.4 99.00 99.00 99.00 999 1011.0  27.9  28.2  25.1 99.0 99.00
2026 05 18 06 40  79 11.2 13.7  3.02  8.33  6.30  89 1010.9  27.9  28.2  25.1 99.0 99.00
2026 05 18 06 50  81 11.2 13.7 99.00 99.00 99.00 999 1010.9  27.9  28.2  24.9 99.0 99.00
2026 05 18 07 00  80 11.0 13.2 99.00 99.00 99.00 999 1010.8  27.9  28.2  25.1 99.0 99.00
2026 05 18 07 10  79 10.7 12.9  2.90  9.09  6.21  88 1010.7  27.9  28.2  25.1 99.0 99.00
2026 05 18 07 20  79 11.6 14.3 99.00 99.00 99.00 999 1010.4  27.8  28.2  24.7 99.0 99.00
2026 05 18 07 30  77 11.3 13.7 99.00 99.00 99.00 999 1010.5  27.9  28.2  24.8 99.0 99.00
2026 05 18 07 40  79 11.2 13.8  2.98  9.09  6.33  81 1010.6  27.9  28.2  24.9 99.0 99.00
2026 05 18 07 50  82 11.2 13.9 99.00 99.00 99.00 999 1010.5  27.9  28.2  24.9 99.0 99.00
2026 05 18 08 00  83 11.0 13.2 99.00 99.00 99.00 999 1010.5  27.9  28.2  24.8 99.0 99.00
2026 05 18 08 10  80 10.5 13.9  2.95  9.09  6.31  82 1010.3  27.9  28.2  25.0 99.0 99.00
2026 05 18 08 20  77 10.2 13.0 99.00 99.00 99.00 999 1010.4  27.8  28.2  25.2 99.0 99.00
2026 05 18 08 30  77 10.9 13.6 99.00 99.00 99.00 999 1010.4  27.8  28.2  25.0 99.0 99.00
2026 05 18 08 40  83 11.5 13.9  3.06  9.09  6.43  77 1010.5  27.8  28.2  24.6 99.0 99.00
2026 05 18 08 50  82 11.2 13.8 99.00 99.00 99.00 999 1010.6  27.9  28.2  24.7 99.0 99.00
2026 05 18 09 00  81 10.8 13.4 99.00 99.00 99.00 999 1010.5  27.9  28.2  24.9 99.0 99.00
2026 05 18 09 10  81 11.3 13.7  3.29  9.09  6.48  85 1010.3  27.8  28.2  24.8 99.0 99.00
2026 05 18 09 20  77 11.6 14.2 99.00 99.00 99.00 999 1010.4  27.9  28.2  24.8 99.0 99.00
2026 05 18 09 30  80 11.1 13.8 99.00 99.00 99.00 999 1010.4  27.8  28.2  24.8 99.0 99.00
2026 05 18 09 40  81 11.2 13.6  2.99  9.09  6.16  76 1010.4  27.9  28.2  24.9 99.0 99.00
2026 05 18 09 50  79 11.4 13.7 99.00 99.00 99.00 999 1010.6  27.8  28.2  24.8 99.0 99.00
2026 05 18 10 00  79 11.4 14.2 99.00 99.00 99.00 999 1010.5  27.9  28.2  24.8 99.0 99.00
2026 05 18 10 10  80 11.7 14.5  3.03  8.33  6.23  86 1010.5  27.8  28.2  24.8 99.0 99.00
2026 05 18 10 20  80 12.1 13.9 99.00 99.00 99.00 999 1010.6  27.9  28.2  24.6 99.0 99.00
2026 05 18 10 30  83 11.4 13.8 99.00 99.00 99.00 999 1010.7  27.9  28.2  24.7 99.0 99.00
2026 05 18 10 40  84 11.6 13.9  2.84  7.69  6.09  84 1010.8  27.9  28.2  24.6 99.0 99.00
2026 05 18 10 50  83 11.6 14.1 99.00 99.00 99.00 999 1010.9  28.0  28.2  24.6 99.0 99.00
2026 05 18 11 00  82 10.6 12.9 99.00 99.00 99.00 999 1010.9  28.0  28.2  25.0 99.0 99.00
2026 05 18 11 10  79 11.4 14.2  3.17  9.09  6.47  80 1011.1  27.9  28.2  24.9 99.0 99.00
2026 05 18 11 20  79 11.4 14.3 99.00 99.00 99.00 999 1011.2  27.9  28.2  24.9 99.0 99.00
2026 05 18 11 30  77 11.8 14.7 99.00 99.00 99.00 999 1011.3  27.9  28.2  24.7 99.0 99.00
2026 05 18 11 40  80 12.1 14.2  3.00  9.09  6.18  85 1011.5  27.9  28.2  24.6 99.0 99.00
2026 05 18 11 50  80 11.8 14.2 99.00 99.00 99.00 999 1011.6  28.0  28.2  24.8 99.0 99.00
2026 05 18 12 00  81 11.6 14.0 99.00 99.00 99.00 999 1011.7  28.0  28.2  24.8 99.0 99.00
2026 05 18 12 10  82 12.2 14.7  3.19  9.09  6.44  82 1011.8  28.0  28.2  24.5 99.0 99.00
2026 05 18 12 20  83 11.9 14.4 99.00 99.00 99.00 999 1011.9  28.1  28.2  24.6 99.0 99.00
2026 05 18 12 30  83 12.0 15.6 99.00 99.00 99.00 999 1011.9  28.1  28.2  24.6 99.0 99.00
2026 05 18 12 40  82 11.3 14.2  3.12  8.33  6.35  78 1011.9  28.1  28.2  24.8 99.0 99.00
2026 05 18 12 50  85 12.0 14.7 99.00 99.00 99.00 999 1012.1  28.1  28.2  24.6 99.0 99.00
2026 05 18 13 00  85 11.9 14.9 99.00 99.00 99.00 999 1012.1  28.1  28.2  24.7 99.0 99.00
2026 05 18 13 10  82 11.8 14.7  3.21  9.09  6.51  84 1012.3  28.1  28.2  24.8 99.0 99.00
2026 05 18 13 20  82 11.6 14.5 99.00 99.00 99.00 999 1012.5  28.1  28.2  24.9 99.0 99.00
2026 05 18 13 30  84 12.1 15.3 99.00 99.00 99.00 999 1012.5  28.1  28.2  24.9 99.0 99.00
2026 05 18 13 40  84 12.8 16.0  3.12  9.09  6.22  85 1012.6  28.1  28.2  24.6 99.0 99.00
2026 05 18 13 50  84 12.6 15.6 99.00 99.00 99.00 999 1012.7  28.2  28.2  24.5 99.0 99.00
2026 05 18 14 00  83 12.2 15.3 99.00 99.00 99.00 999 1012.7  28.2  28.2  24.6 99.0 99.00
2026 05 18 14 10  88 12.3 15.1  3.15  8.33  6.28  86 1012.8  28.2  28.2  24.4 99.0 99.00
2026 05 18 14 20  88 11.7 14.5 99.00 99.00 99.00 999 1012.9  28.2  28.2  24.8 99.0 99.00
2026 05 18 14 30  88 11.7 13.6 99.00 99.00 99.00 999 1013.0  28.1  28.2  25.1 99.0 99.00
2026 05 18 14 40  88 10.9 13.4  3.06  9.09  6.13  90 1013.0  28.0  28.2  25.2 99.0 99.00
2026 05 18 14 50  83 12.0 14.3 99.00 99.00 99.00 999 1013.1  28.0  28.2  24.9 99.0 99.00
2026 05 18 15 00  83 12.1 14.6 99.00 99.00 99.00 999 1013.1  28.1  28.2  24.7 99.0 99.00
2026 05 18 15 10  87 12.1 15.5  3.09  9.09  6.27  85 1013.1  28.2  28.2  24.6 99.0 99.00
2026 05 18 15 20  88 11.5 13.6 99.00 99.00 99.00 999 1013.0  28.1  28.2  24.8 99.0 99.00
2026 05 18 15 30  86 12.0 14.8 99.00 99.00 99.00 999 1013.1  28.1  28.2  24.8 99.0 99.00
2026 05 18 15 40  84 11.4 14.2  2.99  9.09  6.08  87 1013.1  28.1  28.2  24.7 99.0 99.00
2026 05 18 15 50  85 11.7 14.7 99.00 99.00 99.00 999 1013.0  28.1  28.2  24.8 99.0 99.00
2026 05 18 16 00  86 11.6 14.2 99.00 99.00 99.00 999 1013.1  28.2  28.2  24.8 99.0 99.00
2026 05 18 16 10  90 11.7 14.2  3.37  9.09  6.55  85 1013.0  28.1  28.2  24.7 99.0 99.00
2026 05 18 16 20  87 11.6 14.2 99.00 99.00 99.00 999 1012.9  28.1  28.2  24.7 99.0 99.00
2026 05 18 16 30  88 11.4 13.4 99.00 99.00 99.00 999 1012.9  28.1  28.2  24.8 99.0 99.00
2026 05 18 16 40  85 10.8 13.7  3.21  8.33  6.27  92 1012.8  28.1  28.2  25.0 99.0 99.00
2026 05 18 16 50  85 11.4 13.7 99.00 99.00 99.00 999 1012.6  28.1  28.2  24.8 99.0 99.00
2026 05 18 17 00  84 11.6 13.8 99.00 99.00 99.00 999 1012.6  28.2  28.2  24.8 99.0 99.00
2026 05 18 17 10  87 11.3 13.4  3.17  9.09  6.45  89 1012.6  28.2  28.2  24.9 99.0 99.00
2026 05 18 17 20  87 11.0 13.0 99.00 99.00 99.00 999 1012.4  28.1  28.2  24.9 99.0 99.00
2026 05 18 17 30  84 10.4 12.8 99.00 99.00 99.00 999 1012.3  28.1  28.2  25.2 99.0 99.00
2026 05 18 17 40  83 10.7 13.2  3.26  9.09  6.48  89 1012.2  28.1  28.2  25.0 99.0 99.00
2026 05 18 17 50  83 11.0 13.4 99.00 99.00 99.00 999 1012.0  28.1  28.2  25.0 99.0 99.00
2026 05 18 18 00  82 11.1 13.3 99.00 99.00 99.00 999 1011.9  28.1  28.2  24.9 99.0 99.00
2026 05 18 18 10  83 10.1 12.5  3.15  9.09  6.25  93 1011.8  28.1  28.2  25.1 99.0 99.00
2026 05 18 18 20  81 10.9 13.2 99.00 99.00 99.00 999 1011.7  28.1  28.2  25.0 99.0 99.00
2026 05 18 18 30  81 10.8 12.8 99.00 99.00 99.00 999 1011.5  28.1  28.2  24.9 99.0 99.00
2026 05 18 18 40  81 11.0 13.1  3.35  9.09  6.58  88 1011.2  28.1  28.2  25.0 99.0 99.00
2026 05 18 18 50  80 11.1 13.1 99.00 99.00 99.00 999 1011.1  28.1  28.2  25.0 99.0 99.00
2026 05 18 19 00  79 10.5 13.0 99.00 99.00 99.00 999 1011.1  28.1  28.2  25.1 99.0 99.00
2026 05 18 19 10  78 11.3 13.3  3.21  9.09  6.55  90 1011.0  28.1  28.2  25.0 99.0 99.00
2026 05 18 19 20  78 10.7 13.1 99.00 99.00 99.00 999 1010.9  28.1  28.3  25.1 99.0 99.00
2026 05 18 19 30  78 10.4 12.7 99.00 99.00 99.00 999 1010.8  28.1  28.2  25.2 99.0 99.00
2026 05 18 19 40  80 10.3 13.0  2.86  9.09  6.15  90 1010.6  28.1  28.2  25.2 99.0 99.00
2026 05 18 19 50  77 10.1 12.4 99.00 99.00 99.00 999 1010.5  28.1  28.2  25.3 99.0 99.00
2026 05 18 20 00  79 10.8 13.3 99.00 99.00 99.00 999 1010.3  28.1  28.2  25.2 99.0 99.00
2026 05 18 20 10  78 10.9 12.8  2.83  9.09  6.31  89 1010.3  28.1  28.2  25.1 99.0 99.00
2026 05 18 20 20  77 11.6 14.0 99.00 99.00 99.00 999 1010.1  28.1  28.2  24.9 99.0 99.00
2026 05 18 20 30  77 10.7 13.0 99.00 99.00 99.00 999 1010.0  28.1  28.2  25.0 99.0 99.00
2026 05 18 20 40  77 10.1 12.1  2.83  8.33  6.22  93 1010.1  28.1  28.2  25.3 99.0 99.00
2026 05 18 20 50  74 10.5 12.8 99.00 99.00 99.00 999 1010.1  28.0  28.2  25.2 99.0 99.00
2026 05 18 21 00  72 10.9 13.1 99.00 99.00 99.00 999 1009.9  28.1  28.2  25.3 99.0 99.00
2026 05 18 21 10  78 10.6 13.2  2.94  8.33  6.41  89 1009.9  28.0  28.2  25.2 99.0 99.00
2026 05 18 21 20  82 10.5 12.8 99.00 99.00 99.00 999 1009.9  28.1  28.2  25.0 99.0 99.00
2026 05 18 21 30  79 10.7 12.7 99.00 99.00 99.00 999 1009.8  28.1  28.2  24.9 99.0 99.00
2026 05 18 21 40  78 10.2 12.2  2.79  9.09  6.22  97 1009.8  28.1  28.2  25.1 99.0 99.00
2026 05 18 21 50  75 10.5 12.5 99.00 99.00 99.00 999 1009.8  28.0  28.2  25.0 99.0 99.00
2026 05 18 22 00  76  9.9 12.5 99.00 99.00 99.00 999 1009.8  28.1  28.1  25.3 99.0 99.00
2026 05 18 22 10  77  9.8 12.0  2.67  8.33  6.03  91 1010.0  28.0  28.1  25.2 99.0 99.00
2026 05 18 22 20  76  9.4 11.8 99.00 99.00 99.00 999 1010.0  28.0  28.1  25.2 99.0 99.00
2026 05 18 22 30  74 10.1 12.5 99.00 99.00 99.00 999 1010.1  28.0  28.1  25.2 99.0 99.00
2026 05 18 22 40  75 10.2 12.4  2.50  8.33  5.99  87 1010.1  28.0  28.1  25.2 99.0 99.00
2026 05 18 22 50  75 10.2 12.8 99.00 99.00 99.00 999 1010.1  28.0  28.1  25.2 99.0 99.00
2026 05 18 23 00  75 10.1 12.5 99.00 99.00 99.00 999 1010.2  28.0  28.1  25.2 99.0 99.00
2026 05 18 23 10  73 11.4 13.5  2.77  9.09  6.16  99 1010.3  28.0  28.1  24.7 99.0 99.00
2026 05 18 23 20  73 10.5 13.4 99.00 99.00 99.00 999 1010.4  28.1  28.1  25.0 99.0 99.00
2026 05 18 23 30  71 10.4 12.4 99.00 99.00 99.00 999 1010.6  28.0  28.1  25.1 99.0 99.00
2026 05 18 23 40  66 10.7 12.5  3.00  8.33  6.33  96 1010.6  27.9  28.1  25.2 99.0 99.00
2026 05 18 23 50  68 10.5 13.0 99.00 99.00 99.00 999 1010.8  27.9  28.1  25.2 99.0 99.00
2026 05 19 00 00  70 10.9 13.4 99.00 99.00 99.00 999 1010.9  27.9  28.1  25.2 99.0 99.00
2026 05 19 00 10  67 10.5 12.6  2.75  9.09  6.18  90 1011.0  27.9  28.1  25.3 99.0 99.00
2026 05 19 00 20  70 11.2 13.5 99.00 99.00 99.00 999 1011.0  27.9  28.1  25.2 99.0 99.00
2026 05 19 00 30  70 11.5 13.6 99.00 99.00 99.00 999 1011.0  27.9  28.1  25.0 99.0 99.00
2026 05 19 00 40  68 11.0 13.8  2.92  8.33  6.02  86 1011.2  27.9  28.1  25.2 99.0 99.00
2026 05 19 00 50  70 11.1 13.5 99.00 99.00 99.00 999 1011.3  27.9  28.1  25.1 99.0 99.00
2026 05 19 01 00  69 11.1 13.3 99.00 99.00 99.00 999 1011.4  27.9  28.1  25.0 99.0 99.00
2026 05 19 01 10  69 10.9 13.5  2.89  7.69  6.02  91 1011.4  28.0  28.1  25.3 99.0 99.00
2026 05 19 01 20  67 10.9 13.0 99.00 99.00 99.00 999 1011.6  27.9  28.1  25.2 99.0 99.00
2026 05 19 01 30  69 11.2 14.3 99.00 99.00 99.00 999 1011.6  27.9  28.1  25.1 99.0 99.00
2026 05 19 01 40  70 11.7 13.8  2.73  9.09  6.04  86 1011.7  28.0  28.1  24.9 99.0 99.00
2026 05 19 01 50  64 11.3 14.5 99.00 99.00 99.00 999 1011.9  28.0  28.1  25.1 99.0 99.00
2026 05 19 02 00  68 11.7 14.3 99.00 99.00 99.00 999 1012.0  27.9  28.1  24.9 99.0 99.00
2026 05 19 02 10  72 11.6 13.9  2.79  9.09  5.97  85 1012.0  28.0  28.1  25.0 99.0 99.00
2026 05 19 02 20  67 11.7 14.1 99.00 99.00 99.00 999 1012.1  27.9  28.1  25.0 99.0 99.00
2026 05 19 02 30  67 10.8 13.5 99.00 99.00 99.00 999 1012.2  28.0  28.1  25.3 99.0 99.00
2026 05 19 02 40  66 12.0 15.2  2.80  8.33  5.96  95 1012.2  27.8  28.1  25.1 99.0 99.00
2026 05 19 02 50  70 12.3 14.8 99.00 99.00 99.00 999 1012.2  27.9  28.1  24.9 99.0 99.00
2026 05 19 03 00  71 12.0 14.4 99.00 99.00 99.00 999 1012.5  28.0  28.1  25.0 99.0 99.00
2026 05 19 03 10  70 11.9 15.1  3.06  8.33  6.13  91 1012.5  27.9  28.1  25.0 99.0 99.00
2026 05 19 03 20  70 12.1 14.9 99.00 99.00 99.00 999 1012.5  27.9  28.1  24.9 99.0 99.00
2026 05 19 03 30  74 12.5 15.4 99.00 99.00 99.00 999 1012.5  27.9  28.1  24.7 99.0 99.00
2026 05 19 03 40  73 11.6 13.8  2.96  8.33  6.11  90 1012.7  28.0  28.1  25.0 99.0 99.00
2026 05 19 03 50  72 11.9 14.5 99.00 99.00 99.00 999 1012.8  27.9  28.1  24.8 99.0 99.00
2026 05 19 04 00  72 11.6 14.1 99.00 99.00 99.00 999 1012.8  27.9  28.1  24.8 99.0 99.00
2026 05 19 04 10  72 12.0 15.0  3.03  8.33  6.11  88 1012.8  27.9  28.1  24.9 99.0 99.00
2026 05 19 04 20  72 11.9 14.4 99.00 99.00 99.00 999 1012.8  27.9  28.1  24.7 99.0 99.00
2026 05 19 04 30  72 11.8 13.9 99.00 99.00 99.00 999 1012.8  27.9  28.1  24.6 99.0 99.00
2026 05 19 04 40  69 11.8 14.6  2.72  8.33  5.83  84 1012.7  27.9  28.1  24.8 99.0 99.00
2026 05 19 04 50  69 11.5 14.0 99.00 99.00 99.00 999 1012.6  27.9  28.1  24.8 99.0 99.00
2026 05 19 05 00  69 11.8 14.0 99.00 99.00 99.00 999 1012.5  27.8  28.1  24.8 99.0 99.00
2026 05 19 05 10  70 11.8 14.3  3.02  8.33  6.13  88 1012.3  27.8  28.1  24.8 99.0 99.00
2026 05 19 05 20  69 12.6 15.2 99.00 99.00 99.00 999 1012.3  27.8  28.1  24.5 99.0 99.00
2026 05 19 05 30  69 12.4 15.1 99.00 99.00 99.00 999 1012.1  27.8  28.1  24.5 99.0 99.00
2026 05 19 05 40  70 12.1 14.7  2.63  7.14  5.64  87 1012.1  27.8  28.1  24.7 99.0 99.00
2026 05 19 05 50  72 12.5 15.3 99.00 99.00 99.00 999 1012.0  27.8  28.1  24.4 99.0 99.00
2026 05 19 06 00  74 12.3 14.5 99.00 99.00 99.00 999 1011.7  27.8  28.1  24.4 99.0 99.00
2026 05 19 06 10  73 12.1 14.9  2.77  8.33  5.96  84 1011.7  27.8  28.1  24.6 99.0 99.00
2026 05 19 06 20  69 11.4 15.1 99.00 99.00 99.00 999 1011.6  27.7  28.1  24.9 99.0 99.00
2026 05 19 06 30  72 12.3 15.1 99.00 99.00 99.00 999 1011.4  27.7  28.1  24.4 99.0 99.00
2026 05 19 06 40  70 11.8 14.1  2.59  8.33  5.71  89 1011.3  27.8  28.0  24.5 99.0 99.00
2026 05 19 06 50  70 11.6 14.0 99.00 99.00 99.00 999 1011.2  27.7  28.1  24.7 99.0 99.00
2026 05 19 07 00  72 11.5 14.4 99.00 99.00 99.00 999 1011.0  27.7  28.1  24.8 99.0 99.00
2026 05 19 07 10  72 11.6 15.0  2.96  8.33  6.07  89 1010.9  27.8  28.1  24.9 99.0 99.00
2026 05 19 07 20  69 11.8 14.8 99.00 99.00 99.00 999 1010.9  27.7  28.1  24.9 99.0 99.00
2026 05 19 07 30  67 11.7 14.3 99.00 99.00 99.00 999 1010.9  27.7  28.1  25.0 99.0 99.00
2026 05 19 07 40  68 12.1 14.5  3.11  8.33  6.24  87 1010.9  27.6  28.1  24.7 99.0 99.00
2026 05 19 07 50  70 12.1 15.1 99.00 99.00 99.00 999 1010.8  27.7  28.0  24.5 99.0 99.00
2026 05 19 08 00  72 12.1 15.6 99.00 99.00 99.00 999 1010.7  27.7  28.1  24.6 99.0 99.00
2026 05 19 08 10  77 11.9 14.7  2.84  7.69  6.00  93 1010.8  27.7  28.1  24.5 99.0 99.00
2026 05 19 08 20  77 12.1 14.3 99.00 99.00 99.00 999 1010.8  27.7  28.0  24.5 99.0 99.00
2026 05 19 08 30  77 11.6 14.1 99.00 99.00 99.00 999 1010.8  27.7  28.0  24.5 99.0 99.00
2026 05 19 08 40  75 11.3 13.3  2.72  7.69  5.89  98 1010.7  27.7  28.0  24.6 99.0 99.00
2026 05 19 08 50  78 11.3 14.0 99.00 99.00 99.00 999 1010.8  27.7  28.0  24.5 99.0 99.00
2026 05 19 09 00  78 11.4 13.9 99.00 99.00 99.00 999 1010.7  27.7  28.0  24.6 99.0 99.00
2026 05 19 09 10  79 11.8 14.7  2.87  8.33  6.16  88 1010.7  27.7  28.0  24.5 99.0 99.00
2026 05 19 09 20  81 11.6 13.5 99.00 99.00 99.00 999 1010.8  27.8  28.0  24.5 99.0 99.00
2026 05 19 09 30  84 11.1 14.1 99.00 99.00 99.00 999 1010.8  27.7  28.0  24.6 99.0 99.00
2026 05 19 09 40  85 11.1 13.2  3.14  8.33  6.34  89 1010.9  27.7  28.0  24.6 99.0 99.00
2026 05 19 09 50  79 11.6 14.0 99.00 99.00 99.00 999 1010.9  27.7  28.0  24.5 99.0 99.00
2026 05 19 10 00  83 11.4 14.1 99.00 99.00 99.00 999 1010.9  27.7  28.0  24.4 99.0 99.00
2026 05 19 10 10  80 11.2 13.7  2.75  8.33  5.91  84 1011.0  27.7  28.0  24.6 99.0 99.00
2026 05 19 10 20  79 11.5 14.3 99.00 99.00 99.00 999 1011.1  27.7  28.0  24.6 99.0 99.00
2026 05 19 10 30  79 11.3 14.2 99.00 99.00 99.00 999 1011.2  27.7  28.0  24.6 99.0 99.00
2026 05 19 10 40  83 11.4 14.6  3.06  7.69  6.13  94 1011.2  27.7  28.0  24.5 99.0 99.00
2026 05 19 10 50  86 11.8 14.5 99.00 99.00 99.00 999 1011.2  27.7  28.0  24.2 99.0 99.00
2026 05 19 11 00  92 11.3 14.2 99.00 99.00 99.00 999 1011.4  27.8  28.0  24.3 99.0 99.00
2026 05 19 11 10  89 11.7 14.6  3.02  7.69  6.08  86 1011.4  27.8  28.0  24.2 99.0 99.00
2026 05 19 11 20  90 11.0 13.9 99.00 99.00 99.00 999 1011.5  27.8  28.0  24.4 99.0 99.00
2026 05 19 11 30  88 12.0 14.3 99.00 99.00 99.00 999 1011.6  27.7  28.0  24.1 99.0 99.00
2026 05 19 11 40  89 11.9 14.6  2.85  8.33  6.06  91 1011.7  27.8  28.0  24.1 99.0 99.00
2026 05 19 11 50  87 11.6 13.9 99.00 99.00 99.00 999 1011.6  27.8  28.0  24.1 99.0 99.00
2026 05 19 12 00  88 12.2 14.9 99.00 99.00 99.00 999 1011.7  27.9  28.0  24.0 99.0 99.00
2026 05 19 12 10  90 12.2 14.1  2.92  8.33  6.06  88 1011.8  27.8  28.0  24.0 99.0 99.00
2026 05 19 12 20  89 11.8 14.5 99.00 99.00 99.00 999 1012.0  27.9  28.0  24.2 99.0 99.00
2026 05 19 12 30  88 11.3 13.6 99.00 99.00 99.00 999 1012.0  27.9  28.0  24.5 99.0 99.00
2026 05 19 12 40  88 11.3 15.0  2.96  9.09  6.04  87 1012.1  27.8  28.0  24.5 99.0 99.00
2026 05 19 12 50  89 11.7 14.2 99.00 99.00 99.00 999 1012.3  27.9  28.0  24.2 99.0 99.00
2026 05 19 13 00  87 11.8 14.4 99.00 99.00 99.00 999 1012.3  27.9  28.0  24.4 99.0 99.00
2026 05 19 13 10  86 11.6 14.5  2.91  7.69  5.94  84 1012.4  27.9  28.0  24.4 99.0 99.00
2026 05 19 13 20  87 11.9 15.1 99.00 99.00 99.00 999 1012.4  27.9  28.0  24.2 99.0 99.00
2026 05 19 13 30  88 12.2 14.5 99.00 99.00 99.00 999 1012.6  28.0  28.0  24.1 99.0 99.00
2026 05 19 13 40  90 11.8 14.3  2.94  8.33  6.04  95 1012.6  28.0  28.0  24.1 99.0 99.00
2026 05 19 13 50  86 12.0 14.1 99.00 99.00 99.00 999 1012.6  28.0  28.0  24.3 99.0 99.00
2026 05 19 14 00  86 11.2 13.6 99.00 99.00 99.00 999 1012.8  28.0  28.0  24.6 99.0 99.00
2026 05 19 14 10  81 10.6 13.4  3.32  8.33  6.28  96 1012.9  27.9  28.0  24.8 99.0 99.00
2026 05 19 14 20  84 11.7 13.9 99.00 99.00 99.00 999 1012.8  27.9  28.1  24.2 99.0 99.00
2026 05 19 14 30  83 11.2 13.5 99.00 99.00 99.00 999 1012.8  28.0  28.1  24.2 99.0 99.00
2026 05 19 14 40  83 11.4 13.6  2.99  8.33  6.28  86 1012.8  27.9  28.1  24.3 99.0 99.00
2026 05 19 14 50  84 11.2 13.6 99.00 99.00 99.00 999 1012.8  28.0  28.1  24.3 99.0 99.00
2026 05 19 15 00  85 10.9 13.4 99.00 99.00 99.00 999 1013.0  27.9  28.1  24.4 99.0 99.00
2026 05 19 15 10  84 11.2 13.7  2.97  8.33  6.04  86 1013.1  28.0  28.1  24.3 99.0 99.00
2026 05 19 15 20  84 11.2 13.3 99.00 99.00 99.00 999 1013.2  28.0  28.1  24.3 99.0 99.00
2026 05 19 15 30  89 11.2 13.5 99.00 99.00 99.00 999 1013.1  28.0  28.1  24.4 99.0 99.00
2026 05 19 15 40  89 10.6 13.2  3.15  8.33  6.09  82 1013.1  28.0  28.1  24.6 99.0 99.00
2026 05 19 15 50  87 10.5 13.0 99.00 99.00 99.00 999 1013.1  28.0  28.1  24.5 99.0 99.00
2026 05 19 16 00  89 11.0 12.9 99.00 99.00 99.00 999 1013.1  28.0  28.1  24.4 99.0 99.00
2026 05 19 16 10  87 10.1 13.2  2.68  8.33  5.83  86 1013.1  28.0  28.1  24.7 99.0 99.00
2026 05 19 16 20  85 10.1 12.5 99.00 99.00 99.00 999 1012.9  27.9  28.1  24.6 99.0 99.00
2026 05 19 16 30  88 10.4 13.5 99.00 99.00 99.00 999 1012.8  28.0  28.1  24.5 99.0 99.00
2026 05 19 16 40  89 10.2 12.7  2.87  8.33  6.05  86 1012.7  27.9  28.1  24.7 99.0 99.00
2026 05 19 16 50  87 10.5 12.3 99.00 99.00 99.00 999 1012.6  27.9  28.1  24.5 99.0 99.00
2026 05 19 17 00  88 10.3 12.2 99.00 99.00 99.00 999 1012.5  28.0  28.1  24.6 99.0 99.00
2026 05 19 17 10  90  9.5 11.7  2.77  8.33  5.94  89 1012.3  27.9  28.1  24.9 99.0 99.00
2026 05 19 17 20  89 10.7 13.5 99.00 99.00 99.00 999 1012.2  27.9  28.1  24.6 99.0 99.00
2026 05 19 17 30  88 10.3 12.5 99.00 99.00 99.00 999 1012.1  28.0  28.1  24.7 99.0 99.00
2026 05 19 17 40  88  9.6 11.8  2.68  8.33  6.09  90 1012.0  28.0  28.1  24.8 99.0 99.00
2026 05 19 17 50  85 10.3 12.1 99.00 99.00 99.00 999 1011.8  27.9  28.1  24.7 99.0 99.00
2026 05 19 18 00  88 10.0 12.9 99.00 99.00 99.00 999 1011.6  27.9  28.1  24.7 99.0 99.00
2026 05 19 18 10  87 10.4 12.6  2.61  8.33  6.06  84 1011.5  28.0  28.1  24.6 99.0 99.00
2026 05 19 18 20  86  9.5 11.6 99.00 99.00 99.00 999 1011.4  28.0  28.1  24.9 99.0 99.00
2026 05 19 18 30  85  9.6 11.8 99.00 99.00 99.00 999 1011.3  27.9  28.1  24.9 99.0 99.00
2026 05 19 18 40  88 10.2 11.9  2.65  8.33  6.05  91 1011.2  27.9  28.1  24.6 99.0 99.00
2026 05 19 18 50  85  9.0 11.3 99.00 99.00 99.00 999 1011.1  28.0  28.1  25.0 99.0 99.00
2026 05 19 19 00  87  9.2 11.4 99.00 99.00 99.00 999 1010.9  27.9  28.1  25.0 99.0 99.00
2026 05 19 19 10  83 10.1 12.3  2.89  8.33  6.08  92 1010.6  27.9  28.1  24.7 99.0 99.00
2026 05 19 19 20  84  9.8 12.5 99.00 99.00 99.00 999 1010.6  28.0  28.1  24.8 99.0 99.00
2026 05 19 19 30  87  9.5 11.9 99.00 99.00 99.00 999 1010.5  28.0  28.1  24.8 99.0 99.00
2026 05 19 19 40  84  9.2 11.0  2.68  8.33  6.02  84 1010.4  27.9  28.1  24.9 99.0 99.00
2026 05 19 19 50  82  9.0 11.1 99.00 99.00 99.00 999 1010.2  27.9  28.1  24.9 99.0 99.00
2026 05 19 20 00  84  9.8 12.1 99.00 99.00 99.00 999 1010.1  27.9  28.1  24.8 99.0 99.00
2026 05 19 20 10  84  9.4 12.0  2.53  8.33  5.85  83 1010.0  28.0  28.1  24.8 99.0 99.00
2026 05 19 20 20  84  9.3 11.1 99.00 99.00 99.00 999 1009.9  27.9  28.1  24.8 99.0 99.00
2026 05 19 20 30  81  9.1 11.0 99.00 99.00 99.00 999 1009.8  27.9  28.1  25.0 99.0 99.00
2026 05 19 20 40  80  9.2 11.3  2.75  8.33  6.11  91 1009.8  27.9  28.1  25.0 99.0 99.00
2026 05 19 20 50  82  9.5 11.8 99.00 99.00 99.00 999 1009.7  27.9  28.1  24.9 99.0 99.00
2026 05 19 21 00  75  9.3 11.3 99.00 99.00 99.00 999 1009.6  27.9  28.1  24.9 99.0 99.00
2026 05 19 21 10  78 10.0 12.5  2.59  7.69  5.96  83 1009.6  28.0  28.1  24.8 99.0 99.00
2026 05 19 21 20  75  9.6 11.2 99.00 99.00 99.00 999 1009.6  28.0  28.1  24.9 99.0 99.00
2026 05 19 21 30  72  9.7 12.2 99.00 99.00 99.00 999 1009.6  28.0  28.1  24.9 99.0 99.00
2026 05 19 21 40  74  9.9 12.0  2.66  7.69  6.03  87 1009.7  28.0  28.1  24.9 99.0 99.00
2026 05 19 21 50  72  9.7 11.6 99.00 99.00 99.00 999 1009.9  28.0  28.1  25.1 99.0 99.00
2026 05 19 22 00  71  9.7 11.8 99.00 99.00 99.00 999 1009.8  28.0  28.1  25.2 99.0 99.00
2026 05 19 22 10  76 10.6 12.8  2.42  7.69  5.92  80 1009.8  27.9  28.1  24.7 99.0 99.00
2026 05 19 22 20  75 10.0 11.9 99.00 99.00 99.00 999 1009.8  28.0  28.1  24.8 99.0 99.00
2026 05 19 22 30  75 10.1 12.4 99.00 99.00 99.00 999 1009.9  28.0  28.1  24.8 99.0 99.00
2026 05 19 22 40  73 10.2 12.6  2.58  7.69  5.85  90 1010.0  28.0  28.1  24.9 99.0 99.00
2026 05 19 22 50  70 10.3 12.1 99.00 99.00 99.00 999 1010.1  27.9  28.1  24.8 99.0 99.00
2026 05 19 23 00  72 10.3 12.6 99.00 99.00 99.00 999 1010.2  27.9  28.1  24.7 99.0 99.00
2026 05 19 23 10  75 10.9 13.7  2.48  7.69  5.79  92 1010.3  27.9  28.1  24.5 99.0 99.00
2026 05 19 23 20  72 10.5 12.7 99.00 99.00 99.00 999 1010.6  28.0  28.1  24.6 99.0 99.00
2026 05 19 23 30  70 10.8 12.9 99.00 99.00 99.00 999 1010.7  28.0  28.1  24.5 99.0 99.00
2026 05 19 23 40  71 10.2 12.0  2.44  7.69  5.80  93 1010.8  28.0  28.1  24.5 99.0 99.00
2026 05 19 23 50  69  9.9 12.2 99.00 99.00 99.00 999 1010.9  28.0  28.1  24.8 99.0 99.00
2026 05 20 00 00  68 10.6 13.5 99.00 99.00 99.00 999 1010.9  28.0  28.1  24.8 99.0 99.00
2026 05 20 00 10  67 10.5 12.7  2.42  8.33  5.79  92 1010.9  27.9  28.1  24.9 99.0 99.00
2026 05 20 00 20  67 10.2 12.5 99.00 99.00 99.00 999 1011.0  27.9  28.1  25.1 99.0 99.00
2026 05 20 00 30  70 11.2 13.2 99.00 99.00 99.00 999 1011.1  27.9  28.1  24.7 99.0 99.00
2026 05 20 00 40  68 10.4 12.4  2.42  8.33  5.68  86 1011.2  28.0  28.1  24.7 99.0 99.00
2026 05 20 00 50  68 11.1 13.3 99.00 99.00 99.00 999 1011.2  27.9  28.1  24.6 99.0 99.00
2026 05 20 01 00  68 10.6 13.0 99.00 99.00 99.00 999 1011.4  28.0  28.1  24.7 99.0 99.00
2026 05 20 01 10  70 10.9 13.3  2.34  7.69  5.57  89 1011.4  28.0  28.1  24.7 99.0 99.00
2026 05 20 01 20  70 10.6 12.7 99.00 99.00 99.00 999 1011.4  28.0  28.1  24.8 99.0 99.00
2026 05 20 01 30  67 10.2 12.8 99.00 99.00 99.00 999 1011.4  27.9  28.1  25.0 99.0 99.00
2026 05 20 01 40  62 10.6 12.9  2.46  7.69  5.64  91 1011.5  27.9  28.1  25.0 99.0 99.00
2026 05 20 01 50  67 10.6 12.9 99.00 99.00 99.00 999 1011.7  27.9  28.1  25.1 99.0 99.00
2026 05 20 02 00  69 12.1 15.3 99.00 99.00 99.00 999 1011.7  27.8  28.1  25.0 99.0 99.00
2026 05 20 02 10  67 11.5 13.9  2.59  7.69  5.77  86 1011.9  28.0  28.1  24.7 99.0 99.00
2026 05 20 02 20  66 11.2 15.0 99.00 99.00 99.00 999 1011.9  28.0  28.1  24.7 99.0 99.00
2026 05 20 02 30  69 11.1 13.7 99.00 99.00 99.00 999 1012.1  28.0  28.1  24.9 99.0 99.00
2026 05 20 02 40  67 11.2 14.3  2.67  7.69  5.93  80 1012.1  28.0  28.1  24.9 99.0 99.00
2026 05 20 02 50  65 11.1 13.6 99.00 99.00 99.00 999 1012.1  28.0  28.1  24.9 99.0 99.00
2026 05 20 03 00  66 10.9 13.6 99.00 99.00 99.00 999 1012.1  28.0  28.1  24.9 99.0 99.00
2026 05 20 03 10  71 10.4 13.9  2.62  8.33  5.86  76 1012.2  28.0  28.1  24.6 99.0 99.00
2026 05 20 03 20  66 10.3 12.9 99.00 99.00 99.00 999 1012.1  28.0  28.1  25.0 99.0 99.00
2026 05 20 03 30  71 11.2 13.1 99.00 99.00 99.00 999 1012.0  27.9  28.1  24.9 99.0 99.00
2026 05 20 03 40  72 11.3 13.3  2.47  7.69  5.65  71 1012.0  28.0  28.1  24.8 99.0 99.00
2026 05 20 03 50  73 11.3 13.5 99.00 99.00 99.00 999 1012.0  28.0  28.1  24.7 99.0 99.00
2026 05 20 04 00  70 10.5 12.8 99.00 99.00 99.00 999 1011.8  28.0  28.1  25.1 99.0 99.00
2026 05 20 04 10  67 11.2 13.8  2.66  8.33  5.87  78 1011.9  27.8  28.1  25.0 99.0 99.00
2026 05 20 04 20  67 11.0 13.1 99.00 99.00 99.00 999 1011.8  27.9  28.1  25.2 99.0 99.00
2026 05 20 04 30  70 11.8 13.7 99.00 99.00 99.00 999 1011.8  27.8  28.1  25.0 99.0 99.00
2026 05 20 04 40  71 11.7 14.7  2.51  7.69  5.64  92 1011.7  27.8  28.1  24.8 99.0 99.00
2026 05 20 04 50  72 11.5 13.8 99.00 99.00 99.00 999 1011.7  27.9  28.1  24.9 99.0 99.00
2026 05 20 05 00  74 11.6 13.9 99.00 99.00 99.00 999 1011.6  27.9  28.1  24.6 99.0 99.00
2026 05 20 05 10  70 11.3 14.1  2.90  7.69  6.00  81 1011.5  27.8  28.1  24.8 99.0 99.00
2026 05 20 05 20  69 11.4 13.8 99.00 99.00 99.00 999 1011.3  27.8  28.1  24.9 99.0 99.00
2026 05 20 05 30  72 11.7 14.4 99.00 99.00 99.00 999 1011.1  27.8  28.1  24.6 99.0 99.00
2026 05 20 05 40  72 11.1 13.4  2.66  8.33  5.92  79 1011.1  27.8  28.1  24.7 99.0 99.00
2026 05 20 05 50  71 10.9 13.4 99.00 99.00 99.00 999 1011.0  27.8  28.1  25.0 99.0 99.00
2026 05 20 06 00  70 11.0 13.6 99.00 99.00 99.00 999 1010.9  27.8  28.1  25.0 99.0 99.00
2026 05 20 06 10  74 10.8 13.2  2.75  8.33  6.00  87 1010.7  27.7  28.1  24.8 99.0 99.00
2026 05 20 06 20  72 11.2 13.7 99.00 99.00 99.00 999 1010.6  27.8  28.1  24.7 99.0 99.00
2026 05 20 06 30  70 11.3 14.2 99.00 99.00 99.00 999 1010.4  27.8  28.1  24.7 99.0 99.00
2026 05 20 06 40  70 10.9 13.4  2.71  8.33  5.88  83 1010.5  27.8  28.1  24.8 99.0 99.00
2026 05 20 06 50  70 11.4 13.7 99.00 99.00 99.00 999 1010.4  27.7  28.1  24.7 99.0 99.00
2026 05 20 07 00  69 10.7 13.0 99.00 99.00 99.00 999 1010.3  27.7  28.1  24.9 99.0 99.00
2026 05 20 07 10  71 11.1 13.7  2.56  8.33  5.94  80 1010.3  27.7  28.1  24.7 99.0 99.00
2026 05 20 07 20  70 11.3 13.9 99.00 99.00 99.00 999 1010.1  27.7  28.1  24.8 99.0 99.00
2026 05 20 07 30  74 11.0 13.4 99.00 99.00 99.00 999 1010.1  27.8  28.1  25.0 99.0 99.00
2026 05 20 07 40  76 11.3 14.0  2.71  8.33  5.98  82 1010.0  27.7  28.1  24.7 99.0 99.00
2026 05 20 07 50  77 11.2 13.5 99.00 99.00 99.00 999 1009.9  27.7  28.1  24.6 99.0 99.00
2026 05 20 08 00  77 10.5 14.0 99.00 99.00 99.00 999 1009.8  27.7  28.1  24.9 99.0 99.00
2026 05 20 08 10  78 11.9 13.6  2.67  8.33  5.94  78 1009.8  27.7  28.1  24.5 99.0 99.00
2026 05 20 08 20  80 10.8 13.0 99.00 99.00 99.00 999 1009.8  27.8  28.1  24.7 99.0 99.00
2026 05 20 08 30  76 10.0 12.2 99.00 99.00 99.00 999 1009.7  27.7  28.1  25.0 99.0 99.00
2026 05 20 08 40  78 11.0 13.5  2.83  7.69  6.08  77 1009.7  27.6  28.1  24.8 99.0 99.00
2026 05 20 08 50  78 11.0 13.2 99.00 99.00 99.00 999 1009.6  27.7  28.1  24.8 99.0 99.00
2026 05 20 09 00  78 11.2 13.3 99.00 99.00 99.00 999 1009.5  27.7  28.1  24.7 99.0 99.00
2026 05 20 09 10  79 11.1 13.2  2.64  7.69  6.04  84 1009.4  27.7  28.1  24.8 99.0 99.00
2026 05 20 09 20  79 11.7 13.9 99.00 99.00 99.00 999 1009.4  27.7  28.1  24.7 99.0 99.00
2026 05 20 09 30  81 11.3 13.9 99.00 99.00 99.00 999 1009.5  27.7  28.1  24.7 99.0 99.00
2026 05 20 09 40  85 11.7 13.7  3.07  8.33  6.21  84 1009.5  27.7  28.1  24.5 99.0 99.00
2026 05 20 09 50  83 11.8 14.8 99.00 99.00 99.00 999 1009.7  27.8  28.1  24.4 99.0 99.00
2026 05 20 10 00  85 11.2 14.1 99.00 99.00 99.00 999 1009.7  27.8  28.1  24.6 99.0 99.00
2026 05 20 10 10  86 11.5 14.3  2.78  8.33  6.11  82 1009.7  27.7  28.0  24.4 99.0 99.00
2026 05 20 10 20  84 10.9 12.9 99.00 99.00 99.00 999 1009.8  27.7  28.1  24.6 99.0 99.00
2026 05 20 10 30  82 10.4 12.4 99.00 99.00 99.00 999 1009.8  27.7  28.1  24.7 99.0 99.00
2026 05 20 10 40  78 11.0 13.4  2.74  8.33  6.04  83 1009.8  27.7  28.1  24.7 99.0 99.00
2026 05 20 10 50  79 10.0 12.2 99.00 99.00 99.00 999 1009.8  27.7  28.1  25.0 99.0 99.00
2026 05 20 11 00  79 10.2 12.3 99.00 99.00 99.00 999 1009.8  27.7  28.1  25.2 99.0 99.00
2026 05 20 11 10  86 10.2 12.6  2.76  8.33  6.07  85 1009.8  27.6  28.1  25.1 99.0 99.00
2026 05 20 11 20  84 10.6 13.1 99.00 99.00 99.00 999 1009.8  27.7  28.1  25.0 99.0 99.00
2026 05 20 11 30  82 11.4 13.9 99.00 99.00 99.00 999 1010.0  27.7  28.1  24.7 99.0 99.00
2026 05 20 11 40  81 11.6 15.3  2.74  7.69  6.04  80 1010.2  27.8  28.0  24.6 99.0 99.00
2026 05 20 11 50  82 11.2 14.2 99.00 99.00 99.00 999 1010.2  27.8  28.1  24.7 99.0 99.00
2026 05 20 12 00  86 11.1 14.1 99.00 99.00 99.00 999 1010.3  27.8  28.1  24.6 99.0 99.00
2026 05 20 12 10  87 11.4 13.8  2.81  8.33  6.07  87 1010.5  27.8  28.1  24.4 99.0 99.00
2026 05 20 12 20  83 10.9 13.1 99.00 99.00 99.00 999 1010.5  27.8  28.1  24.6 99.0 99.00
2026 05 20 12 30  84 11.0 13.2 99.00 99.00 99.00 999 1010.6  27.8  28.0  24.7 99.0 99.00
2026 05 20 12 40  84 10.8 12.7  2.83  8.33  6.20  83 1010.6  27.8  28.1  24.8 99.0 99.00
2026 05 20 12 50  82 10.0 12.8 99.00 99.00 99.00 999 1010.7  27.8  28.1  24.8 99.0 99.00
2026 05 20 13 00  81 10.6 13.1 99.00 99.00 99.00 999 1010.8  27.8 999.0  24.8 99.0 99.00
2026 05 20 13 10  80 10.5 12.6  2.84  7.69  6.17  86 1010.8  27.9  28.1  24.8 99.0 99.00
2026 05 20 13 20  83 10.7 12.9 99.00 99.00 99.00 999 1010.8  27.8  28.1  24.7 99.0 99.00
2026 05 20 13 30  83 10.7 12.9 99.00 99.00 99.00 999 1010.7  27.9  28.1  24.8 99.0 99.00
2026 05 20 13 40  85 10.0 12.1  2.92  8.33  6.21  87 1010.9  27.9  28.1  25.0 99.0 99.00
2026 05 20 13 50  84  9.6 12.0 99.00 99.00 99.00 999 1011.0  27.9  28.1  25.2 99.0 99.00
2026 05 20 14 00  88 10.2 12.5 99.00 99.00 99.00 999 1011.0  27.8  28.1  24.8 99.0 99.00
2026 05 20 14 10  85 10.4 12.6  2.62  8.33  6.04  87 1011.1  27.9  28.1  24.6 99.0 99.00
2026 05 20 14 20  85 10.0 12.1 99.00 99.00 99.00 999 1011.2  27.9  28.1  24.8 99.0 99.00
2026 05 20 14 30  85 10.4 12.8 99.00 99.00 99.00 999 1011.2  27.9  28.1  24.7 99.0 99.00
2026 05 20 14 40  87 10.7 12.5  2.79  8.33  6.05  85 1011.3  27.9  28.1  24.6 99.0 99.00
2026 05 20 14 50  87  9.6 12.0 99.00 99.00 99.00 999 1011.2  28.0  28.1  24.9 99.0 99.00
2026 05 20 15 00  90  9.0 11.1 99.00 99.00 99.00 999 1011.3  27.9  28.1  25.1 99.0 99.00
2026 05 20 15 10  84  9.0 11.6  2.90  8.33  6.22  83 1011.3  27.9  28.1  25.1 99.0 99.00
2026 05 20 15 20  81  9.1 10.9 99.00 99.00 99.00 999 1011.3  27.9  28.1  25.1 99.0 99.00
2026 05 20 15 30  81  9.2 11.2 99.00 99.00 99.00 999 1011.4  27.9  28.1  25.1 99.0 99.00
2026 05 20 15 40  80  9.1 11.5  2.73  8.33  5.99  85 1011.4  28.0  28.1  25.2 99.0 99.00
2026 05 20 15 50  76  8.9 11.3 99.00 99.00 99.00 999 1011.4  27.9  28.1  25.3 99.0 99.00
2026 05 20 16 00  78  9.1 10.7 99.00 99.00 99.00 999 1011.5  27.9  28.1  25.0 99.0 99.00
2026 05 20 16 10  74  9.4 11.5  2.78  8.33  6.29  86 1011.4  28.0  28.1  25.1 99.0 99.00
2026 05 20 16 20  74  9.2 10.9 99.00 99.00 99.00 999 1011.3  28.0  28.1  25.1 99.0 99.00
2026 05 20 16 30  71  9.7 11.6 99.00 99.00 99.00 999 1011.1  28.0  28.1  24.9 99.0 99.00
2026 05 20 16 40  72  9.8 11.7  2.65  8.33  5.99  86 1011.1  28.0  28.1  24.7 99.0 99.00
2026 05 20 16 50  75  9.2 11.3 99.00 99.00 99.00 999 1011.1  28.1  28.1  25.0 99.0 99.00
2026 05 20 17 00  75  9.1 12.0 99.00 99.00 99.00 999 1010.9  28.1  28.1  25.0 99.0 99.00
2026 05 20 17 10  78  9.7 11.3  2.59  8.33  6.04  78 1010.9  28.0  28.1  24.7 99.0 99.00
2026 05 20 17 20  77  9.0 10.9 99.00 99.00 99.00 999 1010.7  28.0  28.1  25.0 99.0 99.00
2026 05 20 17 30  77  9.4 11.3 99.00 99.00 99.00 999 1010.6  28.0  28.1  24.9 99.0 99.00
2026 05 20 17 40  76  9.2 11.0  2.72  8.33  6.20  90 1010.4  28.0  28.1  24.9 99.0 99.00
2026 05 20 17 50  79  8.9 10.9 99.00 99.00 99.00 999 1010.4  28.1  28.1  25.0 99.0 99.00
2026 05 20 18 00  77  9.2 11.1 99.00 99.00 99.00 999 1010.3  28.0  28.1  24.9 99.0 99.00
2026 05 20 18 10  77  8.8 10.5  2.60  8.33  6.00  85 1010.1  28.0  28.2  25.0 99.0 99.00
2026 05 20 18 20  78  8.4 10.2 99.00 99.00 99.00 999 1010.0  28.0  28.2  25.2 99.0 99.00
2026 05 20 18 30  79  9.1 11.4 99.00 99.00 99.00 999 1010.0  28.0  28.1  25.1 99.0 99.00
2026 05 20 18 40  74  8.5 10.6  2.57  8.33  5.99  88 1009.8  28.0  28.2  25.0 99.0 99.00
2026 05 20 18 50  72  8.7 10.6 99.00 99.00 99.00 999 1009.7  28.0  28.2  25.1 99.0 99.00
2026 05 20 19 00  72  8.8 10.6 99.00 99.00 99.00 999 1009.7  28.1 999.0  25.1 99.0 99.00
2026 05 20 19 10  72  9.3 11.0  2.42  8.33  5.90  89 1009.6  28.1  28.2  25.0 99.0 99.00
2026 05 20 19 20  73  9.2 11.2 99.00 99.00 99.00 999 1009.5  28.1  28.2  25.0 99.0 99.00
2026 05 20 19 30  74  8.8 11.0 99.00 99.00 99.00 999 1009.4  28.1  28.2  25.1 99.0 99.00
2026 05 20 19 40  73  9.0 11.1  2.38  8.33  6.05  83 1009.3  28.0  28.2  24.9 99.0 99.00
2026 05 20 19 50  72  9.1 10.6 99.00 99.00 99.00 999 1009.2  28.1  28.2  25.0 99.0 99.00
2026 05 20 20 00  67  8.8 10.3 99.00 99.00 99.00 999 1008.9  28.1  28.2  25.3 99.0 99.00
2026 05 20 20 10  62  8.8 10.5  2.48  8.33  6.05  90 1008.9  28.0  28.2  25.4 99.0 99.00
2026 05 20 20 20  65 10.0 12.0 99.00 99.00 99.00 999 1008.8  27.9  28.2  25.0 99.0 99.00
2026 05 20 20 30  64  9.9 11.8 99.00 99.00 99.00 999 1008.7  28.0  28.2  25.1 99.0 99.00
2026 05 20 20 40  67 10.3 12.3  2.45  8.33  6.09  92 1008.6  28.0  28.2  25.0 99.0 99.00
2026 05 20 20 50  67  9.5 11.5 99.00 99.00 99.00 999 1008.5  28.0  28.2  25.2 99.0 99.00
2026 05 20 21 00  66  9.3 11.1 99.00 99.00 99.00 999 1008.4  28.0  28.2  25.2 99.0 99.00
2026 05 20 21 10  65  9.1 11.0  2.57  8.33  6.00  89 1008.5  27.9  28.2  25.2 99.0 99.00
2026 05 20 21 20  68  9.4 11.8 99.00 99.00 99.00 999 1008.5  28.0  28.2  25.2 99.0 99.00
2026 05 20 21 30  73  9.9 12.0 99.00 99.00 99.00 999 1008.5  28.0  28.2  24.9 99.0 99.00
2026 05 20 21 40  76  9.6 12.0  2.39  8.33  5.91  88 1008.5  28.1  28.2  24.9 99.0 99.00
2026 05 20 21 50  71  9.6 11.5 99.00 99.00 99.00 999 1008.5  28.0  28.2  24.8 99.0 99.00
2026 05 20 22 00  70  9.5 11.7 99.00 99.00 99.00 999 1008.5  28.0  28.2  24.9 99.0 99.00
2026 05 20 22 10  71  9.2 10.6  2.38  8.33  5.79 100 1008.5  28.0  28.2  25.0 99.0 99.00
2026 05 20 22 20  67  8.6 11.0 99.00 99.00 99.00 999 1008.5  28.0  28.2  25.3 99.0 99.00
2026 05 20 22 30  68  9.9 11.7 99.00 99.00 99.00 999 1008.5  27.9  28.1  24.9 99.0 99.00
2026 05 20 22 40  66 10.3 12.8  2.30  8.33  5.90  82 1008.6  28.0  28.2  24.8 99.0 99.00
2026 05 20 22 50  68 10.1 12.4 99.00 99.00 99.00 999 1008.8  28.0  28.1  24.9 99.0 99.00
2026 05 20 23 00  68 10.1 13.0 99.00 99.00 99.00 999 1009.0  28.0  28.1  24.9 99.0 99.00
2026 05 20 23 10  67  9.9 12.2  2.34  8.33  5.85  95 1009.0  28.0  28.1  25.1 99.0 99.00
2026 05 20 23 20  68 10.2 12.3 99.00 99.00 99.00 999 1009.1  28.0  28.1  25.1 99.0 99.00
2026 05 20 23 30  65 10.1 12.4 99.00 99.00 99.00 999 1009.1  27.9  28.1  25.1 99.0 99.00
2026 05 20 23 40  67 10.4 12.6  2.58  8.33  6.08  93 1009.3  27.9  28.1  24.9 99.0 99.00
2026 05 20 23 50  69 10.3 12.5 99.00 99.00 99.00 999 1009.5  28.0  28.1  25.0 99.0 99.00
2026 05 21 00 00  71 10.1 12.2 99.00 99.00 99.00 999 1009.6  28.0  28.1  25.0 99.0 99.00
2026 05 21 00 10  69 10.2 12.3  2.38  8.33  5.74  78 1009.6  28.0  28.1  25.1 99.0 99.00
2026 05 21 00 20  65 10.0 12.2 99.00 99.00 99.00 999 1009.6  28.0  28.1  25.1 99.0 99.00
2026 05 21 00 30  68 10.2 12.6 99.00 99.00 99.00 999 1009.6  28.0  28.1  25.1 99.0 99.00
2026 05 21 00 40  69 10.9 12.8  2.49  8.33  5.84  86 1009.7  27.9  28.1  24.8 99.0 99.00
2026 05 21 00 50  71 10.6 13.3 99.00 99.00 99.00 999 1009.8  28.0  28.1  24.9 99.0 99.00
2026 05 21 01 00  72 10.2 12.6 99.00 99.00 99.00 999 1010.0  28.0  28.1  25.1 99.0 99.00
2026 05 21 01 10  70  9.5 11.8  2.32  7.69  5.78  86 1010.1  28.0  28.1  25.4 99.0 99.00
2026 05 21 01 20  71 10.3 12.4 99.00 99.00 99.00 999 1010.3  27.9  28.1  25.2 99.0 99.00
2026 05 21 01 30  68  9.7 12.2 99.00 99.00 99.00 999 1010.2  27.9  28.1  25.3 99.0 99.00
2026 05 21 01 40  68 10.1 12.3  2.53  8.33  5.91  86 1010.2  27.9  28.1  25.2 99.0 99.00
2026 05 21 01 50  70 10.0 13.0 99.00 99.00 99.00 999 1010.1  27.9  28.1  25.2 99.0 99.00
2026 05 21 02 00  69 10.5 12.6 99.00 99.00 99.00 999 1010.2  27.9  28.1  25.2 99.0 99.00
2026 05 21 02 10  68 10.7 13.3  2.44  8.33  5.83  89 1010.3  27.9  28.1  25.2 99.0 99.00
2026 05 21 02 20  67 10.9 13.6 99.00 99.00 99.00 999 1010.2  27.9  28.1  25.2 99.0 99.00
2026 05 21 02 30  68 11.1 13.5 99.00 99.00 99.00 999 1010.2  28.0  28.1  25.2 99.0 99.00
2026 05 21 02 40  67 11.2 13.9  2.64  8.33  5.96  85 1010.3  27.9  28.1  25.2 99.0 99.00
2026 05 21 02 50  67 11.0 13.3 99.00 99.00 99.00 999 1010.3  27.9  28.1  25.2 99.0 99.00
2026 05 21 03 00  66 10.8 13.8 99.00 99.00 99.00 999 1010.7  27.9  28.1  25.2 99.0 99.00
2026 05 21 03 10  63 10.6 13.0  2.65  8.33  6.02  81 1010.7  27.9  28.1  25.2 99.0 99.00
2026 05 21 03 20  63 10.8 12.9 99.00 99.00 99.00 999 1010.6  27.9  28.1  25.3 99.0 99.00
2026 05 21 03 30  63 10.3 13.0 99.00 99.00 99.00 999 1010.6  27.9  28.1  25.4 99.0 99.00
2026 05 21 03 40  62 10.4 13.0  2.57  8.33  5.96  84 1010.6  27.9  28.1  25.5 99.0 99.00
2026 05 21 03 50  63 10.6 12.6 99.00 99.00 99.00 999 1010.9  27.9  28.1  25.5 99.0 99.00
2026 05 21 04 00  62 10.5 12.9 99.00 99.00 99.00 999 1010.8  27.9  28.1  25.6 99.0 99.00
2026 05 21 04 10  65 11.0 14.3  2.51  8.33  5.83  79 1010.8  27.9  28.1  25.3 99.0 99.00
2026 05 21 04 20  68 11.6 14.4 99.00 99.00 99.00 999 1010.8  27.9  28.1  25.0 99.0 99.00
2026 05 21 04 30  66 10.5 12.8 99.00 99.00 99.00 999 1010.7  28.0  28.1  25.3 99.0 99.00
2026 05 21 04 40  66 10.5 12.8  2.64  8.33  6.00  91 1010.7  27.9  28.1  25.1 99.0 99.00
2026 05 21 04 50  68 10.6 12.8 99.00 99.00 99.00 999 1010.7  27.9  28.1  25.1 99.0 99.00
2026 05 21 05 00  70 10.5 13.0 99.00 99.00 99.00 999 1010.7  27.9  28.1  25.1 99.0 99.00
2026 05 21 05 10  71 10.6 12.9  2.69  8.33  5.93  81 1010.7  27.9  28.1  24.9 99.0 99.00
2026 05 21 05 20  68 10.0 12.6 99.00 99.00 99.00 999 1010.6  27.9  28.1  25.1 99.0 99.00
2026 05 21 05 30  74 11.4 14.5 99.00 99.00 99.00 999 1010.4  27.9  28.1  24.6 99.0 99.00
2026 05 21 05 40  70 11.1 13.5  2.77  8.33  5.88  86 1010.4  27.9  28.1  24.7 99.0 99.00
2026 05 21 05 50  72 10.9 13.2 99.00 99.00 99.00 999 1010.3  27.9  28.1  24.8 99.0 99.00
2026 05 21 06 00  72 10.7 13.9 99.00 99.00 99.00 999 1010.1  27.9  28.1  24.8 99.0 99.00
2026 05 21 06 10  71 11.0 13.2  2.76  7.69  6.04  91 1010.0  27.9  28.1  24.8 99.0 99.00
2026 05 21 06 20  70 10.2 12.5 99.00 99.00 99.00 999 1009.9  27.9  28.1  25.0 99.0 99.00
2026 05 21 06 30  69  9.9 12.2 99.00 99.00 99.00 999 1009.8  27.9  28.1  25.1 99.0 99.00
2026 05 21 06 40  70 10.3 13.8  2.90  8.33  6.08  84 1009.5  27.8  28.1  25.1 99.0 99.00
2026 05 21 06 50  72 10.4 13.0 99.00 99.00 99.00 999 1009.5  27.8  28.1  24.9 99.0 99.00
2026 05 21 07 00  69 10.7 12.8 99.00 99.00 99.00 999 1009.4  27.8  28.1  24.9 99.0 99.00
2026 05 21 07 10  69 10.8 13.1  2.68  7.69  5.98  83 1009.2  27.9  28.1  25.0 99.0 99.00
2026 05 21 07 20  69 10.3 12.8 99.00 99.00 99.00 999 1009.2  27.8  28.1  25.1 99.0 99.00
2026 05 21 07 30  69 10.3 12.8 99.00 99.00 99.00 999 1009.0  27.9  28.1  25.1 99.0 99.00
2026 05 21 07 40  70 10.1 12.3  2.69  8.33  6.05  88 1008.9  27.8  28.1  25.2 99.0 99.00
2026 05 21 07 50  69 10.1 12.2 99.00 99.00 99.00 999 1008.7  27.8  28.1  25.2 99.0 99.00
2026 05 21 08 00  66 10.1 12.2 99.00 99.00 99.00 999 1008.7  27.7  28.1  25.3 99.0 99.00
2026 05 21 08 10  70 10.5 12.3  2.63  8.33  6.04  91 1008.9  27.7  28.1  25.2 99.0 99.00
2026 05 21 08 20  71 10.7 13.1 99.00 99.00 99.00 999 1008.7  27.8  28.1  25.3 99.0 99.00
2026 05 21 08 30  73 11.0 13.4 99.00 99.00 99.00 999 1008.5  27.8  28.1  25.1 99.0 99.00
2026 05 21 08 40  74 10.4 13.0  2.78  7.69  6.07  93 1008.5  27.8  28.1  25.2 99.0 99.00
2026 05 21 08 50  74  9.9 11.8 99.00 99.00 99.00 999 1008.5  27.8  28.1  25.3 99.0 99.00
2026 05 21 09 00  73 10.4 12.4 99.00 99.00 99.00 999 1008.5  27.7  28.1  25.2 99.0 99.00
2026 05 21 09 10  72 10.4 12.2  2.63  8.33  6.17  81 1008.5  27.8  28.1  25.3 99.0 99.00
2026 05 21 09 20  73 10.4 12.7 99.00 99.00 99.00 999 1008.5  27.8  28.1  25.2 99.0 99.00
2026 05 21 09 30  72 10.4 12.2 99.00 99.00 99.00 999 1008.5  27.8  28.1  25.3 99.0 99.00
2026 05 21 09 40  73 10.8 13.5  2.60  9.09  5.85  80 1008.7  27.8  28.1  25.2 99.0 99.00
2026 05 21 09 50  72 10.4 12.4 99.00 99.00 99.00 999 1008.9  27.8  28.1  25.2 99.0 99.00
2026 05 21 10 00  73 10.7 12.6 99.00 99.00 99.00 999 1009.0  27.8  28.1  25.0 99.0 99.00
2026 05 21 10 10  75 11.0 13.0  2.66  8.33  6.01  82 1009.2  27.8  28.1  24.7 99.0 99.00
2026 05 21 10 20  76  9.9 12.2 99.00 99.00 99.00 999 1009.3  27.9  28.1  25.0 99.0 99.00
2026 05 21 10 30  75 10.6 13.1 99.00 99.00 99.00 999 1009.4  27.9  28.1  24.8 99.0 99.00
2026 05 21 10 40  75  9.9 12.2  2.58  7.69  6.00  87 1009.5  27.9  28.1  25.1 99.0 99.00
2026 05 21 10 50  77 10.3 12.9 99.00 99.00 99.00 999 1009.5  27.9  28.1  24.9 99.0 99.00
2026 05 21 11 00  76 10.7 13.0 99.00 99.00 99.00 999 1009.6  27.9  28.1  24.9 99.0 99.00
2026 05 21 11 10  73 10.4 12.0  2.62  8.33  6.04  88 1009.9  27.9  28.1  25.0 99.0 99.00
2026 05 21 11 20  74 10.2 12.3 99.00 99.00 99.00 999 1010.0  27.9  28.1  25.1 99.0 99.00
2026 05 21 11 30  74  9.5 12.0 99.00 99.00 99.00 999 1010.2  27.9  28.1  25.2 99.0 99.00
2026 05 21 11 40  74  8.6 11.1  2.62  8.33  5.93  88 1010.5  27.9  28.1  25.5 99.0 99.00
2026 05 21 11 50  75  8.9 11.1 99.00 99.00 99.00 999 1010.7  27.9  28.1  25.6 99.0 99.00
2026 05 21 12 00  73  9.1 11.0 99.00 99.00 99.00 999 1010.9  27.9  28.1  25.5 99.0 99.00
2026 05 21 12 10  70  9.2 11.4  2.46  8.33  5.97  85 1011.1  27.9  28.1  25.5 99.0 99.00
2026 05 21 12 20  71  8.4 10.4 99.00 99.00 99.00 999 1011.2  27.9  28.1  25.6 99.0 99.00
2026 05 21 12 30  73  8.3 10.6 99.00 99.00 99.00 999 1011.4  28.0  28.1  25.7 99.0 99.00
2026 05 21 12 40  74  9.6 11.3  2.46  8.33  6.00  87 1011.5  27.9  28.1  25.5 99.0 99.00
2026 05 21 12 50  81  9.2 11.3 99.00 99.00 99.00 999 1011.6  28.0  28.1  25.5 99.0 99.00
2026 05 21 13 00  80  8.9 11.0 99.00 99.00 99.00 999 1011.7  28.0  28.1  25.5 99.0 99.00
2026 05 21 13 10  79  9.4 11.5  2.32  7.69  5.80  83 1011.6  27.9  28.1  25.4 99.0 99.00
2026 05 21 13 20  80  8.5 10.4 99.00 99.00 99.00 999 1011.6  28.0  28.1  25.6 99.0 99.00
2026 05 21 13 30  83  9.1 11.5 99.00 99.00 99.00 999 1011.7  28.0  28.1  25.4 99.0 99.00
2026 05 21 13 40  87 10.1 12.3  2.40  7.14  5.89  90 1011.6  28.1  28.1  25.0 99.0 99.00
2026 05 21 13 50  86 10.1 13.0 99.00 99.00 99.00 999 1011.6  28.2  28.1  25.1 99.0 99.00
2026 05 21 14 00  90  9.9 12.4 99.00 99.00 99.00 999 1011.4  28.2  28.1  25.0 99.0 99.00
2026 05 21 14 10  89  9.1 11.1  2.39  8.33  6.01  79 1011.3  28.2  28.1  25.2 99.0 99.00
2026 05 21 14 20  87  9.3 11.8 99.00 99.00 99.00 999 1011.3  28.1  28.1  25.2 99.0 99.00
2026 05 21 14 30  87  9.2 11.3 99.00 99.00 99.00 999 1011.2  28.1  28.1  25.3 99.0 99.00
2026 05 21 14 40  84  9.8 11.5  2.32  7.69  5.81  81 1011.3  28.1  28.1  25.1 99.0 99.00
2026 05 21 14 50  84  9.1 11.1 99.00 99.00 99.00 999 1011.3  28.1  28.1  25.3 99.0 99.00
2026 05 21 15 00  81  9.5 11.5 99.00 99.00 99.00 999 1011.4  28.1  28.1  25.2 99.0 99.00
2026 05 21 15 10  79  9.0 10.9  2.55  8.33  6.07  87 1011.4  28.1  28.1  25.3 99.0 99.00
2026 05 21 15 20  79  9.8 11.9 99.00 99.00 99.00 999 1011.3  28.1  28.1  25.3 99.0 99.00
2026 05 21 15 30  81  9.1 11.2 99.00 99.00 99.00 999 1011.2  28.2  28.1  25.5 99.0 99.00
2026 05 21 15 40  78  9.0 11.0  2.50  7.69  5.87  90 1011.2  28.1  28.1  25.5 99.0 99.00
2026 05 21 15 50  75  8.7 10.4 99.00 99.00 99.00 999 1011.2  28.1  28.1  25.6 99.0 99.00
2026 05 21 16 00  75  8.5 10.2 99.00 99.00 99.00 999 1011.0  28.1  28.1  25.6 99.0 99.00
2026 05 21 16 10  75  9.1 10.7  2.38  8.33  6.13  92 1011.0  28.1  28.1  25.5 99.0 99.00
2026 05 21 16 20  76  8.7 10.8 99.00 99.00 99.00 999 1010.9  28.2  28.1  25.7 99.0 99.00
2026 05 21 16 30  81  9.2 11.4 99.00 99.00 99.00 999 1010.9  28.1  28.1  25.5 99.0 99.00
2026 05 21 16 40  81  9.2 12.1  2.49  8.33  5.96  85 1011.0  28.1  28.1  25.5 99.0 99.00
2026 05 21 16 50  81  9.0 11.5 99.00 99.00 99.00 999 1010.9  28.1  28.1  25.7 99.0 99.00
2026 05 21 17 00  80 10.0 12.2 99.00 99.00 99.00 999 1010.9  28.1  28.1  25.5 99.0 99.00
2026 05 21 17 10  88 10.2 12.2  2.34  8.33  5.92  82 1010.8  28.1  28.1  25.3 99.0 99.00
2026 05 21 17 20  91  9.7 12.2 99.00 99.00 99.00 999 1010.9  28.2  28.1  25.4 99.0 99.00
2026 05 21 17 30  95 10.0 11.7 99.00 99.00 99.00 999 1010.8  28.2  28.2  25.2 99.0 99.00
2026 05 21 17 40  93  9.7 11.7  2.58  8.33  6.04  84 1010.6  28.2  28.1  25.2 99.0 99.00
2026 05 21 17 50  89 10.2 12.7 99.00 99.00 99.00 999 1010.6  28.2  28.2  25.1 99.0 99.00
2026 05 21 18 00  87  9.7 12.5 99.00 99.00 99.00 999 1010.4  28.2  28.2  25.2 99.0 99.00
2026 05 21 18 10  85  9.6 11.4  2.56  9.09  6.10  81 1010.3  28.2  28.2  25.2 99.0 99.00
2026 05 21 18 20  85  9.2 11.1 99.00 99.00 99.00 999 1010.3  28.2  28.2  25.4 99.0 99.00
2026 05 21 18 30  84  9.0 11.5 99.00 99.00 99.00 999 1010.3  28.2  28.2  25.5 99.0 99.00
2026 05 21 18 40  86  9.2 11.3  2.60  7.69  5.91  86 1010.2  28.1  28.2  25.4 99.0 99.00
2026 05 21 18 50  86  9.0 11.3 99.00 99.00 99.00 999 1010.2  28.2  28.2  25.3 99.0 99.00
2026 05 21 19 00  82  8.6 10.3 99.00 99.00 99.00 999 1010.1  28.2  28.2  25.6 99.0 99.00
2026 05 21 19 10  82  8.6 10.7  2.39  8.33  5.90  83 1010.0  28.1  28.2  25.6 99.0 99.00
2026 05 21 19 20  76  8.6 11.0 99.00 99.00 99.00 999 1009.8  28.1  28.2  25.5 99.0 99.00
2026 05 21 19 30  77  9.1 11.7 99.00 99.00 99.00 999 1009.7  28.1  28.2  25.4 99.0 99.00
2026 05 21 19 40  80  9.1 10.9  2.36  8.33  5.95  83 1009.7  28.2  28.2  25.4 99.0 99.00
2026 05 21 19 50  78  8.5 10.1 99.00 99.00 99.00 999 1009.8  28.2  28.2  25.6 99.0 99.00
2026 05 21 20 00  77  8.7 10.2 99.00 99.00 99.00 999 1009.7  28.1  28.2  25.5 99.0 99.00
2026 05 21 20 10  82  9.5 11.9  2.29  8.33  5.79  89 1009.6  28.1  28.2  25.3 99.0 99.00
2026 05 21 20 20  83  9.0 11.3 99.00 99.00 99.00 999 1009.5  28.2  28.2  25.3 99.0 99.00
2026 05 21 20 30  81  8.5 10.3 99.00 99.00 99.00 999 1009.3  28.2  28.2  25.6 99.0 99.00
2026 05 21 20 40  79  8.7 10.6  2.40  9.09  6.00  80 1009.2  28.1  28.2  25.7 99.0 99.00
2026 05 21 20 50  80  8.8 10.3 99.00 99.00 99.00 999 1009.1  28.1  28.2  25.8 99.0 99.00
2026 05 21 21 00  81  9.1 11.7 99.00 99.00 99.00 999 1009.1  28.0  28.2  25.5 99.0 99.00
2026 05 21 21 10  83  9.9 12.5  2.49  8.33  6.13  81 1009.1  28.2  28.2  25.3 99.0 99.00
2026 05 21 21 20  86 10.0 12.1 99.00 99.00 99.00 999 1009.0  28.2  28.2  25.3 99.0 99.00
2026 05 21 21 30  83  9.5 11.3 99.00 99.00 99.00 999 1009.0  28.2  28.2  25.3 99.0 99.00
2026 05 21 21 40  83  9.5 11.9  2.23  8.33  5.72  98 1009.0  28.2  28.2  25.3 99.0 99.00
2026 05 21 21 50  81  9.1 11.0 99.00 99.00 99.00 999 1009.0  28.1  28.2  25.4 99.0 99.00
2026 05 21 22 00  79  8.6 10.2 99.00 99.00 99.00 999 1009.1  28.2  28.2  25.6 99.0 99.00
2026 05 21 22 10  75  8.4 10.1  2.24  9.09  6.04  81 1009.1  28.1  28.2  25.6 99.0 99.00
2026 05 21 22 20  76  9.0 10.5 99.00 99.00 99.00 999 1009.2  28.1  28.2  25.5 99.0 99.00
2026 05 21 22 30  75  8.9 11.2 99.00 99.00 99.00 999 1009.3  28.1  28.2  25.5 99.0 99.00
2026 05 21 22 40  74  8.9 10.9  2.51  7.69  6.00  87 1009.3  28.1  28.2  25.6 99.0 99.00
2026 05 21 22 50  75  9.5 11.3 99.00 99.00 99.00 999 1009.4  28.1  28.2  25.6 99.0 99.00
2026 05 21 23 00  77  8.9 11.6 99.00 99.00 99.00 999 1009.5  28.1  28.2  25.7 99.0 99.00
2026 05 21 23 10  76  9.7 11.8  2.30  8.33  5.83  85 1009.6  28.1  28.2  25.5 99.0 99.00
2026 05 21 23 20  75  9.6 11.5 99.00 99.00 99.00 999 1009.6  28.1  28.2  25.6 99.0 99.00
2026 05 21 23 30  73  9.8 12.4 99.00 99.00 99.00 999 1009.7  28.1  28.2  25.6 99.0 99.00
2026 05 21 23 40  76  9.7 12.0  2.32  8.33  5.92  82 1009.8  28.1  28.2  25.6 99.0 99.00
2026 05 21 23 50  76 10.1 12.4 99.00 99.00 99.00 999 1009.9  28.0  28.2  25.5 99.0 99.00
2026 05 22 00 00  76 10.1 12.2 99.00 99.00 99.00 999 1010.1  28.1  28.2  25.5 99.0 99.00
2026 05 22 00 10  79  9.4 11.0  2.17  8.33  5.71  79 1010.2  28.1  28.2  25.6 99.0 99.00
2026 05 22 00 20  77  9.6 11.6 99.00 99.00 99.00 999 1010.4  28.1  28.2  25.6 99.0 99.00
2026 05 22 00 30  77  9.8 12.2 99.00 99.00 99.00 999 1010.3  28.1  28.2  25.5 99.0 99.00
2026 05 22 00 40  77 10.0 12.5  2.35  7.69  5.82  89 1010.4  28.1  28.1  25.4 99.0 99.00
2026 05 22 00 50  77 10.1 12.2 99.00 99.00 99.00 999 1010.5  28.1  28.2  25.4 99.0 99.00
2026 05 22 01 00  77  9.3 11.3 99.00 99.00 99.00 999 1010.6  28.1  28.1  25.7 99.0 99.00
2026 05 22 01 10  75  9.4 11.3  2.40  8.33  5.83  89 1010.7  28.1  28.1  25.7 99.0 99.00
2026 05 22 01 20  76 10.2 12.5 99.00 99.00 99.00 999 1010.8  28.0  28.1  25.5 99.0 99.00
2026 05 22 01 30  78 10.2 12.5 99.00 99.00 99.00 999 1011.0  28.1  28.1  25.4 99.0 99.00
2026 05 22 01 40  78  9.9 12.0  2.46  8.33  5.86  88 1011.2  28.1  28.1  25.5 99.0 99.00
2026 05 22 01 50  77 10.0 11.9 99.00 99.00 99.00 999 1011.2  28.1  28.1  25.5 99.0 99.00
2026 05 22 02 00  78 10.4 12.9 99.00 99.00 99.00 999 1011.3  28.1  28.1  25.5 99.0 99.00
2026 05 22 02 10  78  9.3 11.8  2.54  8.33  6.00  84 1011.3  28.1  28.1  25.6 99.0 99.00
2026 05 22 02 20  81 10.0 12.1 99.00 99.00 99.00 999 1011.2  28.1  28.1  25.5 99.0 99.00
2026 05 22 02 30  81  9.0 11.1 99.00 99.00 99.00 999 1011.3  28.1  28.1  25.6 99.0 99.00
2026 05 22 02 40  75  9.2 11.1  2.46  8.33  5.79  83 1011.4  28.1  28.1  25.8 99.0 99.00
2026 05 22 02 50  69 10.2 13.0 99.00 99.00 99.00 999 1011.4  28.0  28.1  25.7 99.0 99.00
2026 05 22 03 00  71 10.0 12.1 99.00 99.00 99.00 999 1011.7  28.0  28.1  25.6 99.0 99.00
2026 05 22 03 10  74  9.6 11.7  2.15  8.33  5.51  78 1011.8  28.1  28.1  25.6 99.0 99.00
2026 05 22 03 20  73  9.6 11.9 99.00 99.00 99.00 999 1011.7  28.1  28.1  25.6 99.0 99.00
2026 05 22 03 30  71  9.4 11.4 99.00 99.00 99.00 999 1011.7  28.1  28.1  25.7 99.0 99.00
2026 05 22 03 40  74  9.9 12.5  2.50  8.33  5.94  90 1011.6  28.0  28.1  25.6 99.0 99.00
2026 05 22 03 50  77  9.9 12.2 99.00 99.00 99.00 999 1011.6  28.1  28.1  25.6 99.0 99.00
2026 05 22 04 00  77  9.9 12.3 99.00 99.00 99.00 999 1011.7  28.0  28.1  25.5 99.0 99.00
2026 05 22 04 10  77 10.2 12.5  2.49  8.33  5.85  93 1011.4  28.0  28.1  25.4 99.0 99.00
2026 05 22 04 20  75 10.2 12.4 99.00 99.00 99.00 999 1011.6  28.0  28.1  25.4 99.0 99.00
2026 05 22 04 30  72  9.9 11.7 99.00 99.00 99.00 999 1011.6  28.0  28.1  25.5 99.0 99.00
2026 05 22 04 40  72  9.8 12.5  2.47  8.33  5.96  89 1011.7  28.0  28.1  25.5 99.0 99.00
2026 05 22 04 50  72  9.3 11.6 99.00 99.00 99.00 999 1011.5  28.1  28.1  25.7 99.0 99.00
2026 05 22 05 00  73  9.6 11.6 99.00 99.00 99.00 999 1011.4  28.0  28.1  25.6 99.0 99.00
2026 05 22 05 10  72  9.0 11.6  2.36  8.33  5.82  79 1011.2  28.0  28.1  25.7 99.0 99.00
2026 05 22 05 20  74 10.3 12.3 99.00 99.00 99.00 999 1011.2  27.9  28.1  25.5 99.0 99.00
2026 05 22 05 30  71  9.6 11.7 99.00 99.00 99.00 999 1011.1  28.1  28.1  25.7 99.0 99.00
2026 05 22 05 40  73 10.0 12.0  2.38  8.33  5.89  77 1010.9  28.0  28.1  25.5 99.0 99.00
2026 05 22 05 50  74  9.7 11.7 99.00 99.00 99.00 999 1010.9  28.1  28.1  25.6 99.0 99.00
2026 05 22 06 00  72  9.3 11.1 99.00 99.00 99.00 999 1010.8  28.0  28.1  25.7 99.0 99.00
2026 05 22 06 10  71 10.0 11.5  2.49  8.33  5.84  76 1010.7  27.9  28.1  25.6 99.0 99.00
2026 05 22 06 20  73 10.0 11.6 99.00 99.00 99.00 999 1010.6  28.0  28.1  25.4 99.0 99.00
2026 05 22 06 30  72  9.4 11.2 99.00 99.00 99.00 999 1010.5  28.0  28.1  25.5 99.0 99.00
2026 05 22 06 40  71  8.9 10.7  2.48  8.33  5.86  84 1010.4  28.0  28.1  25.7 99.0 99.00
2026 05 22 06 50  75  8.5 10.4 99.00 99.00 99.00 999 1010.4  27.9  28.1  25.8 99.0 99.00
2026 05 22 07 00  74  9.0 11.9 99.00 99.00 99.00 999 1010.3  27.9  28.1  25.6 99.0 99.00
2026 05 22 07 10  73  8.5 10.1  2.50  8.33  5.97  79 1010.4  28.0  28.1  25.8 99.0 99.00
2026 05 22 07 20  72  8.6 10.7 99.00 99.00 99.00 999 1010.3  27.9  28.1  25.7 99.0 99.00
2026 05 22 07 30  74  9.0 11.3 99.00 99.00 99.00 999 1010.3  27.9  28.1  25.7 99.0 99.00
2026 05 22 07 40  77  8.8 11.4  2.30  9.09  5.81  80 1010.3  27.9  28.1  25.6 99.0 99.00
2026 05 22 07 50  75  8.5 11.1 99.00 99.00 99.00 999 1010.3  27.9  28.1  25.7 99.0 99.00
2026 05 22 08 00  75  8.2 10.3 99.00 99.00 99.00 999 1010.3  27.9  28.1  25.7 99.0 99.00
2026 05 22 08 10  75  8.7 10.4  2.51  8.33  6.03  80 1010.2  27.9  28.1  25.7 99.0 99.00
2026 05 22 08 20  73  8.4 10.6 99.00 99.00 99.00 999 1010.2  27.9  28.1  25.9 99.0 99.00
2026 05 22 08 30  74  8.8 10.5 99.00 99.00 99.00 999 1010.2  27.9  28.1  25.6 99.0 99.00
2026 05 22 08 40  77  9.0 11.7  2.15  8.33  5.67  83 1010.2  27.9  28.1  25.6 99.0 99.00
2026 05 22 08 50  78  9.1 10.8 99.00 99.00 99.00 999 1010.3  27.9  28.1  25.5 99.0 99.00
2026 05 22 09 00  80  9.0 10.4 99.00 99.00 99.00 999 1010.4  27.9  28.1  25.5 99.0 99.00
2026 05 22 09 10  80  8.9 10.8  2.36  8.33  5.94  78 1010.4  27.9  28.1  25.5 99.0 99.00
2026 05 22 09 20  79  9.1 10.9 99.00 99.00 99.00 999 1010.4  27.9  28.1  25.6 99.0 99.00
2026 05 22 09 30  80  9.1 10.7 99.00 99.00 99.00 999 1010.4  27.9  28.1  25.6 99.0 99.00
2026 05 22 09 40  78  9.3 11.5  2.35  8.33  5.86  82 1010.5  27.9  28.1  25.5 99.0 99.00
2026 05 22 09 50  79  9.3 11.5 99.00 99.00 99.00 999 1010.5  27.9  28.1  25.5 99.0 99.00
2026 05 22 10 00  80  9.4 11.4 99.00 99.00 99.00 999 1010.5  27.9  28.1  25.5 99.0 99.00
2026 05 22 10 10  78  9.3 11.3  2.38  8.33  5.99  79 1010.6  27.9  28.1  25.5 99.0 99.00
2026 05 22 10 20  78  9.0 11.0 99.00 99.00 99.00 999 1010.6  27.9  28.1  25.7 99.0 99.00
2026 05 22 10 30  79  9.1 10.9 99.00 99.00 99.00 999 1010.6  27.9  28.1  25.6 99.0 99.00
2026 05 22 10 40  81  9.1 11.4  2.29  8.33  5.96  85 1010.6  28.0  28.1  25.7 99.0 99.00
2026 05 22 10 50  78  8.8 11.0 99.00 99.00 99.00 999 1010.7  28.0  28.1  25.8 99.0 99.00
2026 05 22 11 00  80  8.5 11.1 99.00 99.00 99.00 999 1010.9  27.9  28.1  25.8 99.0 99.00
2026 05 22 11 10  76  8.8 10.9  2.34  8.33  5.77  80 1011.0  27.8  28.1  25.8 99.0 99.00
2026 05 22 11 20  79  9.1 11.2 99.00 99.00 99.00 999 1011.2  27.9  28.1  25.8 99.0 99.00
2026 05 22 11 30  79  9.0 11.0 99.00 99.00 99.00 999 1011.2  28.0  28.1  25.9 99.0 99.00
2026 05 22 11 40  80  9.2 11.0  2.17  6.67  5.71  92 1011.2  28.0  28.1  25.7 99.0 99.00
2026 05 22 11 50  81  9.4 11.5 99.00 99.00 99.00 999 1011.2  28.0  28.1  25.7 99.0 99.00
2026 05 22 12 00  81  9.8 11.4 99.00 99.00 99.00 999 1011.3  28.0  28.1  25.6 99.0 99.00
2026 05 22 12 10  83  9.6 11.9  2.22  7.69  5.71  86 1011.4  28.1  28.1  25.8 99.0 99.00
2026 05 22 12 20  82  9.4 11.0 99.00 99.00 99.00 999 1011.4  28.1  28.1  25.8 99.0 99.00
2026 05 22 12 30  84  9.2 11.4 99.00 99.00 99.00 999 1011.5  28.1  28.1  25.9 99.0 99.00
2026 05 22 12 40  81  9.2 12.2  2.37  8.33  5.89  73 1011.5  28.0  28.1  26.0 99.0 99.00
2026 05 22 12 50  86 10.4 12.7 99.00 99.00 99.00 999 1011.6  27.9  28.1  25.6 99.0 99.00
2026 05 22 13 00  87 10.3 12.7 99.00 99.00 99.00 999 1011.7  28.1  28.1  25.6 99.0 99.00
2026 05 22 13 10  88 10.2 13.0  2.36  8.33  5.74  88 1011.8  28.1 999.0  25.5 99.0 99.00
2026 05 22 13 20  89  9.8 12.3 99.00 99.00 99.00 999 1011.8  28.1  28.1  25.5 99.0 99.00
2026 05 22 13 30  90  9.5 11.0 99.00 99.00 99.00 999 1011.9  28.1  28.1  25.5 99.0 99.00
2026 05 22 13 40  90  9.6 11.4  2.27  8.33  5.79  82 1011.9  28.1  28.1  25.6 99.0 99.00
2026 05 22 13 50  90  9.7 12.0 99.00 99.00 99.00 999 1012.0  28.1  28.1  25.5 99.0 99.00
2026 05 22 14 00  90 10.1 12.6 99.00 99.00 99.00 999 1012.0  28.1  28.1  25.4 99.0 99.00
2026 05 22 14 10  92 10.4 12.9  2.38  8.33  6.01  83 1012.0  28.2  28.1  25.5 99.0 99.00
2026 05 22 14 20  91 10.0 12.3 99.00 99.00 99.00 999 1011.9  28.1  28.1  25.5 99.0 99.00
2026 05 22 14 30  89  9.6 12.2 99.00 99.00 99.00 999 1012.0  28.1  28.1  25.7 99.0 99.00
2026 05 22 14 40  87  9.1 11.3  2.32  8.33  5.64  79 1012.0  28.1  28.1  25.8 99.0 99.00
2026 05 22 14 50  84  9.9 12.0 99.00 99.00 99.00 999 1012.1  28.0  28.1  25.5 99.0 99.00
2026 05 22 15 00  85 10.4 12.5 99.00 99.00 99.00 999 1012.1  28.1  28.1  25.4 99.0 99.00
2026 05 22 15 10  87  9.9 12.3  2.24  8.33  5.66  79 1012.1  28.1  28.1  25.4 99.0 99.00
2026 05 22 15 20  82  9.8 11.7 99.00 99.00 99.00 999 1012.0  28.1  28.1  25.5 99.0 99.00
2026 05 22 15 30  82  9.5 11.5 99.00 99.00 99.00 999 1012.0  28.1  28.1  25.7 99.0 99.00
2026 05 22 15 40  83  9.5 11.4  2.16  8.33  5.56  86 1011.9  28.1  28.1  25.7 99.0 99.00
2026 05 22 15 50  83 10.0 11.6 99.00 99.00 99.00 999 1011.7  28.1  28.1  25.6 99.0 99.00
2026 05 22 16 00  84 10.0 12.1 99.00 99.00 99.00 999 1011.7  28.1  28.1  25.5 99.0 99.00
2026 05 22 16 10  85  9.3 11.3  2.21  8.33  5.71  86 1011.7  28.1  28.1  25.6 99.0 99.00
2026 05 22 16 20  81  8.7 11.4 99.00 99.00 99.00 999 1011.6  28.1  28.1  25.8 99.0 99.00
2026 05 22 16 30  84  9.4 12.1 99.00 99.00 99.00 999 1011.4  28.1  28.1  25.6 99.0 99.00
2026 05 22 16 40  82  9.2 11.3  2.26  9.09  5.68  73 1011.4  28.1  28.1  25.7 99.0 99.00
2026 05 22 16 50  83  9.5 11.2 99.00 99.00 99.00 999 1011.3  28.1  28.1  25.7 99.0 99.00
2026 05 22 17 00  86  9.8 12.2 99.00 99.00 99.00 999 1011.3  28.1  28.1  25.5 99.0 99.00
2026 05 22 17 10  85  9.2 11.4  2.20  8.33  5.57  81 1011.3  28.1  28.2  25.6 99.0 99.00
2026 05 22 17 20  86  9.7 12.4 99.00 99.00 99.00 999 1011.3  28.1  28.1  25.5 99.0 99.00
2026 05 22 17 30  82  9.5 11.7 99.00 99.00 99.00 999 1011.2  28.1  28.1  25.6 99.0 99.00
2026 05 22 17 40  81  9.6 12.4  2.27  8.33  5.73  80 1011.1  28.1  28.1  25.6 99.0 99.00
2026 05 22 17 50  81 10.4 12.4 99.00 99.00 99.00 999 1010.9  28.1 999.0  25.4 99.0 99.00
2026 05 22 18 00  83 10.3 12.4 99.00 99.00 99.00 999 1010.9  28.1  28.2  25.4 99.0 99.00
2026 05 22 18 10  84  9.4 11.7  2.40  8.33  5.75  79 1011.0  28.1  28.2  25.5 99.0 99.00
2026 05 22 18 20  83  9.6 11.7 99.00 99.00 99.00 999 1010.8  28.1  28.2  25.4 99.0 99.00
2026 05 22 18 30  85 10.2 12.5 99.00 99.00 99.00 999 1010.6  28.1  28.2  25.2 99.0 99.00
2026 05 22 18 40  85  9.6 11.4  2.33  8.33  5.90  75 1010.6  27.8  28.2  25.3 99.0 99.00
2026 05 22 18 50  85  9.3 11.1 99.00 99.00 99.00 999 1010.5  28.1  28.2  25.4 99.0 99.00
2026 05 22 19 00  85  9.1 11.3 99.00 99.00 99.00 999 1010.6  28.1  28.2  25.3 99.0 99.00
2026 05 22 19 10  85  8.8 11.4  2.17  8.33  5.66  88 1010.5  28.2  28.2  25.5 99.0 99.00
2026 05 22 19 20  82  9.4 11.2 99.00 99.00 99.00 999 1010.4  28.2  28.2  25.3 99.0 99.00
2026 05 22 19 30  84  9.6 12.2 99.00 99.00 99.00 999 1010.3  28.2  28.2  25.1 99.0 99.00
2026 05 22 19 40  84  9.8 12.6  2.15  8.33  5.65  76 1010.2  28.1  28.2  25.1 99.0 99.00
2026 05 22 19 50  85 10.0 11.9 99.00 99.00 99.00 999 1010.1  28.1  28.2  25.1 99.0 99.00
2026 05 22 20 00  87  9.5 11.3 99.00 99.00 99.00 999 1010.1  28.1  28.2  25.3 99.0 99.00
2026 05 22 20 10  88  9.3 11.8  2.17  8.33  5.67  80 1009.9  28.1  28.2  25.5 99.0 99.00
2026 05 22 20 20  89  9.4 11.1 99.00 99.00 99.00 999 1009.8  28.1  28.2  25.4 99.0 99.00
2026 05 22 20 30  82  9.0 10.7 99.00 99.00 99.00 999 1010.0  28.1  28.2  25.5 99.0 99.00
2026 05 22 20 40  84  9.1 11.1  2.14  8.33  5.71  86 1009.8  28.1  28.2  25.5 99.0 99.00
2026 05 22 20 50  83  9.4 11.5 99.00 99.00 99.00 999 1009.8  28.1  28.2  25.5 99.0 99.00
2026 05 22 21 00  84  9.5 11.6 99.00 99.00 99.00 999 1009.7  28.1  28.2  25.5 99.0 99.00
2026 05 22 21 10  85  9.4 11.1  2.00  9.09  5.56  83 1009.6  28.1  28.2  25.6 99.0 99.00
2026 05 22 21 20  85  9.5 12.0 99.00 99.00 99.00 999 1009.4  28.1  28.2  25.6 99.0 99.00
2026 05 22 21 30  85  9.7 12.0 99.00 99.00 99.00 999 1009.3  28.1  28.2  25.5 99.0 99.00
2026 05 22 21 40  84  9.7 12.1  2.35  7.69  5.88  82 1009.5  28.1  28.1  25.4 99.0 99.00
2026 05 22 21 50  83  8.8 10.4 99.00 99.00 99.00 999 1009.5  28.1  28.1  25.6 99.0 99.00
2026 05 22 22 00  85  9.0 10.9 99.00 99.00 99.00 999 1009.6  28.1  28.1  25.5 99.0 99.00
2026 05 22 22 10  83  8.6 10.9  2.23  8.33  5.76  84 1009.6  28.1  28.1  25.6 99.0 99.00
2026 05 22 22 20  81  8.7 10.5 99.00 99.00 99.00 999 1009.8  28.1  28.1  25.4 99.0 99.00
2026 05 22 22 30  81  8.7 10.4 99.00 99.00 99.00 999 1009.9  28.1  28.1  25.5 99.0 99.00
2026 05 22 22 40  80  8.6 10.8  2.30  7.69  5.84  88 1009.8  28.1  28.1  25.5 99.0 99.00
2026 05 22 22 50  81  8.6 10.6 99.00 99.00 99.00 999 1009.8  28.1  28.1  25.5 99.0 99.00
2026 05 22 23 00  77  8.9 10.6 99.00 99.00 99.00 999 1009.8  28.0  28.1  25.5 99.0 99.00
2026 05 22 23 10  76  9.3 10.9  2.27  8.33  5.83  77 1009.9  28.1  28.1  25.4 99.0 99.00
2026 05 22 23 20  74  9.3 11.4 99.00 99.00 99.00 999 1010.0  28.1  28.1  25.5 99.0 99.00
2026 05 22 23 30  73  9.1 10.8 99.00 99.00 99.00 999 1010.0  28.0  28.1  25.5 99.0 99.00
2026 05 22 23 40  73  8.7 10.4  2.25  6.67  5.80  89 1010.1  28.0  28.1  25.7 99.0 99.00
2026 05 22 23 50  75  9.0 11.0 99.00 99.00 99.00 999 1010.1  28.0  28.1  25.7 99.0 99.00
2026 05 23 00 00  77  9.3 11.5 99.00 99.00 99.00 999 1010.1  28.0  28.1  25.7 99.0 99.00
2026 05 23 00 10  72  8.8 10.6  2.20  7.69  5.62  79 1010.4  28.0  28.1  26.0 99.0 99.00
2026 05 23 00 20  71  8.7 10.7 99.00 99.00 99.00 999 1010.4  27.9  28.1  26.0 99.0 99.00
2026 05 23 00 30  75  8.6 10.5 99.00 99.00 99.00 999 1010.4  27.9  28.1  25.9 99.0 99.00
2026 05 23 00 40  73  8.9 11.4  2.02  7.69  5.46  84 1010.6  27.9  28.1  25.6 99.0 99.00
2026 05 23 00 50  73  9.0 10.7 99.00 99.00 99.00 999 1010.6  28.0  28.1  25.5 99.0 99.00
2026 05 23 01 00  71  8.7 10.9 99.00 99.00 99.00 999 1010.7  28.0  28.1  25.4 99.0 99.00
2026 05 23 01 10  71  9.3 12.0  1.98  8.33  5.61  76 1010.6  28.0  28.1  25.2 99.0 99.00
2026 05 23 01 20  72  9.2 11.7 99.00 99.00 99.00 999 1010.8  28.1  28.1  25.4 99.0 99.00
2026 05 23 01 30  70  9.2 10.9 99.00 99.00 99.00 999 1010.9  28.0  28.1  25.4 99.0 99.00
2026 05 23 01 40  69 10.0 12.1  2.03  7.69  5.45  80 1010.9  28.0  28.1  25.4 99.0 99.00
2026 05 23 01 50  69  9.9 12.0 99.00 99.00 99.00 999 1011.0  28.0  28.1  25.5 99.0 99.00
2026 05 23 02 00  69  9.5 11.4 99.00 99.00 99.00 999 1011.2  28.0  28.1  25.7 99.0 99.00
2026 05 23 02 10  68  9.6 12.3  2.11  7.14  5.56  83 1011.3  28.0  28.1  25.7 99.0 99.00
2026 05 23 02 20  68  9.9 11.9 99.00 99.00 99.00 999 1011.2  28.0  28.1  25.6 99.0 99.00
2026 05 23 02 30  66 10.1 12.5 99.00 99.00 99.00 999 1011.4  28.0  28.1  25.6 99.0 99.00
2026 05 23 02 40  67  9.8 11.8  2.12  7.69  5.49  87 1011.5  28.1  28.1  25.7 99.0 99.00
2026 05 23 02 50  66 10.0 11.9 99.00 99.00 99.00 999 1011.4  28.0  28.1  25.7 99.0 99.00
2026 05 23 03 00  67  9.7 12.0 99.00 99.00 99.00 999 1011.5  28.1  28.1  25.8 99.0 99.00
2026 05 23 03 10  66 10.1 12.6  2.28  8.33  5.57  82 1011.5  28.0  28.1  25.7 99.0 99.00
2026 05 23 03 20  68 10.4 12.9 99.00 99.00 99.00 999 1011.6  28.1  28.1  25.6 99.0 99.00
2026 05 23 03 30  68  9.8 12.0 99.00 99.00 99.00 999 1011.6  28.1  28.1  25.7 99.0 99.00
2026 05 23 03 40  67  9.9 12.2  2.24  8.33  5.60  84 1011.7  28.0  28.1  25.7 99.0 99.00
2026 05 23 03 50  69 10.2 12.4 99.00 99.00 99.00 999 1011.7  28.0  28.1  25.6 99.0 99.00
2026 05 23 04 00  68 10.1 12.7 99.00 99.00 99.00 999 1011.8  28.1  28.1  25.7 99.0 99.00
2026 05 23 04 10  67 10.2 12.7  2.25  7.69  5.63  84 1011.8  28.1  28.1  25.6 99.0 99.00
2026 05 23 04 20  67  9.6 11.9 99.00 99.00 99.00 999 1011.8  28.1  28.1  25.5 99.0 99.00
2026 05 23 04 30  68  9.6 11.7 99.00 99.00 99.00 999 1011.8  28.1  28.1  25.6 99.0 99.00
2026 05 23 04 40  69 10.2 12.9  2.34  8.33  5.66  80 1011.7  28.0  28.1  25.5 99.0 99.00
2026 05 23 04 50  69 10.6 12.9 99.00 99.00 99.00 999 1011.6  28.1  28.1  25.6 99.0 99.00
2026 05 23 05 00  72 11.0 13.3 99.00 99.00 99.00 999 1011.4  28.1  28.1  25.5 99.0 99.00
2026 05 23 05 10  73 10.9 13.7  2.16  7.69  5.47  92 1011.4  28.0  28.1  25.5 99.0 99.00
2026 05 23 05 20  70 10.2 12.4 99.00 99.00 99.00 999 1011.4  28.0  28.1  25.7 99.0 99.00
2026 05 23 05 30  70 10.2 12.1 99.00 99.00 99.00 999 1011.4  28.0  28.1  25.7 99.0 99.00
2026 05 23 05 40  71 10.2 12.5  2.24  7.14  5.52  80 1011.3  28.0  28.1  25.7 99.0 99.00
2026 05 23 05 50  71  9.9 13.1 99.00 99.00 99.00 999 1011.3  28.0  28.1  25.8 99.0 99.00
2026 05 23 06 00  73  9.6 11.9 99.00 99.00 99.00 999 1011.2  28.0  28.1  25.9 99.0 99.00
2026 05 23 06 10  70  9.8 11.6  2.20  7.69  5.66  78 1011.2  27.9  28.1  25.8 99.0 99.00
2026 05 23 06 20  69  9.4 12.2 99.00 99.00 99.00 999 1011.2  27.9  28.1  25.9 99.0 99.00
2026 05 23 06 30  68  9.4 11.6 99.00 99.00 99.00 999 1011.1  27.9  28.1  25.9 99.0 99.00
2026 05 23 06 40  73 10.5 12.3  2.12  6.67  5.54  83 1010.9  27.9  28.1  25.6 99.0 99.00
2026 05 23 06 50  74 10.2 12.1 99.00 99.00 99.00 999 1011.0  28.0  28.1  25.7 99.0 99.00
2026 05 23 07 00  73  9.8 12.0 99.00 99.00 99.00 999 1011.0  28.0  28.1  25.7 99.0 99.00
2026 05 23 07 10  72  9.2 11.0  2.18  7.69  5.47  90 1011.2  28.0  28.1  25.8 99.0 99.00
2026 05 23 07 20  70  9.5 11.4 99.00 99.00 99.00 999 1011.1  27.9  28.1  25.9 99.0 99.00
2026 05 23 07 30  70 10.1 12.5 99.00 99.00 99.00 999 1011.2  27.9  28.1  25.7 99.0 99.00
2026 05 23 07 40  68 10.3 12.3  2.19  7.69  5.60  81 1011.1  27.9  28.1  25.4 99.0 99.00
2026 05 23 07 50  73  9.4 12.4 99.00 99.00 99.00 999 1011.2  27.9  28.1  25.5 99.0 99.00
2026 05 23 08 00  73 10.2 12.5 99.00 99.00 99.00 999 1011.1  28.0  28.1  25.3 99.0 99.00
2026 05 23 08 10  70  9.9 12.3  2.26  7.14  5.53  89 1010.9  27.9  28.1  25.4 99.0 99.00
2026 05 23 08 20  73  9.9 11.8 99.00 99.00 99.00 999 1010.8  27.9  28.1  25.3 99.0 99.00
2026 05 23 08 30  73 10.1 12.2 99.00 99.00 99.00 999 1010.8  27.9  28.1  25.4 99.0 99.00
2026 05 23 08 40  73  9.9 12.2  2.32  8.33  5.60  90 1010.8  27.9  28.1  25.5 99.0 99.00
2026 05 23 08 50  75  9.7 11.8 99.00 99.00 99.00 999 1010.9  27.9  28.1  25.6 99.0 99.00
2026 05 23 09 00  74  9.9 12.4 99.00 99.00 99.00 999 1010.9  27.9  28.1  25.5 99.0 99.00
2026 05 23 09 10  73  9.6 11.6  2.35  7.14  5.68  86 1010.8  27.9  28.1  25.7 99.0 99.00
2026 05 23 09 20  75 10.1 11.9 99.00 99.00 99.00 999 1010.9  27.8  28.1  25.4 99.0 99.00
2026 05 23 09 30  77 10.2 12.2 99.00 99.00 99.00 999 1011.0  27.9  28.1  25.4 99.0 99.00
2026 05 23 09 40  76 10.0 11.8  2.31  7.69  5.69  87 1011.0  27.9  28.1  25.5 99.0 99.00
2026 05 23 09 50  77 10.0 12.1 99.00 99.00 99.00 999 1011.2  27.9  28.1  25.5 99.0 99.00
2026 05 23 10 00  74  9.3 11.0 99.00 99.00 99.00 999 1011.2  27.9  28.1  25.7 99.0 99.00
2026 05 23 10 10  74  9.9 11.6  2.19  7.14  5.49  88 1011.2  27.9  28.1  25.7 99.0 99.00
2026 05 23 10 20  74  9.5 11.8 99.00 99.00 99.00 999 1011.3  27.9  28.1  25.7 99.0 99.00
2026 05 23 10 30  77  9.9 11.8 99.00 99.00 99.00 999 1011.3  27.9  28.1  25.6 99.0 99.00
2026 05 23 10 40  75 10.2 12.5  2.21  8.33  5.69  88 1011.3  27.9  28.1  25.6 99.0 99.00
2026 05 23 10 50  74 10.7 12.8 99.00 99.00 99.00 999 1011.3  27.9  28.1  25.4 99.0 99.00
2026 05 23 11 00  78 10.4 12.6 99.00 99.00 99.00 999 1011.4  28.0  28.1  25.5 99.0 99.00
2026 05 23 11 10  74 10.4 13.3  2.41  7.69  5.78  83 1011.4  28.0  28.1  25.6 99.0 99.00
2026 05 23 11 20  72 10.7 13.1 99.00 99.00 99.00 999 1011.6  28.0  28.1  25.5 99.0 99.00
2026 05 23 11 30  71 10.3 12.3 99.00 99.00 99.00 999 1011.6  28.0  28.1  25.6 99.0 99.00
2026 05 23 11 40  73 10.1 12.2  2.16  7.14  5.48  91 1011.7  28.0  28.1  25.7 99.0 99.00
2026 05 23 11 50  74  9.8 11.9 99.00 99.00 99.00 999 1011.9  27.9  28.1  25.6 99.0 99.00
2026 05 23 12 00  70 10.0 12.0 99.00 99.00 99.00 999 1012.0  27.9  28.1  25.6 99.0 99.00
2026 05 23 12 10  72 10.3 12.8  2.28  7.69  5.60  99 1012.0  28.0  28.1  25.6 99.0 99.00
2026 05 23 12 20  76  9.5 11.8 99.00 99.00 99.00 999 1012.0  28.0  28.1  25.7 99.0 99.00
2026 05 23 12 30  75  9.8 11.9 99.00 99.00 99.00 999 1012.0  27.9  28.1  25.7 99.0 99.00
2026 05 23 12 40  75  9.7 12.0  2.34  7.69  5.94  89 1012.1  28.0  28.1  25.6 99.0 99.00
2026 05 23 12 50  72  9.6 12.2 99.00 99.00 99.00 999 1012.2  28.0  28.1  25.8 99.0 99.00
2026 05 23 13 00  72 10.0 12.5 99.00 99.00 99.00 999 1012.3  28.0  28.1  25.7 99.0 99.00
2026 05 23 13 10  72 10.1 12.5  2.43  8.33  5.72  87 1012.4  28.0  28.1  25.7 99.0 99.00
2026 05 23 13 20  73  9.6 12.2 99.00 99.00 99.00 999 1012.6  28.0  28.1  25.7 99.0 99.00
2026 05 23 13 30  69  9.1 10.7 99.00 99.00 99.00 999 1012.6  28.0  28.1  25.8 99.0 99.00
2026 05 23 13 40  72  9.4 11.9  2.29  7.14  5.64  94 1012.7  28.0  28.1  25.9 99.0 99.00
2026 05 23 13 50  74  9.3 11.3 99.00 99.00 99.00 999 1012.7  28.0  28.1  25.9 99.0 99.00
2026 05 23 14 00  70  9.2 11.4 99.00 99.00 99.00 999 1012.6  28.1  28.1  26.0 99.0 99.00
2026 05 23 14 10  69  9.6 11.7  2.27  7.14  5.56  81 1012.6  28.0  28.1  25.9 99.0 99.00
2026 05 23 14 20  68  9.7 11.8 99.00 99.00 99.00 999 1012.5  28.0  28.1  25.9 99.0 99.00
2026 05 23 14 30  69  9.3 10.8 99.00 99.00 99.00 999 1012.5  28.0  28.1  26.0 99.0 99.00
2026 05 23 14 40  69  9.9 11.9  2.31  7.14  5.71  94 1012.6  28.0  28.1  26.0 99.0 99.00
2026 05 23 14 50  71  9.7 12.4 99.00 99.00 99.00 999 1012.5  28.0  28.2  26.0 99.0 99.00
2026 05 23 15 00  71  9.4 11.4 99.00 99.00 99.00 999 1012.6  28.1  28.1  26.1 99.0 99.00
2026 05 23 15 10  71 10.6 12.7  2.22  7.69  5.61  86 1012.6  28.0  28.1  25.8 99.0 99.00
2026 05 23 15 20  71  9.4 11.4 99.00 99.00 99.00 999 1012.7  28.1  28.2  25.9 99.0 99.00
2026 05 23 15 30  72  9.3 11.5 99.00 99.00 99.00 999 1012.8  28.1  28.1  26.1 99.0 99.00
2026 05 23 15 40  73  9.8 11.8  2.15  8.33  5.54  80 1012.7  28.0  28.2  25.9 99.0 99.00
2026 05 23 15 50  73  9.5 11.7 99.00 99.00 99.00 999 1012.6  28.0  28.1  25.9 99.0 99.00
2026 05 23 16 00  72  9.5 11.3 99.00 99.00 99.00 999 1012.6  28.0  28.2  25.9 99.0 99.00
2026 05 23 16 10  71 10.0 11.9  2.27  7.14  5.59  83 1012.5  28.0  28.2  25.9 99.0 99.00
2026 05 23 16 20  69 10.1 12.5 99.00 99.00 99.00 999 1012.5  28.0  28.2  25.8 99.0 99.00
2026 05 23 16 30  71 10.0 11.9 99.00 99.00 99.00 999 1012.4  28.1  28.2  25.7 99.0 99.00
2026 05 23 16 40  70  9.4 11.7  2.20  7.69  5.53  87 1012.3  28.1  28.2  25.9 99.0 99.00
2026 05 23 16 50  71  9.9 11.9 99.00 99.00 99.00 999 1012.2  28.0  28.2  25.8 99.0 99.00
2026 05 23 17 00  71 10.1 12.3 99.00 99.00 99.00 999 1012.1  28.0  28.2  25.7 99.0 99.00
2026 05 23 17 10  72 10.1 12.5  2.37  7.69  5.65  84 1012.2  28.1  28.2  25.7 99.0 99.00
2026 05 23 17 20  71  9.6 11.7 99.00 99.00 99.00 999 1012.1  28.1  28.2  25.8 99.0 99.00
2026 05 23 17 30  71 10.0 12.3 99.00 99.00 99.00 999 1012.1  28.1  28.2  25.8 99.0 99.00
2026 05 23 17 40  74 10.2 11.9  2.33  7.69  5.60  84 1012.0  28.1  28.2  25.6 99.0 99.00
2026 05 23 17 50  72  9.7 11.8 99.00 99.00 99.00 999 1012.0  28.1  28.2  25.6 99.0 99.00
2026 05 23 18 00  74 10.3 12.4 99.00 99.00 99.00 999 1011.9  28.1  28.2  25.5 99.0 99.00
2026 05 23 18 10  76  9.9 11.9  2.54  7.69  5.83  84 1011.6  28.2  28.2  25.7 99.0 99.00
2026 05 23 18 20  71  9.7 12.1 99.00 99.00 99.00 999 1011.5  28.2  28.2  25.8 99.0 99.00
2026 05 23 18 30  67  9.8 11.9 99.00 99.00 99.00 999 1011.4  28.1  28.2  25.8 99.0 99.00
2026 05 23 18 40  71  9.7 12.1  2.26  7.69  5.57  88 1011.3  28.1  28.2  25.7 99.0 99.00
2026 05 23 18 50  72  9.6 12.0 99.00 99.00 99.00 999 1011.2  28.1  28.2  25.7 99.0 99.00
2026 05 23 19 00  74  9.8 12.2 99.00 99.00 99.00 999 1011.2  28.1  28.2  25.8 99.0 99.00
2026 05 23 19 10  74 10.1 12.0  2.37  7.69  5.62  88 1011.1  28.1  28.2  25.7 99.0 99.00
2026 05 23 19 20  74  9.2 12.1 99.00 99.00 99.00 999 1011.1  28.1  28.2  25.9 99.0 99.00
2026 05 23 19 30  72  8.7 10.8 99.00 99.00 99.00 999 1011.0  28.1  28.2  26.1 99.0 99.00
2026 05 23 19 40  70  9.2 11.2  2.23  7.69  5.49  84 1010.8  28.0  28.2  25.9 99.0 99.00
2026 05 23 19 50  69 10.0 11.6 99.00 99.00 99.00 999 1010.6  28.0  28.2  25.8 99.0 99.00
2026 05 23 20 00  71 10.1 12.3 99.00 99.00 99.00 999 1010.5  28.1  28.2  25.8 99.0 99.00
2026 05 23 20 10  71 10.0 12.0  2.35  7.14  5.70  94 1010.3  28.0  28.2  25.7 99.0 99.00
2026 05 23 20 20  76  9.8 12.0 99.00 99.00 99.00 999 1010.3  28.1  28.2  25.8 99.0 99.00
2026 05 23 20 30  73  9.9 12.2 99.00 99.00 99.00 999 1010.2  28.0  28.2  25.7 99.0 99.00
2026 05 23 20 40  72 10.6 12.5  2.38  7.69  5.69  91 1010.1  28.0  28.2  25.7 99.0 99.00
2026 05 23 20 50  75 10.3 12.5 99.00 99.00 99.00 999 1010.1  28.0  28.2  25.6 99.0 99.00
2026 05 23 21 00  75  9.6 11.7 99.00 99.00 99.00 999 1010.1  28.1  28.2  25.8 99.0 99.00
2026 05 23 21 10  81  9.5 12.2  2.34  8.33  5.69  85 1010.1  28.0  28.2  25.6 99.0 99.00
2026 05 23 21 20  77  9.1 11.2 99.00 99.00 99.00 999 1010.1  28.0  28.2  25.6 99.0 99.00
2026 05 23 21 30  78  9.4 11.3 99.00 99.00 99.00 999 1010.1  28.0  28.2  25.6 99.0 99.00
2026 05 23 21 40  74  9.6 11.6  2.23  7.69  5.49  90 1010.1  28.0  28.2  25.6 99.0 99.00
2026 05 23 21 50  75  9.2 11.9 99.00 99.00 99.00 999 1010.1  28.0  28.2  25.6 99.0 99.00
2026 05 23 22 00  73  9.4 11.4 99.00 99.00 99.00 999 1010.2  28.0  28.2  25.5 99.0 99.00
2026 05 23 22 10  73  9.2 11.2  2.16  8.33  5.42  91 1010.2  28.0  28.2  25.6 99.0 99.00
2026 05 23 22 20  75  9.2 11.1 99.00 99.00 99.00 999 1010.3  28.0  28.2  25.6 99.0 99.00
2026 05 23 22 30  73  8.9 10.9 99.00 99.00 99.00 999 1010.4  28.0  28.2  25.6 99.0 99.00
2026 05 23 22 40  69  8.9 10.6  2.23  7.69  5.62  92 1010.5  28.0  28.2  25.7 99.0 99.00
2026 05 23 22 50  68  9.2 11.2 99.00 99.00 99.00 999 1010.6  27.9  28.2  25.6 99.0 99.00
2026 05 23 23 00  66  9.6 11.9 99.00 99.00 99.00 999 1010.7  27.9  28.2  25.5 99.0 99.00
2026 05 23 23 10  67  9.2 11.1  2.21  8.33  5.56  89 1010.9  28.0  28.1  25.6 99.0 99.00
2026 05 23 23 20  69  9.1 11.4 99.00 99.00 99.00 999 1011.0  28.0  28.1  25.5 99.0 99.00
2026 05 23 23 30  70  9.0 10.7 99.00 99.00 99.00 999 1010.9  28.0  28.2  25.4 99.0 99.00
2026 05 23 23 40  68  9.5 11.5  2.36  7.69  5.66  90 1011.0  27.9  28.2  25.3 99.0 99.00
2026 05 23 23 50  67  9.2 11.0 99.00 99.00 99.00 999 1011.1  28.0  28.1  25.4 99.0 99.00
2026 05 24 00 00  67  9.3 10.7 99.00 99.00 99.00 999 1011.2  28.0  28.2  25.4 99.0 99.00
2026 05 24 00 10  66  9.2 11.0  2.18  7.69  5.59  89 1011.3  27.9  28.2  25.4 99.0 99.00
2026 05 24 00 20  66  8.8 10.8 99.00 99.00 99.00 999 1011.5  28.0  28.2  25.6 99.0 99.00
2026 05 24 00 30  64  9.7 11.4 99.00 99.00 99.00 999 1011.6  27.9  28.2  25.3 99.0 99.00
2026 05 24 00 40  63  9.5 11.5  2.23  7.69  5.50  94 1011.7  28.0  28.2  25.4 99.0 99.00
2026 05 24 00 50  69  9.6 11.7 99.00 99.00 99.00 999 1011.8  28.0  28.2  25.3 99.0 99.00
2026 05 24 01 00  62  9.2 11.5 99.00 99.00 99.00 999 1011.7  28.0  28.1  25.5 99.0 99.00
2026 05 24 01 10  61  9.3 11.1  2.20  7.69  5.57  92 1011.8  28.0  28.1  25.5 99.0 99.00
2026 05 24 01 20  63  9.5 12.2 99.00 99.00 99.00 999 1011.9  27.9  28.2  25.3 99.0 99.00
2026 05 24 01 30  64  9.3 11.2 99.00 99.00 99.00 999 1011.9  28.0  28.2  25.5 99.0 99.00
2026 05 24 01 40  62 10.0 12.0  2.26  8.33  5.78  87 1011.7  27.9  28.2  25.3 99.0 99.00
2026 05 24 01 50  63  9.6 11.7 99.00 99.00 99.00 999 1011.8  27.9  28.2  25.4 99.0 99.00
2026 05 24 02 00  64  9.8 12.7 99.00 99.00 99.00 999 1011.7  27.9  28.2  25.4 99.0 99.00
2026 05 24 02 10  65 10.3 12.6  2.15  8.33  5.66  91 1011.9  27.9  28.1  25.2 99.0 99.00
2026 05 24 02 20  67 10.5 12.5 99.00 99.00 99.00 999 1011.9  27.9  28.1  25.2 99.0 99.00
2026 05 24 02 30  66 10.4 12.8 99.00 99.00 99.00 999 1012.0  28.0  28.1  25.3 99.0 99.00
2026 05 24 02 40  65 10.1 12.7  2.37  7.69  5.66  85 1012.0  28.0  28.1  25.5 99.0 99.00
2026 05 24 02 50  61 10.2 12.7 99.00 99.00 99.00 999 1012.1  27.9  28.1  25.6 99.0 99.00
2026 05 24 03 00  62 10.6 12.4 99.00 99.00 99.00 999 1012.2  27.9  28.2  25.4 99.0 99.00
2026 05 24 03 10  62 10.7 12.8  2.28  7.69  5.66  90 1012.3  27.9  28.1  25.4 99.0 99.00
2026 05 24 03 20  65 10.1 12.8 99.00 99.00 99.00 999 1012.3  27.9  28.1  25.5 99.0 99.00
2026 05 24 03 30  65 10.4 12.5 99.00 99.00 99.00 999 1012.3  27.9  28.1  25.5 99.0 99.00
2026 05 24 03 40  64  9.9 11.9  2.22  7.69  5.62  90 1012.4  27.9  28.1  25.7 99.0 99.00
2026 05 24 03 50  65 10.2 12.5 99.00 99.00 99.00 999 1012.4  27.8  28.1  25.5 99.0 99.00
2026 05 24 04 00  65  9.9 12.2 99.00 99.00 99.00 999 1012.2  27.9  28.1  25.6 99.0 99.00
2026 05 24 04 10  68 10.4 12.8  2.19  7.14  5.46  92 1012.2  27.8  28.1  25.3 99.0 99.00
2026 05 24 04 20  67 10.3 13.3 99.00 99.00 99.00 999 1012.0  27.9  28.1  25.3 99.0 99.00
2026 05 24 04 30  64 10.5 12.9 99.00 99.00 99.00 999 1011.6  27.8  28.1  25.3 99.0 99.00
2026 05 24 04 40  63 10.8 12.5  2.19  7.69  5.53  94 1011.5  27.8  28.1  25.3 99.0 99.00
2026 05 24 04 50  66  9.7 11.7 99.00 99.00 99.00 999 1011.6  27.8  28.1  25.5 99.0 99.00
2026 05 24 05 00  61  9.6 11.4 99.00 99.00 99.00 999 1011.4  27.8  28.1  25.6 99.0 99.00
2026 05 24 05 10  64 10.3 12.7  2.34  7.69  5.58  86 1011.2  27.7  28.1  25.3 99.0 99.00
2026 05 24 05 20  65 10.4 12.9 99.00 99.00 99.00 999 1011.1  27.7  28.1  25.2 99.0 99.00
2026 05 24 05 30  63 10.8 13.4 99.00 99.00 99.00 999 1011.0  27.7  28.1  25.2 99.0 99.00
2026 05 24 05 40  65 10.0 12.2  2.43  7.69  5.78  82 1010.9  27.7  28.1  25.3 99.0 99.00
2026 05 24 05 50  63 10.1 12.1 99.00 99.00 99.00 999 1010.7  27.7  28.1  25.3 99.0 99.00
2026 05 24 06 00  63 10.3 13.3 99.00 99.00 99.00 999 1010.6  27.7  28.1  25.2 99.0 99.00
2026 05 24 06 10  64 10.6 12.5  2.29  7.69  5.55  91 1010.5  27.7  28.1  25.1 99.0 99.00
2026 05 24 06 20  66 10.2 12.5 99.00 99.00 99.00 999 1010.5  27.7  28.1  25.1 99.0 99.00
2026 05 24 06 30  65  9.8 12.5 99.00 99.00 99.00 999 1010.5  27.7  28.1  25.2 99.0 99.00
2026 05 24 06 40  68 10.0 11.7  2.16  7.69  5.47  89 1010.4  27.6  28.1  25.1 99.0 99.00
2026 05 24 06 50  71  9.6 11.5 99.00 99.00 99.00 999 1010.6  27.7  28.1  25.3 99.0 99.00
2026 05 24 07 00  67  9.5 11.7 99.00 99.00 99.00 999 1010.5  27.7  28.1  25.3 99.0 99.00
2026 05 24 07 10  67  9.8 11.5  2.38  8.33  5.73  79 1010.5  27.6  28.1  25.2 99.0 99.00
2026 05 24 07 20  65  9.6 11.5 99.00 99.00 99.00 999 1010.4  27.7  28.1  25.4 99.0 99.00
2026 05 24 07 30  70  9.7 11.9 99.00 99.00 99.00 999 1010.5  27.6  28.1  25.2 99.0 99.00
2026 05 24 07 40  69 10.0 12.1  2.24  7.14  5.67  87 1010.6  27.6  28.1  25.1 99.0 99.00
2026 05 24 07 50  69 10.4 12.6 99.00 99.00 99.00 999 1010.7  27.6  28.1  25.0 99.0 99.00
2026 05 24 08 00  69  9.6 11.7 99.00 99.00 99.00 999 1010.7  27.7  28.1  25.2 99.0 99.00
2026 05 24 08 10  70 10.0 12.4  2.34  7.69  5.62  80 1010.7  27.7  28.1  25.0 99.0 99.00
2026 05 24 08 20  73  9.6 11.9 99.00 99.00 99.00 999 1010.7  27.7  28.1  25.2 99.0 99.00
2026 05 24 08 30  77  9.3 11.2 99.00 99.00 99.00 999 1010.8  27.7  28.1  25.2 99.0 99.00
2026 05 24 08 40  78  9.3 11.2  2.34  7.14  5.79  84 1011.0  27.7  28.1  25.3 99.0 99.00
2026 05 24 08 50  80  9.2 10.8 99.00 99.00 99.00 999 1010.8  27.7  28.1  25.2 99.0 99.00
2026 05 24 09 00  84  9.7 12.0 99.00 99.00 99.00 999 1011.0  27.7  28.1  25.0 99.0 99.00
2026 05 24 09 10  86  9.3 11.3  2.09  7.14  5.51  90 1011.1  27.8  28.1  25.1 99.0 99.00
2026 05 24 09 20  84  9.8 11.5 99.00 99.00 99.00 999 1011.2  27.7  28.1  24.8 99.0 99.00
2026 05 24 09 30  86  9.5 12.0 99.00 99.00 99.00 999 1011.3  27.8  28.1  24.8 99.0 99.00
2026 05 24 09 40  85  9.7 12.3  2.34  8.33  5.75  80 1011.3  27.7  28.1  24.8 99.0 99.00
2026 05 24 09 50  86  9.1 11.3 99.00 99.00 99.00 999 1011.3  27.8  28.1  25.1 99.0 99.00
2026 05 24 10 00  86  8.9 10.9 99.00 99.00 99.00 999 1011.3  27.7  28.1  25.1 99.0 99.00
2026 05 24 10 10  82  9.6 11.6  2.39  7.69  5.73  83 1011.2  27.7  28.1  24.9 99.0 99.00
2026 05 24 10 20  85  9.0 11.1 99.00 99.00 99.00 999 1011.2  27.7  28.1  25.1 99.0 99.00
2026 05 24 10 30  84  8.8 10.8 99.00 99.00 99.00 999 1011.3  27.7  28.1  25.1 99.0 99.00
2026 05 24 10 40  80  9.7 12.1  2.38  7.69  5.76  86 1011.3  27.6  28.1  25.0 99.0 99.00
2026 05 24 10 50  81 10.2 12.3 99.00 99.00 99.00 999 1011.3  27.7  28.1  24.6 99.0 99.00
2026 05 24 11 00  81  9.6 11.9 99.00 99.00 99.00 999 1011.3  27.8  28.1  24.8 99.0 99.00
2026 05 24 11 10  82  9.2 11.2  2.29  7.14  5.79  83 1011.4  27.8  28.1  24.8 99.0 99.00
2026 05 24 11 20  82  9.1 11.6 99.00 99.00 99.00 999 1011.5  27.8  28.1  24.9 99.0 99.00
2026 05 24 11 30  83  8.8 10.5 99.00 99.00 99.00 999 1011.7  27.7  28.1  24.9 99.0 99.00
2026 05 24 11 40  84  9.2 11.4  2.22  7.69  5.66  79 1011.8  27.7  28.1  25.0 99.0 99.00
2026 05 24 11 50  85  9.6 11.4 99.00 99.00 99.00 999 1012.0  27.8  28.1  25.0 99.0 99.00
2026 05 24 12 00  90  9.2 11.2 99.00 99.00 99.00 999 1012.0  27.9  28.1  25.0 99.0 99.00
2026 05 24 12 10  88  9.4 11.0  2.25  7.69  5.92  74 1012.1  27.9  28.1  24.9 99.0 99.00
2026 05 24 12 20  92  9.4 10.9 99.00 99.00 99.00 999 1012.1  27.8  28.1  24.8 99.0 99.00
2026 05 24 12 30  92  8.8 10.5 99.00 99.00 99.00 999 1012.1  27.9  28.1  25.1 99.0 99.00
2026 05 24 12 40  87  8.8 10.6  2.41  7.69  5.91  91 1012.2  27.8  28.1  25.0 99.0 99.00
2026 05 24 12 50  87  8.6 10.2 99.00 99.00 99.00 999 1012.3  27.8  28.1  25.3 99.0 99.00
2026 05 24 13 00  88  8.9 11.0 99.00 99.00 99.00 999 1012.4  27.8  28.1  25.3 99.0 99.00
2026 05 24 13 10  88  9.5 11.1  2.09  7.69  5.57  88 1012.5  27.8  28.1  25.2 99.0 99.00
2026 05 24 13 20  86  9.2 11.1 99.00 99.00 99.00 999 1012.6  27.8  28.1  25.3 99.0 99.00
2026 05 24 13 30  84  9.1 11.0 99.00 99.00 99.00 999 1012.6  27.9  28.1  25.3 99.0 99.00
2026 05 24 13 40  83  8.9 10.6  2.19  7.14  5.65  88 1012.7  27.9  28.1  25.3 99.0 99.00
2026 05 24 13 50  85  9.1 11.6 99.00 99.00 99.00 999 1012.7  27.9  28.1  25.4 99.0 99.00
2026 05 24 14 00  89  9.7 11.5 99.00 99.00 99.00 999 1012.8  27.9  28.1  24.9 99.0 99.00
2026 05 24 14 10  89  9.0 11.3  2.16  7.69  5.61  83 1012.9  28.0  28.1  25.1 99.0 99.00
2026 05 24 14 20  87  9.9 11.5 99.00 99.00 99.00 999 1012.9  27.9  28.1  24.8 99.0 99.00
2026 05 24 14 30  91  9.6 11.8 99.00 99.00 99.00 999 1012.8  28.0  28.1  25.0 99.0 99.00
2026 05 24 14 40  92  9.9 11.5  1.92  7.14  5.52  85 1012.8  27.9  28.1  24.9 99.0 99.00
2026 05 24 14 50  91  9.0 11.1 99.00 99.00 99.00 999 1012.8  27.9 999.0  25.2 99.0 99.00
2026 05 24 15 00  90  9.0 10.6 99.00 99.00 99.00 999 1012.8  27.8  28.1  25.2 99.0 99.00
2026 05 24 15 10  92  8.6 10.6  2.28  7.69  5.73  77 1012.7  27.9  28.1  25.4 99.0 99.00
2026 05 24 15 20  92  8.6 10.4 99.00 99.00 99.00 999 1012.7  27.9  28.1  25.1 99.0 99.00
2026 05 24 15 30  89  9.0 11.2 99.00 99.00 99.00 999 1012.7  27.9  28.1  25.1 99.0 99.00
2026 05 24 15 40  89  9.4 11.5  2.16  7.69  5.56  85 1012.8  27.9  28.1  24.9 99.0 99.00
2026 05 24 15 50  85  9.5 11.7 99.00 99.00 99.00 999 1012.8  27.9  28.1  24.9 99.0 99.00
2026 05 24 16 00  82  9.7 11.8 99.00 99.00 99.00 999 1012.6  28.0  28.2  24.9 99.0 99.00
2026 05 24 16 10  83  9.7 11.7  2.03  7.69  5.52  82 1012.5  28.1  28.2  24.9 99.0 99.00
2026 05 24 16 20  85  9.9 11.7 99.00 99.00 99.00 999 1012.3  28.0  28.2  24.8 99.0 99.00
2026 05 24 16 30  88  9.7 11.5 99.00 99.00 99.00 999 1012.2  28.1  28.2  24.9 99.0 99.00
2026 05 24 16 40  85  9.4 11.3  2.20  7.69  5.70  92 1012.1  28.0  28.2  24.9 99.0 99.00
2026 05 24 16 50  87  9.4 11.2 99.00 99.00 99.00 999 1012.0  28.0  28.2  25.0 99.0 99.00
2026 05 24 17 00  87  9.1 11.0 99.00 99.00 99.00 999 1011.8  28.0  28.2  25.1 99.0 99.00
2026 05 24 17 10  86  9.1 10.8  2.11  7.14  5.50  89 1011.7  28.0  28.2  25.2 99.0 99.00
2026 05 24 17 20  85  9.5 11.7 99.00 99.00 99.00 999 1011.6  27.9  28.2  25.0 99.0 99.00
2026 05 24 17 30  84  8.7 10.9 99.00 99.00 99.00 999 1011.4  28.1  28.2  25.3 99.0 99.00
2026 05 24 17 40  83  8.7 10.8  2.23  7.14  5.64  82 1011.3  27.9  28.2  25.4 99.0 99.00
2026 05 24 17 50  83  9.4 11.2 99.00 99.00 99.00 999 1011.0  27.9  28.2  25.1 99.0 99.00
2026 05 24 18 00  84  9.6 11.4 99.00 99.00 99.00 999 1011.0  28.0  28.2  25.1 99.0 99.00
2026 05 24 18 10  85  9.4 11.5  2.17  7.69  5.65  84 1010.9  28.0  28.2  25.2 99.0 99.00
2026 05 24 18 20  86  8.8 10.9 99.00 99.00 99.00 999 1010.7  28.0  28.2  25.3 99.0 99.00
2026 05 24 18 30  88  9.9 12.0 99.00 99.00 99.00 999 1010.6  28.0  28.2  25.1 99.0 99.00
2026 05 24 18 40  85  9.1 10.8  2.17  8.33  5.56  82 1010.5  28.0  28.2  25.2 99.0 99.00
2026 05 24 18 50  87  9.8 11.8 99.00 99.00 99.00 999 1010.4  28.0  28.2  25.0 99.0 99.00
2026 05 24 19 00  87  9.8 12.2 99.00 99.00 99.00 999 1010.4  28.1  28.2  25.0 99.0 99.00
2026 05 24 19 10  86  9.4 11.7  1.99  7.69  5.48  80 1010.3  28.1  28.2  25.2 99.0 99.00
2026 05 24 19 20  84  9.9 11.9 99.00 99.00 99.00 999 1010.1  28.0  28.2  25.1 99.0 99.00
2026 05 24 19 30  82  9.3 11.3 99.00 99.00 99.00 999 1009.9  28.1  28.2  25.4 99.0 99.00
2026 05 24 19 40  80  9.6 12.1  2.27  7.14  5.65  81 1009.9  28.0  28.2  25.5 99.0 99.00
2026 05 24 19 50  78 10.0 12.4 99.00 99.00 99.00 999 1009.7  28.0  28.2  25.3 99.0 99.00
2026 05 24 20 00  80 10.3 12.4 99.00 99.00 99.00 999 1009.6  28.1  28.2  25.1 99.0 99.00
2026 05 24 20 10  82 10.5 12.7  2.25  7.69  5.49  85 1009.5  28.1  28.2  25.0 99.0 99.00
2026 05 24 20 20  83 10.2 12.6 99.00 99.00 99.00 999 1009.4  28.1  28.2  25.1 99.0 99.00
2026 05 24 20 30  79 10.2 12.6 99.00 99.00 99.00 999 1009.4  28.1  28.2  25.1 99.0 99.00
2026 05 24 20 40  82  9.9 11.9  2.02  7.69  5.36  85 1009.2  28.1  28.2  25.3 99.0 99.00
2026 05 24 20 50  78 10.0 12.3 99.00 99.00 99.00 999 1009.1  28.0  28.2  25.4 99.0 99.00
2026 05 24 21 00  79 10.0 12.2 99.00 99.00 99.00 999 1009.2  28.0  28.2  25.4 99.0 99.00
2026 05 24 21 10  77  9.8 12.2  2.33  7.69  5.77  85 1009.0  28.0  28.2  25.5 99.0 99.00
2026 05 24 21 20  80 10.2 12.2 99.00 99.00 99.00 999 1009.1  28.0  28.2  25.4 99.0 99.00
2026 05 24 21 30  77  9.5 12.3 99.00 99.00 99.00 999 1009.0  28.1  28.2  25.8 99.0 99.00
2026 05 24 21 40  76 10.7 12.8  2.18  7.14  5.57  90 1008.8  28.0  28.2  25.5 99.0 99.00
2026 05 24 21 50  79 10.8 13.3 99.00 99.00 99.00 999 1008.9  28.0  28.2  25.4 99.0 99.00
2026 05 24 22 00  79 10.9 13.8 99.00 99.00 99.00 999 1008.9  28.1  28.2  25.4 99.0 99.00
2026 05 24 22 10  80 10.5 12.9  2.36  7.14  5.65  90 1008.9  28.1  28.2  25.3 99.0 99.00
2026 05 24 22 20  80 10.7 13.0 99.00 99.00 99.00 999 1008.9  28.1  28.2  25.2 99.0 99.00
2026 05 24 22 30  81 11.2 13.8 99.00 99.00 99.00 999 1009.0  28.1  28.2  25.0 99.0 99.00
2026 05 24 22 40  80 11.4 13.5  2.30  7.69  5.56  88 1009.1  28.1  28.2  25.0 99.0 99.00
2026 05 24 22 50  75 10.5 13.3 99.00 99.00 99.00 999 1009.0  28.1  28.2  25.2 99.0 99.00
2026 05 24 23 00  75 11.0 13.1 99.00 99.00 99.00 999 1009.0  28.0  28.2  25.2 99.0 99.00
2026 05 24 23 10  73 10.4 12.6  2.22  7.69  5.46  77 1009.2  28.1  28.2  25.5 99.0 99.00
2026 05 24 23 20  73 11.1 13.6 99.00 99.00 99.00 999 1009.2  28.0  28.2  25.4 99.0 99.00
2026 05 24 23 30  73 11.2 13.7 99.00 99.00 99.00 999 1009.3  28.0  28.2  25.4 99.0 99.00
2026 05 24 23 40  74 11.2 13.6  2.43  7.69  5.77  81 1009.4  28.0  28.1  25.4 99.0 99.00
2026 05 24 23 50  77 11.6 13.5 99.00 99.00 99.00 999 1009.6  28.0  28.1  25.2 99.0 99.00
2026 05 25 00 00  77 11.6 14.5 99.00 99.00 99.00 999 1009.5  28.1  28.1  25.1 99.0 99.00
2026 05 25 00 10  77 10.9 13.5  2.55  7.14  5.87  88 1009.6  28.1  28.1  25.0 99.0 99.00
2026 05 25 00 20  73 10.5 13.1 99.00 99.00 99.00 999 1009.7  28.0  28.1  25.1 99.0 99.00
2026 05 25 00 30  75 11.0 13.3 99.00 99.00 99.00 999 1009.7  28.1  28.1  25.0 99.0 99.00
2026 05 25 00 40  75 10.9 13.3  2.48  7.14  5.65  93 1009.8  28.0  28.1  25.1 99.0 99.00
2026 05 25 00 50  74 11.8 13.9 99.00 99.00 99.00 999 1009.8  28.0  28.1  24.9 99.0 99.00
2026 05 25 01 00  76 11.0 13.6 99.00 99.00 99.00 999 1009.9  28.1  28.1  25.1 99.0 99.00
2026 05 25 01 10  75 11.4 14.0  2.66  7.69  5.82  81 1010.0  28.0  28.1  25.0 99.0 99.00
2026 05 25 01 20  74 11.5 14.0 99.00 99.00 99.00 999 1010.1  28.0  28.1  25.0 99.0 99.00
2026 05 25 01 30  72 11.9 14.1 99.00 99.00 99.00 999 1010.3  28.0  28.1  25.0 99.0 99.00
2026 05 25 01 40  74 11.9 14.3  2.66  7.69  5.90  84 1010.3  28.1  28.1  24.9 99.0 99.00
2026 05 25 01 50  74 11.9 15.1 99.00 99.00 99.00 999 1010.3  28.0  28.1  24.9 99.0 99.00
2026 05 25 02 00  73 11.5 14.5 99.00 99.00 99.00 999 1010.6  28.1  28.1  25.1 99.0 99.00
2026 05 25 02 10  72 10.8 13.4  2.47  6.67  5.75  82 1010.6  28.0  28.1  25.3 99.0 99.00
2026 05 25 02 20  71 11.0 13.6 99.00 99.00 99.00 999 1010.6  28.0  28.1  25.5 99.0 99.00
2026 05 25 02 30  71 11.1 13.7 99.00 99.00 99.00 999 1010.6  28.0  28.1  25.5 99.0 99.00
2026 05 25 02 40  73 10.4 13.4  2.62  7.69  5.81  85 1010.7  28.0  28.1  25.7 99.0 99.00
2026 05 25 02 50  73 11.6 13.9 99.00 99.00 99.00 999 1010.7  28.0  28.1  25.3 99.0 99.00
2026 05 25 03 00  73 11.1 13.7 99.00 99.00 99.00 999 1010.8  28.0  28.1  25.3 99.0 99.00
2026 05 25 03 10  74 11.3 14.7  2.53  7.69  5.99  85 1010.7  28.0  28.1  25.3 99.0 99.00
2026 05 25 03 20  75 12.0 14.8 99.00 99.00 99.00 999 1010.9  28.0  28.1  25.0 99.0 99.00
2026 05 25 03 30  76 11.5 14.1 99.00 99.00 99.00 999 1010.9  28.0  28.1  25.1 99.0 99.00
2026 05 25 03 40  71 11.3 13.4  2.74  7.69  5.91  84 1010.9  28.0  28.1  25.3 99.0 99.00
2026 05 25 03 50  71 11.7 13.8 99.00 99.00 99.00 999 1010.9  28.0  28.1  25.2 99.0 99.00
2026 05 25 04 00  74 12.0 14.9 99.00 99.00 99.00 999 1010.8  28.0  28.1  25.2 99.0 99.00
2026 05 25 04 10  73 11.7 14.6  2.61  7.69  5.95  82 1010.6  28.0  28.1  25.1 99.0 99.00
2026 05 25 04 20  75 11.3 14.1 99.00 99.00 99.00 999 1010.5  28.0  28.1  25.3 99.0 99.00
2026 05 25 04 30  72 11.4 14.1 99.00 99.00 99.00 999 1010.3  27.9  28.1  25.4 99.0 99.00
2026 05 25 04 40  69 11.5 14.5  2.93  8.33  6.08  82 1010.1  27.8  28.1  25.4 99.0 99.00
2026 05 25 04 50  71 11.6 14.5 99.00 99.00 99.00 999 1010.0  27.9  28.1  25.3 99.0 99.00
2026 05 25 05 00  72 11.1 14.0 99.00 99.00 99.00 999 1009.8  27.9  28.1  25.1 99.0 99.00
2026 05 25 05 10  72 11.4 14.6  2.93  7.14  6.04  82 1009.7  27.9  28.1  25.3 99.0 99.00
2026 05 25 05 20  72 12.0 14.3 99.00 99.00 99.00 999 1009.5  27.9  28.1  25.1 99.0 99.00
2026 05 25 05 30  69 11.8 14.4 99.00 99.00 99.00 999 1009.5  27.9  28.1  25.1 99.0 99.00
2026 05 25 05 40  71 12.6 15.7  2.89  8.33  6.08  79 1009.4  27.9  28.1  24.8 99.0 99.00
2026 05 25 05 50  76 12.1 14.5 99.00 99.00 99.00 999 1009.5  28.0  28.1  24.9 99.0 99.00
2026 05 25 06 00  74 10.8 12.8 99.00 99.00 99.00 999 1009.5  27.9  28.1  25.4 99.0 99.00
2026 05 25 06 10  72 10.9 14.4  2.84  7.69  5.86  88 1009.4  27.8  28.1  25.4 99.0 99.00
2026 05 25 06 20  74 12.3 15.1 99.00 99.00 99.00 999 1009.3  27.8  28.1  24.9 99.0 99.00
2026 05 25 06 30  76 11.6 14.2 99.00 99.00 99.00 999 1009.2  27.9  28.1  25.1 99.0 99.00
2026 05 25 06 40  73 12.0 14.2  2.92  7.69  6.09  86 1009.2  27.9  28.1  25.0 99.0 99.00
2026 05 25 06 50  75 11.2 14.2 99.00 99.00 99.00 999 1009.2  27.9  28.1  25.1 99.0 99.00
2026 05 25 07 00  74 11.1 13.5 99.00 99.00 99.00 999 1009.1  27.9  28.1  25.2 99.0 99.00
2026 05 25 07 10  76 11.6 14.2  2.68  8.33  5.98  92 1009.0  27.8  28.1  25.0 99.0 99.00
2026 05 25 07 20  75 10.6 13.4 99.00 99.00 99.00 999 1009.0  27.8  28.1  25.3 99.0 99.00
2026 05 25 07 30  73 11.1 13.7 99.00 99.00 99.00 999 1008.9  27.8  28.1  25.2 99.0 99.00
2026 05 25 07 40  75 11.3 13.7  2.76  8.33  5.95  84 1008.9  27.8  28.1  25.1 99.0 99.00
2026 05 25 07 50  74 10.6 12.9 99.00 99.00 99.00 999 1008.9  27.8  28.1  25.4 99.0 99.00
2026 05 25 08 00  73 11.8 13.8 99.00 99.00 99.00 999 1008.7  27.7  28.1  25.1 99.0 99.00
2026 05 25 08 10  75 11.5 14.0  2.81  8.33  5.98  82 1008.8  27.8  28.1  25.1 99.0 99.00
2026 05 25 08 20  76 11.6 13.9 99.00 99.00 99.00 999 1008.8  27.8  28.1  25.1 99.0 99.00
2026 05 25 08 30  74 11.3 13.9 99.00 99.00 99.00 999 1008.9  27.8  28.1  25.1 99.0 99.00
2026 05 25 08 40  73 11.5 15.9  3.03  8.33  6.13  88 1009.0  27.8  28.1  25.0 99.0 99.00
2026 05 25 08 50  73 10.3 13.9 99.00 99.00 99.00 999 1009.0  27.8  28.1  25.2 99.0 99.00
2026 05 25 09 00  77 11.4 14.2 99.00 99.00 99.00 999 1009.1  27.8  28.1  24.8 99.0 99.00
2026 05 25 09 10  77 11.1 13.7  3.07  8.33  6.19  83 1009.2  27.8  28.1  24.8 99.0 99.00
2026 05 25 09 20  78 11.1 13.5 99.00 99.00 99.00 999 1009.0  27.8  28.1  24.7 99.0 99.00
2026 05 25 09 30  80 10.9 13.9 99.00 99.00 99.00 999 1009.2  27.9  28.1  24.8 99.0 99.00
2026 05 25 09 40  79 10.4 13.1  3.03  8.33  6.15  83 1009.1  27.8  28.1  24.9 99.0 99.00
2026 05 25 09 50  80  9.7 13.1 99.00 99.00 99.00 999 1009.2  27.8  28.1  25.2 99.0 99.00
2026 05 25 10 00  80 10.5 12.8 99.00 99.00 99.00 999 1009.2  27.8  28.1  25.0 99.0 99.00
2026 05 25 10 10  82 10.2 12.8  2.92  8.33  6.28  89 1009.2  27.8  28.1  25.0 99.0 99.00
2026 05 25 10 20  83 10.0 12.1 99.00 99.00 99.00 999 1009.2  27.8  28.1  24.9 99.0 99.00
2026 05 25 10 30  78 10.7 13.7 99.00 99.00 99.00 999 1009.3  27.8  28.1  25.1 99.0 99.00
2026 05 25 10 40  78 10.7 13.7  2.78  8.33  6.08  85 1009.5  27.7  28.1  25.1 99.0 99.00
2026 05 25 10 50  76 11.1 13.4 99.00 99.00 99.00 999 1009.5  27.8 999.0  24.8 99.0 99.00
2026 05 25 11 00  77 10.9 13.1 99.00 99.00 99.00 999 1009.6  27.8  28.1  24.9 99.0 99.00
2026 05 25 11 10  82 11.1 13.7  2.64  8.33  5.91  84 1009.7  27.8  28.1  24.7 99.0 99.00
2026 05 25 11 20  79 10.6 13.0 99.00 99.00 99.00 999 1009.8  27.8  28.1  24.8 99.0 99.00
2026 05 25 11 30  82 10.3 12.4 99.00 99.00 99.00 999 1010.0  27.8  28.1  24.9 99.0 99.00
2026 05 25 11 40  80 10.5 13.5  2.80  7.69  6.19  85 1010.0  27.9  28.1  25.0 99.0 99.00
2026 05 25 11 50  78 10.7 12.7 99.00 99.00 99.00 999 1010.0  27.9  28.1  25.0 99.0 99.00
2026 05 25 12 00  79 10.3 12.6 99.00 99.00 99.00 999 1010.1  27.9  28.1  25.0 99.0 99.00
2026 05 25 12 10  75  9.2 11.2  2.70  8.33  6.01  87 1010.2  27.9  28.1  25.3 99.0 99.00
2026 05 25 12 20  80 10.4 13.9 99.00 99.00 99.00 999 1010.2  27.8  28.1  25.0 99.0 99.00
2026 05 25 12 30  85 10.5 13.4 99.00 99.00 99.00 999 1010.3  28.0  28.1  25.0 99.0 99.00
2026 05 25 12 40  81 10.1 12.6  2.79  7.69  6.13  89 1010.4  27.9  28.1  25.1 99.0 99.00
2026 05 25 12 50  76  9.4 11.4 99.00 99.00 99.00 999 1010.3  27.6  28.1  25.4 99.0 99.00
2026 05 25 13 00  79 10.3 12.4 99.00 99.00 99.00 999 1010.3  27.6  28.1  25.3 99.0 99.00
2026 05 25 13 10  81  9.9 11.8  2.83  8.33  6.13  85 1010.5  27.7  28.1  25.4 99.0 99.00
2026 05 25 13 20  78  9.3 11.2 99.00 99.00 99.00 999 1010.5  27.8  28.1  25.5 99.0 99.00
2026 05 25 13 30  82 10.0 12.1 99.00 99.00 99.00 999 1010.5  27.9  28.1  25.4 99.0 99.00
2026 05 25 13 40  82 10.2 12.4  2.55  8.33  6.14  87 1010.6  27.9  28.1  25.2 99.0 99.00
2026 05 25 13 50  82 10.6 12.7 99.00 99.00 99.00 999 1010.6  28.0  28.1  25.1 99.0 99.00
2026 05 25 14 00  83 10.2 12.4 99.00 99.00 99.00 999 1010.6  27.9  28.1  25.2 99.0 99.00
2026 05 25 14 10  82 11.1 13.6  2.80  8.33  6.23  86 1010.6  27.9  28.1  25.0 99.0 99.00
2026 05 25 14 20  82 10.7 13.0 99.00 99.00 99.00 999 1010.6  28.0  28.1  25.1 99.0 99.00
2026 05 25 14 30  82 10.9 13.4 99.00 99.00 99.00 999 1010.5  27.9  28.1  25.1 99.0 99.00
2026 05 25 14 40  82 10.7 13.5  2.65  8.33  6.00  92 1010.4  28.0  28.1  25.1 99.0 99.00
2026 05 25 14 50  82 10.6 12.8 99.00 99.00 99.00 999 1010.6  28.0  28.1  25.1 99.0 99.00
2026 05 25 15 00  84 10.5 13.4 99.00 99.00 99.00 999 1010.6  28.0  28.1  25.1 99.0 99.00
2026 05 25 15 10  83 10.7 13.0  2.79  8.33  6.06  87 1010.7  28.1  28.1  25.1 99.0 99.00
2026 05 25 15 20  83 10.5 12.8 99.00 99.00 99.00 999 1010.8  28.0  28.1  25.1 99.0 99.00
2026 05 25 15 30  82  9.9 12.3 99.00 99.00 99.00 999 1010.8  28.0  28.1  25.2 99.0 99.00
2026 05 25 15 40  80 10.0 11.9  2.68  7.69  5.93  91 1010.8  28.0  28.1  25.0 99.0 99.00
2026 05 25 15 50  80  9.5 11.5 99.00 99.00 99.00 999 1010.7  28.0  28.1  25.2 99.0 99.00
2026 05 25 16 00  79  9.7 11.5 99.00 99.00 99.00 999 1010.6  28.0  28.1  25.2 99.0 99.00
2026 05 25 16 10  76  9.9 12.2  2.43  8.33  5.69  82 1010.6  28.0  28.1  25.3 99.0 99.00
2026 05 25 16 20  76  9.9 12.1 99.00 99.00 99.00 999 1010.5  28.1  28.1  25.5 99.0 99.00
2026 05 25 16 30  78  9.8 11.9 99.00 99.00 99.00 999 1010.5  28.0  28.1  25.3 99.0 99.00
2026 05 25 16 40  78  9.8 11.9  2.52  7.69  5.86  85 1010.5  28.0  28.1  25.3 99.0 99.00
2026 05 25 16 50  77  9.4 11.7 99.00 99.00 99.00 999 1010.3  28.0  28.1  25.5 99.0 99.00
2026 05 25 17 00  76 10.2 12.3 99.00 99.00 99.00 999 1010.3  28.0  28.1  25.4 99.0 99.00
2026 05 25 17 10  79  9.6 11.9  2.52  8.33  5.82  91 1010.1  28.0  28.1  25.5 99.0 99.00
2026 05 25 17 20  80  9.2 11.7 99.00 99.00 99.00 999 1010.1  28.0  28.1  25.7 99.0 99.00
2026 05 25 17 30  76 10.3 12.3 99.00 99.00 99.00 999 1010.0  27.9  28.1  25.6 99.0 99.00
2026 05 25 17 40  79 10.6 13.1  2.49  7.69  5.75  89 1010.0  27.9  28.2  25.5 99.0 99.00
2026 05 25 17 50  81 10.2 12.0 99.00 99.00 99.00 999 1010.0  28.1  28.2  25.7 99.0 99.00
2026 05 25 18 00  73  9.6 11.7 99.00 99.00 99.00 999 1009.7  28.0  28.2  25.8 99.0 99.00
2026 05 25 18 10  72 10.0 11.9  2.55  7.69  5.76  85 1009.6  27.9  28.2  25.7 99.0 99.00
2026 05 25 18 20  73  9.9 12.9 99.00 99.00 99.00 999 1009.4  27.9  28.2  25.8 99.0 99.00
2026 05 25 18 30  76 10.4 13.4 99.00 99.00 99.00 999 1009.0  27.9  28.2  25.5 99.0 99.00
2026 05 25 18 40  78 10.1 12.6  2.52  8.33  5.87  80 1009.0  28.0  28.2  25.4 99.0 99.00
2026 05 25 18 50  79 10.2 12.2 99.00 99.00 99.00 999 1009.0  28.0  28.2  25.5 99.0 99.00
2026 05 25 19 00  77 10.7 12.8 99.00 99.00 99.00 999 1008.8  27.9  28.2  25.4 99.0 99.00
2026 05 25 19 10  77 10.7 12.7  2.43  7.69  5.82  88 1008.7  28.0  28.2  25.3 99.0 99.00
2026 05 25 19 20  78 10.4 12.7 99.00 99.00 99.00 999 1008.7  28.0  28.2  25.3 99.0 99.00
2026 05 25 19 30  77 10.8 13.3 99.00 99.00 99.00 999 1008.5  28.1  28.2  25.2 99.0 99.00
2026 05 25 19 40  78 10.9 13.2  2.43  7.69  5.67  98 1008.4  28.1  28.2  25.2 99.0 99.00
2026 05 25 19 50  75 10.5 12.7 99.00 99.00 99.00 999 1008.2  28.1  28.2  25.2 99.0 99.00
2026 05 25 20 00  73  9.4 11.8 99.00 99.00 99.00 999 1008.2  28.1  28.2  25.5 99.0 99.00
2026 05 25 20 10  75 10.3 12.3  2.64  7.69  5.84  89 1008.0  28.0  28.2  25.3 99.0 99.00
2026 05 25 20 20  71 10.8 13.2 99.00 99.00 99.00 999 1007.9  28.1  28.2  25.1 99.0 99.00
2026 05 25 20 30  71 10.3 12.7 99.00 99.00 99.00 999 1007.7  28.2  28.2  25.4 99.0 99.00
2026 05 25 20 40  70 10.5 12.8  2.61  8.33  5.84  88 1007.8  28.1  28.2  25.5 99.0 99.00
2026 05 25 20 50  71 10.7 13.4 99.00 99.00 99.00 999 1007.7  28.0  28.2  25.5 99.0 99.00
2026 05 25 21 00  76 10.4 12.9 99.00 99.00 99.00 999 1007.7  28.1  28.2  25.4 99.0 99.00
2026 05 25 21 10  69 11.1 13.6  2.71  8.33  6.04  84 1007.6  28.0  28.2  25.4 99.0 99.00
2026 05 25 21 20  69 10.5 12.6 99.00 99.00 99.00 999 1007.5  28.1  28.2  25.6 99.0 99.00
2026 05 25 21 30  67  9.9 12.5 99.00 99.00 99.00 999 1007.6  28.0  28.2  25.7 99.0 99.00
2026 05 25 21 40  69 10.3 13.0  2.60  7.69  5.94  91 1007.6  28.0  28.2  25.6 99.0 99.00
2026 05 25 21 50  68 10.8 13.5 99.00 99.00 99.00 999 1007.6  28.0  28.2  25.4 99.0 99.00
2026 05 25 22 00  68 11.2 13.5 99.00 99.00 99.00 999 1007.6  28.0  28.2  25.4 99.0 99.00
2026 05 25 22 10  68 10.9 13.5  2.68  8.33  6.03  79 1007.6  28.1  28.2  25.5 99.0 99.00
2026 05 25 22 20  67 10.8 13.2 99.00 99.00 99.00 999 1007.6  28.1  28.1  25.5 99.0 99.00
2026 05 25 22 30  69 11.7 14.6 99.00 99.00 99.00 999 1007.6  28.0  28.1  25.3 99.0 99.00
2026 05 25 22 40  69 11.1 13.4  2.85  8.33  5.99  86 1007.8  28.1  28.1  25.6 99.0 99.00
2026 05 25 22 50  67 11.9 14.8 99.00 99.00 99.00 999 1007.8  28.0  28.1  25.6 99.0 99.00
2026 05 25 23 00  71 11.8 13.9 99.00 99.00 99.00 999 1008.0  28.0  28.1  25.5 99.0 99.00
2026 05 25 23 10  71 11.8 13.8  2.91  8.33  6.23  87 1008.1  28.0  28.1  25.5 99.0 99.00
2026 05 25 23 20  71 11.7 14.4 99.00 99.00 99.00 999 1008.2  28.0  28.1  25.5 99.0 99.00
2026 05 25 23 30  69 11.2 14.3 99.00 99.00 99.00 999 1008.3  28.0  28.1  25.6 99.0 99.00
2026 05 25 23 40  70 11.2 13.6  2.83  8.33  6.04  83 1008.4  28.0  28.1  25.7 99.0 99.00
2026 05 25 23 50  72 11.7 14.2 99.00 99.00 99.00 999 1008.4  28.0  28.1  25.5 99.0 99.00
2026 05 26 00 00  71 11.8 14.6 99.00 99.00 99.00 999 1008.5  28.1  28.1  25.5 99.0 99.00
2026 05 26 00 10  70 11.4 14.4  2.95  7.69  6.05  85 1008.6  28.1  28.1  25.6 99.0 99.00
2026 05 26 00 20  74 12.4 15.8 99.00 99.00 99.00 999 1008.7  28.1  28.1  25.4 99.0 99.00
2026 05 26 00 30  73 11.6 14.7 99.00 99.00 99.00 999 1009.0  28.1  28.1  25.6 99.0 99.00
2026 05 26 00 40  71 11.6 14.1  3.09  8.33  6.16  77 1009.1  28.1  28.1  25.7 99.0 99.00
2026 05 26 00 50  76 12.4 15.0 99.00 99.00 99.00 999 1009.1  28.1  28.1  25.5 99.0 99.00
2026 05 26 01 00  74 12.6 15.2 99.00 99.00 99.00 999 1009.1  28.1  28.1  25.4 99.0 99.00
2026 05 26 01 10  75 12.5 15.5  2.97  7.69  6.00  90 1009.3  28.2  28.1  25.4 99.0 99.00
2026 05 26 01 20  74 12.7 15.6 99.00 99.00 99.00 999 1009.4  28.2  28.1  25.4 99.0 99.00
2026 05 26 01 30  73 12.5 17.2 99.00 99.00 99.00 999 1009.6  28.2  28.1  25.5 99.0 99.00
2026 05 26 01 40  76 12.6 15.5  3.08  8.33  6.07  79 1009.8  28.2  28.1  25.4 99.0 99.00
2026 05 26 01 50  75 12.4 15.7 99.00 99.00 99.00 999 1009.8  28.2  28.1  25.5 99.0 99.00
2026 05 26 02 00  74 13.4 16.3 99.00 99.00 99.00 999 1010.1  28.2  28.1  25.3 99.0 99.00
2026 05 26 02 10  76 12.1 15.0  3.33  8.33  6.28  86 1010.3  28.2  28.1  25.4 99.0 99.00
2026 05 26 02 20  77 12.2 14.7 99.00 99.00 99.00 999 1010.2  28.2  28.1  25.5 99.0 99.00
2026 05 26 02 30  76 13.3 16.4 99.00 99.00 99.00 999 1010.3  28.2  28.1  25.2 99.0 99.00
2026 05 26 02 40  77 12.6 15.4  3.11  8.33  6.24  88 1010.6  28.2  28.1  25.4 99.0 99.00
2026 05 26 02 50  77 12.3 15.1 99.00 99.00 99.00 999 1010.4  28.1  28.1  25.5 99.0 99.00
2026 05 26 03 00  76 13.3 15.7 99.00 99.00 99.00 999 1010.2  28.2  28.1  25.4 99.0 99.00
2026 05 26 03 10  77 12.2 15.2  3.20  8.33  6.30  80 1010.3  28.1  28.1  25.5 99.0 99.00
2026 05 26 03 20  74 12.6 15.3 99.00 99.00 99.00 999 1010.3  28.1  28.1  25.5 99.0 99.00
2026 05 26 03 30  77 13.2 16.0 99.00 99.00 99.00 999 1010.3  28.1  28.1  25.5 99.0 99.00
2026 05 26 03 40  75 12.3 15.0  3.44  9.09  6.52  72 1010.1  28.1  28.1  25.7 99.0 99.00
2026 05 26 03 50  74 12.3 16.0 99.00 99.00 99.00 999 1010.1  28.0  28.1  25.7 99.0 99.00
2026 05 26 04 00  76 13.1 16.8 99.00 99.00 99.00 999 1010.1  28.0  28.1  25.4 99.0 99.00
2026 05 26 04 10  77 12.1 15.1  3.44  8.33  6.47  87 1010.1  28.1  28.1  25.6 99.0 99.00
2026 05 26 04 20  77 12.9 16.4 99.00 99.00 99.00 999 1009.9  28.0  28.1  25.4 99.0 99.00
2026 05 26 04 30  77 13.4 16.7 99.00 99.00 99.00 999 1009.8  28.2  28.1  25.2 99.0 99.00
2026 05 26 04 40  79 13.5 17.0  3.54  8.33  6.66  84 1009.8  28.1  28.1  25.1 99.0 99.00
2026 05 26 04 50  82 14.0 17.2 99.00 99.00 99.00 999 1009.6  28.2  28.1  24.9 99.0 99.00
2026 05 26 05 00  78 13.7 16.9 99.00 99.00 99.00 999 1009.5  28.2  28.1  25.0 99.0 99.00
2026 05 26 05 10  80 14.1 17.8  3.33  8.33  6.39  80 1009.4  28.1  28.1  24.8 99.0 99.00
2026 05 26 05 20  81 12.7 15.4 99.00 99.00 99.00 999 1009.6  28.1  28.1  25.1 99.0 99.00
2026 05 26 05 30  78 12.7 16.4 99.00 99.00 99.00 999 1009.4  28.0  28.1  25.2 99.0 99.00
2026 05 26 05 40  80 13.1 16.4  3.53  8.33  6.39  84 1009.4  28.1  28.1  25.2 99.0 99.00
2026 05 26 05 50  81 12.0 15.1 99.00 99.00 99.00 999 1009.3  28.1  28.1  25.4 99.0 99.00
2026 05 26 06 00  79 12.1 15.5 99.00 99.00 99.00 999 1009.3  28.1  28.1  25.4 99.0 99.00
2026 05 26 06 10  81 13.0 15.8  3.79  9.09  6.70  81 1009.1  28.1  28.1  25.2 99.0 99.00
2026 05 26 06 20  80 12.8 16.4 99.00 99.00 99.00 999 1009.1  28.1  28.1  25.3 99.0 99.00
2026 05 26 06 30  83 13.6 16.3 99.00 99.00 99.00 999 1009.2  28.1  28.1  25.1 99.0 99.00
2026 05 26 06 40  85 11.8 14.7  3.15  9.09  6.26  82 1009.4  28.1  28.1  25.3 99.0 99.00
2026 05 26 06 50  84 12.0 14.8 99.00 99.00 99.00 999 1009.2  28.0  28.1  25.3 99.0 99.00
2026 05 26 07 00  81 11.7 14.1 99.00 99.00 99.00 999 1008.9  28.0  28.1  25.3 99.0 99.00
2026 05 26 07 10  80 11.1 14.2  3.07  9.09  6.22  84 1008.7  28.0  28.1  25.4 99.0 99.00
2026 05 26 07 20  82 11.5 14.1 99.00 99.00 99.00 999 1008.7  28.1  28.1  25.4 99.0 99.00
2026 05 26 07 30  82 12.2 14.8 99.00 99.00 99.00 999 1008.7  28.0  28.1  25.3 99.0 99.00
2026 05 26 07 40  82 12.3 16.2  3.41  8.33  6.48  88 1008.7  28.1  28.1  25.3 99.0 99.00
2026 05 26 07 50  83 12.1 15.1 99.00 99.00 99.00 999 1008.7  28.1  28.1  25.2 99.0 99.00
2026 05 26 08 00  80 11.3 14.4 99.00 99.00 99.00 999 1008.6  28.1  28.1  25.4 99.0 99.00
2026 05 26 08 10  82 12.1 15.4  3.76  8.33  6.89  84 1008.6  28.0  28.1  25.2 99.0 99.00
2026 05 26 08 20  88 12.3 15.3 99.00 99.00 99.00 999 1008.7  28.1  28.1  25.2 99.0 99.00
2026 05 26 08 30  85 11.4 14.1 99.00 99.00 99.00 999 1008.9  28.1  28.1  25.5 99.0 99.00
2026 05 26 08 40  88 11.1 13.8  3.33  9.09  6.62  83 1008.9  28.0  28.1  25.6 99.0 99.00
2026 05 26 08 50  82 11.7 13.9 99.00 99.00 99.00 999 1009.0  27.9  28.1  25.5 99.0 99.00
2026 05 26 09 00  81 11.9 14.8 99.00 99.00 99.00 999 1009.1  28.0  28.1  25.4 99.0 99.00
2026 05 26 09 10  84 12.3 15.4  3.40  8.33  6.47  86 1009.2  28.1  28.1  25.3 99.0 99.00
2026 05 26 09 20  88 13.0 15.7 99.00 99.00 99.00 999 1009.1  28.1  28.1  25.0 99.0 99.00
2026 05 26 09 30  89 12.4 15.4 99.00 99.00 99.00 999 1009.0  28.1  28.1  25.1 99.0 99.00
2026 05 26 09 40  90 12.6 15.1  3.58  9.09  6.85  84 1009.1  28.1  28.1  25.1 99.0 99.00
2026 05 26 09 50  90 11.0 12.9 99.00 99.00 99.00 999 1009.1  28.0  28.1  25.4 99.0 99.00
2026 05 26 10 00  88 11.6 14.5 99.00 99.00 99.00 999 1009.2  28.0  28.1  25.4 99.0 99.00
2026 05 26 10 10  88 10.4 13.4  3.63  9.09  6.78  83 1009.3  28.0  28.1  25.7 99.0 99.00
2026 05 26 10 20  85 11.5 14.7 99.00 99.00 99.00 999 1009.5  27.9  28.1  25.4 99.0 99.00
2026 05 26 10 30  85 11.0 15.1 99.00 99.00 99.00 999 1009.5  28.0  28.1  25.4 99.0 99.00
2026 05 26 10 40  86 11.7 14.4  3.43  8.33  6.51  86 1009.6  28.1  28.1  25.3 99.0 99.00
2026 05 26 10 50  86 11.1 13.8 99.00 99.00 99.00 999 1009.8  28.1  28.1  25.5 99.0 99.00
2026 05 26 11 00  85 11.3 15.2 99.00 99.00 99.00 999 1009.7  28.0  28.1  25.6 99.0 99.00
2026 05 26 11 10  88 11.8 14.4  3.82  8.33  6.90  87 1009.9  28.1  28.1  25.5 99.0 99.00
2026 05 26 11 20  84 11.6 15.9 99.00 99.00 99.00 999 1010.0  28.0  28.1  25.5 99.0 99.00
2026 05 26 11 30  88 12.5 16.4 99.00 99.00 99.00 999 1010.2  28.1  28.1  25.2 99.0 99.00
2026 05 26 11 40  86 12.2 15.0  3.38  9.09  6.60  86 1010.3  28.2  28.1  25.4 99.0 99.00
2026 05 26 11 50  86 11.6 13.8 99.00 99.00 99.00 999 1010.2  28.1  28.1  25.5 99.0 99.00
2026 05 26 12 00  84 10.9 13.6 99.00 99.00 99.00 999 1010.3  28.0  28.1  25.6 99.0 99.00
2026 05 26 12 10  82 10.7 12.6  3.64  9.09  6.73  86 1010.4  28.0  28.1  25.7 99.0 99.00
2026 05 26 12 20  82 12.1 15.9 99.00 99.00 99.00 999 1010.4  28.0  28.1  25.5 99.0 99.00
2026 05 26 12 30  82 12.6 17.0 99.00 99.00 99.00 999 1010.3  28.1  28.1  25.4 99.0 99.00
2026 05 26 12 40  83 12.1 15.7  3.29  9.09  6.48  96 1010.4  28.1  28.1  25.4 99.0 99.00
2026 05 26 12 50  84 11.2 13.7 99.00 99.00 99.00 999 1010.6  28.1  28.1  25.6 99.0 99.00
2026 05 26 13 00  85 11.3 13.7 99.00 99.00 99.00 999 1010.6  28.1  28.1  25.7 99.0 99.00
2026 05 26 13 10  84 11.1 13.8  3.63  8.33  6.68  82 1010.8  28.1  28.1  25.8 99.0 99.00
2026 05 26 13 20  85 11.7 14.5 99.00 99.00 99.00 999 1010.8  28.1  28.1  25.6 99.0 99.00
2026 05 26 13 30  81 11.3 14.3 99.00 99.00 99.00 999 1010.8  28.1  28.1  25.7 99.0 99.00
2026 05 26 13 40  85 11.2 13.6  3.23  8.33  6.47  84 1010.8  28.1  28.1  25.8 99.0 99.00
2026 05 26 13 50  85 11.2 14.2 99.00 99.00 99.00 999 1010.9  28.1  28.1  25.8 99.0 99.00
2026 05 26 14 00  84 11.4 14.1 99.00 99.00 99.00 999 1010.9  28.1  28.1  25.8 99.0 99.00
2026 05 26 14 10  84 11.3 13.8  3.37  9.09  6.65  86 1010.9  28.1  28.1  25.8 99.0 99.00
2026 05 26 14 20  83 11.3 14.1 99.00 99.00 99.00 999 1010.8  28.1  28.1  25.8 99.0 99.00
2026 05 26 14 30  83 11.4 14.2 99.00 99.00 99.00 999 1011.0  28.1  28.1  25.8 99.0 99.00
2026 05 26 14 40  86 11.4 14.2  3.24  9.09  6.50  88 1011.1  28.1  28.1  25.7 99.0 99.00
2026 05 26 14 50  85 11.0 13.7 99.00 99.00 99.00 999 1010.9  28.1  28.1  25.8 99.0 99.00
2026 05 26 15 00  83 11.0 13.7 99.00 99.00 99.00 999 1011.0  28.1  28.1  25.8 99.0 99.00
2026 05 26 15 10  84 10.6 13.9  3.25  9.09  6.50  86 1010.9  28.2  28.1  25.9 99.0 99.00
2026 05 26 15 20  85 11.3 13.8 99.00 99.00 99.00 999 1010.9  28.1  28.1  25.7 99.0 99.00
2026 05 26 15 30  86 11.7 15.1 99.00 99.00 99.00 999 1010.8  28.1  28.1  25.6 99.0 99.00
2026 05 26 15 40  84 11.9 14.5  3.19  9.09  6.57  72 1010.7  28.2  28.1  25.6 99.0 99.00
2026 05 26 15 50  83 11.7 15.1 99.00 99.00 99.00 999 1010.7  28.2  28.1  25.6 99.0 99.00
2026 05 26 16 00  84 11.8 14.6 99.00 99.00 99.00 999 1010.6  28.2  28.1  25.5 99.0 99.00
2026 05 26 16 10  80 11.1 13.8  3.24  9.09  6.44  84 1010.5  28.1  28.1  25.7 99.0 99.00
2026 05 26 16 20  82 11.9 14.7 99.00 99.00 99.00 999 1010.3  28.1  28.1  25.5 99.0 99.00
2026 05 26 16 30  84 11.9 15.1 99.00 99.00 99.00 999 1010.2  28.2  28.1  25.5 99.0 99.00
2026 05 26 16 40  82 11.7 14.9  3.49 10.00  6.58  65 1010.1  28.2  28.1  25.6 99.0 99.00
2026 05 26 16 50  81 12.2 15.7 99.00 99.00 99.00 999 1010.1  28.1  28.1  25.5 99.0 99.00
2026 05 26 17 00  80 12.0 16.0 99.00 99.00 99.00 999 1010.1  28.2  28.1  25.4 99.0 99.00
2026 05 26 17 10  82 11.3 13.8  3.24 10.00  6.29  81 1010.0  28.2  28.1  25.6 99.0 99.00
2026 05 26 17 20  80 10.8 12.9 99.00 99.00 99.00 999 1009.9  28.2  28.1  25.7 99.0 99.00
2026 05 26 17 30  80 11.2 13.6 99.00 99.00 99.00 999 1009.8  28.1  28.2  25.7 99.0 99.00
2026 05 26 17 40  81 11.7 14.6  3.14  8.33  6.40  85 1009.6  28.1  28.1  25.6 99.0 99.00
2026 05 26 17 50  81 11.5 13.7 99.00 99.00 99.00 999 1009.5  28.2  28.1  25.6 99.0 99.00
2026 05 26 18 00  78 11.2 15.0 99.00 99.00 99.00 999 1009.3  28.2  28.1  25.8 99.0 99.00
2026 05 26 18 10  77 11.2 14.1  3.28  9.09  6.49  79 1009.2  28.1  28.1  25.7 99.0 99.00
2026 05 26 18 20  76 11.6 14.7 99.00 99.00 99.00 999 1009.2  28.2  28.1  25.6 99.0 99.00
2026 05 26 18 30  76 11.1 13.7 99.00 99.00 99.00 999 1009.2  28.1  28.1  25.6 99.0 99.00
2026 05 26 18 40  79 11.7 14.1  3.01  9.09  6.43  86 1009.1  28.1  28.1  25.3 99.0 99.00
2026 05 26 18 50  76 11.5 15.3 99.00 99.00 99.00 999 1009.0  28.2  28.1  25.4 99.0 99.00
2026 05 26 19 00  77 11.6 14.8 99.00 99.00 99.00 999 1008.8  28.2  28.1  25.3 99.0 99.00
2026 05 26 19 10  77 11.0 14.2  3.23  9.09  6.57  80 1008.8  28.2  28.1  25.5 99.0 99.00
2026 05 26 19 20  75 11.0 13.0 99.00 99.00 99.00 999 1008.9  28.2  28.2  25.5 99.0 99.00
2026 05 26 19 30  75 10.8 13.5 99.00 99.00 99.00 999 1008.7  28.2  28.2  25.7 99.0 99.00
2026 05 26 19 40  77 11.6 14.6  3.13  9.09  6.42  80 1008.7  28.2  28.1  25.5 99.0 99.00
2026 05 26 19 50  78 11.4 13.2 99.00 99.00 99.00 999 1008.7  28.2  28.1  25.4 99.0 99.00
2026 05 26 20 00  79 11.1 14.0 99.00 99.00 99.00 999 1008.7 999.0 999.0 999.0 99.0 99.00
2026 05 26 20 20  79 11.3 14.2 99.00 99.00 99.00 999 1008.5 999.0  28.1 999.0 99.0 99.00
2026 05 26 20 30  80 10.6 13.7 99.00 99.00 99.00 999 1008.5  28.2  28.1  25.5 99.0 99.00
2026 05 26 20 40  79 10.9 14.0  3.06  7.69  6.39  82 1008.4  28.2  28.1  25.5 99.0 99.00
2026 05 26 20 50  77 11.4 13.4 99.00 99.00 99.00 999 1008.2  28.2  28.1  25.5 99.0 99.00
2026 05 26 21 00  77 11.1 13.9 99.00 99.00 99.00 999 1008.2  28.2  28.1  25.5 99.0 99.00
2026 05 26 21 10  75 10.1 12.6  2.73  9.09  6.02  85 1008.2  28.2  28.1  25.8 99.0 99.00
2026 05 26 21 20  76 11.0 13.6 99.00 99.00 99.00 999 1008.2  28.1  28.1  25.5 99.0 99.00
2026 05 26 21 30  77 11.0 13.9 99.00 99.00 99.00 999 1008.2  28.2  28.1  25.6 99.0 99.00
2026 05 26 21 40  80 10.8 13.3  2.97  9.09  6.34  87 1008.3  28.2  28.1  25.6 99.0 99.00
2026 05 26 21 50  78 10.3 12.5 99.00 99.00 99.00 999 1008.3  28.2  28.1  25.7 99.0 99.00
2026 05 26 22 00  77 10.5 12.8 99.00 99.00 99.00 999 1008.4  28.2  28.1  25.7 99.0 99.00
2026 05 26 22 10  74 11.7 14.0  3.15  9.09  6.45  89 1008.5  28.1  28.1  25.5 99.0 99.00
2026 05 26 22 20  75 11.1 14.2 99.00 99.00 99.00 999 1008.4  28.2  28.1  25.6 99.0 99.00
2026 05 26 22 30  78 10.9 13.7 99.00 99.00 99.00 999 1008.5  28.2  28.1  25.5 99.0 99.00
2026 05 26 22 40  76 11.4 14.1  2.97 10.00  6.42  79 1008.6  28.1  28.1  25.4 99.0 99.00
2026 05 26 22 50  72 10.2 12.4 99.00 99.00 99.00 999 1008.7  28.2  28.1  25.6 99.0 99.00
2026 05 26 23 00  78 10.8 13.6 99.00 99.00 99.00 999 1008.7  28.1  28.1  25.5 99.0 99.00
2026 05 26 23 10  79 11.2 13.8  3.07  9.09  6.43  92 1008.8  28.1  28.1  25.3 99.0 99.00
2026 05 26 23 20  78 11.2 13.7 99.00 99.00 99.00 999 1008.8  28.2  28.1  25.4 99.0 99.00
2026 05 26 23 30  73 11.2 13.9 99.00 99.00 99.00 999 1009.0  28.2  28.1  25.4 99.0 99.00
2026 05 26 23 40  71 11.3 14.1  3.03  9.09  6.36  81 1009.3  28.1  28.1  25.4 99.0 99.00
2026 05 26 23 50  70 11.7 13.9 99.00 99.00 99.00 999 1009.3  28.2  28.1  25.3 99.0 99.00
2026 05 27 00 00  70 11.6 14.9 99.00 99.00 99.00 999 1009.4  28.2  28.1  25.3 99.0 99.00
2026 05 27 00 10  73 11.2 13.5  3.32  9.09  6.75  79 1009.6  28.2  28.1  25.3 99.0 99.00
2026 05 27 00 20  74 11.5 14.8 99.00 99.00 99.00 999 1009.6  28.2  28.1  25.4 99.0 99.00
2026 05 27 00 30  74 10.7 13.3 99.00 99.00 99.00 999 1009.8  28.2  28.1  25.5 99.0 99.00
2026 05 27 00 40  74 10.8 14.0  3.11  9.09  6.56  78 1009.9  28.2  28.1  25.7 99.0 99.00
2026 05 27 00 50  79 11.7 14.7 99.00 99.00 99.00 999 1010.0  28.2  28.1  25.2 99.0 99.00
2026 05 27 01 00  75 10.7 13.6 99.00 99.00 99.00 999 1010.0  28.2  28.1  25.5 99.0 99.00
2026 05 27 01 10  73 11.7 14.9  3.12  9.09  6.52  80 1010.1  28.1  28.1  25.3 99.0 99.00
2026 05 27 01 20  74 11.6 14.9 99.00 99.00 99.00 999 1009.9  27.8  28.1  25.4 99.0 99.00
2026 05 27 01 30  76 12.0 15.3 99.00 99.00 99.00 999 1010.0  28.1  28.1  25.4 99.0 99.00
2026 05 27 01 40  77 12.9 16.5  3.39  9.09  6.63  88 1009.8  28.2  28.1  25.2 99.0 99.00
2026 05 27 01 50  76 11.3 14.1 99.00 99.00 99.00 999 1009.8  28.2  28.1  25.6 99.0 99.00
2026 05 27 02 00  75 12.1 15.2 99.00 99.00 99.00 999 1009.8  28.1  28.1  25.3 99.0 99.00
2026 05 27 02 10  73 11.7 15.6  2.97  9.09  6.22  89 1009.9  28.1  28.1  25.5 99.0 99.00
2026 05 27 02 20  74 12.6 16.1 99.00 99.00 99.00 999 1009.8  28.1  28.1  25.4 99.0 99.00
2026 05 27 02 30  75 12.4 15.6 99.00 99.00 99.00 999 1009.8  28.1  28.1  25.4 99.0 99.00
2026 05 27 02 40  75 13.0 15.6  3.44 10.00  6.61  76 1009.8  28.1  28.1  25.4 99.0 99.00
2026 05 27 02 50  77 12.7 15.8 99.00 99.00 99.00 999 1009.9  28.1  28.1  25.5 99.0 99.00
2026 05 27 03 00  76 13.4 16.6 99.00 99.00 99.00 999 1009.8  28.1  28.1  25.5 99.0 99.00
2026 05 27 03 10  75 13.2 16.3  3.53  9.09  6.77  75 1009.9  28.1  28.1  25.4 99.0 99.00
2026 05 27 03 20  76 12.9 16.6 99.00 99.00 99.00 999 1010.0  28.1  28.1  25.5 99.0 99.00
2026 05 27 03 30  77 13.1 16.1 99.00 99.00 99.00 999 1010.1  28.1  28.1  25.4 99.0 99.00
2026 05 27 03 40  78 13.7 17.2  3.43  7.69  6.38  80 1009.9  28.2  28.1  25.4 99.0 99.00
2026 05 27 03 50  78 13.4 16.3 99.00 99.00 99.00 999 1010.0  28.1  28.1  25.4 99.0 99.00
2026 05 27 04 00  77 13.6 16.3 99.00 99.00 99.00 999 1010.0  28.1  28.1  25.3 99.0 99.00
2026 05 27 04 10  78 13.8 17.0  3.54  9.09  6.71  78 1010.1  28.2  28.1  25.2 99.0 99.00
2026 05 27 04 20  78 12.7 16.4 99.00 99.00 99.00 999 1009.9  28.0  28.1  25.5 99.0 99.00
2026 05 27 04 30  78 13.1 16.4 99.00 99.00 99.00 999 1009.9  27.6  28.1  25.4 99.0 99.00
2026 05 27 04 40  80 13.7 17.6  3.57  8.33  6.63  82 1009.8  28.1  28.1  25.3 99.0 99.00
2026 05 27 04 50  83 13.4 16.0 99.00 99.00 99.00 999 1009.7  28.1  28.1  25.3 99.0 99.00
2026 05 27 05 00  83 13.6 17.6 99.00 99.00 99.00 999 1009.6  28.1  28.1  25.3 99.0 99.00
2026 05 27 05 10  84 14.2 17.6  3.88  9.09  6.83  79 1009.5  28.1  28.1  25.1 99.0 99.00
2026 05 27 05 20  85 13.0 17.3 99.00 99.00 99.00 999 1009.6  28.1  28.1  25.3 99.0 99.00
2026 05 27 05 30  86 12.3 15.7 99.00 99.00 99.00 999 1009.3  28.0  28.1  25.5 99.0 99.00
2026 05 27 05 40  87 12.6 15.9  3.56  9.09  6.70  74 1009.3  28.0  28.1  25.4 99.0 99.00
2026 05 27 05 50  85 12.2 15.8 99.00 99.00 99.00 999 1009.3  28.0  28.1  25.5 99.0 99.00
2026 05 27 06 00  85 12.7 16.2 99.00 99.00 99.00 999 1009.2  28.0  28.1  25.4 99.0 99.00
2026 05 27 06 10  85 13.3 15.8  3.56 10.00  6.67  79 1009.1  28.0  28.1  25.1 99.0 99.00
2026 05 27 06 20  86 13.5 16.9 99.00 99.00 99.00 999 1009.1  28.1  28.1  25.1 99.0 99.00
2026 05 27 06 30  87 12.6 15.7 99.00 99.00 99.00 999 1009.0  28.0  28.1  25.2 99.0 99.00
2026 05 27 06 40  90 12.6 15.2  3.91 10.00  6.85  87 1009.0  28.0  28.1  25.3 99.0 99.00
2026 05 27 06 50  93 12.4 15.7 99.00 99.00 99.00 999 1008.9  28.0  28.1  25.3 99.0 99.00
2026 05 27 07 00  93 13.2 16.4 99.00 99.00 99.00 999 1008.8  28.0  28.1  25.1 99.0 99.00
2026 05 27 07 10  94 13.1 16.6  3.64  9.09  6.63  87 1008.8  28.0  28.1  25.2 99.0 99.00
2026 05 27 07 20  92 12.9 15.6 99.00 99.00 99.00 999 1008.7  27.9  28.1  25.1 99.0 99.00
2026 05 27 07 30  93 13.0 17.1 99.00 99.00 99.00 999 1008.7  27.9  28.1  25.1 99.0 99.00
2026 05 27 07 40  94 13.1 16.0  3.82  9.09  6.73  83 1008.6  28.0  28.1  25.1 99.0 99.00
2026 05 27 07 50  94 12.9 16.0 99.00 99.00 99.00 999 1008.5  28.0  28.1  25.0 99.0 99.00
2026 05 27 08 00  92 12.8 15.8 99.00 99.00 99.00 999 1008.4  28.0  28.1  25.1 99.0 99.00
2026 05 27 08 10  90 11.6 15.6  3.61  9.09  6.73  84 1008.4  27.9  28.1  25.4 99.0 99.00
2026 05 27 08 20  90 12.5 15.0 99.00 99.00 99.00 999 1008.4  27.9  28.1  25.4 99.0 99.00
2026 05 27 08 30  87 12.0 15.5 99.00 99.00 99.00 999 1008.3  27.9  28.1  25.5 99.0 99.00
2026 05 27 08 40  89 13.4 18.0  3.86  9.09  6.69  82 1008.1  27.9  28.1  24.8 99.0 99.00
2026 05 27 08 50  91 13.9 17.5 99.00 99.00 99.00 999 1008.1  28.0  28.1  24.7 99.0 99.00
2026 05 27 09 00  90 13.5 16.5 99.00 99.00 99.00 999 1008.3  28.0  28.1  24.8 99.0 99.00
2026 05 27 09 10  91 13.2 16.4  3.80  9.09  6.68  90 1008.3  28.0  28.1  25.0 99.0 99.00
2026 05 27 09 20  95 12.5 15.0 99.00 99.00 99.00 999 1008.4  27.9  28.1  25.1 99.0 99.00
2026 05 27 09 30  89 12.5 15.0 99.00 99.00 99.00 999 1008.5  27.9  28.1  25.1 99.0 99.00
2026 05 27 09 40  89 12.1 15.3  3.53  9.09  6.48  83 1008.5  27.9  28.1  25.1 99.0 99.00
2026 05 27 09 50  89 12.4 15.4 99.00 99.00 99.00 999 1008.5  27.9  28.1  25.2 99.0 99.00
2026 05 27 10 00  89 12.9 15.4 99.00 99.00 99.00 999 1008.5  27.9  28.1  25.1 99.0 99.00
2026 05 27 10 10  90 12.9 16.8  3.73  9.09  6.74  86 1008.8  28.0  28.1  25.1 99.0 99.00
2026 05 27 10 20  89 12.5 15.8 99.00 99.00 99.00 999 1009.0  28.0  28.1  25.0 99.0 99.00
2026 05 27 10 30  90 12.8 16.4 99.00 99.00 99.00 999 1009.0  28.0  28.1  24.8 99.0 99.00
2026 05 27 10 40  90 13.1 15.9  3.64  9.09  6.56  93 1009.1  28.0  28.1  24.7 99.0 99.00
2026 05 27 10 50  90 12.4 15.8 99.00 99.00 99.00 999 1009.2  28.0  28.1  24.9 99.0 99.00
2026 05 27 11 00  90 12.3 15.7 99.00 99.00 99.00 999 1009.4  28.0  28.1  25.0 99.0 99.00
2026 05 27 11 10  89 11.4 13.9  3.96  9.09  6.88  87 1009.6  28.0  28.1  25.2 99.0 99.00
2026 05 27 11 20  88 10.8 13.3 99.00 99.00 99.00 999 1009.9  27.9  28.1  25.4 99.0 99.00
2026 05 27 11 30  87 11.3 14.8 99.00 99.00 99.00 999 1010.1  27.9  28.1  25.3 99.0 99.00
2026 05 27 11 40  86 11.7 14.3  3.75  9.09  6.80  90 1010.3  28.0  28.1  25.3 99.0 99.00
2026 05 27 11 50  86 12.1 14.3 99.00 99.00 99.00 999 1010.4  28.0  28.1  25.2 99.0 99.00
2026 05 27 12 00  89 12.4 15.4 99.00 99.00 99.00 999 1010.4  28.0  28.1  25.0 99.0 99.00
2026 05 27 12 10  88 12.7 16.0  3.77  9.09  6.80  91 1010.5  28.0  28.1  24.9 99.0 99.00
2026 05 27 12 20  89 12.4 15.7 99.00 99.00 99.00 999 1010.6  28.1  28.0  24.8 99.0 99.00
2026 05 27 12 30  92 12.7 15.5 99.00 99.00 99.00 999 1010.9  28.1  28.0  24.7 99.0 99.00
2026 05 27 12 40  93 12.3 14.7  3.63 10.00  6.62  98 1010.9  28.1  28.0  24.9 99.0 99.00
2026 05 27 12 50  94 12.0 15.1 99.00 99.00 99.00 999 1010.9  28.1  28.0  25.0 99.0 99.00
2026 05 27 13 00  90 12.3 15.4 99.00 99.00 99.00 999 1011.0  28.0  28.1  25.0 99.0 99.00
2026 05 27 13 10  89 11.5 15.1  3.84  9.09  6.78  88 1011.0  28.0  28.0  25.1 99.0 99.00
2026 05 27 13 20  88 12.5 15.8 99.00 99.00 99.00 999 1011.0  28.0  28.1  24.9 99.0 99.00
2026 05 27 13 30  90 11.8 15.0 99.00 99.00 99.00 999 1011.0  28.1  28.0  25.1 99.0 99.00
2026 05 27 13 40  90 11.7 14.2  3.81  9.09  6.72  86 1011.1  28.1  28.1  25.1 99.0 99.00
2026 05 27 13 50  90 12.7 15.9 99.00 99.00 99.00 999 1011.1  28.1  28.1  24.8 99.0 99.00
2026 05 27 14 00  88 12.7 15.0 99.00 99.00 99.00 999 1010.9  28.1  28.1  24.9 99.0 99.00
2026 05 27 14 10  88 12.6 15.7  3.46  9.09  6.57  87 1011.0  28.1  28.1  25.0 99.0 99.00
2026 05 27 14 20  87 12.0 14.7 99.00 99.00 99.00 999 1011.2  28.0  28.1  25.1 99.0 99.00
2026 05 27 14 30  87 11.6 14.8 99.00 99.00 99.00 999 1011.2  28.0  28.1  25.3 99.0 99.00
2026 05 27 14 40  86 11.7 16.1  3.48  8.33  6.55  90 1011.1  28.0  28.1  25.3 99.0 99.00
2026 05 27 14 50  87 12.7 15.8 99.00 99.00 99.00 999 1011.0  28.0  28.1  25.0 99.0 99.00
2026 05 27 15 00  86 12.8 15.9 99.00 99.00 99.00 999 1011.0  28.1  28.1  25.2 99.0 99.00
2026 05 27 15 10  86 12.3 15.5  3.41  9.09  6.43  83 1011.2  28.0  28.1  25.3 99.0 99.00
2026 05 27 15 20  88 11.7 14.7 99.00 99.00 99.00 999 1011.1  28.0  28.1  25.3 99.0 99.00
2026 05 27 15 30  85 11.8 14.7 99.00 99.00 99.00 999 1010.9  28.0  28.1  25.2 99.0 99.00
2026 05 27 15 40  85 12.0 15.6  3.40  9.09  6.52  87 1011.0  28.1  28.1  25.3 99.0 99.00
2026 05 27 15 50  85 11.8 14.5 99.00 99.00 99.00 999 1011.0  28.1  28.1  25.4 99.0 99.00
2026 05 27 16 00  85 12.3 14.9 99.00 99.00 99.00 999 1011.1  28.0  28.1  25.3 99.0 99.00
2026 05 27 16 10  86 12.4 15.0  3.46  9.09  6.69 100 1011.0  28.1  28.1  25.3 99.0 99.00
2026 05 27 16 20  88 12.7 15.8 99.00 99.00 99.00 999 1011.0  28.1  28.1  25.2 99.0 99.00
2026 05 27 16 30  86 12.1 15.0 99.00 99.00 99.00 999 1010.8  28.1  28.1  25.3 99.0 99.00
2026 05 27 16 40  85 11.7 15.1  3.31  9.09  6.39  89 1010.9  27.6  28.1  25.3 99.0 99.00
2026 05 27 16 50  84 11.4 13.9 99.00 99.00 99.00 999 1010.9  28.1  28.1  25.4 99.0 99.00
2026 05 27 17 00  83 11.7 13.9 99.00 99.00 99.00 999 1010.7  28.1  28.1  25.4 99.0 99.00
2026 05 27 17 10  81 11.7 15.0  3.58  8.33  6.72  85 1010.6  28.0  28.1  25.4 99.0 99.00
2026 05 27 17 20  83 12.2 15.5 99.00 99.00 99.00 999 1010.7  28.1  28.1  25.3 99.0 99.00
2026 05 27 17 30  83 11.1 14.6 99.00 99.00 99.00 999 1010.6  28.1  28.1  25.5 99.0 99.00
2026 05 27 17 40  85 11.7 14.3  3.32  9.09  6.30  85 1010.5  28.1  28.1  25.4 99.0 99.00
2026 05 27 17 50  82 11.6 14.2 99.00 99.00 99.00 999 1010.3  28.1  28.1  25.4 99.0 99.00
2026 05 27 18 00  81 12.5 15.8 99.00 99.00 99.00 999 1010.0  28.1  28.1  25.2 99.0 99.00
2026 05 27 18 10  81 12.4 15.2  3.48  9.09  6.52  96 1010.0  28.1  28.1  25.1 99.0 99.00
2026 05 27 18 20  81 11.6 14.9 99.00 99.00 99.00 999 1009.8  28.1  28.1  25.3 99.0 99.00
2026 05 27 18 30  82 11.9 14.4 99.00 99.00 99.00 999 1009.8  28.1  28.1  25.3 99.0 99.00
2026 05 27 18 40  82 11.5 14.4  3.29  9.09  6.35  90 1009.7  28.1  28.1  25.3 99.0 99.00
2026 05 27 18 50  83 12.1 15.1 99.00 99.00 99.00 999 1009.5  28.1  28.1  25.1 99.0 99.00
2026 05 27 19 00  83 12.0 14.8 99.00 99.00 99.00 999 1009.3  28.1  28.1  25.2 99.0 99.00
2026 05 27 19 10  82 12.0 15.0  3.44  9.09  6.49  86 1009.2  28.1  28.1  25.3 99.0 99.00
2026 05 27 19 20  82 13.0 15.5 99.00 99.00 99.00 999 1009.1  28.1  28.1  25.2 99.0 99.00
2026 05 27 19 30  82 12.7 15.4 99.00 99.00 99.00 999 1008.9  28.1  28.1  25.2 99.0 99.00
2026 05 27 19 40  82 11.4 14.3  3.44  7.69  6.50  86 1009.0  28.1  28.1  25.4 99.0 99.00
2026 05 27 19 50  79 12.0 14.4 99.00 99.00 99.00 999 1009.0  28.1  28.1  25.5 99.0 99.00
2026 05 27 20 00  80 12.4 15.5 99.00 99.00 99.00 999 1009.0  28.1  28.1  25.3 99.0 99.00
2026 05 27 20 10  80 11.9 14.4  3.76  9.09  6.81  86 1009.0  28.1  28.1  25.3 99.0 99.00
2026 05 27 20 20  80 11.1 14.5 99.00 99.00 99.00 999 1008.9  28.1  28.1  25.6 99.0 99.00
2026 05 27 20 30  80 12.1 15.1 99.00 99.00 99.00 999 1008.8  28.1  28.1  25.4 99.0 99.00
2026 05 27 20 40  79 11.3 13.6  3.49  9.09  6.68  86 1008.7  28.1  28.1  25.5 99.0 99.00
2026 05 27 20 50  82 12.0 14.9 99.00 99.00 99.00 999 1008.6  28.0  28.1  25.4 99.0 99.00
2026 05 27 21 00  80 11.7 15.0 99.00 99.00 99.00 999 1008.6  28.0  28.1  25.4 99.0 99.00
2026 05 27 21 10  81 12.0 15.5  3.38  9.09  6.66  89 1008.7  28.1  28.1  25.5 99.0 99.00
2026 05 27 21 20  83 11.7 14.5 99.00 99.00 99.00 999 1008.7  28.1  28.1  25.4 99.0 99.00
2026 05 27 21 30  82 11.2 14.3 99.00 99.00 99.00 999 1008.7  28.1  28.1  25.6 99.0 99.00
2026 05 27 21 40  83 11.6 14.7  3.30  9.09  6.48  93 1008.7  28.0  28.1  25.4 99.0 99.00
2026 05 27 21 50  84 12.2 15.1 99.00 99.00 99.00 999 1008.8  28.0  28.1  25.3 99.0 99.00
2026 05 27 22 00  83 10.6 13.6 99.00 99.00 99.00 999 1009.0  28.1  28.1  25.6 99.0 99.00
2026 05 27 22 10  81 11.1 14.1  3.27  9.09  6.41  95 1009.1  28.0  28.1  25.6 99.0 99.00
2026 05 27 22 20  82 10.7 12.7 99.00 99.00 99.00 999 1009.1  28.0  28.1  25.7 99.0 99.00
2026 05 27 22 30  80 11.8 14.6 99.00 99.00 99.00 999 1009.1  28.0  28.1  25.5 99.0 99.00
2026 05 27 22 40  82 12.0 14.5  3.35  9.09  6.62  84 1009.2  28.1  28.1  25.3 99.0 99.00
2026 05 27 22 50  83 11.6 15.0 99.00 99.00 99.00 999 1009.3  28.0 999.0  25.3 99.0 99.00
2026 05 27 23 00  82 11.6 14.3 99.00 99.00 99.00 999 1009.4  28.1  28.1  25.3 99.0 99.00
2026 05 27 23 10  79 11.1 13.6  3.32  9.09  6.52  88 1009.4  28.1  28.1  25.4 99.0 99.00
2026 05 27 23 20  81 11.3 14.0 99.00 99.00 99.00 999 1009.4  28.0  28.1  25.3 99.0 99.00
2026 05 27 23 30  79 12.1 15.9 99.00 99.00 99.00 999 1009.4  28.0  28.1  25.1 99.0 99.00
2026 05 27 23 40  78 11.7 14.3  3.37  9.09  6.62  89 1009.4  28.1  28.1  25.2 99.0 99.00
2026 05 27 23 50  79 11.4 14.5 99.00 99.00 99.00 999 1009.6  28.1  28.1  25.3 99.0 99.00
2026 05 28 00 00  77 11.0 14.6 99.00 99.00 99.00 999 1009.6  28.1  28.1  25.5 99.0 99.00
2026 05 28 00 10  76 12.1 14.8  3.11  9.09  6.57  90 1009.6  28.0  28.1  25.3 99.0 99.00
2026 05 28 00 20  78 11.9 14.4 99.00 99.00 99.00 999 1009.7  28.0  28.1  25.2 99.0 99.00
2026 05 28 00 30  76 12.2 14.9 99.00 99.00 99.00 999 1009.8  28.0  28.1  25.1 99.0 99.00
2026 05 28 00 40  72 11.5 14.6  3.26  9.09  6.51  84 1010.0  28.0  28.1  25.3 99.0 99.00
2026 05 28 00 50  74 11.3 14.8 99.00 99.00 99.00 999 1010.1  28.1  28.1  25.4 99.0 99.00
2026 05 28 01 00  77 11.2 14.6 99.00 99.00 99.00 999 1010.1  28.0  28.1  25.3 99.0 99.00
2026 05 28 01 10  76 12.3 15.3  3.46  9.09  6.57  85 1010.1  28.0  28.1  25.2 99.0 99.00
2026 05 28 01 20  80 12.2 14.2 99.00 99.00 99.00 999 1010.3  28.1  28.1  25.1 99.0 99.00
2026 05 28 01 30  78 12.6 16.1 99.00 99.00 99.00 999 1010.2  28.1  28.1  25.1 99.0 99.00
2026 05 28 01 40  77 12.5 16.8  3.40  9.09  6.55  86 1010.3  28.0  28.1  25.0 99.0 99.00
2026 05 28 01 50  75 12.4 16.3 99.00 99.00 99.00 999 1010.3  28.0  28.1  25.0 99.0 99.00
2026 05 28 02 00  74 12.1 15.1 99.00 99.00 99.00 999 1010.4  28.0  28.1  25.3 99.0 99.00
2026 05 28 02 10  72 11.6 14.6  3.39  8.33  6.43  87 1010.4  28.0  28.1  25.5 99.0 99.00
2026 05 28 02 20  72 12.3 16.8 99.00 99.00 99.00 999 1010.3  27.9  28.1  25.1 99.0 99.00
2026 05 28 02 30  74 12.9 16.3 99.00 99.00 99.00 999 1010.1  28.0  28.1  25.1 99.0 99.00
2026 05 28 02 40  74 12.9 16.2  3.64  9.09  6.56  87 1010.3  28.0  28.1  25.0 99.0 99.00
2026 05 28 02 50  76 12.4 16.7 99.00 99.00 99.00 999 1010.3  28.0  28.1  25.1 99.0 99.00
2026 05 28 03 00  76 12.4 16.1 99.00 99.00 99.00 999 1010.4  27.9  28.1  25.1 99.0 99.00
2026 05 28 03 10  79 13.0 16.7  3.20  9.09  6.38  83 1010.4  27.9  28.1  24.8 99.0 99.00
2026 05 28 03 20  75 12.8 15.5 99.00 99.00 99.00 999 1010.3  27.9  28.1  25.0 99.0 99.00
2026 05 28 03 30  75 12.9 16.0 99.00 99.00 99.00 999 1010.3  27.9  28.1  25.0 99.0 99.00
2026 05 28 03 40  77 12.5 15.0  3.62  9.09  6.62  87 1010.4  27.9  28.0  25.1 99.0 99.00
2026 05 28 03 50  75 12.6 16.1 99.00 99.00 99.00 999 1010.4  27.9  28.0  25.1 99.0 99.00
2026 05 28 04 00  77 13.0 17.0 99.00 99.00 99.00 999 1010.3  27.9  28.1  25.0 99.0 99.00
2026 05 28 04 10  78 13.0 16.3  3.50  9.09  6.49  88 1010.4  27.9  28.1  25.0 99.0 99.00
2026 05 28 04 20  77 12.6 15.0 99.00 99.00 99.00 999 1010.3  27.8  28.1  24.9 99.0 99.00
2026 05 28 04 30  78 12.2 14.5 99.00 99.00 99.00 999 1010.3  27.8  28.1  25.0 99.0 99.00
2026 05 28 04 40  78 11.9 14.4  3.40  8.33  6.50  88 1010.3  27.8  28.1  25.2 99.0 99.00
2026 05 28 04 50  79 12.6 15.2 99.00 99.00 99.00 999 1010.3  27.8  28.1  25.0 99.0 99.00
2026 05 28 05 00  81 13.4 15.6 99.00 99.00 99.00 999 1010.3  27.8  28.1  24.8 99.0 99.00
2026 05 28 05 10  80 12.7 15.5  3.61  9.09  6.57  85 1010.1  27.5  28.0  25.0 99.0 99.00
2026 05 28 05 20  81 12.8 15.8 99.00 99.00 99.00 999 1010.1  27.7  28.1  25.0 99.0 99.00
2026 05 28 05 30  80 12.6 15.8 99.00 99.00 99.00 999 1010.0  27.8  28.1  24.9 99.0 99.00
2026 05 28 05 40  81 12.5 16.2  3.41  9.09  6.59  89 1009.8  27.8 999.0  25.0 99.0 99.00
2026 05 28 05 50  78 12.6 15.9 99.00 99.00 99.00 999 1009.7  27.8  28.0  24.9 99.0 99.00
2026 05 28 06 00  78 12.4 16.8 99.00 99.00 99.00 999 1009.7  27.8  28.0  25.1 99.0 99.00
2026 05 28 06 10  80 12.9 15.6  3.21  9.09  6.33  95 1009.6  27.8  28.0  24.9 99.0 99.00
2026 05 28 06 20  82 12.4 15.1 99.00 99.00 99.00 999 1009.5  27.8  28.0  25.0 99.0 99.00
2026 05 28 06 30  83 12.3 16.2 99.00 99.00 99.00 999 1009.4  27.8  28.0  24.9 99.0 99.00
2026 05 28 06 40  78 13.0 15.7  3.64  9.09  6.64  87 1009.2  27.8  28.0  24.8 99.0 99.00
2026 05 28 06 50  82 12.4 15.4 99.00 99.00 99.00 999 1009.1  27.8  28.0  25.0 99.0 99.00
2026 05 28 07 00  82 12.6 15.8 99.00 99.00 99.00 999 1009.0  27.7  28.0  25.0 99.0 99.00
2026 05 28 07 10  82 11.7 14.5  3.60  9.09  6.59  89 1009.1  27.8  28.0  25.1 99.0 99.00
2026 05 28 07 20  82 11.6 15.0 99.00 99.00 99.00 999 1009.0  27.7  28.0  25.0 99.0 99.00
2026 05 28 07 30  83 12.4 14.9 99.00 99.00 99.00 999 1008.9  27.7  28.0  24.9 99.0 99.00
2026 05 28 07 40  84 12.4 15.6  3.59  9.09  6.58  88 1009.0  27.7  28.0  24.8 99.0 99.00
2026 05 28 07 50  82 12.2 15.1 99.00 99.00 99.00 999 1008.8  27.7  28.0  24.8 99.0 99.00
2026 05 28 08 00  84 12.0 15.3 99.00 99.00 99.00 999 1009.0  27.8  28.0  24.9 99.0 99.00
2026 05 28 08 10  85 12.8 15.3  3.31  9.09  6.30  90 1009.0  27.8  28.0  24.8 99.0 99.00
2026 05 28 08 20  83 12.2 15.0 99.00 99.00 99.00 999 1009.0  27.8  28.0  24.9 99.0 99.00
2026 05 28 08 30  82 12.5 15.7 99.00 99.00 99.00 999 1009.0  27.8  28.0  24.9 99.0 99.00
2026 05 28 08 40  83 11.7 15.2  3.60  9.09  6.51  86 1009.1  27.8  28.0  25.1 99.0 99.00
2026 05 28 08 50  84 12.0 15.3 99.00 99.00 99.00 999 1009.1  27.8  28.0  25.0 99.0 99.00
2026 05 28 09 00  88 12.7 16.0 99.00 99.00 99.00 999 1009.1  27.8  28.0  24.8 99.0 99.00
2026 05 28 09 10  86 12.4 15.3  3.63  8.33  6.74  92 1009.3  27.9  28.0  24.9 99.0 99.00
2026 05 28 09 20  84 11.8 14.8 99.00 99.00 99.00 999 1009.2  27.9  28.0  25.2 99.0 99.00
2026 05 28 09 30  82 11.8 14.8 99.00 99.00 99.00 999 1009.3  27.8  28.0  25.1 99.0 99.00
2026 05 28 09 40  83 12.2 14.5  3.55  9.09  6.73  93 1009.3  27.7  28.0  25.0 99.0 99.00
2026 05 28 09 50  81 12.1 15.8 99.00 99.00 99.00 999 1009.1  27.8  28.0  25.1 99.0 99.00
2026 05 28 10 00  83 12.7 16.0 99.00 99.00 99.00 999 1009.2  27.8  28.0  24.9 99.0 99.00
2026 05 28 10 10  83 12.9 15.7  3.40  9.09  6.48  93 1009.3  27.9  28.0  24.8 99.0 99.00
2026 05 28 10 20  86 12.5 15.8 99.00 99.00 99.00 999 1009.5  27.9  28.0  24.8 99.0 99.00
2026 05 28 10 30  85 12.3 14.9 99.00 99.00 99.00 999 1009.5  27.9  28.0  24.8 99.0 99.00
2026 05 28 10 40  83 12.9 16.3  3.58  9.09  6.52  93 1009.6  27.9  28.0  24.8 99.0 99.00
2026 05 28 10 50  85 12.7 15.9 99.00 99.00 99.00 999 1009.8  27.8  28.0  24.6 99.0 99.00
2026 05 28 11 00  87 12.3 15.1 99.00 99.00 99.00 999 1009.8  27.9  28.0  24.7 99.0 99.00
2026 05 28 11 10  85 12.7 15.7  3.38  9.09  6.43  91 1009.8  27.9  28.0  24.5 99.0 99.00
2026 05 28 11 20  87 12.7 15.4 99.00 99.00 99.00 999 1010.1  27.9  28.0  24.3 99.0 99.00
2026 05 28 11 30  89 12.1 14.6 99.00 99.00 99.00 999 1010.4  27.9  28.0  24.5 99.0 99.00
2026 05 28 11 40  89 11.5 14.5  3.30  9.09  6.47  98 1010.6  27.9  28.0  24.6 99.0 99.00
2026 05 28 11 50  88 11.5 14.1 99.00 99.00 99.00 999 1010.9  27.9  28.0  24.6 99.0 99.00
2026 05 28 12 00  87 11.7 13.9 99.00 99.00 99.00 999 1011.0  27.9  28.0  24.4 99.0 99.00
2026 05 28 12 10  90 11.3 13.7  3.34  9.09  6.42  90 1011.0  27.9  28.0  24.6 99.0 99.00
2026 05 28 12 20  89 11.7 14.7 99.00 99.00 99.00 999 1011.0  27.8  28.0  24.4 99.0 99.00
2026 05 28 12 30  84 12.0 14.5 99.00 99.00 99.00 999 1010.9  27.9  28.0  24.5 99.0 99.00
2026 05 28 12 40  85 11.7 14.8  3.09  9.09  6.44  97 1010.8  27.9  28.0  24.6 99.0 99.00
2026 05 28 12 50  87 12.1 14.8 99.00 99.00 99.00 999 1010.9  27.9  28.0  24.7 99.0 99.00
2026 05 28 13 00  86 11.7 14.5 99.00 99.00 99.00 999 1010.9  27.9  28.0  24.7 99.0 99.00
2026 05 28 13 10  86 11.5 14.6  3.30  9.09  6.52  99 1011.0  27.9  28.0  24.7 99.0 99.00
2026 05 28 13 20  83 11.2 13.6 99.00 99.00 99.00 999 1011.1  27.9  28.0  24.8 99.0 99.00
2026 05 28 13 30  81 11.8 15.0 99.00 99.00 99.00 999 1010.9  27.9  28.0  24.7 99.0 99.00
2026 05 28 13 40  84 11.3 14.0  3.38  9.09  6.51  81 1011.0  27.9  28.0  24.8 99.0 99.00
2026 05 28 13 50  84 12.0 14.6 99.00 99.00 99.00 999 1010.9  27.9  28.0  24.6 99.0 99.00
2026 05 28 14 00  85 11.4 14.5 99.00 99.00 99.00 999 1011.1  27.9  28.0  24.7 99.0 99.00
2026 05 28 14 10  85 11.4 15.0  3.43  9.09  6.59  89 1011.0  27.9  28.0  24.8 99.0 99.00
2026 05 28 14 20  84 10.9 13.9 99.00 99.00 99.00 999 1011.0  27.9  28.0  25.0 99.0 99.00
2026 05 28 14 30  86 11.0 13.7 99.00 99.00 99.00 999 1010.9  27.9  28.0  25.0 99.0 99.00
2026 05 28 14 40  85 11.3 14.2  3.39  9.09  6.52  91 1010.9  27.9  28.0  24.9 99.0 99.00
2026 05 28 14 50  86 11.2 13.9 99.00 99.00 99.00 999 1010.9  27.9 999.0  24.8 99.0 99.00
2026 05 28 15 00  85 11.1 13.7 99.00 99.00 99.00 999 1011.0  27.9  28.0  24.8 99.0 99.00
2026 05 28 15 10  86 10.9 13.7  3.28  8.33  6.41  94 1011.1  27.9  28.0  24.9 99.0 99.00
2026 05 28 15 20  83 10.5 13.5 99.00 99.00 99.00 999 1011.2  27.9  28.0  25.0 99.0 99.00
2026 05 28 15 30  82 10.6 12.7 99.00 99.00 99.00 999 1011.2  27.9  28.0  25.1 99.0 99.00
2026 05 28 15 40  85 10.8 13.5  3.19  9.09  6.51  88 1011.2  27.9  28.0  25.0 99.0 99.00
2026 05 28 15 50  86 11.0 13.2 99.00 99.00 99.00 999 1011.1  28.0  28.0  25.1 99.0 99.00
2026 05 28 16 00  85 10.8 13.5 99.00 99.00 99.00 999 1011.1  27.9  28.0  25.0 99.0 99.00
2026 05 28 16 10  84 10.5 12.5  3.18  9.09  6.46  94 1011.1  28.0  28.0  25.0 99.0 99.00
2026 05 28 16 20  83 10.1 12.2 99.00 99.00 99.00 999 1011.0  28.0  28.0  25.2 99.0 99.00
2026 05 28 16 30  83 10.2 12.7 99.00 99.00 99.00 999 1011.1  28.0  28.0  25.2 99.0 99.00
2026 05 28 16 40  84 10.2 12.4  3.09  9.09  6.45  96 1010.8  28.0  28.0  25.2 99.0 99.00
2026 05 28 16 50  80 10.4 13.1 99.00 99.00 99.00 999 1010.6  28.0  28.0  25.3 99.0 99.00
2026 05 28 17 00  80 10.0 11.8 99.00 99.00 99.00 999 1010.6  28.0  28.1  25.4 99.0 99.00
2026 05 28 17 10  81 10.4 12.7  2.97  9.09  6.53  95 1010.4  27.9  28.1  25.3 99.0 99.00
2026 05 28 17 20  81 10.4 12.6 99.00 99.00 99.00 999 1010.4  28.0  28.1  25.4 99.0 99.00
2026 05 28 17 30  84 10.9 13.9 99.00 99.00 99.00 999 1010.4  28.0  28.1  25.4 99.0 99.00
2026 05 28 17 40  82  9.7 12.3  2.90  9.09  6.20  90 1010.3  28.0  28.1  25.5 99.0 99.00
2026 05 28 17 50  84  9.6 11.9 99.00 99.00 99.00 999 1010.3  27.9  28.1  25.6 99.0 99.00
2026 05 28 18 00  82  9.7 11.6 99.00 99.00 99.00 999 1010.1  27.9  28.1  25.6 99.0 99.00
2026 05 28 18 10  83 10.1 12.3  2.80  8.33  6.11  95 1009.9  27.8  28.1  25.3 99.0 99.00
2026 05 28 18 20  83  9.7 12.1 99.00 99.00 99.00 999 1009.7  28.0  28.1  25.6 99.0 99.00
2026 05 28 18 30  81 10.5 13.6 99.00 99.00 99.00 999 1009.6  27.9  28.1  25.5 99.0 99.00
2026 05 28 18 40  81 11.1 14.0  2.86  8.33  6.25  87 1009.5  28.0  28.1  25.2 99.0 99.00
2026 05 28 18 50  85 10.9 13.6 99.00 99.00 99.00 999 1009.5  28.0  28.1  25.1 99.0 99.00
2026 05 28 19 00  83  9.9 12.2 99.00 99.00 99.00 999 1009.5  28.0  28.1  25.3 99.0 99.00
2026 05 28 19 10  81 10.5 13.5  2.72  9.09  6.08  91 1009.4  28.0  28.1  25.3 99.0 99.00
2026 05 28 19 20  80 11.0 13.1 99.00 99.00 99.00 999 1009.2  27.9  28.1  25.1 99.0 99.00
2026 05 28 19 30  78 10.3 12.5 99.00 99.00 99.00 999 1009.0  28.0  28.1  25.4 99.0 99.00
2026 05 28 19 40  77 10.5 13.1  2.93  9.09  6.47  92 1008.9  27.9  28.1  25.3 99.0 99.00
2026 05 28 19 50  78 10.5 13.1 99.00 99.00 99.00 999 1008.8  28.0  28.1  25.4 99.0 99.00
2026 05 28 20 00  76  9.9 12.5 99.00 99.00 99.00 999 1008.8  28.0  28.1  25.5 99.0 99.00
2026 05 28 20 10  75 10.6 12.7  2.71  8.33  6.17  94 1008.7  27.9  28.1  25.3 99.0 99.00
2026 05 28 20 20  73 10.3 12.5 99.00 99.00 99.00 999 1008.7  28.0  28.1  25.4 99.0 99.00
2026 05 28 20 30  75 10.5 13.7 99.00 99.00 99.00 999 1008.6  28.0  28.1  25.3 99.0 99.00
2026 05 28 20 40  76 10.5 12.2  2.69  8.33  6.09  92 1008.5  28.0  28.1  25.3 99.0 99.00
2026 05 28 20 50  77  9.9 12.2 99.00 99.00 99.00 999 1008.5  28.0  28.1  25.4 99.0 99.00
2026 05 28 21 00  75 10.8 13.1 99.00 99.00 99.00 999 1008.5  28.0  28.1  25.2 99.0 99.00
2026 05 28 21 10  74 10.1 12.5  2.86  9.09  6.30  95 1008.5  28.1  28.1  25.5 99.0 99.00
2026 05 28 21 20  70 10.1 12.4 99.00 99.00 99.00 999 1008.6  28.0  28.1  25.6 99.0 99.00
2026 05 28 21 30  70 10.0 12.3 99.00 99.00 99.00 999 1008.6  27.9  28.1  25.5 99.0 99.00
2026 05 28 21 40  75 11.0 13.8  2.60  9.09  6.10  93 1008.6  28.0  28.1  25.3 99.0 99.00
2026 05 28 21 50  75 11.0 13.1 99.00 99.00 99.00 999 1008.5  28.1  28.1  25.3 99.0 99.00
2026 05 28 22 00  72 10.3 12.8 99.00 99.00 99.00 999 1008.6  28.0  28.1  25.5 99.0 99.00
2026 05 28 22 10  73  9.8 12.1  2.64  9.09  6.05  94 1008.7  28.0  28.1  25.7 99.0 99.00
2026 05 28 22 20  74 10.2 12.6 99.00 99.00 99.00 999 1008.9  27.9  28.1  25.5 99.0 99.00
2026 05 28 22 30  76 10.7 13.2 99.00 99.00 99.00 999 1009.1  28.0  28.1  25.5 99.0 99.00
2026 05 28 22 40  74 10.2 12.8  2.68  8.33  6.08  94 1009.2  28.0  28.1  25.6 99.0 99.00
2026 05 28 22 50  73  9.9 13.3 99.00 99.00 99.00 999 1009.4  28.0  28.1  25.5 99.0 99.00
2026 05 28 23 00  75 10.3 13.2 99.00 99.00 99.00 999 1009.3  28.0  28.1  25.5 99.0 99.00
2026 05 28 23 10  76 10.1 12.6  2.72  9.09  6.10  92 1009.4  28.0  28.1  25.5 99.0 99.00
2026 05 28 23 20  77  9.8 11.9 99.00 99.00 99.00 999 1009.4  28.0  28.1  25.5 99.0 99.00
2026 05 28 23 30  76 10.2 12.3 99.00 99.00 99.00 999 1009.3  27.9  28.1  25.3 99.0 99.00
2026 05 28 23 40  77 11.0 13.7  2.66  8.33  6.00  92 1009.3  28.0  28.1  25.3 99.0 99.00
2026 05 28 23 50  77 10.5 13.1 99.00 99.00 99.00 999 1009.4  28.0  28.1  25.3 99.0 99.00
2026 05 29 00 00  74 10.0 12.8 99.00 99.00 99.00 999 1009.6  28.0  28.1  25.4 99.0 99.00
2026 05 29 00 10  70 10.1 12.4  2.58  9.09  5.94  92 1009.5  27.9  28.1  25.6 99.0 99.00
2026 05 29 00 20  71 10.1 12.7 99.00 99.00 99.00 999 1009.7  27.9  28.1  25.6 99.0 99.00
2026 05 29 00 30  70 10.2 12.6 99.00 99.00 99.00 999 1009.8  27.9  28.1  25.7 99.0 99.00
2026 05 29 00 40  70 10.0 12.4  2.45  9.09  5.81  88 1009.9  27.9  28.1  25.8 99.0 99.00
2026 05 29 00 50  71 10.3 12.4 99.00 99.00 99.00 999 1009.9  27.8  28.1  25.7 99.0 99.00
2026 05 29 01 00  71 10.7 13.2 99.00 99.00 99.00 999 1010.0  27.9  28.1  25.7 99.0 99.00
2026 05 29 01 10  71 10.8 14.6  2.70  8.33  6.05  96 1009.9  27.8  28.1  25.6 99.0 99.00
2026 05 29 01 20  72 10.9 13.1 99.00 99.00 99.00 999 1009.8  27.9  28.1  25.6 99.0 99.00
2026 05 29 01 30  75 12.3 14.4 99.00 99.00 99.00 999 1009.9  27.8  28.1  25.2 99.0 99.00
2026 05 29 01 40  76 11.0 13.5  2.82  8.33  6.11  91 1010.0  27.9  28.1  25.4 99.0 99.00
2026 05 29 01 50  73 11.1 13.3 99.00 99.00 99.00 999 1010.0  27.9  28.1  25.5 99.0 99.00
2026 05 29 02 00  72 11.1 13.4 99.00 99.00 99.00 999 1010.1  27.8  28.1  25.5 99.0 99.00
2026 05 29 02 10  75 11.5 14.0  2.83  8.33  6.05  91 1010.0  27.8  28.1  25.3 99.0 99.00
2026 05 29 02 20  74 11.5 14.8 99.00 99.00 99.00 999 1009.9  27.9  28.0  25.4 99.0 99.00
2026 05 29 02 30  76 11.7 14.1 99.00 99.00 99.00 999 1010.0  27.8  28.0  25.3 99.0 99.00
2026 05 29 02 40  76 11.4 14.5  2.68  8.33  6.07  89 1009.9  27.9  28.1  25.3 99.0 99.00
2026 05 29 02 50  75 11.9 14.8 99.00 99.00 99.00 999 1009.8  27.8  28.0  25.3 99.0 99.00
2026 05 29 03 00  77 11.0 13.9 99.00 99.00 99.00 999 1009.9  27.8  28.1  25.4 99.0 99.00
2026 05 29 03 10  77 12.3 14.6  2.84  9.09  6.01  85 1009.9  27.8  28.0  25.1 99.0 99.00
2026 05 29 03 20  76 12.3 14.7 99.00 99.00 99.00 999 1010.0  27.9  28.0  25.2 99.0 99.00
2026 05 29 03 30  73 12.0 14.8 99.00 99.00 99.00 999 1010.1  27.9  28.0  25.4 99.0 99.00
2026 05 29 03 40  74 12.1 14.5  2.59  8.33  5.97  96 1010.2  27.8  28.0  25.2 99.0 99.00
2026 05 29 03 50  74 11.3 13.9 99.00 99.00 99.00 999 1010.3  27.9  28.0  25.4 99.0 99.00
2026 05 29 04 00  73 11.8 14.3 99.00 99.00 99.00 999 1010.3  27.8  28.0  25.3 99.0 99.00
2026 05 29 04 10  73 11.5 13.8  2.64  8.33  5.78  93 1010.2  27.9  28.0  25.4 99.0 99.00
2026 05 29 04 20  74 11.8 14.1 99.00 99.00 99.00 999 1010.0  27.8  28.0  25.2 99.0 99.00
2026 05 29 04 30  73 11.3 13.8 99.00 99.00 99.00 999 1009.9  27.8  28.0  25.4 99.0 99.00
2026 05 29 04 40  75 10.9 13.5  2.58  8.33  5.81  81 1009.9  27.8  28.0  25.6 99.0 99.00
2026 05 29 04 50  77 11.3 13.4 99.00 99.00 99.00 999 1009.8  27.8  28.0  25.4 99.0 99.00
2026 05 29 05 00  78 12.1 14.7 99.00 99.00 99.00 999 1009.8  27.8  28.0  25.1 99.0 99.00
2026 05 29 05 10  76 11.0 13.6  2.87  7.14  5.98  92 1009.7  27.8  28.0  25.4 99.0 99.00
2026 05 29 05 20  75 11.0 13.9 99.00 99.00 99.00 999 1009.6  27.8  28.0  25.4 99.0 99.00
2026 05 29 05 30  75 11.9 14.4 99.00 99.00 99.00 999 1009.7  27.7  28.0  25.2 99.0 99.00
2026 05 29 05 40  78 11.8 14.8  2.71  7.14  6.07  91 1009.7  27.8  28.0  25.2 99.0 99.00
2026 05 29 05 50  82 11.6 14.1 99.00 99.00 99.00 999 1009.7  27.8  28.0  25.1 99.0 99.00
2026 05 29 06 00  82 11.2 14.1 99.00 99.00 99.00 999 1009.6  27.8  28.0  25.1 99.0 99.00
2026 05 29 06 10  82 10.4 13.1  2.83  7.69  5.97  95 1009.6  27.8  28.0  25.3 99.0 99.00
2026 05 29 06 20  82 10.4 12.8 99.00 99.00 99.00 999 1009.7  27.7  28.0  25.2 99.0 99.00
2026 05 29 06 30  81 11.0 13.9 99.00 99.00 99.00 999 1009.6  27.8  28.0  25.2 99.0 99.00
2026 05 29 06 40  80 10.7 12.8  2.57  8.33  5.84  90 1009.7  27.8  28.0  25.2 99.0 99.00
2026 05 29 06 50  82 10.5 12.6 99.00 99.00 99.00 999 1009.7  27.8  28.0  25.2 99.0 99.00
2026 05 29 07 00  81 10.0 12.2 99.00 99.00 99.00 999 1009.7  27.8  28.0  25.3 99.0 99.00
2026 05 29 07 10  84 10.9 13.5  2.64  7.14  5.92  93 1009.6  27.7  28.0  25.0 99.0 99.00
2026 05 29 07 20  84 10.4 12.5 99.00 99.00 99.00 999 1009.6  27.8  28.0  25.0 99.0 99.00
2026 05 29 07 30  85 10.4 12.7 99.00 99.00 99.00 999 1009.6  27.7  28.0  24.9 99.0 99.00
2026 05 29 07 40  84 10.1 12.2  2.65  8.33  5.99  78 1009.5  27.8  28.0  25.0 99.0 99.00
2026 05 29 07 50  80  9.8 12.0 99.00 99.00 99.00 999 1009.5  27.7  28.0  25.0 99.0 99.00
2026 05 29 08 00  79 10.2 12.3 99.00 99.00 99.00 999 1009.4  27.7  28.0  24.9 99.0 99.00
2026 05 29 08 10  80 10.4 12.7  2.90  7.69  6.15  92 1009.3  27.7  28.0  24.8 99.0 99.00
2026 05 29 08 20  80 10.2 12.3 99.00 99.00 99.00 999 1009.2  27.7  28.0  24.8 99.0 99.00
2026 05 29 08 30  79 10.3 12.5 99.00 99.00 99.00 999 1009.2  27.7  28.0  25.0 99.0 99.00
2026 05 29 08 40  81 10.5 12.8  2.73  8.33  6.13  79 1009.2  27.6  28.0  25.0 99.0 99.00
2026 05 29 08 50  80 10.2 12.7 99.00 99.00 99.00 999 1009.2  27.6  28.0  24.9 99.0 99.00
2026 05 29 09 00  80 11.0 13.2 99.00 99.00 99.00 999 1009.4  27.7  28.0  24.9 99.0 99.00
2026 05 29 09 10  82 10.5 12.7  2.85  8.33  6.22  92 1009.6  27.7  28.0  24.9 99.0 99.00
2026 05 29 09 20  81 10.9 12.9 99.00 99.00 99.00 999 1009.8  27.7  28.0  24.8 99.0 99.00
2026 05 29 09 30  82 10.3 13.1 99.00 99.00 99.00 999 1009.9  27.7  28.0  24.8 99.0 99.00
2026 05 29 09 40  87 10.9 13.5  2.43  8.33  5.79  91 1010.1  27.8  27.9  24.7 99.0 99.00
2026 05 29 09 50  83 10.0 11.5 99.00 99.00 99.00 999 1010.1  27.8  28.0  24.8 99.0 99.00
2026 05 29 10 00  79  9.6 12.4 99.00 99.00 99.00 999 1010.1  27.7  28.0  25.1 99.0 99.00
2026 05 29 10 10  81 10.4 12.3  2.60  7.69  5.90  92 1010.0  27.7  28.0  24.9 99.0 99.00
2026 05 29 10 20  82 10.8 13.6 99.00 99.00 99.00 999 1010.0  27.7  27.9  24.9 99.0 99.00
2026 05 29 10 30  85 10.8 13.2 99.00 99.00 99.00 999 1010.0  27.7  27.9  24.7 99.0 99.00
2026 05 29 10 40  83 10.7 13.5  2.59  8.33  5.99  88 1010.1  27.7  27.9  24.7 99.0 99.00
2026 05 29 10 50  83 10.3 12.4 99.00 99.00 99.00 999 1010.1  27.7  27.9  24.8 99.0 99.00
2026 05 29 11 00  81 10.8 13.4 99.00 99.00 99.00 999 1010.2  27.8  27.9  24.8 99.0 99.00
2026 05 29 11 10  83 10.8 12.4  2.64  8.33  5.97  94 1010.2  27.8  27.9  24.8 99.0 99.00
2026 05 29 11 20  82 10.8 13.1 99.00 99.00 99.00 999 1010.2  27.8  27.9  25.0 99.0 99.00
2026 05 29 11 30  80 10.4 13.0 99.00 99.00 99.00 999 1010.3  27.7  27.9  25.0 99.0 99.00
2026 05 29 11 40  83 10.5 13.2  2.36  8.33  5.70  93 1010.4  27.7  27.9  25.0 99.0 99.00
2026 05 29 11 50  85 10.4 13.6 99.00 99.00 99.00 999 1010.5  27.7  27.9  25.1 99.0 99.00
2026 05 29 12 00  91 10.9 13.5 99.00 99.00 99.00 999 1010.7  27.9  27.9  24.8 99.0 99.00
2026 05 29 12 10  89 11.1 14.1  2.61  8.33  5.91  93 1010.7  27.8  27.9  24.6 99.0 99.00
2026 05 29 12 20  87 10.4 12.6 99.00 99.00 99.00 999 1010.8  27.9  27.9  24.8 99.0 99.00
2026 05 29 12 30  86 10.7 13.0 99.00 99.00 99.00 999 1010.8  27.8  27.9  24.8 99.0 99.00
2026 05 29 12 40  83 10.7 13.6  2.75  8.33  5.98  91 1010.9  27.8  27.9  24.8 99.0 99.00
2026 05 29 12 50  84 11.0 13.7 99.00 99.00 99.00 999 1010.9  27.8  27.9  24.6 99.0 99.00
2026 05 29 13 00  83 10.3 13.1 99.00 99.00 99.00 999 1010.9  27.9  27.9  24.9 99.0 99.00
2026 05 29 13 10  85 10.6 12.9  2.91  8.33  6.22  91 1011.0  27.8  27.9  24.8 99.0 99.00
2026 05 29 13 20  84 10.3 12.3 99.00 99.00 99.00 999 1011.0  27.8  27.9  25.0 99.0 99.00
2026 05 29 13 30  81 10.3 12.4 99.00 99.00 99.00 999 1011.1  27.7  27.9  25.0 99.0 99.00
2026 05 29 13 40  78 10.7 13.1  2.74  8.33  6.10  92 1011.2  27.8  27.9  25.0 99.0 99.00
2026 05 29 13 50  84  9.9 12.2 99.00 99.00 99.00 999 1011.2  27.9  27.9  25.2 99.0 99.00
2026 05 29 14 00  82 10.6 13.3 99.00 99.00 99.00 999 1011.2  27.8  27.9  25.1 99.0 99.00
2026 05 29 14 10  84 10.8 13.7  2.55  7.69  5.80  93 1011.2  27.9  27.9  25.1 99.0 99.00
2026 05 29 14 20  84 11.1 13.5 99.00 99.00 99.00 999 1011.4  27.9  28.0  25.0 99.0 99.00
2026 05 29 14 30  85 10.5 13.1 99.00 99.00 99.00 999 1011.6  27.9  28.0  25.1 99.0 99.00
2026 05 29 14 40  88 10.4 12.4  2.57  7.69  5.81  98 1011.7  27.9  27.9  25.1 99.0 99.00
2026 05 29 14 50  86 10.3 12.4 99.00 99.00 99.00 999 1011.8  27.9  28.0  25.1 99.0 99.00
2026 05 29 15 00  85 10.0 12.5 99.00 99.00 99.00 999 1011.8  27.9  28.0  25.3 99.0 99.00
2026 05 29 15 10  86  9.4 11.9  2.55  8.33  5.93  88 1011.8  27.9  28.0  25.3 99.0 99.00
2026 05 29 15 20  88 10.4 12.8 99.00 99.00 99.00 999 1011.8  27.9  28.0  25.1 99.0 99.00
2026 05 29 15 30  90  9.7 11.8 99.00 99.00 99.00 999 1011.8  28.0  28.0  25.2 99.0 99.00
2026 05 29 15 40  85  9.7 11.7  2.68  7.69  6.02  85 1011.8  27.9  28.0  25.3 99.0 99.00
2026 05 29 15 50  86 10.2 12.3 99.00 99.00 99.00 999 1011.6  27.9  28.0  25.2 99.0 99.00
2026 05 29 16 00  86 10.0 12.4 99.00 99.00 99.00 999 1011.6  28.0  28.0  25.2 99.0 99.00
2026 05 29 16 10  85  9.7 11.6  2.30  8.33  5.66  87 1011.5  27.9  28.0  25.3 99.0 99.00
2026 05 29 16 20  85  9.2 10.7 99.00 99.00 99.00 999 1011.4  27.9  28.0  25.4 99.0 99.00
2026 05 29 16 30  84 10.0 12.0 99.00 99.00 99.00 999 1011.4  27.9  28.0  25.3 99.0 99.00
2026 05 29 16 40  86  9.1 10.9  2.54  8.33  6.01  93 1011.2  28.0  28.0  25.5 99.0 99.00
2026 05 29 16 50  83  8.8 10.5 99.00 99.00 99.00 999 1011.2  27.9  28.0  25.6 99.0 99.00
2026 05 29 17 00  90  9.4 11.7 99.00 99.00 99.00 999 1011.2  27.6  28.0  25.4 99.0 99.00
2026 05 29 17 10  91  9.4 11.5  2.58  8.33  5.97  89 1011.0  27.5  28.0  25.5 99.0 99.00
2026 05 29 17 20  91  9.6 11.5 99.00 99.00 99.00 999 1011.0  27.8  28.0  25.5 99.0 99.00
2026 05 29 17 30  91  8.7 12.0 99.00 99.00 99.00 999 1010.9  27.8  28.0  25.5 99.0 99.00
2026 05 29 17 40  91  9.4 11.4  2.39  8.33  5.76  91 1010.9  27.9  28.0  25.4 99.0 99.00
2026 05 29 17 50  92  8.9 11.5 99.00 99.00 99.00 999 1010.9  27.9  28.0  25.4 99.0 99.00
2026 05 29 18 00  96  9.1 10.8 99.00 99.00 99.00 999 1010.7  27.9  28.0  25.3 99.0 99.00
2026 05 29 18 10  94  9.1 11.0  2.33  8.33  5.62  81 1010.6  28.0  28.0  25.4 99.0 99.00
2026 05 29 18 20  85  9.0 11.3 99.00 99.00 99.00 999 1010.4  27.7  28.0  25.6 99.0 99.00
2026 05 29 18 30  91  8.6 10.2 99.00 99.00 99.00 999 1010.6  27.8  28.0  25.6 99.0 99.00
2026 05 29 18 40  89  9.2 11.7  2.49  7.69  5.83  90 1010.3  27.8  28.0  25.4 99.0 99.00
2026 05 29 18 50  88  8.5 10.6 99.00 99.00 99.00 999 1010.2  27.9  28.0  25.5 99.0 99.00
2026 05 29 19 00  87  9.1 11.5 99.00 99.00 99.00 999 1010.1  27.9  28.0  25.5 99.0 99.00
2026 05 29 19 10  89  8.9 10.7  2.48  8.33  5.91  91 1010.1  28.0  28.0  25.5 99.0 99.00
2026 05 29 19 20  87  8.5 10.3 99.00 99.00 99.00 999 1010.0  27.9  28.0  25.6 99.0 99.00
2026 05 29 19 30  86  8.9 10.7 99.00 99.00 99.00 999 1010.0  27.9  28.0  25.5 99.0 99.00
2026 05 29 19 40  90  8.5 10.2  2.28  7.69  5.87  87 1009.8  27.9  28.0  25.5 99.0 99.00
2026 05 29 19 50  88  8.3  9.8 99.00 99.00 99.00 999 1009.8  27.9  28.0  25.6 99.0 99.00
2026 05 29 20 00  85  8.8 10.7 99.00 99.00 99.00 999 1009.8  27.9  28.0  25.6 99.0 99.00
2026 05 29 20 10  83  8.9 10.8  2.19  7.69  5.68  79 1009.6  27.9  28.0  25.5 99.0 99.00
2026 05 29 20 20  80  8.9 10.7 99.00 99.00 99.00 999 1009.6  27.9  28.0  25.3 99.0 99.00
2026 05 29 20 30  78  8.4 10.9 99.00 99.00 99.00 999 1009.5  27.9  28.0  25.5 99.0 99.00
2026 05 29 20 40  75  8.6 10.7  2.36  8.33  5.92  88 1009.4  27.9  28.0  25.4 99.0 99.00
2026 05 29 20 50  78  9.3 11.0 99.00 99.00 99.00 999 1009.3  27.9  28.0  25.2 99.0 99.00
2026 05 29 21 00  79  9.3 11.8 99.00 99.00 99.00 999 1009.4  28.0  28.0  25.2 99.0 99.00
2026 05 29 21 10  80  8.8 10.9  2.32  8.33  5.83  89 1009.5  28.0  28.0  25.4 99.0 99.00
2026 05 29 21 20  80  8.6 10.6 99.00 99.00 99.00 999 1009.6  28.0  28.0  25.5 99.0 99.00
2026 05 29 21 30  80  8.2 10.1 99.00 99.00 99.00 999 1009.4  27.9  28.0  25.5 99.0 99.00
2026 05 29 21 40  77  8.6 10.5  2.11  8.33  5.62 101 1009.3  27.9  28.0  25.5 99.0 99.00
2026 05 29 21 50  75  8.0 10.3 99.00 99.00 99.00 999 1009.2  27.9  28.0  25.7 99.0 99.00
2026 05 29 22 00  73  9.0 10.8 99.00 99.00 99.00 999 1009.5  27.8  28.0  25.5 99.0 99.00
2026 05 29 22 10  75  9.1 11.6  2.12  8.33  5.52  91 1009.6  27.9  28.0  25.3 99.0 99.00
2026 05 29 22 20  75  8.7 11.5 99.00 99.00 99.00 999 1009.8  27.9  28.0  25.4 99.0 99.00
2026 05 29 22 30  76  8.4 10.8 99.00 99.00 99.00 999 1010.0  27.9  28.0  25.5 99.0 99.00
2026 05 29 22 40  75  8.4 10.4  2.29  7.69  5.85  96 1010.1  27.9  28.0  25.5 99.0 99.00
2026 05 29 22 50  71  8.7 10.3 99.00 99.00 99.00 999 1010.3  27.9  28.0  25.4 99.0 99.00
2026 05 29 23 00  73  8.7 10.4 99.00 99.00 99.00 999 1010.3  27.9  28.0  25.4 99.0 99.00
2026 05 29 23 10  72  8.3 10.0  2.18  7.69  5.85  94 1010.3  27.9  28.0  25.6 99.0 99.00
2026 05 29 23 20  70  8.0 10.0 99.00 99.00 99.00 999 1010.3  27.8  28.0  25.6 99.0 99.00
2026 05 29 23 30  71  8.5 10.4 99.00 99.00 99.00 999 1010.4  27.8  28.0  25.4 99.0 99.00
2026 05 29 23 40  71  8.9 10.6  2.20  8.33  5.86  86 1010.5  27.8  28.0  25.4 99.0 99.00
2026 05 29 23 50  74  8.3 10.8 99.00 99.00 99.00 999 1010.7  27.9  28.0  25.5 99.0 99.00
2026 05 30 00 00  73  8.6 10.3 99.00 99.00 99.00 999 1010.8  27.8  28.0  25.4 99.0 99.00
2026 05 30 00 10  73  9.2 11.0  2.31  8.33  5.89  94 1010.9  27.8  28.0  25.3 99.0 99.00
2026 05 30 00 20  72  9.4 11.5 99.00 99.00 99.00 999 1011.0  27.9  28.0  25.3 99.0 99.00
2026 05 30 00 30  72  8.7 10.9 99.00 99.00 99.00 999 1011.2  27.9  28.0  25.4 99.0 99.00
2026 05 30 00 40  72  8.6 10.5  2.27  8.33  5.74  92 1011.2  27.9  28.0  25.4 99.0 99.00
2026 05 30 00 50  70  9.0 10.5 99.00 99.00 99.00 999 1011.3  27.9  28.0  25.4 99.0 99.00
2026 05 30 01 00  68  9.1 11.7 99.00 99.00 99.00 999 1011.4  27.9  28.0  25.4 99.0 99.00
2026 05 30 01 10  70  9.6 11.2  2.14  8.33  5.65  83 1011.4  27.9  28.0  25.3 99.0 99.00
2026 05 30 01 20  70  9.4 11.4 99.00 99.00 99.00 999 1011.4  27.9  28.0  25.4 99.0 99.00
2026 05 30 01 30  72  9.0 10.9 99.00 99.00 99.00 999 1011.4  27.9  28.0  25.4 99.0 99.00
2026 05 30 01 40  73  9.0 10.8  2.02  7.69  5.47  93 1011.5  27.8  28.0  25.3 99.0 99.00
2026 05 30 01 50  70  8.7 10.8 99.00 99.00 99.00 999 1011.7  27.9  28.0  25.7 99.0 99.00
2026 05 30 02 00  73  9.7 11.7 99.00 99.00 99.00 999 1011.7  27.8  28.0  25.3 99.0 99.00
2026 05 30 02 10  74  9.7 11.3  2.03  8.33  5.42  89 1011.8  27.8  28.0  25.2 99.0 99.00
2026 05 30 02 20  77  9.2 11.2 99.00 99.00 99.00 999 1011.8  27.8  28.0  25.3 99.0 99.00
2026 05 30 02 30  77  9.5 12.1 99.00 99.00 99.00 999 1012.0  27.8  28.0  25.3 99.0 99.00
2026 05 30 02 40  76  8.9 10.7  2.09  8.33  5.63  86 1012.2  27.8  28.0  25.4 99.0 99.00
2026 05 30 02 50  75  9.8 12.9 99.00 99.00 99.00 999 1012.2  27.8  28.0  25.2 99.0 99.00
2026 05 30 03 00  77 10.3 12.7 99.00 99.00 99.00 999 1012.2  27.9  28.0  25.1 99.0 99.00
2026 05 30 03 10  77  9.5 11.7  2.13  7.69  5.59  94 1012.3  27.9  28.0  25.3 99.0 99.00
2026 05 30 03 20  75  9.7 12.1 99.00 99.00 99.00 999 1012.3  27.8  28.0  25.2 99.0 99.00
2026 05 30 03 30  76  9.1 11.7 99.00 99.00 99.00 999 1012.2  27.9  28.0  25.3 99.0 99.00
2026 05 30 03 40  78  9.3 11.9  2.09  8.33  5.61  88 1012.2  27.8  28.0  25.2 99.0 99.00
2026 05 30 03 50  74  9.4 11.5 99.00 99.00 99.00 999 1012.1  27.8  28.0  25.3 99.0 99.00
2026 05 30 04 00  74  9.1 10.7 99.00 99.00 99.00 999 1012.0  27.8  28.0  25.4 99.0 99.00
2026 05 30 04 10  75  9.6 11.7  2.11  8.33  5.64  83 1012.0  27.8  28.0  25.4 99.0 99.00
2026 05 30 04 20  77  9.9 11.7 99.00 99.00 99.00 999 1012.1  27.8  28.0  25.2 99.0 99.00
2026 05 30 04 30  77  9.9 12.0 99.00 99.00 99.00 999 1012.0  27.8  28.0  25.3 99.0 99.00
2026 05 30 04 40  77  9.7 11.6  2.26  7.69  5.65  93 1012.1  27.7  28.0  25.1 99.0 99.00
2026 05 30 04 50  75  9.4 11.7 99.00 99.00 99.00 999 1012.0  27.8  27.9  25.2 99.0 99.00
2026 05 30 05 00  76  9.5 12.1 99.00 99.00 99.00 999 1011.9  27.7  28.0  25.2 99.0 99.00
2026 05 30 05 10  82 10.0 11.8  2.14  6.67  5.58  83 1011.8  27.7  27.9  25.0 99.0 99.00
2026 05 30 05 20  79  9.6 11.4 99.00 99.00 99.00 999 1011.7  27.8  28.0  25.2 99.0 99.00
2026 05 30 05 30  83  9.9 11.7 99.00 99.00 99.00 999 1011.7  27.7  28.0  25.1 99.0 99.00
2026 05 30 05 40  81  9.6 11.9  2.16  6.67  5.47  89 1011.7  27.7  27.9  25.2 99.0 99.00
2026 05 30 05 50  83  9.8 11.3 99.00 99.00 99.00 999 1011.5  27.7  28.0  25.0 99.0 99.00
2026 05 30 06 00  84  9.7 12.1 99.00 99.00 99.00 999 1011.5  27.7  27.9  25.0 99.0 99.00
2026 05 30 06 10  83  9.4 11.3  2.06  8.33  5.59  86 1011.4  27.7  28.0  25.0 99.0 99.00
2026 05 30 06 20  84  9.6 11.9 99.00 99.00 99.00 999 1011.3  27.7  28.0  24.9 99.0 99.00
2026 05 30 06 30  84  9.6 11.8 99.00 99.00 99.00 999 1011.2  27.6 999.0  24.9 99.0 99.00
2026 05 30 06 40  86  9.3 11.0  2.03  8.33  5.36  90 1011.1  27.7  27.9  25.0 99.0 99.00
2026 05 30 06 50  87  9.1 10.9 99.00 99.00 99.00 999 1011.0  27.6  27.9  25.0 99.0 99.00
2026 05 30 07 00  85  9.1 10.8 99.00 99.00 99.00 999 1010.9  27.6  27.9  25.0 99.0 99.00
2026 05 30 07 10  85  9.1 10.8  2.01  8.33  5.35  84 1010.9  27.6  27.9  25.1 99.0 99.00
2026 05 30 07 20  88  9.5 12.1 99.00 99.00 99.00 999 1010.9  27.6  27.9  25.0 99.0 99.00
2026 05 30 07 30  86  9.8 11.5 99.00 99.00 99.00 999 1010.8  27.7  27.9  24.9 99.0 99.00
2026 05 30 07 40  86  9.2 11.6  2.16  8.33  5.66  87 1010.8  27.7  27.9  25.1 99.0 99.00
2026 05 30 07 50  86  9.1 11.1 99.00 99.00 99.00 999 1010.8  27.6  27.9  25.1 99.0 99.00
2026 05 30 08 00  85  9.1 11.0 99.00 99.00 99.00 999 1010.9  27.6  27.9  25.1 99.0 99.00
2026 05 30 08 10  86  8.7 11.2  2.13  8.33  5.67  78 1010.9  27.6  27.9  25.1 99.0 99.00
2026 05 30 08 20  88  8.8 12.1 99.00 99.00 99.00 999 1010.8  27.6  27.9  25.2 99.0 99.00
2026 05 30 08 30  84 10.2 12.5 99.00 99.00 99.00 999 1010.9  27.6  27.9  25.0 99.0 99.00
2026 05 30 08 40  80 10.3 12.8  2.08  8.33  5.59  79 1011.0  27.6  27.9  24.9 99.0 99.00
2026 05 30 08 50  86 10.4 12.4 99.00 99.00 99.00 999 1011.1  27.7  27.9  25.0 99.0 99.00
2026 05 30 09 00  86 10.2 12.3 99.00 99.00 99.00 999 1011.1  27.7  27.9  25.1 99.0 99.00
2026 05 30 09 10  86 10.1 12.3  2.05  8.33  5.47  77 1011.2  27.7  27.9  25.1 99.0 99.00
2026 05 30 09 20  87 10.5 12.5 99.00 99.00 99.00 999 1011.2  27.6  27.9  24.9 99.0 99.00
2026 05 30 09 30  89 10.5 13.0 99.00 99.00 99.00 999 1011.2  27.7  27.9  24.8 99.0 99.00
2026 05 30 09 40  85 10.2 11.8  2.21  7.69  5.71  90 1011.2  27.7  27.9  25.0 99.0 99.00
2026 05 30 09 50  89  9.9 11.9 99.00 99.00 99.00 999 1011.3  27.7  27.9  24.9 99.0 99.00
2026 05 30 10 00  88 10.0 12.3 99.00 99.00 99.00 999 1011.3  27.7  27.9  25.0 99.0 99.00
2026 05 30 10 10  85  9.7 11.3  2.21  8.33  5.72  84 1011.3  27.7  27.9  25.1 99.0 99.00
2026 05 30 10 20  89  9.8 11.7 99.00 99.00 99.00 999 1011.4  27.7  27.9  25.2 99.0 99.00
2026 05 30 10 30  89  8.9 10.4 99.00 99.00 99.00 999 1011.4  27.5  27.9  25.3 99.0 99.00
2026 05 30 10 40  88  9.5 11.9  2.07  8.33  5.51  89 1011.4  27.5  27.9  25.1 99.0 99.00
2026 05 30 10 50  86  9.6 11.7 99.00 99.00 99.00 999 1011.4  27.6  27.9  25.0 99.0 99.00
2026 05 30 11 00  85  9.2 11.5 99.00 99.00 99.00 999 1011.6  27.6  27.9  25.1 99.0 99.00
2026 05 30 11 10  83 10.0 12.3  2.35  7.69  5.70  84 1011.6  27.6  27.9  25.2 99.0 99.00
2026 05 30 11 20  83 10.1 11.9 99.00 99.00 99.00 999 1011.8  27.6  27.9  25.0 99.0 99.00
2026 05 30 11 30  86 10.2 12.0 99.00 99.00 99.00 999 1011.8  27.6  27.9  25.1 99.0 99.00
2026 05 30 11 40  85  9.6 11.3  2.38  8.33  5.57  84 1011.8  27.7  27.9  25.2 99.0 99.00
2026 05 30 11 50  83 10.2 12.0 99.00 99.00 99.00 999 1011.9  27.6  27.9  24.9 99.0 99.00
2026 05 30 12 00  83 10.5 12.5 99.00 99.00 99.00 999 1012.0  27.7  27.9  24.9 99.0 99.00
2026 05 30 12 10  84 10.1 12.1  2.25  8.33  5.45  86 1012.1  27.7  27.9  25.0 99.0 99.00
2026 05 30 12 20  83 10.2 12.3 99.00 99.00 99.00 999 1012.3  27.7  27.9  25.0 99.0 99.00
2026 05 30 12 30  84  9.8 11.7 99.00 99.00 99.00 999 1012.3  27.7  27.9  25.2 99.0 99.00
2026 05 30 12 40  84 10.0 12.2  2.22  7.69  5.65  94 1012.3  27.7  27.9  25.1 99.0 99.00
2026 05 30 12 50  86 10.2 12.5 99.00 99.00 99.00 999 1012.5  27.7  27.9  25.0 99.0 99.00
2026 05 30 13 00  86  9.6 11.2 99.00 99.00 99.00 999 1012.5  27.8  27.9  25.2 99.0 99.00
2026 05 30 13 10  89 10.0 12.1  2.22  7.14  5.62  87 1012.6  27.7  27.9  25.1 99.0 99.00
2026 05 30 13 20  85 10.2 12.0 99.00 99.00 99.00 999 1012.6  27.7  27.9  25.1 99.0 99.00
2026 05 30 13 30  85 10.0 11.9 99.00 99.00 99.00 999 1012.6  27.7  27.9  25.0 99.0 99.00
2026 05 30 13 40  87 10.3 12.2  2.19  7.69  5.53  92 1012.6  27.7  28.0  24.8 99.0 99.00
2026 05 30 13 50  88  9.8 12.0 99.00 99.00 99.00 999 1012.6  27.8  28.0  25.1 99.0 99.00
2026 05 30 14 00  89 10.4 12.2 99.00 99.00 99.00 999 1012.7  27.7  27.9  24.9 99.0 99.00
2026 05 30 14 10  91  9.6 11.5  2.29  8.33  5.68  89 1012.8  27.8  28.0  25.1 99.0 99.00
2026 05 30 14 20  93  9.9 12.1 99.00 99.00 99.00 999 1012.9  27.8  28.0  25.0 99.0 99.00
2026 05 30 14 30  92  9.6 12.0 99.00 99.00 99.00 999 1013.0  27.8  28.0  25.0 99.0 99.00
2026 05 30 14 40  92  9.9 11.8  2.25  7.69  5.62  93 1013.1  27.8  28.0  24.9 99.0 99.00
2026 05 30 14 50  92  9.6 11.3 99.00 99.00 99.00 999 1013.1  27.8  28.0  25.0 99.0 99.00
2026 05 30 15 00  90 10.0 11.8 99.00 99.00 99.00 999 1013.1  27.8  28.0  24.9 99.0 99.00
2026 05 30 15 10  90  9.7 11.5  2.12  8.33  5.61  88 1013.0  27.8  28.0  25.0 99.0 99.00
2026 05 30 15 20  92  9.9 11.7 99.00 99.00 99.00 999 1012.9  27.8  28.0  25.0 99.0 99.00
2026 05 30 15 30  91  9.5 11.3 99.00 99.00 99.00 999 1012.8  27.8  28.0  25.2 99.0 99.00
2026 05 30 15 40  90  9.0 11.3  2.31  7.69  5.70  84 1012.8  27.8  28.0  25.4 99.0 99.00
2026 05 30 15 50  90  9.6 11.6 99.00 99.00 99.00 999 1012.7  27.7  28.0  25.2 99.0 99.00
2026 05 30 16 00  92  9.5 12.3 99.00 99.00 99.00 999 1012.6  27.8  28.0  25.1 99.0 99.00
2026 05 30 16 10  92  9.6 12.0  2.27  7.69  5.55  88 1012.7  27.8  28.0  25.1 99.0 99.00
2026 05 30 16 20  92 10.0 12.1 99.00 99.00 99.00 999 1012.5  27.8  28.0  25.0 99.0 99.00
2026 05 30 16 30  92  9.4 12.0 99.00 99.00 99.00 999 1012.5  27.8  28.0  25.2 99.0 99.00
2026 05 30 16 40  94  9.3 11.2  2.08  6.67  5.36  89 1012.3  27.8  28.0  25.3 99.0 99.00
2026 05 30 16 50  93  9.6 11.6 99.00 99.00 99.00 999 1012.2  27.8  28.0  25.2 99.0 99.00
2026 05 30 17 00  95  9.2 11.2 99.00 99.00 99.00 999 1012.2  27.8  28.0  25.3 99.0 99.00
2026 05 30 17 10  93  9.9 11.7  2.09  7.69  5.29  94 1012.2  27.8  28.0  25.1 99.0 99.00
2026 05 30 17 20  95  9.2 11.3 99.00 99.00 99.00 999 1012.2  27.9  28.0  25.2 99.0 99.00
2026 05 30 17 30  96  9.2 11.1 99.00 99.00 99.00 999 1012.1  27.9  28.0  25.3 99.0 99.00
2026 05 30 17 40  94  9.4 11.3  2.14  6.67  5.49  88 1012.0  27.9  28.0  25.2 99.0 99.00
2026 05 30 17 50  95  9.5 11.4 99.00 99.00 99.00 999 1012.0  27.8  28.0  25.1 99.0 99.00
2026 05 30 18 00  94  9.0 11.4 99.00 99.00 99.00 999 1011.9  27.9  28.0  25.2 99.0 99.00
2026 05 30 18 10  97  8.9 10.7  2.18  7.69  5.68  92 1011.8  27.9  28.0  25.3 99.0 99.00
2026 05 30 18 20  95  9.0 11.5 99.00 99.00 99.00 999 1011.7  27.9  28.0  25.3 99.0 99.00
2026 05 30 18 30  92  8.8 11.2 99.00 99.00 99.00 999 1011.7  27.9  28.0  25.3 99.0 99.00
2026 05 30 18 40  92  8.5 10.0  2.16  7.14  5.63  91 1011.7  27.9  28.0  25.4 99.0 99.00
2026 05 30 18 50  92  8.0  9.5 99.00 99.00 99.00 999 1011.7  27.9  28.0  25.5 99.0 99.00
2026 05 30 19 00  87  8.5 10.5 99.00 99.00 99.00 999 1011.6  27.8  28.0  25.4 99.0 99.00
2026 05 30 19 10  85  8.8 10.4  2.14  7.69  5.55  90 1011.5  27.9  28.0  25.3 99.0 99.00
2026 05 30 19 20  84  8.3 10.5 99.00 99.00 99.00 999 1011.5  27.9  28.0  25.4 99.0 99.00
2026 05 30 19 30  85  7.5  9.4 99.00 99.00 99.00 999 1011.4  27.9  28.0  25.6 99.0 99.00
2026 05 30 19 40  85  7.9  9.1  2.11  8.33  5.67  90 1011.5  27.9  28.0  25.5 99.0 99.00
2026 05 30 19 50  88  7.1  8.7 99.00 99.00 99.00 999 1011.6  27.9  28.0  25.7 99.0 99.00
2026 05 30 20 00  87  7.0  8.4 99.00 99.00 99.00 999 1011.6  27.9  28.1  25.7 99.0 99.00
2026 05 30 20 10  92  7.1  9.1  2.02  7.69  5.51  95 1011.5  27.9  28.0  25.7 99.0 99.00
2026 05 30 20 20  94  7.9  9.4 99.00 99.00 99.00 999 1011.4  27.9  28.1  25.7 99.0 99.00
2026 05 30 20 30  93  7.5  9.0 99.00 99.00 99.00 999 1011.4  28.0  28.0  25.8 99.0 99.00
2026 05 30 20 40  92  7.6  9.5  2.00  8.33  5.50  90 1011.4  27.9  28.1  25.6 99.0 99.00
2026 05 30 20 50  94  8.1  9.8 99.00 99.00 99.00 999 1011.2  28.0  28.1  25.6 99.0 99.00
2026 05 30 21 00  93  7.5  9.3 99.00 99.00 99.00 999 1011.1  27.9  28.1  25.6 99.0 99.00
2026 05 30 21 10  89  7.7  9.1  2.05  7.69  5.67  96 1010.9  27.9  28.1  25.5 99.0 99.00
2026 05 30 21 20  85  8.0  9.5 99.00 99.00 99.00 999 1010.9  27.9  28.0  25.5 99.0 99.00
2026 05 30 21 30  87  8.1  9.4 99.00 99.00 99.00 999 1010.9  27.9  28.0  25.5 99.0 99.00
2026 05 30 21 40  84  7.8  9.6  1.99  6.67  5.56  92 1010.9  27.9  28.0  25.6 99.0 99.00
2026 05 30 21 50  86  7.9  9.5 99.00 99.00 99.00 999 1010.8  27.9  28.1  25.4 99.0 99.00
2026 05 30 22 00  83  8.3  9.9 99.00 99.00 99.00 999 1010.8  27.9  28.1  25.4 99.0 99.00
2026 05 30 22 10  81  7.9  9.9  2.06  8.33  5.67  80 1010.8  27.9  28.1  25.5 99.0 99.00
2026 05 30 22 20  82  8.3 10.1 99.00 99.00 99.00 999 1010.8  27.9  28.0  25.4 99.0 99.00
2026 05 30 22 30  84  8.5 10.3 99.00 99.00 99.00 999 1010.9  27.9  28.0  25.3 99.0 99.00
2026 05 30 22 40  83  8.5  9.9  1.93  7.69  5.60  96 1010.9  27.9  28.0  25.3 99.0 99.00
2026 05 30 22 50  81  8.1 10.5 99.00 99.00 99.00 999 1010.9  27.9  28.0  25.4 99.0 99.00
2026 05 30 23 00  84  8.7 10.1 99.00 99.00 99.00 999 1010.9  27.8  28.0  25.3 99.0 99.00
2026 05 30 23 10  83  8.7 10.9  1.91  7.69  5.51  88 1010.9  27.8  28.0  25.3 99.0 99.00
2026 05 30 23 20  84  8.2 10.2 99.00 99.00 99.00 999 1011.1  27.9  28.0  25.5 99.0 99.00
2026 05 30 23 30  81  8.1 10.2 99.00 99.00 99.00 999 1011.0  27.8  28.0  25.6 99.0 99.00
2026 05 30 23 40  79  8.6 10.5  1.76  6.67  5.23  87 1011.0  27.8  28.0  25.4 99.0 99.00
2026 05 30 23 50  83  8.9 11.0 99.00 99.00 99.00 999 1011.1  27.8  28.0  25.3 99.0 99.00
2026 05 31 00 00  81  8.7 10.1 99.00 99.00 99.00 999 1011.0  27.8  28.0  25.4 99.0 99.00
2026 05 31 00 10  78  9.1 11.1  2.07  7.14  5.58  93 1011.1  27.8  28.0  25.3 99.0 99.00
2026 05 31 00 20  79  9.0 10.9 99.00 99.00 99.00 999 1011.2  27.8  28.0  25.4 99.0 99.00
2026 05 31 00 30  77  8.7 11.0 99.00 99.00 99.00 999 1011.3  27.8  28.0  25.5 99.0 99.00
2026 05 31 00 40  77  8.9 10.4  1.88  7.14  5.45  87 1011.4  27.8  28.0  25.6 99.0 99.00
2026 05 31 00 50  78  8.8 10.2 99.00 99.00 99.00 999 1011.4  27.8  28.0  25.7 99.0 99.00
2026 05 31 01 00  77  9.3 11.4 99.00 99.00 99.00 999 1011.4  27.7  28.0  25.6 99.0 99.00
2026 05 31 01 10  76  9.8 11.8  1.85  7.69  5.40  86 1011.5  27.7  28.0  25.4 99.0 99.00
2026 05 31 01 20  77  9.8 11.7 99.00 99.00 99.00 999 1011.3  27.8  28.0  25.5 99.0 99.00
2026 05 31 01 30  78  9.8 11.9 99.00 99.00 99.00 999 1011.4  27.7  28.0  25.4 99.0 99.00
2026 05 31 01 40  79  9.6 12.2  2.09  7.14  5.59  88 1011.5  27.8  28.0  25.5 99.0 99.00
2026 05 31 01 50  78  9.9 12.1 99.00 99.00 99.00 999 1011.5  27.8  28.0  25.5 99.0 99.00
2026 05 31 02 00  78 10.1 12.2 99.00 99.00 99.00 999 1011.7  27.8  28.0  25.5 99.0 99.00
2026 05 31 02 10  76  9.8 13.0  1.93  7.69  5.39  83 1011.8  27.8  28.0  25.6 99.0 99.00
2026 05 31 02 20  75 10.2 12.5 99.00 99.00 99.00 999 1011.9  27.7  28.0  25.5 99.0 99.00
2026 05 31 02 30  74  9.9 12.0 99.00 99.00 99.00 999 1011.8  27.8  28.0  25.6 99.0 99.00
2026 05 31 02 40  72 10.3 13.2  2.11  8.33  5.54  86 1011.7  27.8  28.0  25.6 99.0 99.00
2026 05 31 02 50  73 10.4 12.9 99.00 99.00 99.00 999 1011.8  27.8  28.0  25.6 99.0 99.00
2026 05 31 03 00  74 10.7 13.2 99.00 99.00 99.00 999 1012.0  27.8  28.0  25.6 99.0 99.00
2026 05 31 03 10  74  9.8 12.9  2.02  7.69  5.31  89 1012.1  27.8  28.0  25.7 99.0 99.00
2026 05 31 03 20  72 10.3 13.0 99.00 99.00 99.00 999 1012.2  27.8  28.0  25.7 99.0 99.00
2026 05 31 03 30  73 10.5 13.2 99.00 99.00 99.00 999 1012.2  27.8  28.0  25.6 99.0 99.00
2026 05 31 03 40  75 10.1 12.5  2.18  7.69  5.47  86 1012.3  27.8  28.0  25.7 99.0 99.00
2026 05 31 03 50  74 10.4 13.5 99.00 99.00 99.00 999 1012.3  27.8  28.0  25.7 99.0 99.00
2026 05 31 04 00  76 10.1 12.3 99.00 99.00 99.00 999 1012.3  27.8  28.0  25.7 99.0 99.00
2026 05 31 04 10  76 10.1 12.0  2.10  6.67  5.42  90 1012.3  27.8  28.0  25.7 99.0 99.00
2026 05 31 04 20  76 10.9 13.2 99.00 99.00 99.00 999 1012.2  27.8  28.0  25.6 99.0 99.00
2026 05 31 04 30  77  9.9 11.9 99.00 99.00 99.00 999 1012.2  27.8  28.0  25.7 99.0 99.00
2026 05 31 04 40  77  9.8 12.0  2.04  7.14  5.33  87 1012.1  27.8  28.0  25.8 99.0 99.00
2026 05 31 04 50  78 10.7 12.9 99.00 99.00 99.00 999 1012.0  27.7  28.0  25.5 99.0 99.00
2026 05 31 05 00  79 10.4 12.2 99.00 99.00 99.00 999 1012.0  27.8  28.0  25.6 99.0 99.00
2026 05 31 05 10  79 11.0 13.7  2.21  6.67  5.50  81 1012.0  27.8  28.0  25.5 99.0 99.00
2026 05 31 05 20  77 10.9 13.3 99.00 99.00 99.00 999 1012.0  27.8 999.0  25.5 99.0 99.00
2026 05 31 05 30  77  9.9 12.2 99.00 99.00 99.00 999 1012.0  27.8  28.0  25.6 99.0 99.00
2026 05 31 05 40  78 10.1 12.4  2.36  7.14  5.61  89 1011.9  27.7  28.0  25.5 99.0 99.00
2026 05 31 05 50  79 10.1 12.5 99.00 99.00 99.00 999 1011.8  27.7  28.0  25.5 99.0 99.00
2026 05 31 06 00  76  9.6 12.0 99.00 99.00 99.00 999 1011.8  27.8  28.0  25.8 99.0 99.00
2026 05 31 06 10  75 10.0 12.3  2.28  7.69  5.58  93 1011.7  27.7  28.0  25.7 99.0 99.00
2026 05 31 06 20  75 10.4 13.0 99.00 99.00 99.00 999 1011.7  27.7  28.0  25.6 99.0 99.00
2026 05 31 06 30  76 10.8 13.2 99.00 99.00 99.00 999 1011.7  27.7  28.0  25.4 99.0 99.00
2026 05 31 06 40  74 10.4 13.0  2.16  7.14  5.47  91 1011.7  27.8  28.0  25.6 99.0 99.00
2026 05 31 06 50  73  9.7 11.9 99.00 99.00 99.00 999 1011.7  27.8  28.0  25.6 99.0 99.00
2026 05 31 07 00  75 10.2 12.5 99.00 99.00 99.00 999 1011.8  27.8  28.0  25.6 99.0 99.00
2026 05 31 07 10  79 10.8 13.0  2.22  7.14  5.53  90 1011.7  27.8  28.0  25.4 99.0 99.00
2026 05 31 07 20  83 10.7 13.2 99.00 99.00 99.00 999 1011.8  27.8  28.0  25.4 99.0 99.00
2026 05 31 07 30  80  9.2 11.3 99.00 99.00 99.00 999 1011.8  27.8  28.0  25.6 99.0 99.00
2026 05 31 07 40  78  9.2 12.2  2.14  7.14  5.41  98 1011.8  27.8  28.0  25.7 99.0 99.00
2026 05 31 07 50  78 10.4 12.6 99.00 99.00 99.00 999 1011.7  27.7  28.0  25.5 99.0 99.00
2026 05 31 08 00  80 10.7 13.1 99.00 99.00 99.00 999 1011.7  27.8  28.0  25.3 99.0 99.00
2026 05 31 08 10  80 10.4 12.5  2.36  6.25  5.53  83 1011.7  27.8  28.0  25.5 99.0 99.00
2026 05 31 08 20  80  9.9 12.0 99.00 99.00 99.00 999 1011.7  27.8  28.0  25.5 99.0 99.00
2026 05 31 08 30  80  9.9 12.0 99.00 99.00 99.00 999 1011.6  27.8  28.0  25.6 99.0 99.00
2026 05 31 08 40  80 10.1 13.1  2.37  7.14  5.60  84 1011.5  27.8  28.0  25.7 99.0 99.00
2026 05 31 08 50  81  9.7 11.6 99.00 99.00 99.00 999 1011.6  27.8  28.0  25.6 99.0 99.00
2026 05 31 09 00  84  9.9 11.5 99.00 99.00 99.00 999 1011.7  27.8  28.0  25.4 99.0 99.00
2026 05 31 09 10  82 10.6 12.6  2.39  7.14  5.66  85 1011.7  27.9  28.0  25.4 99.0 99.00
2026 05 31 09 20  81 10.5 12.7 99.00 99.00 99.00 999 1011.8  27.9  28.0  25.3 99.0 99.00
2026 05 31 09 30  83 10.2 12.5 99.00 99.00 99.00 999 1011.9  27.9  28.0  25.4 99.0 99.00
2026 05 31 09 40  79  9.5 12.0  2.46  7.69  5.76  97 1011.9  27.9  28.0  25.5 99.0 99.00
2026 05 31 09 50  76  9.4 11.8 99.00 99.00 99.00 999 1011.9  27.8  28.0  25.5 99.0 99.00
2026 05 31 10 00  74  9.7 12.4 99.00 99.00 99.00 999 1011.9  27.8  28.0  25.6 99.0 99.00
2026 05 31 10 10  78 10.1 12.3  2.28  7.14  5.64  88 1012.0  27.8  28.0  25.5 99.0 99.00
2026 05 31 10 20  78  9.6 11.5 99.00 99.00 99.00 999 1012.0  27.8  28.0  25.6 99.0 99.00
2026 05 31 10 30  79  9.6 12.3 99.00 99.00 99.00 999 1012.0  27.8  28.0  25.6 99.0 99.00
2026 05 31 10 40  77  9.7 12.2  2.29  7.14  5.58  81 1012.0  27.8  28.0  25.5 99.0 99.00
2026 05 31 10 50  77  9.6 12.5 99.00 99.00 99.00 999 1012.0  27.8  28.0  25.5 99.0 99.00
2026 05 31 11 00  78  9.4 11.5 99.00 99.00 99.00 999 1012.0  27.8  28.0  25.6 99.0 99.00
2026 05 31 11 10  76  9.2 11.6  2.28  7.14  5.64 100 1012.2  27.8  28.0  25.5 99.0 99.00
2026 05 31 11 20  76  9.7 11.5 99.00 99.00 99.00 999 1012.2  27.8  28.0  25.5 99.0 99.00
2026 05 31 11 30  73  9.1 11.2 99.00 99.00 99.00 999 1012.3  27.9  28.0  25.6 99.0 99.00
2026 05 31 11 40  74  9.4 11.6  2.34  7.69  5.71  95 1012.2  27.8  28.0  25.6 99.0 99.00
2026 05 31 11 50  75  9.7 11.6 99.00 99.00 99.00 999 1012.4  27.8  28.0  25.4 99.0 99.00
2026 05 31 12 00  75  8.9 11.3 99.00 99.00 99.00 999 1012.3  27.9  28.0  25.5 99.0 99.00
2026 05 31 12 10  75  8.6 10.6  2.25  7.14  5.60  91 1012.4  27.9  28.0  25.7 99.0 99.00
2026 05 31 12 20  73  8.9 10.7 99.00 99.00 99.00 999 1012.5  27.8  28.0  25.7 99.0 99.00
2026 05 31 12 30  78  9.1 11.3 99.00 99.00 99.00 999 1012.4  27.8  28.0  25.6 99.0 99.00
2026 05 31 12 40  75  9.4 11.2  2.36  7.14  5.89  82 1012.4  27.8  28.0  25.6 99.0 99.00
2026 05 31 12 50  77  9.2 10.9 99.00 99.00 99.00 999 1012.6  27.8  28.0  25.6 99.0 99.00
2026 05 31 13 00  79  9.6 11.5 99.00 99.00 99.00 999 1012.6  27.9  28.0  25.6 99.0 99.00
2026 05 31 13 10  78  9.4 11.6  2.25  7.14  5.63  93 1012.5  27.9  28.0  25.6 99.0 99.00
2026 05 31 13 20  77  9.9 12.1 99.00 99.00 99.00 999 1012.4  27.9  28.0  25.6 99.0 99.00
2026 05 31 13 30  79  9.2 11.6 99.00 99.00 99.00 999 1012.3  27.9  28.0  25.7 99.0 99.00
2026 05 31 13 40  78  9.3 11.2  2.42  7.69  5.84  92 1012.5  27.9  28.0  25.8 99.0 99.00
2026 05 31 13 50  84  9.7 12.0 99.00 99.00 99.00 999 1012.5  27.9  28.0  25.6 99.0 99.00
2026 05 31 14 00  78  9.1 11.2 99.00 99.00 99.00 999 1012.6  28.0 999.0  25.7 99.0 99.00
2026 05 31 14 10  77  9.3 11.5  2.22  7.69  5.58  90 1012.6  27.9  28.0  25.7 99.0 99.00
2026 05 31 14 20  78  9.2 11.4 99.00 99.00 99.00 999 1012.7  27.9  28.0  25.7 99.0 99.00
2026 05 31 14 30  82 10.0 12.0 99.00 99.00 99.00 999 1012.8  27.9  28.0  25.5 99.0 99.00
2026 05 31 14 40  81  9.4 11.1  2.37  7.14  5.76  91 1012.8  28.0  28.0  25.6 99.0 99.00
2026 05 31 14 50  81  8.7 10.5 99.00 99.00 99.00 999 1013.0  28.0  28.0  25.8 99.0 99.00
2026 05 31 15 00  80  9.0 10.7 99.00 99.00 99.00 999 1012.9  28.0  28.0  25.9 99.0 99.00
2026 05 31 15 10  79  9.1 11.4  2.38  8.33  5.90  90 1012.9  28.0  28.0  25.8 99.0 99.00
2026 05 31 15 20  80  9.5 12.1 99.00 99.00 99.00 999 1012.9  28.0  28.0  25.8 99.0 99.00
2026 05 31 15 30  81  8.9 11.3 99.00 99.00 99.00 999 1013.0  28.0  28.1  25.8 99.0 99.00
2026 05 31 15 40  83  8.9 11.2  2.30  7.69  5.70 100 1012.8  28.0  28.1  25.8 99.0 99.00
2026 05 31 15 50  82  8.6 10.6 99.00 99.00 99.00 999 1012.7  28.0  28.1  25.8 99.0 99.00
2026 05 31 16 00  81  8.9 10.7 99.00 99.00 99.00 999 1012.7  28.0  28.1  25.9 99.0 99.00
2026 05 31 16 10  77  8.4 10.2  2.42  7.69  5.73  91 1012.5  28.0  28.1  25.9 99.0 99.00
2026 05 31 16 20  77  9.9 12.6 99.00 99.00 99.00 999 1012.5  28.0  28.1  25.8 99.0 99.00
2026 05 31 16 30  82  9.6 12.1 99.00 99.00 99.00 999 1012.4  28.1  28.1  25.9 99.0 99.00
2026 05 31 16 40  83 10.0 12.4  2.21  7.69  5.57  88 1012.3  28.0  28.1  25.7 99.0 99.00
2026 05 31 16 50  85  9.3 11.9 99.00 99.00 99.00 999 1012.1  28.0  28.1  25.8 99.0 99.00
2026 05 31 17 00  84  9.9 12.7 99.00 99.00 99.00 999 1011.9  28.0  28.1  25.7 99.0 99.00
2026 05 31 17 10  85  8.9 10.7  2.17  7.69  5.56  91 1011.7  28.1  28.1  26.0 99.0 99.00
2026 05 31 17 20  83  9.1 11.9 99.00 99.00 99.00 999 1011.5  28.0  28.1  26.0 99.0 99.00
2026 05 31 17 30  77  9.3 11.2 99.00 99.00 99.00 999 1011.5  27.9  28.1  25.8 99.0 99.00
2026 05 31 17 40  80  9.9 11.8  2.37  7.69  5.77  89 1011.3  28.0  28.1  25.8 99.0 99.00
2026 05 31 17 50  81  9.8 11.5 99.00 99.00 99.00 999 1011.2  28.0  28.1  25.8 99.0 99.00
2026 05 31 18 00  81  9.7 11.8 99.00 99.00 99.00 999 1011.0  28.0  28.1  25.9 99.0 99.00
2026 05 31 18 10  79  9.0 10.8  2.35  8.33  5.75  87 1011.0  28.0  28.1  26.0 99.0 99.00
2026 05 31 18 20  75  8.9 11.1 99.00 99.00 99.00 999 1011.0  28.0  28.1  26.1 99.0 99.00
2026 05 31 18 30  76  8.5 10.4 99.00 99.00 99.00 999 1010.9  28.0  28.1  26.2 99.0 99.00
2026 05 31 18 40  75 10.0 11.7  2.35  7.69  5.86  97 1010.7  28.0  28.1  26.0 99.0 99.00
2026 05 31 18 50  77  9.6 11.8 99.00 99.00 99.00 999 1010.7  28.0  28.1  25.9 99.0 99.00
2026 05 31 19 00  79 10.4 12.9 99.00 99.00 99.00 999 1010.7  28.1  28.1  25.7 99.0 99.00
2026 05 31 19 10  83  9.3 11.2  2.10  7.69  5.53  96 1010.7  28.1  28.1  25.8 99.0 99.00
2026 05 31 19 20  81  8.9 10.9 99.00 99.00 99.00 999 1010.6  28.0  28.1  25.8 99.0 99.00
2026 05 31 19 30  82  9.3 11.4 99.00 99.00 99.00 999 1010.6  28.0  28.1  25.6 99.0 99.00
2026 05 31 19 40  82  9.1 11.2  2.03  7.69  5.45  90 1010.6  28.1  28.1  25.5 99.0 99.00
2026 05 31 19 50  84  8.7 10.7 99.00 99.00 99.00 999 1010.5  28.1  28.1  25.7 99.0 99.00
2026 05 31 20 00  76  8.5 10.0 99.00 99.00 99.00 999 1010.4  28.1  28.1  25.8 99.0 99.00
2026 05 31 20 10  78  8.7 10.5  2.12  7.69  5.58  92 1010.3  28.0  28.1  25.6 99.0 99.00
2026 05 31 20 20  75  8.4 10.4 99.00 99.00 99.00 999 1010.1  28.1  28.1  25.7 99.0 99.00
2026 05 31 20 30  74  8.8 10.6 99.00 99.00 99.00 999 1010.1  28.0  28.1  25.7 99.0 99.00
2026 05 31 20 40  73  8.6 10.3  2.16  7.69  5.62  94 1010.1  28.0  28.1  25.7 99.0 99.00
2026 05 31 20 50  70  8.5  9.9 99.00 99.00 99.00 999 1010.0  28.0  28.1  25.8 99.0 99.00
2026 05 31 21 00  67  8.6 10.4 99.00 99.00 99.00 999 1009.9  28.0  28.1  25.8 99.0 99.00
2026 05 31 21 10  67  8.8 11.3  2.19  7.69  5.74  96 1009.9  28.0  28.2  25.8 99.0 99.00
2026 05 31 21 20  66  9.2 11.0 99.00 99.00 99.00 999 1009.9  28.0  28.1  25.7 99.0 99.00
2026 05 31 21 30  65  9.4 11.5 99.00 99.00 99.00 999 1009.8  28.0  28.1  25.7 99.0 99.00
2026 05 31 21 40  65  9.3 11.6  2.20  7.69  5.63  90 1009.9  28.0  28.1  25.7 99.0 99.00
2026 05 31 21 50  66  9.1 11.1 99.00 99.00 99.00 999 1009.9  28.0  28.1  25.8 99.0 99.00
2026 05 31 22 00  65  9.0 11.0 99.00 99.00 99.00 999 1010.0  28.0  28.1  25.9 99.0 99.00
2026 05 31 22 10  65  9.3 11.2  2.17  7.69  5.46  91 1009.9  27.9  28.1  25.7 99.0 99.00
2026 05 31 22 20  66  9.3 11.6 99.00 99.00 99.00 999 1009.8  28.0  28.1  25.7 99.0 99.00
2026 05 31 22 30  68  9.4 11.3 99.00 99.00 99.00 999 1009.9  28.0  28.1  25.8 99.0 99.00
2026 05 31 22 40  66  9.5 11.8  2.20  7.69  5.67  99 1010.0  28.0  28.1  25.8 99.0 99.00
2026 05 31 22 50  65  9.2 11.9 99.00 99.00 99.00 999 1010.1  28.0  28.1  26.0 99.0 99.00
2026 05 31 23 00  66  9.4 12.2 99.00 99.00 99.00 999 1010.3  27.9  28.1  25.8 99.0 99.00
2026 05 31 23 10  66  9.1 10.8  2.19  7.69  5.69  92 1010.4  27.9  28.1  25.8 99.0 99.00
2026 05 31 23 20  69  8.8 11.3 99.00 99.00 99.00 999 1010.6  28.0  28.1  26.0 99.0 99.00
2026 05 31 23 30  70  8.9 10.8 99.00 99.00 99.00 999 1010.7  27.9  28.1  25.8 99.0 99.00
2026 05 31 23 40  70  8.7 11.0  2.16  7.69  5.60  93 1010.8  28.0  28.1  26.0 99.0 99.00
2026 05 31 23 50  72  9.9 12.2 99.00 99.00 99.00 999 1010.9  27.9  28.1  25.8 99.0 99.00
