#YY  MM DD hh mm WDIR WSPD GST  WVHT   DPD   APD MWD   PRES  ATMP  WTMP  DEWP  VIS  TIDE
#yr  mo dy hr mn degT m/s  m/s     m   sec   sec deg    hPa  degC  degC  degC  nmi    ft
2026 04 05 17 40 999 99.0 99.0  1.76  7.14  5.25  77 9999.0 999.0 999.0 999.0 99.0 99.00
2026 04 05 17 50  77  7.8  9.1 99.00 99.00 99.00 999 1010.5  26.9  27.3  24.2 99.0 99.00
2026 04 05 18 00  74  7.4  8.8 99.00 99.00 99.00 999 1010.4  26.9  27.3  24.4 99.0 99.00
2026 04 05 18 10  75  7.3  8.9  1.69  7.14  5.23  85 1010.2  26.9  27.3  24.5 99.0 99.00
2026 04 05 18 20  79  7.6  9.0 99.00 99.00 99.00 999 1010.1  26.9  27.3  24.3 99.0 99.00
2026 04 05 18 30  77  7.6  9.2 99.00 99.00 99.00 999 1009.9  27.0  27.4  24.3 99.0 99.00
2026 04 05 18 40  80  7.7  9.3  1.67  7.14  5.26  87 1009.9  27.0  27.4  24.1 99.0 99.00
2026 04 05 18 50  77  7.3  8.6 99.00 99.00 99.00 999 1009.8  27.0  27.4  24.3 99.0 99.00
2026 04 05 19 00  73  7.0  8.1 99.00 99.00 99.00 999 1009.6  27.0  27.4  24.5 99.0 99.00
2026 04 05 19 10  69  7.4  8.9  1.70  7.14  5.20  79 1009.5  27.0  27.4  24.5 99.0 99.00
2026 04 05 19 20  75  7.7  9.1 99.00 99.00 99.00 999 1009.5  27.0  27.4  24.3 99.0 99.00
2026 04 05 19 30  71  7.0  8.6 99.00 99.00 99.00 999 1009.4  27.0  27.4  24.4 99.0 99.00
2026 04 05 19 40  67  6.7  7.8  1.56  7.14  5.09  85 1009.4  27.0  27.4  24.6 99.0 99.00
2026 04 05 19 50  68  7.1  9.0 99.00 99.00 99.00 999 1009.3  27.0  27.4  24.5 99.0 99.00
2026 04 05 20 00  70  7.5  9.2 99.00 99.00 99.00 999 1009.2  27.0  27.4  24.2 99.0 99.00
2026 04 05 20 10  71  7.1  8.7  1.62  6.25  5.17  75 1009.0  27.0  27.4  24.2 99.0 99.00
2026 04 05 20 20  69  7.0  8.2 99.00 99.00 99.00 999 1009.0  27.0  27.4  24.3 99.0 99.00
2026 04 05 20 30  68  6.8  8.2 99.00 99.00 99.00 999 1009.0  27.0  27.4  24.3 99.0 99.00
2026 04 05 20 40  70  6.8  8.5  1.56  6.67  5.14  70 1008.8  27.0  27.4  24.4 99.0 99.00
2026 04 05 20 50  67  6.8  8.2 99.00 99.00 99.00 999 1008.8  27.0  27.4  24.4 99.0 99.00
2026 04 05 21 00  68  6.6  8.1 99.00 99.00 99.00 999 1008.8  27.0  27.4  24.4 99.0 99.00
2026 04 05 21 10  66  6.8  8.3  1.85  7.14  5.44  85 1008.7  27.0  27.4  24.4 99.0 99.00
2026 04 05 21 20  67  7.0  8.3 99.00 99.00 99.00 999 1008.7  27.0  27.4  24.4 99.0 99.00
2026 04 05 21 30  71  6.8  8.0 99.00 99.00 99.00 999 1008.7  27.0  27.4  24.3 99.0 99.00
2026 04 05 21 40  72  6.5  7.8  1.64  7.14  5.24  85 1008.6  27.0  27.4  24.4 99.0 99.00
2026 04 05 21 50  67  6.9  8.3 99.00 99.00 99.00 999 1008.5  27.0  27.3  24.4 99.0 99.00
2026 04 05 22 00  70  6.6  7.7 99.00 99.00 99.00 999 1008.5  27.0  27.3  24.4 99.0 99.00
2026 04 05 22 10  73  6.7  7.7  1.61  7.14  5.27  84 1008.5  27.0  27.4  24.4 99.0 99.00
2026 04 05 22 20  68  6.7  8.0 99.00 99.00 99.00 999 1008.4  26.9  27.3  24.4 99.0 99.00
2026 04 05 22 30  66  7.0  8.7 99.00 99.00 99.00 999 1008.5  26.9  27.3  24.3 99.0 99.00
2026 04 05 22 40  65  6.7  8.2  1.61  7.69  5.29  67 1008.5  26.9  27.3  24.4 99.0 99.00
2026 04 05 22 50  63  7.1  8.8 99.00 99.00 99.00 999 1008.5  26.9  27.3  24.3 99.0 99.00
2026 04 05 23 00  63  6.6  8.5 99.00 99.00 99.00 999 1008.5  27.0  27.3  24.6 99.0 99.00
2026 04 05 23 10  59  7.1  8.4  1.62  7.14  5.26  80 1008.6  26.9  27.3  24.3 99.0 99.00
2026 04 05 23 20  61  6.9  8.0 99.00 99.00 99.00 999 1008.7  26.9  27.3  24.3 99.0 99.00
2026 04 05 23 30  61  7.0  8.4 99.00 99.00 99.00 999 1008.7  26.9  27.3  24.4 99.0 99.00
2026 04 05 23 40  60  7.0  8.1  1.70  7.69  5.41  87 1008.9  26.9  27.3  24.3 99.0 99.00
2026 04 05 23 50  55  6.9  8.2 99.00 99.00 99.00 999 1009.0  26.9  27.3  24.5 99.0 99.00
2026 04 06 00 00  54  6.6  8.0 99.00 99.00 99.00 999 1009.2  26.9  27.3  24.5 99.0 99.00
2026 04 06 00 10  54  7.5  8.8  1.71  7.14  5.43  75 1009.2  26.9  27.3  24.3 99.0 99.00
2026 04 06 00 20  56  7.3  8.8 99.00 99.00 99.00 999 1009.3  27.0  27.3  24.5 99.0 99.00
2026 04 06 00 30  52  7.6  9.1 99.00 99.00 99.00 999 1009.5  27.0  27.3  24.5 99.0 99.00
2026 04 06 00 40  51  7.3  8.9  1.53  7.14  5.21  92 1009.6  26.9  27.3  24.5 99.0 99.00
2026 04 06 00 50  53  7.2  8.5 99.00 99.00 99.00 999 1009.8  27.0  27.3  24.7 99.0 99.00
2026 04 06 01 00  54  7.6  9.3 99.00 99.00 99.00 999 1009.8  26.9  27.3  24.4 99.0 99.00
2026 04 06 01 10  52  7.5  8.8  1.75  7.69  5.46  88 1010.0  27.0  27.2  24.7 99.0 99.00
2026 04 06 01 20  50  7.6  9.1 99.00 99.00 99.00 999 1010.2  26.9  27.2  24.5 99.0 99.00
2026 04 06 01 30  49  6.9  8.7 99.00 99.00 99.00 999 1010.3  27.0  27.3  24.8 99.0 99.00
2026 04 06 01 40  47  8.0  9.7  1.67  7.69  5.48  92 1010.5  27.0  27.3  24.7 99.0 99.00
2026 04 06 01 50  47  7.5  9.5 99.00 99.00 99.00 999 1010.8  27.0  27.2  24.9 99.0 99.00
2026 04 06 02 00  52  7.5  9.0 99.00 99.00 99.00 999 1011.0  27.0  27.2  24.8 99.0 99.00
2026 04 06 02 10  51  7.3  8.7  1.74  7.14  5.29  75 1011.2  27.0  27.2  24.8 99.0 99.00
2026 04 06 02 20  57  6.9  8.4 99.00 99.00 99.00 999 1011.4  26.9  27.2  24.8 99.0 99.00
2026 04 06 02 30  46  7.7  9.6 99.00 99.00 99.00 999 1011.6  26.8  27.2  25.0 99.0 99.00
2026 04 06 02 40  50  7.3  8.7  1.67  7.14  5.31  86 1011.6  26.7  27.3  25.0 99.0 99.00
2026 04 06 02 50  51  7.1  8.2 99.00 99.00 99.00 999 1011.8  26.8  27.3  25.1 99.0 99.00
2026 04 06 03 00  51  7.4  8.9 99.00 99.00 99.00 999 1011.7  26.9  27.3  25.0 99.0 99.00
2026 04 06 03 10  49  8.0  9.6  1.63  7.69  5.22  96 1011.8  27.0  27.2  24.9 99.0 99.00
2026 04 06 03 20  47  7.8  9.6 99.00 99.00 99.00 999 1011.9  27.0  27.2  24.9 99.0 99.00
2026 04 06 03 30  49  8.0  9.3 99.00 99.00 99.00 999 1011.8  26.9  27.2  24.7 99.0 99.00
2026 04 06 03 40  51  7.5  9.1  1.61  7.69  5.15  83 1011.8  26.9  27.2  24.9 99.0 99.00
2026 04 06 03 50  54  7.7  9.4 99.00 99.00 99.00 999 1011.7  26.9  27.2  24.8 99.0 99.00
2026 04 06 04 00  53  8.1  9.8 99.00 99.00 99.00 999 1011.7  27.0  27.2  24.8 99.0 99.00
2026 04 06 04 10  53  8.2  9.4  1.81  7.69  5.47  88 1011.6  26.9  27.2  24.7 99.0 99.00
2026 04 06 04 20  55  7.7  9.9 99.00 99.00 99.00 999 1011.4  26.9  27.2  24.9 99.0 99.00
2026 04 06 04 30  55  8.1  9.7 99.00 99.00 99.00 999 1011.5  26.9  27.2  24.5 99.0 99.00
2026 04 06 04 40  53  7.8  9.4  1.77  7.69  5.56  81 1011.4  26.9  27.2  24.6 99.0 99.00
2026 04 06 04 50  52  7.9  9.2 99.00 99.00 99.00 999 1011.3  26.9  27.2  24.7 99.0 99.00
2026 04 06 05 00  54  8.1  9.7 99.00 99.00 99.00 999 1011.3  26.9 999.0  24.7 99.0 99.00
2026 04 06 05 10  54  8.1  9.8  1.73  7.14  5.19  86 1011.2  26.9  27.2  24.7 99.0 99.00
2026 04 06 05 20  57  8.1  9.6 99.00 99.00 99.00 999 1011.2  26.8  27.2  24.7 99.0 99.00
2026 04 06 05 30  57  7.8  9.2 99.00 99.00 99.00 999 1011.0  26.8  27.2  24.8 99.0 99.00
2026 04 06 05 40  53  8.2  9.9  1.63  8.33  5.30  83 1011.0  26.8  27.2  24.6 99.0 99.00
2026 04 06 05 50  50  7.9  9.2 99.00 99.00 99.00 999 1010.9  26.9  27.2  24.8 99.0 99.00
2026 04 06 06 00  48  7.8  9.4 99.00 99.00 99.00 999 1010.8  26.9  27.2  24.9 99.0 99.00
2026 04 06 06 10  47  7.7  9.4  1.84  7.69  5.52  83 1010.6  26.7  27.2  24.7 99.0 99.00
2026 04 06 06 20  47  7.4  8.9 99.00 99.00 99.00 999 1010.5  26.6  27.2  24.7 99.0 99.00
2026 04 06 06 30  50  7.3  8.9 99.00 99.00 99.00 999 1010.4  26.6  27.2  24.9 99.0 99.00
2026 04 06 06 40  55  7.2  8.9  1.68  7.69  5.44  90 1010.3  26.6  27.2  25.0 99.0 99.00
2026 04 06 06 50  60  7.1  8.2 99.00 99.00 99.00 999 1010.2  26.7  27.2  25.0 99.0 99.00
2026 04 06 07 00  57  7.9 10.1 99.00 99.00 99.00 999 1010.1  26.7  27.2  24.8 99.0 99.00
2026 04 06 07 10  58  7.9  9.7  1.76  7.69  5.45  81 1009.9  26.8  27.2  24.7 99.0 99.00
2026 04 06 07 20  55  8.6 10.7 99.00 99.00 99.00 999 1009.8  26.8  27.2  24.6 99.0 99.00
2026 04 06 07 30  58  8.2  9.7 99.00 99.00 99.00 999 1009.8  26.8  27.2  24.7 99.0 99.00
2026 04 06 07 40  58  7.8 10.1  1.82  7.69  5.47  89 1009.7  26.8  27.2  24.8 99.0 99.00
2026 04 06 07 50  60  8.3  9.8 99.00 99.00 99.00 999 1009.8  26.7  27.2  24.5 99.0 99.00
2026 04 06 08 00  62  8.2  9.7 99.00 99.00 99.00 999 1009.7  26.8  27.2  24.6 99.0 99.00
2026 04 06 08 10  63  8.2 10.1  1.68  7.69  5.29  86 1009.7  26.8  27.2  24.6 99.0 99.00
2026 04 06 08 20  63  7.6  8.9 99.00 99.00 99.00 999 1009.8  26.8  27.2  24.7 99.0 99.00
2026 04 06 08 30  61  8.0  9.6 99.00 99.00 99.00 999 1009.6  26.8  27.2  24.6 99.0 99.00
2026 04 06 08 40  60  8.2  9.8  1.74  7.69  5.32  79 1009.6  26.8  27.2  24.6 99.0 99.00
2026 04 06 08 50  65  8.0  9.2 99.00 99.00 99.00 999 1009.7  26.8  27.2  24.5 99.0 99.00
2026 04 06 09 00  65  8.0  9.4 99.00 99.00 99.00 999 1009.6  26.7  27.2  24.5 99.0 99.00
2026 04 06 09 10  67  7.7  9.5  1.66  7.69  5.46  80 1009.8  26.8  27.2  24.6 99.0 99.00
2026 04 06 09 20  64  7.6  9.1 99.00 99.00 99.00 999 1009.9  26.8  27.2  24.7 99.0 99.00
2026 04 06 09 30  67  7.4  9.2 99.00 99.00 99.00 999 1009.8  26.8  27.2  24.8 99.0 99.00
2026 04 06 09 40  69  7.7  9.6  1.74  7.69  5.38  82 1009.8  26.8  27.2  24.8 99.0 99.00
2026 04 06 09 50  66  8.1  9.5 99.00 99.00 99.00 999 1009.8  26.8  27.2  24.7 99.0 99.00
2026 04 06 10 00  65  8.2  9.5 99.00 99.00 99.00 999 1009.8  26.8  27.2  24.7 99.0 99.00
2026 04 06 10 10  63  7.8  9.9  1.84  7.69  5.42  83 1009.9  26.8  27.2  24.7 99.0 99.00
2026 04 06 10 20  63  8.0  9.8 99.00 99.00 99.00 999 1009.8  26.8  27.2  24.8 99.0 99.00
2026 04 06 10 30  66  8.2 10.3 99.00 99.00 99.00 999 1009.9  26.8  27.2  24.6 99.0 99.00
2026 04 06 10 40  65  8.1  9.5  1.81  7.69  5.43  77 1009.9  26.8  27.2  24.7 99.0 99.00
2026 04 06 10 50  63  8.4 10.5 99.00 99.00 99.00 999 1010.0  26.8  27.2  24.7 99.0 99.00
2026 04 06 11 00  67  8.7 10.6 99.00 99.00 99.00 999 1010.0  26.8  27.2  24.5 99.0 99.00
2026 04 06 11 10  68  8.2  9.8  1.74  7.69  5.29  85 1010.1  26.8  27.2  24.5 99.0 99.00
2026 04 06 11 20  68  8.3 10.2 99.00 99.00 99.00 999 1010.3  26.8  27.2  24.6 99.0 99.00
2026 04 06 11 30  65  8.2  9.7 99.00 99.00 99.00 999 1010.3  26.8  27.2  24.7 99.0 99.00
2026 04 06 11 40  64  7.9  9.6  1.93  7.69  5.58  88 1010.4  26.8  27.2  24.7 99.0 99.00
2026 04 06 11 50  65  8.0  9.8 99.00 99.00 99.00 999 1010.5  26.8  27.2  24.7 99.0 99.00
2026 04 06 12 00  66  7.9  9.3 99.00 99.00 99.00 999 1010.6  26.9  27.2  24.8 99.0 99.00
2026 04 06 12 10  63  7.9  9.2  1.89  7.69  5.37  82 1010.6  26.9  27.2  24.8 99.0 99.00
2026 04 06 12 20  68  7.9  9.3 99.00 99.00 99.00 999 1010.7  26.9  27.2  24.7 99.0 99.00
2026 04 06 12 30  66  7.5  9.0 99.00 99.00 99.00 999 1010.7  26.9  27.2  24.7 99.0 99.00
2026 04 06 12 40  67  7.5  9.0  1.97  7.69  5.60  91 1010.9  26.9 999.0  24.7 99.0 99.00
2026 04 06 12 50  67  7.9  9.3 99.00 99.00 99.00 999 1010.9  26.9  27.2  24.7 99.0 99.00
2026 04 06 13 00  67  7.8  9.6 99.00 99.00 99.00 999 1011.1  27.0  27.2  24.8 99.0 99.00
2026 04 06 13 10  69  7.4  8.8  1.75  7.69  5.35  89 1011.2  27.0  27.2  24.9 99.0 99.00
2026 04 06 13 20  71  7.9 10.1 99.00 99.00 99.00 999 1011.2  26.9  27.2  24.8 99.0 99.00
2026 04 06 13 30  78  7.8  9.5 99.00 99.00 99.00 999 1011.4  27.0  27.2  24.6 99.0 99.00
2026 04 06 13 40  80  7.6  9.4  1.78  7.69  5.27  87 1011.3  27.0  27.2  24.6 99.0 99.00
2026 04 06 13 50  81  7.6  9.1 99.00 99.00 99.00 999 1011.3  27.0  27.2  24.6 99.0 99.00
2026 04 06 14 00  78  7.5  9.2 99.00 99.00 99.00 999 1011.2  27.0  27.2  24.8 99.0 99.00
2026 04 06 14 10  81  8.0 10.0 99.00 99.00 99.00 999 1011.2  27.0  27.2  24.7 99.0 99.00
2026 04 06 14 40  84  7.8  9.3  1.69  7.14  5.36  80 1011.4  27.0  27.2  24.7 99.0 99.00
2026 04 06 14 50  78  7.3  9.0 99.00 99.00 99.00 999 1011.4  27.1  27.3  24.9 99.0 99.00
2026 04 06 15 00 999 99.0 99.0 99.00 99.00 99.00 999 9999.0 999.0  27.3 999.0 99.0 99.00
2026 04 06 15 10  79  7.8  8.9  1.86  7.69  5.39  73 1011.4  27.1  27.3  24.7 99.0 99.00
2026 04 06 15 20  79  7.4  9.3 99.00 99.00 99.00 999 1011.3  27.1  27.3  24.8 99.0 99.00
2026 04 06 15 30  79  8.1  9.7 99.00 99.00 99.00 999 1011.2  27.1  27.3  24.7 99.0 99.00
2026 04 06 15 40  77  7.1  9.2  1.78  7.69  5.48  77 1011.3  27.1  27.3  24.9 99.0 99.00
2026 04 06 15 50  77  7.6  9.2 99.00 99.00 99.00 999 1011.1  27.0  27.3  24.8 99.0 99.00
2026 04 06 16 00  78  8.1  9.9 99.00 99.00 99.00 999 1011.0  27.1  27.3  24.7 99.0 99.00
2026 04 06 16 10  77  7.5  8.9  1.86  7.69  5.40  70 1010.9  27.1  27.3  24.8 99.0 99.00
2026 04 06 16 20  79  7.5  8.7 99.00 99.00 99.00 999 1010.9  27.1  27.4  24.8 99.0 99.00
2026 04 06 16 30  78  7.2  8.8 99.00 99.00 99.00 999 1010.8  27.0  27.4  24.9 99.0 99.00
2026 04 06 16 40  77  7.5  9.0  1.82  7.69  5.48  83 1010.8  27.1  27.4  24.9 99.0 99.00
2026 04 06 16 50  77  7.5  8.9 99.00 99.00 99.00 999 1010.7  27.1  27.4  24.9 99.0 99.00
2026 04 06 17 00  76  7.0  8.4 99.00 99.00 99.00 999 1010.6  27.1  27.4  25.0 99.0 99.00
2026 04 06 17 10  79  7.0  8.3  1.78  7.14  5.25  70 1010.3  27.1  27.4  25.1 99.0 99.00
2026 04 06 17 20  79  7.0  8.3 99.00 99.00 99.00 999 1010.2  27.1  27.4  25.0 99.0 99.00
2026 04 06 17 30  79  7.5  8.9 99.00 99.00 99.00 999 1010.1  27.1  27.4  24.7 99.0 99.00
2026 04 06 17 40  77  7.9  9.2  1.98  7.69  5.59  82 1009.9  27.1  27.4  24.7 99.0 99.00
2026 04 06 17 50  76  7.7  9.3 99.00 99.00 99.00 999 1009.8  27.1  27.5  24.7 99.0 99.00
2026 04 06 18 00  77  7.6  9.2 99.00 99.00 99.00 999 1009.6  27.1  27.5  24.7 99.0 99.00
2026 04 06 18 10  78  7.4  9.1 99.00 99.00 99.00 999 1009.7  27.1  27.5  24.7 99.0 99.00
2026 04 06 18 30  78  7.2  8.4 99.00 99.00 99.00 999 1009.4  27.1  27.5  24.7 99.0 99.00
2026 04 06 18 40  81  7.1  8.4  1.97  7.69  5.63  84 1009.3  27.1  27.5  24.7 99.0 99.00
2026 04 06 18 50  79  7.1  8.3 99.00 99.00 99.00 999 1009.2  27.1  27.5  24.8 99.0 99.00
2026 04 06 19 00  75  7.0  8.3 99.00 99.00 99.00 999 1009.1  27.1  27.5  24.7 99.0 99.00
2026 04 06 19 10  77  6.8  8.2  1.81  7.69  5.35  85 1009.0  27.1  27.5  24.8 99.0 99.00
2026 04 06 19 20  72  6.9  8.2 99.00 99.00 99.00 999 1009.0  27.1  27.5  24.7 99.0 99.00
2026 04 06 19 30  74  6.9  8.4 99.00 99.00 99.00 999 1008.9  27.1  27.5  24.7 99.0 99.00
2026 04 06 19 40  76  6.9  7.8  1.80  7.14  5.46  80 1008.7  27.1  27.5  24.7 99.0 99.00
2026 04 06 19 50  74  6.8  8.2 99.00 99.00 99.00 999 1008.5  27.1  27.5  24.7 99.0 99.00
2026 04 06 20 00  72  6.4  7.5 99.00 99.00 99.00 999 1008.5  27.1  27.5  24.8 99.0 99.00
2026 04 06 20 10  75  5.8  7.0  1.82  7.69  5.67  80 1008.5  27.1  27.6  24.9 99.0 99.00
2026 04 06 20 20  73  6.4  7.7 99.00 99.00 99.00 999 1008.4  27.1  27.6  25.0 99.0 99.00
2026 04 06 20 30  71  6.9  7.9 99.00 99.00 99.00 999 1008.4  27.1  27.5  24.8 99.0 99.00
2026 04 06 20 40  71  6.4  7.5  1.81  7.69  5.65  81 1008.3  27.1  27.5  25.0 99.0 99.00
2026 04 06 20 50  69  6.5  7.8 99.00 99.00 99.00 999 1008.2  27.1  27.6  25.0 99.0 99.00
2026 04 06 21 00  68  6.7  8.2 99.00 99.00 99.00 999 1008.2  27.1  27.5  24.8 99.0 99.00
2026 04 06 21 10  67  6.6  7.8  1.66  7.69  5.49  91 1008.2  27.1  27.5  25.0 99.0 99.00
2026 04 06 21 20  69  6.7  8.1 99.00 99.00 99.00 999 1008.2  27.1  27.5  24.9 99.0 99.00
2026 04 06 21 30  69  6.7  8.0 99.00 99.00 99.00 999 1008.1  27.1  27.5  24.9 99.0 99.00
2026 04 06 21 40  69  6.6  7.7  1.75  7.69  5.54  83 1008.1  27.1  27.5  24.9 99.0 99.00
2026 04 06 21 50  67  6.3  7.4 99.00 99.00 99.00 999 1008.1  27.1  27.5  25.0 99.0 99.00
2026 04 06 22 00  67  6.4  7.8 99.00 99.00 99.00 999 1008.0  27.1  27.5  25.0 99.0 99.00
2026 04 06 22 10  64  6.4  7.5  1.61  7.14  5.42  80 1008.2  27.1  27.5  25.0 99.0 99.00
2026 04 06 22 20  64  6.4  8.0 99.00 99.00 99.00 999 1008.2  27.1  27.5  25.0 99.0 99.00
2026 04 06 22 30  65  6.7  7.8 99.00 99.00 99.00 999 1008.2  27.1  27.5  24.8 99.0 99.00
2026 04 06 22 40  65  6.8  7.9  1.65  7.69  5.35  83 1008.3  27.1  27.5  24.8 99.0 99.00
2026 04 06 22 50  62  6.4  7.4 99.00 99.00 99.00 999 1008.4  27.1  27.5  24.9 99.0 99.00
2026 04 06 23 00  64  6.3  7.8 99.00 99.00 99.00 999 1008.5  27.1  27.5  24.9 99.0 99.00
2026 04 06 23 10  62  6.5  7.6  1.60  7.14  5.61  86 1008.5  27.0  27.5  24.9 99.0 99.00
2026 04 06 23 20  63  6.1  7.5 99.00 99.00 99.00 999 1008.5  27.0  27.5  25.0 99.0 99.00
2026 04 06 23 30  63  6.4  7.7 99.00 99.00 99.00 999 1008.5  27.0  27.4  25.0 99.0 99.00
2026 04 06 23 40  59  5.8  7.1  1.69  7.69  5.58  76 1008.5  27.1  27.5  25.2 99.0 99.00
2026 04 06 23 50  59  6.2  7.4 99.00 99.00 99.00 999 1008.7  27.0  27.5  25.1 99.0 99.00
2026 04 07 00 00  63  6.7  8.3 99.00 99.00 99.00 999 1008.7  27.0  27.4  24.9 99.0 99.00
2026 04 07 00 10  62  6.1  7.3  1.68  7.69  5.64  78 1008.9  27.0  27.4  25.0 99.0 99.00
2026 04 07 00 20  63  5.8  7.2 99.00 99.00 99.00 999 1009.1  27.0  27.4  25.1 99.0 99.00
2026 04 07 00 30  59  5.9  7.3 99.00 99.00 99.00 999 1009.2  27.0  27.4  25.1 99.0 99.00
2026 04 07 00 40  58  5.9  7.1  1.63  7.69  5.45  79 1009.3  27.0  27.4  25.2 99.0 99.00
2026 04 07 00 50  56  6.1  7.4 99.00 99.00 99.00 999 1009.4  27.0  27.4  25.2 99.0 99.00
2026 04 07 01 00  56  6.5  7.8 99.00 99.00 99.00 999 1009.5  27.0  27.4  25.1 99.0 99.00
2026 04 07 01 10  55  6.4  7.6  1.65  7.69  5.61  84 1009.6  27.0  27.4  25.2 99.0 99.00
2026 04 07 01 20  58  6.7  7.9 99.00 99.00 99.00 999 1009.6  27.0  27.4  25.1 99.0 99.00
2026 04 07 01 30  61  6.6  7.9 99.00 99.00 99.00 999 1009.8  27.0  27.4  25.1 99.0 99.00
2026 04 07 01 40  58  6.2  7.3  1.59  7.69  5.35  83 1009.9  27.0  27.4  25.2 99.0 99.00
2026 04 07 01 50  58  5.8  7.4 99.00 99.00 99.00 999 1010.1  27.0  27.4  25.4 99.0 99.00
2026 04 07 02 00  55  6.2  7.4 99.00 99.00 99.00 999 1010.1  27.0  27.4  25.4 99.0 99.00
2026 04 07 02 10  53  6.5  7.6  1.60  7.69  5.46  72 1010.3  27.0  27.4  25.3 99.0 99.00
2026 04 07 02 20  52  6.3  7.5 99.00 99.00 99.00 999 1010.2  27.0  27.4  25.4 99.0 99.00
2026 04 07 02 30  56  6.7  7.9 99.00 99.00 99.00 999 1010.3  26.9  27.4  25.2 99.0 99.00
2026 04 07 02 40  57  6.8  8.2  1.72  7.69  5.61  73 1010.4  27.0  27.4  25.2 99.0 99.00
2026 04 07 02 50  57  6.6  7.6 99.00 99.00 99.00 999 1010.5  27.0  27.4  25.3 99.0 99.00
2026 04 07 03 00  55  6.7  7.8 99.00 99.00 99.00 999 1010.6  27.0  27.4  25.3 99.0 99.00
2026 04 07 03 10  55  6.2  7.5  1.54  7.69  5.39  78 1010.6  27.0  27.4  25.4 99.0 99.00
2026 04 07 03 20  57  6.6  7.9 99.00 99.00 99.00 999 1010.8  26.9  27.4  25.1 99.0 99.00
2026 04 07 03 30  61  6.8  8.3 99.00 99.00 99.00 999 1010.9  27.0  27.4  25.2 99.0 99.00
2026 04 07 03 40  60  7.2  8.7  1.70  7.69  5.58  83 1010.8  27.0  27.4  25.2 99.0 99.00
2026 04 07 03 50  60  7.0  8.3 99.00 99.00 99.00 999 1010.8  27.0  27.4  25.3 99.0 99.00
2026 04 07 04 00  57  6.6  7.9 99.00 99.00 99.00 999 1010.8  27.0  27.4  25.4 99.0 99.00
2026 04 07 04 10  56  7.0  8.5  1.57  7.69  5.39  71 1010.7  26.9  27.4  25.2 99.0 99.00
2026 04 07 04 20  56  6.6  8.3 99.00 99.00 99.00 999 1010.6  27.0  27.4  25.5 99.0 99.00
2026 04 07 04 30  60  7.1  8.2 99.00 99.00 99.00 999 1010.6  26.9  27.4  25.2 99.0 99.00
2026 04 07 04 40  60  6.6  8.0  1.55  7.69  5.34  68 1010.5  26.9  27.4  25.3 99.0 99.00
2026 04 07 04 50  60  6.6  8.5 99.00 99.00 99.00 999 1010.3  26.9  27.4  25.3 99.0 99.00
2026 04 07 05 00  63  7.3  8.8 99.00 99.00 99.00 999 1010.2  26.9  27.4  25.3 99.0 99.00
2026 04 07 05 10  62  7.2  8.5  1.61  7.69  5.47  79 1010.1  26.9  27.4  25.2 99.0 99.00
2026 04 07 05 20  59  6.8  8.5 99.00 99.00 99.00 999 1010.0  26.9  27.4  25.4 99.0 99.00
2026 04 07 05 30  54  7.0  8.3 99.00 99.00 99.00 999 1010.0  26.9  27.4  25.4 99.0 99.00
2026 04 07 05 40  56  7.1  8.7  1.55  7.69  5.41  74 1009.8  26.9  27.4  25.4 99.0 99.00
2026 04 07 05 50  56  7.4  8.8 99.00 99.00 99.00 999 1009.7  26.8  27.4  25.2 99.0 99.00
2026 04 07 06 00  58  7.2  8.9 99.00 99.00 99.00 999 1009.7  26.9  27.4  25.3 99.0 99.00
2026 04 07 06 10  59  7.7  9.4  1.51  7.69  5.36  75 1009.5  26.9  27.4  25.3 99.0 99.00
2026 04 07 06 20  58  7.4  8.9 99.00 99.00 99.00 999 1009.5  26.9  27.4  25.3 99.0 99.00
2026 04 07 06 30  57  7.4  8.7 99.00 99.00 99.00 999 1009.4  26.9  27.4  25.2 99.0 99.00
2026 04 07 06 40  57  7.3  8.7  1.56  7.69  5.46  78 1009.4  26.9  27.4  25.2 99.0 99.00
2026 04 07 06 50  53  7.2  9.0 99.00 99.00 99.00 999 1009.3  26.9  27.4  25.3 99.0 99.00
2026 04 07 07 00  53  7.5  9.3 99.00 99.00 99.00 999 1009.2  26.9  27.4  25.4 99.0 99.00
2026 04 07 07 10  55  7.2  8.6  1.58  7.69  5.22  82 1009.2  26.8  27.4  25.5 99.0 99.00
2026 04 07 07 20  55  7.4  8.7 99.00 99.00 99.00 999 1009.2  26.9  27.4  25.5 99.0 99.00
2026 04 07 07 30  55  7.0  8.3 99.00 99.00 99.00 999 1009.2  26.8  27.4  25.3 99.0 99.00
2026 04 07 07 40  54  6.6  8.0  1.68  7.69  5.56  83 1009.1  26.9  27.4  25.4 99.0 99.00
2026 04 07 07 50  54  6.5  7.8 99.00 99.00 99.00 999 1009.0  26.9  27.4  25.4 99.0 99.00
2026 04 07 08 00  50  6.7  8.0 99.00 99.00 99.00 999 1008.9  26.9  27.4  25.4 99.0 99.00
2026 04 07 08 10  49  6.9  8.0  1.46  7.69  5.27  82 1008.9  26.8  27.4  25.3 99.0 99.00
2026 04 07 08 20  55  6.6  7.8 99.00 99.00 99.00 999 1008.9  26.9  27.4  25.6 99.0 99.00
2026 04 07 08 30  62  6.5  8.1 99.00 99.00 99.00 999 1009.0  26.9  27.4  25.6 99.0 99.00
2026 04 07 08 40  67  6.8  8.6  1.66  7.69  5.60  78 1009.0  26.9  27.4  25.3 99.0 99.00
2026 04 07 08 50  69  6.7  8.6 99.00 99.00 99.00 999 1009.0  27.0  27.4  25.4 99.0 99.00
2026 04 07 09 00  72  7.2  9.1 99.00 99.00 99.00 999 1009.1  26.9  27.4  25.1 99.0 99.00
2026 04 07 09 10  70  6.9  8.6  1.56  7.69  5.30  73 1009.1  27.0  27.4  25.2 99.0 99.00
2026 04 07 09 20  67  6.8  8.1 99.00 99.00 99.00 999 1009.1  27.0  27.4  25.3 99.0 99.00
2026 04 07 09 30  71  6.9  8.8 99.00 99.00 99.00 999 1009.3  27.0  27.4  25.3 99.0 99.00
2026 04 07 09 40  70  7.2  9.1  1.57  7.14  5.49  78 1009.3  27.0  27.4  25.2 99.0 99.00
2026 04 07 09 50  71  6.9  8.3 99.00 99.00 99.00 999 1009.4  27.0  27.4  25.4 99.0 99.00
2026 04 07 10 00  70  7.3  8.8 99.00 99.00 99.00 999 1009.3  27.0  27.4  25.4 99.0 99.00
2026 04 07 10 10  66  7.8  9.2  1.66  7.69  5.40  78 1009.4  27.0  27.4  25.3 99.0 99.00
2026 04 07 10 20  69  7.3  9.0 99.00 99.00 99.00 999 1009.6  27.0  27.4  25.3 99.0 99.00
2026 04 07 10 30  65  6.9  8.0 99.00 99.00 99.00 999 1009.5  26.9  27.4  25.4 99.0 99.00
2026 04 07 10 40  69  6.6  8.1  1.65  7.14  5.47  76 1009.6  26.8  27.4  25.4 99.0 99.00
2026 04 07 10 50  70  7.3  8.9 99.00 99.00 99.00 999 1009.6  26.9  27.4  25.2 99.0 99.00
2026 04 07 11 00  69  6.9  8.4 99.00 99.00 99.00 999 1009.6  26.9  27.4  25.2 99.0 99.00
2026 04 07 11 10  68  7.0  8.8  1.62  7.69  5.42  80 1009.6  26.9  27.3  25.3 99.0 99.00
2026 04 07 11 20  70  7.1  8.7 99.00 99.00 99.00 999 1009.8  26.9  27.3  25.2 99.0 99.00
2026 04 07 11 30  68  7.1  8.4 99.00 99.00 99.00 999 1009.9  26.9  27.3  25.1 99.0 99.00
2026 04 07 11 40  67  6.6  7.9  1.58  7.14  5.40  79 1010.0  26.9 999.0  25.2 99.0 99.00
2026 04 07 11 50  67  6.4  8.2 99.00 99.00 99.00 999 1010.1  26.9  27.3  25.3 99.0 99.00
2026 04 07 12 00  67  6.1  7.5 99.00 99.00 99.00 999 1010.2  26.9  27.3  25.4 99.0 99.00
2026 04 07 12 10  67  6.2  7.7  1.56  7.69  5.32  75 1010.4  26.9  27.3  25.3 99.0 99.00
2026 04 07 12 20  67  6.6  7.8 99.00 99.00 99.00 999 1010.5  26.9  27.3  25.3 99.0 99.00
2026 04 07 12 30  71  6.9  8.2 99.00 99.00 99.00 999 1010.6  27.0  27.3  25.3 99.0 99.00
2026 04 07 12 40  70  6.7  8.0  1.59  7.69  5.25  74 1010.7  27.0  27.3  25.4 99.0 99.00
2026 04 07 12 50  70  6.3  7.5 99.00 99.00 99.00 999 1010.8  27.0  27.3  25.5 99.0 99.00
2026 04 07 13 00  67  5.9  7.2 99.00 99.00 99.00 999 1010.9  27.0  27.3  25.7 99.0 99.00
2026 04 07 13 10  71  6.5  8.0  1.59  7.14  5.19  80 1010.9  26.9  27.3  25.5 99.0 99.00
2026 04 07 13 20  72  7.3  8.6 99.00 99.00 99.00 999 1010.9  27.0  27.3  25.3 99.0 99.00
2026 04 07 13 30  74  7.2  8.8 99.00 99.00 99.00 999 1011.0  27.1  27.3  25.3 99.0 99.00
2026 04 07 13 40  73  6.8  8.1  1.65  7.14  5.30  74 1011.1  27.1  27.4  25.3 99.0 99.00
2026 04 07 13 50  75  7.2  8.8 99.00 99.00 99.00 999 1011.2  27.1  27.4  25.3 99.0 99.00
2026 04 07 14 00  76  7.1  8.7 99.00 99.00 99.00 999 1011.2  27.1  27.4  25.3 99.0 99.00
2026 04 07 14 10  75  6.5  8.0  1.79  7.69  5.53  77 1011.2  27.1  27.4  25.5 99.0 99.00
2026 04 07 14 20  75  6.8  8.1 99.00 99.00 99.00 999 1011.2  27.1  27.4  25.5 99.0 99.00
2026 04 07 14 30  74  6.6  7.9 99.00 99.00 99.00 999 1011.2  27.1  27.4  25.5 99.0 99.00
2026 04 07 14 40  75  6.3  8.0  1.76  7.69  5.40  76 1011.2  27.1  27.4  25.5 99.0 99.00
2026 04 07 14 50  79  6.9  8.2 99.00 99.00 99.00 999 1011.2  27.1  27.4  25.3 99.0 99.00
2026 04 07 15 00  77  7.0  8.5 99.00 99.00 99.00 999 1011.2  27.2  27.4  25.4 99.0 99.00
2026 04 07 15 10  77  6.7  7.7  1.80  8.33  5.53  78 1011.2  27.2  27.4  25.4 99.0 99.00
2026 04 07 15 20  77  6.2  7.3 99.00 99.00 99.00 999 1011.1  27.2  27.4  25.5 99.0 99.00
2026 04 07 15 30  76  7.1  8.6 99.00 99.00 99.00 999 1010.9  27.1  27.4  25.2 99.0 99.00
2026 04 07 15 40  75  6.9  8.4  1.56  7.69  5.16  83 1011.0  27.2  27.5  25.4 99.0 99.00
2026 04 07 15 50  74  6.3  8.0 99.00 99.00 99.00 999 1011.0  27.1  27.5  25.5 99.0 99.00
2026 04 07 16 00  82  7.4  8.7 99.00 99.00 99.00 999 1011.0  27.2  27.5  25.2 99.0 99.00
2026 04 07 16 10  83  7.1  8.4  1.61  7.69  5.25  75 1010.9  27.2  27.5  25.2 99.0 99.00
2026 04 07 16 20  86  6.5  8.1 99.00 99.00 99.00 999 1010.9  27.2  27.5  25.3 99.0 99.00
2026 04 07 16 30  85  6.3  7.6 99.00 99.00 99.00 999 1010.9  27.2  27.5  25.3 99.0 99.00
2026 04 07 16 40  81  5.9  7.2  1.61  8.33  5.35  77 1010.9  27.2  27.5  25.4 99.0 99.00
2026 04 07 16 50  82  6.2  7.4 99.00 99.00 99.00 999 1010.8  27.2  27.6  25.3 99.0 99.00
2026 04 07 17 00  82  6.2  7.7 99.00 99.00 99.00 999 1010.6  27.2  27.6  25.4 99.0 99.00
2026 04 07 17 10  80  6.1  7.2  1.55  7.69  5.40  77 1010.5  27.2  27.6  25.4 99.0 99.00
2026 04 07 17 20  81  6.1  7.5 99.00 99.00 99.00 999 1010.4  27.3  27.6  25.5 99.0 99.00
2026 04 07 17 30  78  6.0  7.1 99.00 99.00 99.00 999 1010.2  27.3  27.6  25.5 99.0 99.00
2026 04 07 17 40  76  6.3  7.8  1.69  8.33  5.50  81 1010.0  27.2  27.6  25.3 99.0 99.00
2026 04 07 17 50  74  5.7  7.1 99.00 99.00 99.00 999 1010.0  27.3  27.6  25.5 99.0 99.00
2026 04 07 18 00  73  5.7  7.1 99.00 99.00 99.00 999 1009.8  27.2  27.6  25.5 99.0 99.00
2026 04 07 18 10  74  5.6  6.7  1.60  7.69  5.41  84 1009.6  27.2  27.6  25.4 99.0 99.00
2026 04 07 18 20  78  5.6  7.0 99.00 99.00 99.00 999 1009.5  27.2  27.6  25.4 99.0 99.00
2026 04 07 18 30  77  5.7  6.5 99.00 99.00 99.00 999 1009.3  27.2  27.7  25.4 99.0 99.00
2026 04 07 18 40  80  5.5  6.5  1.67  7.69  5.63  82 1009.2  27.3  27.6  25.5 99.0 99.00
2026 04 07 18 50  73  5.9  7.4 99.00 99.00 99.00 999 1009.1  27.3  27.6  25.5 99.0 99.00
2026 04 07 19 00  75  6.0  7.1 99.00 99.00 99.00 999 1009.0  27.3  27.7  25.5 99.0 99.00
2026 04 07 19 10  74  6.2  7.4  1.60  7.14  5.56  80 1008.9  27.3  27.7  25.4 99.0 99.00
2026 04 07 19 20  73  6.0  7.2 99.00 99.00 99.00 999 1008.8  27.3  27.7  25.3 99.0 99.00
2026 04 07 19 30  69  5.5  6.6 99.00 99.00 99.00 999 1008.7  27.3  27.7  25.3 99.0 99.00
2026 04 07 19 40  66  5.5  6.5  1.47  8.33  5.55  86 1008.7  27.3  27.7  25.5 99.0 99.00
2026 04 07 19 50  63  5.7  6.7 99.00 99.00 99.00 999 1008.6  27.3  27.7  25.4 99.0 99.00
2026 04 07 20 00  60  5.9  7.0 99.00 99.00 99.00 999 1008.6  27.3  27.7  25.3 99.0 99.00
2026 04 07 20 10  58  5.7  6.9  1.63  7.69  5.62  86 1008.6  27.3  27.7  25.5 99.0 99.00
2026 04 07 20 20  61  5.5  6.8 99.00 99.00 99.00 999 1008.5  27.3  27.7  25.5 99.0 99.00
2026 04 07 20 30  60  5.6  6.7 99.00 99.00 99.00 999 1008.5  27.3  27.7  25.5 99.0 99.00
2026 04 07 20 40  63  5.4  6.5  1.69  7.69  5.56  89 1008.4  27.3  27.7  25.6 99.0 99.00
2026 04 07 20 50  62  5.8  6.8 99.00 99.00 99.00 999 1008.4  27.3  27.7  25.5 99.0 99.00
2026 04 07 21 00  57  5.7  7.1 99.00 99.00 99.00 999 1008.4  27.3  27.7  25.6 99.0 99.00
2026 04 07 21 10  59  5.9  7.0  1.58  7.69  5.64  83 1008.4  27.3  27.7  25.5 99.0 99.00
2026 04 07 21 20  63  6.0  7.0 99.00 99.00 99.00 999 1008.4  27.3  27.7  25.5 99.0 99.00
2026 04 07 21 30  66  6.0  7.2 99.00 99.00 99.00 999 1008.5  27.4  27.7  25.5 99.0 99.00
2026 04 07 21 40  66  5.9  7.1  1.55  7.69  5.57  82 1008.4  27.4  27.7  25.4 99.0 99.00
2026 04 07 21 50  64  5.8  6.9 99.00 99.00 99.00 999 1008.3  27.4  27.7  25.5 99.0 99.00
2026 04 07 22 00  61  5.8  6.9 99.00 99.00 99.00 999 1008.2  27.4  27.7  25.6 99.0 99.00
2026 04 07 22 10  62  5.9  7.2  1.49  8.33  5.43  90 1008.3  27.3  27.6  25.6 99.0 99.00
2026 04 07 22 20  60  5.8  6.7 99.00 99.00 99.00 999 1008.3  27.3  27.6  25.4 99.0 99.00
2026 04 07 22 30  61  5.6  7.1 99.00 99.00 99.00 999 1008.3  27.3  27.6  25.4 99.0 99.00
2026 04 07 22 40  58  5.5  6.8  1.48  7.69  5.45  81 1008.3  27.3  27.6  25.4 99.0 99.00
2026 04 07 22 50  58  6.3  7.3 99.00 99.00 99.00 999 1008.4  27.2  27.6  25.3 99.0 99.00
2026 04 07 23 00  52  6.0  7.0 99.00 99.00 99.00 999 1008.4  27.3  27.6  25.5 99.0 99.00
2026 04 07 23 10  54  5.8  7.1  1.54  7.69  5.45  83 1008.3  27.2  27.6  25.5 99.0 99.00
2026 04 07 23 20  50  6.4  7.6 99.00 99.00 99.00 999 1008.4  27.2  27.6  25.4 99.0 99.00
2026 04 07 23 30  47  5.9  7.0 99.00 99.00 99.00 999 1008.6  27.3  27.6  25.7 99.0 99.00
2026 04 07 23 40  51  5.7  6.9  1.50  8.33  5.46  77 1008.7  27.2  27.6  25.6 99.0 99.00
2026 04 07 23 50  46  6.0  7.1 99.00 99.00 99.00 999 1008.7  27.2  27.6  25.6 99.0 99.00
2026 04 08 00 00  50  5.7  6.8 99.00 99.00 99.00 999 1008.8  27.2  27.6  25.8 99.0 99.00
2026 04 08 00 10  52  6.2  7.8  1.60  7.14  5.66  81 1009.0  27.2  27.6  25.7 99.0 99.00
2026 04 08 00 20  50  6.2  7.4 99.00 99.00 99.00 999 1009.2  27.2  27.6  25.7 99.0 99.00
2026 04 08 00 30  49  6.1  7.7 99.00 99.00 99.00 999 1009.4  27.2  27.6  25.7 99.0 99.00
2026 04 08 00 40  46  6.1  7.2  1.51  8.33  5.61  84 1009.5  27.2  27.6  25.6 99.0 99.00
2026 04 08 00 50  48  6.0  7.3 99.00 99.00 99.00 999 1009.6  27.2  27.6  25.7 99.0 99.00
2026 04 08 01 00  49  6.5  7.6 99.00 99.00 99.00 999 1009.7  27.2  27.6  25.7 99.0 99.00
2026 04 08 01 10  47  6.5  7.8  1.67  7.69  5.81  84 1009.8  27.2  27.6  25.6 99.0 99.00
2026 04 08 01 20  45  5.9  7.1 99.00 99.00 99.00 999 1010.1  27.3  27.6  25.8 99.0 99.00
2026 04 08 01 30  48  6.2  7.5 99.00 99.00 99.00 999 1010.2  27.3  27.6  25.8 99.0 99.00
2026 04 08 01 40  45  6.4  8.0  1.47  8.33  5.51  83 1010.3  27.3  27.6  25.8 99.0 99.00
2026 04 08 01 50  46  6.7  8.0 99.00 99.00 99.00 999 1010.3  27.3  27.6  25.8 99.0 99.00
2026 04 08 02 00  48  6.4  7.5 99.00 99.00 99.00 999 1010.4  27.3  27.6  25.9 99.0 99.00
2026 04 08 02 10  51  6.5  8.0  1.63  7.69  5.68  80 1010.4  27.3  27.6  25.9 99.0 99.00
2026 04 08 02 20  56  6.6  8.1 99.00 99.00 99.00 999 1010.5  27.3  27.6  25.9 99.0 99.00
2026 04 08 02 30  55  6.7  7.7 99.00 99.00 99.00 999 1010.7  27.3 999.0  25.9 99.0 99.00
2026 04 08 02 40  60  6.8  7.9  1.59  7.69  5.49  79 1010.7  27.3  27.6  25.9 99.0 99.00
2026 04 08 02 50  60  6.4  7.7 99.00 99.00 99.00 999 1011.0  27.3  27.6  25.9 99.0 99.00
2026 04 08 03 00  62  7.0  8.5 99.00 99.00 99.00 999 1011.0  27.3  27.6  25.8 99.0 99.00
2026 04 08 03 10  63  6.9  8.7  1.56  8.33  5.41  85 1011.0  27.3  27.6  25.8 99.0 99.00
2026 04 08 03 20  62  6.9  8.2 99.00 99.00 99.00 999 1011.0  27.2  27.6  25.7 99.0 99.00
2026 04 08 03 30  64  6.5  8.0 99.00 99.00 99.00 999 1011.0  27.2  27.6  25.8 99.0 99.00
2026 04 08 03 40  67  6.2  8.0  1.62  8.33  5.47  81 1011.0  27.2  27.5  25.7 99.0 99.00
2026 04 08 03 50  65  6.3  7.5 99.00 99.00 99.00 999 1010.9  27.2  27.5  25.7 99.0 99.00
2026 04 08 04 00  62  5.9  7.3 99.00 99.00 99.00 999 1010.9  27.2  27.5  25.8 99.0 99.00
2026 04 08 04 10  62  6.4  7.8  1.64  8.33  5.53  85 1010.8  27.2  27.5  25.8 99.0 99.00
2026 04 08 04 20  61  6.7  8.0 99.00 99.00 99.00 999 1010.9  27.2  27.5  25.7 99.0 99.00
2026 04 08 04 30  61  6.3  7.6 99.00 99.00 99.00 999 1010.8  27.2  27.5  25.7 99.0 99.00
2026 04 08 04 40  60  6.8  8.4  1.71  8.33  5.48  86 1010.8  27.2  27.5  25.6 99.0 99.00
2026 04 08 04 50  56  6.5  7.9 99.00 99.00 99.00 999 1010.8  27.2  27.5  25.7 99.0 99.00
2026 04 08 05 00  53  6.8  8.4 99.00 99.00 99.00 999 1010.6  27.2  27.5  25.6 99.0 99.00
2026 04 08 05 10  58  6.7  7.9  1.68  8.33  5.54  78 1010.5  27.2  27.5  25.6 99.0 99.00
2026 04 08 05 20  54  6.7  8.1 99.00 99.00 99.00 999 1010.4  27.2  27.5  25.7 99.0 99.00
2026 04 08 05 30  52  6.7  8.3 99.00 99.00 99.00 999 1010.3  27.2  27.5  25.7 99.0 99.00
2026 04 08 05 40  46  7.1  8.6  1.57  7.69  5.24  86 1010.2  27.2  27.5  25.7 99.0 99.00
2026 04 08 05 50  46  7.1  8.9 99.00 99.00 99.00 999 1010.1  27.1  27.5  25.6 99.0 99.00
2026 04 08 06 00  46  6.9  8.6 99.00 99.00 99.00 999 1010.1  27.1  27.5  25.6 99.0 99.00
2026 04 08 06 10  43  6.7  8.0  1.69  7.69  5.44  87 1009.9  27.1  27.5  25.6 99.0 99.00
2026 04 08 06 20  43  6.8  8.0 99.00 99.00 99.00 999 1009.9  27.1  27.5  25.7 99.0 99.00
2026 04 08 06 30  49  7.1  8.4 99.00 99.00 99.00 999 1009.9  27.1  27.5  25.7 99.0 99.00
2026 04 08 06 40  49  6.9  8.3  1.62  7.14  5.37  81 1009.8  27.1  27.5  25.7 99.0 99.00
2026 04 08 06 50  51  7.4  8.8 99.00 99.00 99.00 999 1009.8  27.0  27.5  25.5 99.0 99.00
2026 04 08 07 00  52  7.0  8.3 99.00 99.00 99.00 999 1009.7  27.1  27.5  25.6 99.0 99.00
2026 04 08 07 10  50  7.1  8.6  1.67  7.69  5.37  88 1009.5  27.1  27.5  25.6 99.0 99.00
2026 04 08 07 20  51  6.8  8.0 99.00 99.00 99.00 999 1009.3  27.1  27.5  25.7 99.0 99.00
2026 04 08 07 30  52  6.4  7.6 99.00 99.00 99.00 999 1009.4  27.1  27.5  25.8 99.0 99.00
2026 04 08 07 40  54  6.2  7.5  1.78  8.33  5.60  85 1009.4  27.1  27.5  25.8 99.0 99.00
2026 04 08 07 50  56  6.3  7.6 99.00 99.00 99.00 999 1009.5  27.1  27.5  25.8 99.0 99.00
2026 04 08 08 00  62  6.0  7.0 99.00 99.00 99.00 999 1009.4  27.1  27.5  25.9 99.0 99.00
2026 04 08 08 10  61  6.4  8.0  1.74  8.33  5.60  88 1009.4  27.1  27.5  25.8 99.0 99.00
2026 04 08 08 20  61  6.6  8.0 99.00 99.00 99.00 999 1009.4  27.1  27.5  25.6 99.0 99.00
2026 04 08 08 30  59  6.8  8.1 99.00 99.00 99.00 999 1009.3  27.2  27.5  25.6 99.0 99.00
2026 04 08 08 40  62  6.8  8.3  1.70  8.33  5.52  89 1009.4  27.2  27.5  25.6 99.0 99.00
2026 04 08 08 50  64  6.5  7.9 99.00 99.00 99.00 999 1009.4  27.2  27.5  25.6 99.0 99.00
2026 04 08 09 00  65  6.9  7.9 99.00 99.00 99.00 999 1009.3  27.2  27.5  25.5 99.0 99.00
2026 04 08 09 10  61  7.1  9.0  1.74  8.33  5.51  87 1009.4  27.2  27.5  25.6 99.0 99.00
2026 04 08 09 20  60  6.9  8.4 99.00 99.00 99.00 999 1009.4  27.2  27.5  25.6 99.0 99.00
2026 04 08 09 30  62  6.9  8.6 99.00 99.00 99.00 999 1009.4  27.2  27.5  25.6 99.0 99.00
2026 04 08 09 40  60  7.1  8.9  1.77  8.33  5.62  89 1009.4  27.2  27.5  25.5 99.0 99.00
2026 04 08 09 50  66  5.9  7.3 99.00 99.00 99.00 999 1009.5  27.2  27.5  25.7 99.0 99.00
2026 04 08 10 00  70  6.2  7.3 99.00 99.00 99.00 999 1009.5  27.2  27.5  25.7 99.0 99.00
2026 04 08 10 10  69  5.9  7.5  1.61  8.33  5.49  88 1009.6  27.2  27.5  25.7 99.0 99.00
2026 04 08 10 20  68  6.2  7.4 99.00 99.00 99.00 999 1009.6  27.1  27.5  25.5 99.0 99.00
2026 04 08 10 30  70  6.5  7.9 99.00 99.00 99.00 999 1009.8  27.2  27.5  25.5 99.0 99.00
2026 04 08 10 40  70  6.8  8.4  1.66  8.33  5.53  85 1009.8  27.2  27.5  25.5 99.0 99.00
2026 04 08 10 50  71  7.4  8.9 99.00 99.00 99.00 999 1009.9  27.2  27.5  25.3 99.0 99.00
2026 04 08 11 00  67  6.8  7.9 99.00 99.00 99.00 999 1010.0  27.3  27.5  25.5 99.0 99.00
2026 04 08 11 10  68  6.5  7.8  1.67  8.33  5.44  94 1010.0  27.2  27.5  25.5 99.0 99.00
2026 04 08 11 20  65  6.1  7.8 99.00 99.00 99.00 999 1010.1  27.2  27.5  25.6 99.0 99.00
2026 04 08 11 30  60  6.2  7.5 99.00 99.00 99.00 999 1010.2  27.2  27.5  25.6 99.0 99.00
2026 04 08 11 40  60  6.6  8.1  1.74  8.33  5.64  90 1010.3  27.2  27.5  25.7 99.0 99.00
2026 04 08 11 50  61  5.9  7.3 99.00 99.00 99.00 999 1010.4  27.2  27.5  25.9 99.0 99.00
2026 04 08 12 00  63  6.1  7.6 99.00 99.00 99.00 999 1010.6  27.2  27.5  25.7 99.0 99.00
2026 04 08 12 10  59  6.3  7.9  1.73  8.33  5.66  84 1010.6  27.2  27.5  25.7 99.0 99.00
2026 04 08 12 20  58  7.3  9.8 99.00 99.00 99.00 999 1010.5  27.1  27.5  25.5 99.0 99.00
2026 04 08 12 30  61  7.5  8.9 99.00 99.00 99.00 999 1010.7  27.0  27.5  25.3 99.0 99.00
2026 04 08 12 40  59  6.2  7.9  1.84  7.69  5.64  82 1010.8  27.1  27.4  25.6 99.0 99.00
2026 04 08 12 50  59  5.9  7.0 99.00 99.00 99.00 999 1011.0  27.1  27.4  25.7 99.0 99.00
2026 04 08 13 00  61  6.5  7.7 99.00 99.00 99.00 999 1011.2  27.2  27.4  25.6 99.0 99.00
2026 04 08 13 10  62  6.6  8.1  1.76  8.33  5.57  84 1011.4  27.3  27.4  25.6 99.0 99.00
2026 04 08 13 20  68  6.7  8.4 99.00 99.00 99.00 999 1011.6  27.3  27.4  25.3 99.0 99.00
2026 04 08 13 30  66  5.9  7.0 99.00 99.00 99.00 999 1011.8  27.4  27.4  25.5 99.0 99.00
2026 04 08 13 40  69  6.0  7.5  1.83  9.09  5.72  83 1011.9  27.4  27.4  25.5 99.0 99.00
2026 04 08 13 50  65  6.4  7.5 99.00 99.00 99.00 999 1011.9  27.4  27.4  25.4 99.0 99.00
2026 04 08 14 00  62  6.1  7.6 99.00 99.00 99.00 999 1011.9  27.4  27.4  25.6 99.0 99.00
2026 04 08 14 10  60  6.7  8.1  1.75  8.33  5.67  83 1012.0  27.4  27.4  25.6 99.0 99.00
2026 04 08 14 20  63  6.7  8.1 99.00 99.00 99.00 999 1012.0  27.4 999.0  25.6 99.0 99.00
2026 04 08 14 30  68  6.4  7.7 99.00 99.00 99.00 999 1012.0  27.4  27.4  25.6 99.0 99.00
2026 04 08 14 40  68  6.1  7.5  1.79  8.33  5.82  84 1012.0  27.3  27.4  25.6 99.0 99.00
2026 04 08 14 50  65  6.3  7.7 99.00 99.00 99.00 999 1012.0  27.3  27.5  25.5 99.0 99.00
2026 04 08 15 00  66  6.1  7.5 99.00 99.00 99.00 999 1012.0  27.3  27.4  25.6 99.0 99.00
2026 04 08 15 10  63  5.9  7.3  1.85  8.33  5.83  86 1011.9  27.3  27.4  25.6 99.0 99.00
2026 04 08 15 20  63  6.0  7.0 99.00 99.00 99.00 999 1012.0  27.3  27.4  25.6 99.0 99.00
2026 04 08 15 30  61  5.5  6.5 99.00 99.00 99.00 999 1012.0  27.3  27.4  25.7 99.0 99.00
2026 04 08 15 40  63  6.0  7.7  1.68  8.33  5.68  81 1011.9  27.3  27.4  25.5 99.0 99.00
2026 04 08 15 50  62  5.6  6.8 99.00 99.00 99.00 999 1011.9  27.4  27.4  25.6 99.0 99.00
2026 04 08 16 00  64  5.4  6.4 99.00 99.00 99.00 999 1011.8  27.4  27.4  25.7 99.0 99.00
2026 04 08 16 10  64  5.9  7.2  1.80  8.33  5.63  90 1011.9  27.3  27.4  25.5 99.0 99.00
2026 04 08 16 20  62  5.7  7.0 99.00 99.00 99.00 999 1011.9  27.4  27.4  25.5 99.0 99.00
2026 04 08 16 30  60  5.5  6.7 99.00 99.00 99.00 999 1011.8  27.4  27.4  25.6 99.0 99.00
2026 04 08 16 40  61  5.3  6.6  1.80  8.33  5.64  85 1011.9  27.4  27.4  25.6 99.0 99.00
2026 04 08 16 50  61  5.7  6.8 99.00 99.00 99.00 999 1011.9  27.4  27.4  25.6 99.0 99.00
2026 04 08 17 00  59  5.5  6.5 99.00 99.00 99.00 999 1011.8  27.4  27.3  25.6 99.0 99.00
2026 04 08 17 10  60  6.0  7.2  1.80  8.33  5.86  86 1011.8  27.4  27.4  25.6 99.0 99.00
2026 04 08 17 20  59  5.7  7.2 99.00 99.00 99.00 999 1011.8  27.4  27.4  25.7 99.0 99.00
2026 04 08 17 30  58  5.9  7.4 99.00 99.00 99.00 999 1011.8  27.4  27.4  25.5 99.0 99.00
2026 04 08 17 40  59  5.8  7.2  1.80  8.33  5.88  81 1011.7  27.4  27.4  25.5 99.0 99.00
2026 04 08 17 50  56  5.3  6.4 99.00 99.00 99.00 999 1011.7  27.4  27.3  25.7 99.0 99.00
2026 04 08 18 00  58  5.8  6.9 99.00 99.00 99.00 999 1011.7  27.4  27.4  25.6 99.0 99.00
2026 04 08 18 10  60  5.5  6.9  1.74  8.33  5.80  87 1011.4  27.4  27.3  25.6 99.0 99.00
2026 04 08 18 20  60  5.6  6.6 99.00 99.00 99.00 999 1011.3  27.4  27.3  25.7 99.0 99.00
2026 04 08 18 30  59  5.3  6.3 99.00 99.00 99.00 999 1011.2  27.4  27.3  25.8 99.0 99.00
2026 04 08 18 40  60  6.0  7.5  1.89  8.33  6.00  92 1010.9  27.3  27.3  25.7 99.0 99.00
2026 04 08 18 50  61  5.8  7.3 99.00 99.00 99.00 999 1010.9  27.3  27.3  25.6 99.0 99.00
2026 04 08 19 00  60  5.5  6.6 99.00 99.00 99.00 999 1010.6  27.4  27.3  25.7 99.0 99.00
2026 04 08 19 10  60  5.1  6.3  1.79  9.09  5.85  90 1010.6  27.4  27.3  25.8 99.0 99.00
2026 04 08 19 20  60  5.0  6.6 99.00 99.00 99.00 999 1010.4  27.4  27.3  25.9 99.0 99.00
2026 04 08 19 30  55  4.8  5.8 99.00 99.00 99.00 999 1010.3  27.4  27.3  25.9 99.0 99.00
2026 04 08 19 40  54  4.7  5.7  1.77  8.33  5.93  92 1010.3  27.3  27.3  25.8 99.0 99.00
2026 04 08 19 50  54  5.4  6.6 99.00 99.00 99.00 999 1010.2  27.3  27.4  25.7 99.0 99.00
2026 04 08 20 00  50  5.0  6.1 99.00 99.00 99.00 999 1010.2  27.4  27.4  25.9 99.0 99.00
2026 04 08 20 10  48  4.6  6.0  1.80  8.33  5.94  86 1010.2  27.4  27.4  25.9 99.0 99.00
2026 04 08 20 20  50  5.3  6.3 99.00 99.00 99.00 999 1010.1  27.3  27.4  25.8 99.0 99.00
2026 04 08 20 30  48  5.2  6.4 99.00 99.00 99.00 999 1010.0  27.4  27.4  25.9 99.0 99.00
2026 04 08 20 40  46  5.5  6.6  1.62  8.33  5.85  86 1010.0  27.4  27.4  25.9 99.0 99.00
2026 04 08 20 50 999 99.0 99.0 99.00 99.00 99.00 999 9999.0 999.0  27.4 999.0 99.0 99.00
2026 04 08 21 00  46  4.9  5.9 99.00 99.00 99.00 999 1009.8  27.4  27.4  26.1 99.0 99.00
2026 04 08 21 10  51  5.2  6.2  1.66  8.33  5.91  85 1009.8  27.3  27.4  26.0 99.0 99.00
2026 04 08 21 20  49  5.3  6.7 99.00 99.00 99.00 999 1009.8  27.3  27.4  25.9 99.0 99.00
2026 04 08 21 30  53  5.5  6.8 99.00 99.00 99.00 999 1009.8  27.3  27.4  25.9 99.0 99.00
2026 04 08 21 40  53  5.3  6.5  1.62  8.33  5.77  86 1009.7  27.3  27.4  25.9 99.0 99.00
2026 04 08 21 50  55  5.5  6.7 99.00 99.00 99.00 999 1009.7  27.3  27.3  25.8 99.0 99.00
2026 04 08 22 00  50  5.5  6.8 99.00 99.00 99.00 999 1009.9  27.3  27.3  25.9 99.0 99.00
2026 04 08 22 10  56  5.5  7.9  1.66  9.09  5.76  89 1009.7  27.3  27.3  25.9 99.0 99.00
2026 04 08 22 20  54  5.3  6.9 99.00 99.00 99.00 999 1010.0  27.3  27.3  25.8 99.0 99.00
2026 04 08 22 30  52  5.2  6.7 99.00 99.00 99.00 999 1010.0  27.3  27.3  25.8 99.0 99.00
2026 04 08 22 40  58  5.6  6.9  1.86  8.33  6.21  93 1009.9  27.3  27.3  25.7 99.0 99.00
2026 04 08 22 50  55  5.1  6.7 99.00 99.00 99.00 999 1010.0  27.4  27.3  26.0 99.0 99.00
2026 04 08 23 00  50  5.4  7.1 99.00 99.00 99.00 999 1010.1  27.3  27.3  25.9 99.0 99.00
2026 04 08 23 10  49  5.6  6.6  1.81  8.33  6.27  91 1010.2  27.2  27.3  25.8 99.0 99.00
2026 04 08 23 20  54  5.7  7.3 99.00 99.00 99.00 999 1010.1  27.3  27.3  26.0 99.0 99.00
2026 04 08 23 30  58  5.9  7.2 99.00 99.00 99.00 999 1010.2  27.3  27.3  26.1 99.0 99.00
2026 04 08 23 40  57  6.6  7.9  1.78  8.33  6.09  94 1010.2  27.2  27.3  25.9 99.0 99.00
2026 04 08 23 50  57  5.7  7.2 99.00 99.00 99.00 999 1010.4  27.3  27.3  25.9 99.0 99.00
2026 04 09 00 00  56  5.4  6.6 99.00 99.00 99.00 999 1010.4  27.3  27.3  25.9 99.0 99.00
2026 04 09 00 10  54  6.1  7.7  1.75  9.09  6.10  87 1010.5  27.3  27.3  26.0 99.0 99.00
2026 04 09 00 20  58  7.0  9.1 99.00 99.00 99.00 999 1010.6  27.2  27.3  25.7 99.0 99.00
2026 04 09 00 30  53  6.3  7.8 99.00 99.00 99.00 999 1010.7  27.3  27.3  25.9 99.0 99.00
2026 04 09 00 40  53  6.2  7.2  1.84  8.33  6.03  89 1010.7  27.3  27.3  26.0 99.0 99.00
2026 04 09 00 50  54  6.7  8.3 99.00 99.00 99.00 999 1010.9  27.3  27.3  25.9 99.0 99.00
2026 04 09 01 00  58  6.9  8.4 99.00 99.00 99.00 999 1010.9  27.3  27.3  25.8 99.0 99.00
2026 04 09 01 10  57  6.9  8.5  1.84  8.33  5.98  91 1010.9  27.4  27.3  25.9 99.0 99.00
2026 04 09 01 20  58  7.1  8.3 99.00 99.00 99.00 999 1011.1  27.3  27.3  25.8 99.0 99.00
2026 04 09 01 30  60  7.1  8.5 99.00 99.00 99.00 999 1011.2  27.3  27.3  25.8 99.0 99.00
2026 04 09 01 40  59  7.2  8.6  1.74  8.33  6.01  87 1011.2  27.4  27.3  26.0 99.0 99.00
2026 04 09 01 50  62  7.2  9.1 99.00 99.00 99.00 999 1011.3  27.3  27.3  25.9 99.0 99.00
2026 04 09 02 00  63  7.3  8.6 99.00 99.00 99.00 999 1011.5  27.4  27.3  25.9 99.0 99.00
2026 04 09 02 10  63  7.1  8.5  1.73  8.33  5.79  90 1011.5  27.4  27.3  25.9 99.0 99.00
2026 04 09 02 20  61  7.4  9.0 99.00 99.00 99.00 999 1011.7  27.3  27.3  25.8 99.0 99.00
2026 04 09 02 30  64  7.3  8.5 99.00 99.00 99.00 999 1011.9  27.4  27.3  25.9 99.0 99.00
2026 04 09 02 40  62  6.9  8.2  1.71  7.69  5.65  92 1011.9  27.4  27.3  25.9 99.0 99.00
2026 04 09 02 50  62  7.0  8.6 99.00 99.00 99.00 999 1011.9  27.3  27.3  25.9 99.0 99.00
2026 04 09 03 00  63  6.9  8.5 99.00 99.00 99.00 999 1012.0  27.3  27.3  25.8 99.0 99.00
2026 04 09 03 10  62  6.7  8.3  1.86  8.33  5.81  91 1012.0  27.3  27.3  25.9 99.0 99.00
2026 04 09 03 20  63  7.1  8.4 99.00 99.00 99.00 999 1012.1  27.3  27.3  25.9 99.0 99.00
2026 04 09 03 30  66  7.3  8.9 99.00 99.00 99.00 999 1012.1  27.3 999.0  25.6 99.0 99.00
2026 04 09 03 40  64  7.4  9.1  1.84  8.33  5.87  89 1012.1  27.4  27.2  25.7 99.0 99.00
2026 04 09 03 50  64  7.4  8.8 99.00 99.00 99.00 999 1012.0  27.3  27.2  25.7 99.0 99.00
2026 04 09 04 00  63  7.2  8.7 99.00 99.00 99.00 999 1011.8  27.3  27.2  25.7 99.0 99.00
2026 04 09 04 10  60  7.6  9.2  1.86  8.33  5.74  84 1011.5  27.2  27.2  25.7 99.0 99.00
2026 04 09 04 20  57  7.7  9.6 99.00 99.00 99.00 999 1011.4  27.2  27.2  25.7 99.0 99.00
2026 04 09 04 30  56  7.9  9.8 99.00 99.00 99.00 999 1011.4  27.2  27.2  25.7 99.0 99.00
2026 04 09 04 40  56  7.3  8.8  1.96  8.33  5.90  87 1011.3  27.2  27.2  25.7 99.0 99.00
2026 04 09 04 50  56  7.9  9.4 99.00 99.00 99.00 999 1011.4  27.2  27.2  25.5 99.0 99.00
2026 04 09 05 00  59  7.5  8.9 99.00 99.00 99.00 999 1011.4  27.2  27.2  25.5 99.0 99.00
2026 04 09 05 10  59  7.6  9.5  1.69  7.69  5.51  96 1011.3  27.2  27.2  25.5 99.0 99.00
2026 04 09 05 20  59  8.7 10.5 99.00 99.00 99.00 999 1011.3  27.2  27.2  25.4 99.0 99.00
2026 04 09 05 30  61  8.4 10.3 99.00 99.00 99.00 999 1011.3  27.2  27.2  25.6 99.0 99.00
2026 04 09 05 40  62  7.7  9.7  1.84  8.33  5.49  94 1011.4  27.2  27.2  25.7 99.0 99.00
2026 04 09 05 50  64  7.8 10.0 99.00 99.00 99.00 999 1011.4  27.2  27.2  25.6 99.0 99.00
2026 04 09 06 00  67  8.5 10.0 99.00 99.00 99.00 999 1011.4  27.2  27.2  25.5 99.0 99.00
2026 04 09 06 10  68  8.6 10.0  1.94  8.33  5.83  96 1011.3  27.2  27.2  25.3 99.0 99.00
2026 04 09 06 20  67  8.2  9.9 99.00 99.00 99.00 999 1011.2  27.2  27.2  25.4 99.0 99.00
2026 04 09 06 30  70  8.3 10.1 99.00 99.00 99.00 999 1011.1  27.2  27.2  25.3 99.0 99.00
2026 04 09 06 40  69  8.1 10.5  1.89  8.33  5.58  87 1011.0  27.2  27.2  25.4 99.0 99.00
2026 04 09 06 50  67  7.9  9.8 99.00 99.00 99.00 999 1010.9  27.1  27.2  25.3 99.0 99.00
2026 04 09 07 00  64  8.0  9.5 99.00 99.00 99.00 999 1010.9  27.1  27.2  25.4 99.0 99.00
2026 04 09 07 10  63  7.9  9.3  1.93  9.09  5.74  87 1010.8  27.2  27.2  25.5 99.0 99.00
2026 04 09 07 20  64  8.1  9.7 99.00 99.00 99.00 999 1010.8  27.2  27.2  25.3 99.0 99.00
2026 04 09 07 30  61  7.8  9.4 99.00 99.00 99.00 999 1010.6  27.2  27.2  25.4 99.0 99.00
2026 04 09 07 40  58  7.6  9.4  1.99  8.33  5.86  93 1010.6  27.1  27.2  25.4 99.0 99.00
2026 04 09 07 50  58  7.8  9.1 99.00 99.00 99.00 999 1010.4  27.1  27.2  25.3 99.0 99.00
2026 04 09 08 00  55  7.9  9.6 99.00 99.00 99.00 999 1010.4  27.1  27.2  25.2 99.0 99.00
2026 04 09 08 10  58  7.8  9.4  1.90  8.33  5.69  92 1010.4  27.1  27.2  25.3 99.0 99.00
2026 04 09 08 20  59  7.5  9.0 99.00 99.00 99.00 999 1010.4  27.1  27.2  25.2 99.0 99.00
2026 04 09 08 30  58  8.1  9.6 99.00 99.00 99.00 999 1010.3  27.1  27.2  25.3 99.0 99.00
2026 04 09 08 40  62  8.1 10.4  2.02  8.33  5.92  92 1010.3  27.2  27.2  25.1 99.0 99.00
2026 04 09 08 50  62  7.6  9.1 99.00 99.00 99.00 999 1010.3  27.2  27.2  25.2 99.0 99.00
2026 04 09 09 00  60  8.0  9.8 99.00 99.00 99.00 999 1010.4  27.2  27.2  25.2 99.0 99.00
2026 04 09 09 10  60  7.7  9.0  1.94  8.33  5.73  94 1010.5  27.1  27.2  25.3 99.0 99.00
2026 04 09 09 20  57  8.1  9.4 99.00 99.00 99.00 999 1010.5  27.1  27.2  25.3 99.0 99.00
2026 04 09 09 30  57  8.6 10.5 99.00 99.00 99.00 999 1010.6  27.1  27.2  25.1 99.0 99.00
2026 04 09 09 40  57  8.3 10.0  2.07  8.33  5.93  88 1010.6  27.2  27.2  25.2 99.0 99.00
2026 04 09 09 50  61  8.6 10.2 99.00 99.00 99.00 999 1010.8  27.2  27.2  25.2 99.0 99.00
2026 04 09 10 00  64  8.0  9.6 99.00 99.00 99.00 999 1010.8  27.2  27.2  25.1 99.0 99.00
2026 04 09 10 10  68  7.3  8.8  1.83  7.69  5.51  85 1010.9  27.2  27.2  25.2 99.0 99.00
2026 04 09 10 20  62  8.0  9.7 99.00 99.00 99.00 999 1010.9  27.2  27.2  25.3 99.0 99.00
2026 04 09 10 30  62  8.3  9.9 99.00 99.00 99.00 999 1010.9  27.2  27.2  25.3 99.0 99.00
2026 04 09 10 40  62  8.1 10.2  2.19  8.33  6.16  90 1011.1  27.2  27.2  25.2 99.0 99.00
2026 04 09 10 50  65  8.0 10.1 99.00 99.00 99.00 999 1011.2  27.2  27.2  25.2 99.0 99.00
2026 04 09 11 00  67  8.7 10.9 99.00 99.00 99.00 999 1011.3  27.2  27.2  25.1 99.0 99.00
2026 04 09 11 10  66  8.4 10.2  1.94  8.33  5.65  93 1011.4  27.3  27.2  25.1 99.0 99.00
2026 04 09 11 20  65  8.3 10.5 99.00 99.00 99.00 999 1011.4  27.3  27.2  25.1 99.0 99.00
2026 04 09 11 30  65  8.3  9.9 99.00 99.00 99.00 999 1011.5  27.2  27.2  25.1 99.0 99.00
2026 04 09 11 40  64  8.4 10.1  2.07  8.33  5.83  91 1011.6  27.2  27.2  25.1 99.0 99.00
2026 04 09 11 50  65  8.2  9.7 99.00 99.00 99.00 999 1011.6  27.2  27.2  25.2 99.0 99.00
2026 04 09 12 00  67  7.6  9.5 99.00 99.00 99.00 999 1011.7  27.2  27.2  25.3 99.0 99.00
2026 04 09 12 10  64  8.0 10.5  2.06  8.33  5.85  88 1011.7  27.2  27.2  25.4 99.0 99.00
2026 04 09 12 20  67  9.2 11.1 99.00 99.00 99.00 999 1011.7  27.2  27.2  25.1 99.0 99.00
2026 04 09 12 30  70  8.6 11.5 99.00 99.00 99.00 999 1011.8  27.3  27.2  25.2 99.0 99.00
2026 04 09 12 40  68  8.5  9.9  2.12  8.33  5.74  87 1012.0  27.2  27.2  25.2 99.0 99.00
2026 04 09 12 50  68  8.3 10.2 99.00 99.00 99.00 999 1012.0  27.2  27.2  25.2 99.0 99.00
2026 04 09 13 00  70  8.2  9.9 99.00 99.00 99.00 999 1012.0  27.3  27.2  25.1 99.0 99.00
2026 04 09 13 10  71  8.2 10.0  2.11  8.33  5.78  92 1012.2  27.3  27.2  25.1 99.0 99.00
2026 04 09 13 20  72  7.7  9.6 99.00 99.00 99.00 999 1012.2  27.3  27.2  25.1 99.0 99.00
2026 04 09 13 30  73  8.4 10.2 99.00 99.00 99.00 999 1012.4  27.3  27.2  25.0 99.0 99.00
2026 04 09 13 40  76  8.5 10.2  2.34  8.33  6.18  92 1012.5  27.4  27.2  25.0 99.0 99.00
2026 04 09 13 50  74  7.9  9.5 99.00 99.00 99.00 999 1012.5  27.4  27.2  25.1 99.0 99.00
2026 04 09 14 00  70  7.6  9.0 99.00 99.00 99.00 999 1012.5  27.3  27.2  25.2 99.0 99.00
2026 04 09 14 10  67  7.2  9.1  2.19  8.33  5.94  85 1012.6  27.3  27.2  25.5 99.0 99.00
2026 04 09 14 20  71  7.9  9.9 99.00 99.00 99.00 999 1012.6  27.3  27.2  25.4 99.0 99.00
2026 04 09 14 30  72  8.0 10.0 99.00 99.00 99.00 999 1012.6  27.3  27.2  25.3 99.0 99.00
2026 04 09 14 40  75  7.8  9.8  2.16  9.09  6.01  94 1012.7  27.3  27.2  25.3 99.0 99.00
2026 04 09 14 50  74  8.2 10.2 99.00 99.00 99.00 999 1012.6  27.3  27.2  25.4 99.0 99.00
2026 04 09 15 00  78  8.2  9.9 99.00 99.00 99.00 999 1012.6  27.4  27.2  25.4 99.0 99.00
2026 04 09 15 10  77  9.0 11.1  2.11  8.33  5.77  90 1012.6  27.4  27.2  25.1 99.0 99.00
2026 04 09 15 20  78  9.3 11.8 99.00 99.00 99.00 999 1012.5  27.4  27.2  25.1 99.0 99.00
2026 04 09 15 30  80  8.8 10.7 99.00 99.00 99.00 999 1012.5  27.4  27.2  25.3 99.0 99.00
2026 04 09 15 40  79  8.3 10.6  2.43  8.33  6.20  91 1012.4  27.4  27.2  25.4 99.0 99.00
2026 04 09 15 50  81  8.6 10.2 99.00 99.00 99.00 999 1012.5  27.4  27.2  25.3 99.0 99.00
2026 04 09 16 00  83  8.4 10.3 99.00 99.00 99.00 999 1012.5  27.4  27.3  25.1 99.0 99.00
2026 04 09 16 10  80  8.0  9.6  2.27  8.33  5.81  93 1012.4  27.5  27.3  25.3 99.0 99.00
2026 04 09 16 20  78  7.3  9.0 99.00 99.00 99.00 999 1012.4  27.4  27.3  25.5 99.0 99.00
2026 04 09 16 30  77  8.2 11.1 99.00 99.00 99.00 999 1012.2  27.1  27.3  24.9 99.0 99.00
2026 04 09 16 40  76  8.0  9.4  2.34  8.33  5.99  87 1012.2  27.1  27.3  25.0 99.0 99.00
2026 04 09 16 50  77  7.6  9.0 99.00 99.00 99.00 999 1012.1  27.2  27.3  25.4 99.0 99.00
2026 04 09 17 00  80  7.9  9.8 99.00 99.00 99.00 999 1012.0  27.3  27.3  25.5 99.0 99.00
2026 04 09 17 10  80  7.5  9.0  2.21  8.33  5.87  91 1011.9  27.4  27.3  25.5 99.0 99.00
2026 04 09 17 20  77  7.4  8.7 99.00 99.00 99.00 999 1011.8  27.4 999.0  25.4 99.0 99.00
2026 04 09 17 30  80  7.8  9.9 99.00 99.00 99.00 999 1011.7  27.4  27.4  25.2 99.0 99.00
2026 04 09 17 40  80  7.4  8.8  2.21  8.33  5.95  93 1011.4  27.5  27.4  25.3 99.0 99.00
2026 04 09 17 50  78  7.7  8.9 99.00 99.00 99.00 999 1011.4  27.4  27.4  25.2 99.0 99.00
2026 04 09 18 00  79  7.6  9.2 99.00 99.00 99.00 999 1011.3  27.4  27.4  25.3 99.0 99.00
2026 04 09 18 10  80  7.8  9.3  2.10  8.33  5.76  92 1011.2  27.4  27.4  25.2 99.0 99.00
2026 04 09 18 20  79  7.5  9.1 99.00 99.00 99.00 999 1011.1  27.5  27.4  25.3 99.0 99.00
2026 04 09 18 30  79  7.3  9.0 99.00 99.00 99.00 999 1011.0  27.5  27.4  25.3 99.0 99.00
2026 04 09 18 40  80  6.9  9.5  2.23  8.33  5.99  90 1010.9  27.5  27.4  25.4 99.0 99.00
2026 04 09 18 50  78  6.9  8.3 99.00 99.00 99.00 999 1010.6  27.5  27.4  25.4 99.0 99.00
2026 04 09 19 00  77  7.1  8.5 99.00 99.00 99.00 999 1010.5  27.5  27.4  25.4 99.0 99.00
2026 04 09 19 10  74  7.3  9.1  2.14  8.33  5.84  95 1010.3  27.4  27.4  25.3 99.0 99.00
2026 04 09 19 20  75  8.1  9.7 99.00 99.00 99.00 999 1010.2  27.5  27.4  25.2 99.0 99.00
2026 04 09 19 30  73  7.6  9.5 99.00 99.00 99.00 999 1010.1  27.6  27.5  25.3 99.0 99.00
2026 04 09 19 40  75  8.1  9.7  2.16  8.33  5.99  97 1010.0  27.5  27.5  25.2 99.0 99.00
2026 04 09 19 50  75  8.1  9.4 99.00 99.00 99.00 999 1009.9  27.5  27.5  25.1 99.0 99.00
2026 04 09 20 00  73  7.9  9.7 99.00 99.00 99.00 999 1009.9  27.5  27.4  25.0 99.0 99.00
2026 04 09 20 10  72  7.4  9.5  2.23  8.33  6.01  92 1009.8  27.5  27.5  25.2 99.0 99.00
2026 04 09 20 20  71  7.8  9.7 99.00 99.00 99.00 999 1009.8  27.5  27.5  25.1 99.0 99.00
2026 04 09 20 30  70  8.2 10.0 99.00 99.00 99.00 999 1009.7  27.5  27.5  25.0 99.0 99.00
2026 04 09 20 40  69  8.2  9.9  2.14  8.33  5.88  90 1009.6  27.5  27.5  25.0 99.0 99.00
2026 04 09 20 50  68  8.1  9.7 99.00 99.00 99.00 999 1009.6  27.5  27.5  24.9 99.0 99.00
2026 04 09 21 00  66  7.1  8.6 99.00 99.00 99.00 999 1009.6  27.6  27.5  25.2 99.0 99.00
2026 04 09 21 10  65  7.9  9.6  2.04  9.09  5.77  92 1009.4  27.5  27.5  25.1 99.0 99.00
2026 04 09 21 20  67  7.6  9.2 99.00 99.00 99.00 999 1009.4  27.5  27.5  25.1 99.0 99.00
2026 04 09 21 30  65  7.8  9.6 99.00 99.00 99.00 999 1009.3  27.5  27.5  25.2 99.0 99.00
2026 04 09 21 40  63  7.7  9.1  2.18  8.33  6.15  95 1009.2  27.5  27.5  25.3 99.0 99.00
2026 04 09 21 50  67  8.5 10.2 99.00 99.00 99.00 999 1009.1  27.3  27.5  25.1 99.0 99.00
2026 04 09 22 00  67  8.6 10.3 99.00 99.00 99.00 999 1009.0  27.2  27.5  24.8 99.0 99.00
2026 04 09 22 10  63  8.1  9.6  2.38  8.33  6.19  99 1009.1  27.5  27.5  25.2 99.0 99.00
2026 04 09 22 20  59  8.0  9.7 99.00 99.00 99.00 999 1009.2  27.4  27.5  25.3 99.0 99.00
2026 04 09 22 30  61  8.2 10.1 99.00 99.00 99.00 999 1009.2  27.4  27.5  25.2 99.0 99.00
2026 04 09 22 40  61  8.5 10.1  2.05  8.33  5.77  95 1009.2  27.4  27.5  25.0 99.0 99.00
2026 04 09 22 50  60  8.3 10.3 99.00 99.00 99.00 999 1009.4  27.4  27.5  25.0 99.0 99.00
2026 04 09 23 00  60  8.2 10.2 99.00 99.00 99.00 999 1009.6  27.4  27.5  25.0 99.0 99.00
2026 04 09 23 10  58  7.9  9.6  2.32  8.33  6.13  99 1009.7  27.5  27.5  25.2 99.0 99.00
2026 04 09 23 20  54  8.1 10.1 99.00 99.00 99.00 999 1009.9  27.4  27.5  25.2 99.0 99.00
2026 04 09 23 30  55  7.7  9.6 99.00 99.00 99.00 999 1010.0  27.4  27.5  25.2 99.0 99.00
2026 04 09 23 40  56  8.1  9.3  2.34  8.33  6.21  92 1010.1  27.4  27.5  25.1 99.0 99.00
2026 04 09 23 50  58  7.9  9.4 99.00 99.00 99.00 999 1010.3  27.4  27.5  25.2 99.0 99.00
2026 04 10 00 00  57  8.0  9.8 99.00 99.00 99.00 999 1010.5  27.4  27.4  25.4 99.0 99.00
2026 04 10 00 10  60  7.8  9.0  2.33  8.33  6.10  94 1010.6  27.3  27.4  25.5 99.0 99.00
2026 04 10 00 20  58  8.6 11.2 99.00 99.00 99.00 999 1010.7  27.3  27.4  25.3 99.0 99.00
2026 04 10 00 30  59  9.4 11.2 99.00 99.00 99.00 999 1010.9  27.4  27.4  24.9 99.0 99.00
2026 04 10 00 40  59  8.6 10.8  2.15  8.33  5.97  91 1010.9  27.5  27.4  25.0 99.0 99.00
2026 04 10 00 50  55  8.7 11.1 99.00 99.00 99.00 999 1011.1  27.4  27.4  25.1 99.0 99.00
2026 04 10 01 00  54  8.9 10.5 99.00 99.00 99.00 999 1011.2  27.4  27.4  25.1 99.0 99.00
2026 04 10 01 10  55  8.7 10.9  2.05  8.33  5.80  97 1011.4  27.4  27.4  25.1 99.0 99.00
2026 04 10 01 20  56  8.9 11.0 99.00 99.00 99.00 999 1011.4  27.4  27.4  25.1 99.0 99.00
2026 04 10 01 30  59  8.8 11.0 99.00 99.00 99.00 999 1011.4  27.4  27.4  25.1 99.0 99.00
2026 04 10 01 40  58  9.2 11.0  2.18  8.33  5.82  92 1011.5  27.4  27.4  25.1 99.0 99.00
2026 04 10 01 50  57  9.2 10.7 99.00 99.00 99.00 999 1011.6  27.4  27.4  25.2 99.0 99.00
2026 04 10 02 00  62  8.6 10.9 99.00 99.00 99.00 999 1011.7  27.4  27.4  25.1 99.0 99.00
2026 04 10 02 10  60  8.6 10.6  2.18  9.09  5.80  96 1012.0  27.5  27.4  25.3 99.0 99.00
2026 04 10 02 20  58  8.6 10.9 99.00 99.00 99.00 999 1012.1  27.4  27.4  25.3 99.0 99.00
2026 04 10 02 30  60  8.1 10.2 99.00 99.00 99.00 999 1012.1  27.4  27.4  25.5 99.0 99.00
2026 04 10 02 40  58  8.7 10.9  2.15  8.33  5.76  97 1012.2  27.4  27.4  25.4 99.0 99.00
2026 04 10 02 50  56  8.5 10.7 99.00 99.00 99.00 999 1012.2  27.3  27.4  25.3 99.0 99.00
2026 04 10 03 00  57  9.2 10.9 99.00 99.00 99.00 999 1012.1  27.3  27.5  25.1 99.0 99.00
2026 04 10 03 10  55  8.7 10.7  2.24  8.33  5.83  91 1012.1  27.3  27.5  25.1 99.0 99.00
2026 04 10 03 20  59  8.8 10.5 99.00 99.00 99.00 999 1012.1  27.3  27.5  25.2 99.0 99.00
2026 04 10 03 30  56  8.6 10.5 99.00 99.00 99.00 999 1012.1  27.4  27.5  25.5 99.0 99.00
2026 04 10 03 40  55  9.6 11.4  2.18  8.33  5.84  93 1011.9  27.4  27.4  25.3 99.0 99.00
2026 04 10 03 50  51  8.9 11.4 99.00 99.00 99.00 999 1011.7  27.4  27.4  25.4 99.0 99.00
2026 04 10 04 00  53  9.4 11.1 99.00 99.00 99.00 999 1011.8  27.4  27.4  25.4 99.0 99.00
2026 04 10 04 10  58  9.6 11.8  2.12  9.09  5.86  91 1011.7  27.4  27.5  25.3 99.0 99.00
2026 04 10 04 20  61  9.7 11.6 99.00 99.00 99.00 999 1011.6  27.4  27.5  25.0 99.0 99.00
2026 04 10 04 30  61  9.0 11.3 99.00 99.00 99.00 999 1011.4  27.4  27.5  25.2 99.0 99.00
2026 04 10 04 40  57  9.7 12.5  2.14  8.33  5.67  94 1011.3  27.3  27.4  25.1 99.0 99.00
2026 04 10 04 50  57  9.8 11.7 99.00 99.00 99.00 999 1011.2  27.3  27.4  25.1 99.0 99.00
2026 04 10 05 00  58  9.6 12.1 99.00 99.00 99.00 999 1011.2  27.3  27.4  25.2 99.0 99.00
2026 04 10 05 10  59  9.6 11.4  2.07  8.33  5.45  93 1011.2  27.3  27.4  25.1 99.0 99.00
2026 04 10 05 20  60  8.8 11.1 99.00 99.00 99.00 999 1011.2  27.3  27.4  25.2 99.0 99.00
2026 04 10 05 30  60  9.1 10.8 99.00 99.00 99.00 999 1011.0  27.3  27.4  25.3 99.0 99.00
2026 04 10 05 40  62  8.9 11.0  2.08  8.33  5.59  91 1010.9  27.2  27.4  25.3 99.0 99.00
2026 04 10 05 50  61  9.1 10.7 99.00 99.00 99.00 999 1010.8  27.2  27.4  25.1 99.0 99.00
2026 04 10 06 00  64  8.8 10.6 99.00 99.00 99.00 999 1010.7  27.3  27.4  25.2 99.0 99.00
2026 04 10 06 10  61  9.3 11.5  2.12  8.33  5.62  92 1010.6  27.3  27.4  25.3 99.0 99.00
2026 04 10 06 20  60  9.7 11.4 99.00 99.00 99.00 999 1010.5  27.2  27.4  25.1 99.0 99.00
2026 04 10 06 30  62  9.7 11.8 99.00 99.00 99.00 999 1010.4  27.2  27.4  25.0 99.0 99.00
2026 04 10 06 40  61  8.9 11.0  2.31  8.33  6.00  89 1010.3  27.2  27.4  25.1 99.0 99.00
2026 04 10 06 50  62  9.2 11.5 99.00 99.00 99.00 999 1010.3  27.2  27.4  25.1 99.0 99.00
2026 04 10 07 00  64  9.1 11.3 99.00 99.00 99.00 999 1010.3  27.2  27.4  24.8 99.0 99.00
2026 04 10 07 10  64  8.5  9.9  2.12  8.33  5.82  95 1010.3  27.2  27.4  25.0 99.0 99.00
2026 04 10 07 20  60  9.4 11.5 99.00 99.00 99.00 999 1010.2  27.2  27.4  24.9 99.0 99.00
2026 04 10 07 30  64  8.7 11.5 99.00 99.00 99.00 999 1010.2  27.3  27.4  25.0 99.0 99.00
2026 04 10 07 40  61  8.4 10.1  2.15  8.33  5.79  93 1010.1  27.2  27.4  25.0 99.0 99.00
2026 04 10 07 50  58  8.6 10.9 99.00 99.00 99.00 999 1010.2  27.2  27.4  25.1 99.0 99.00
2026 04 10 08 00  63  9.1 12.0 99.00 99.00 99.00 999 1010.2  27.2  27.4  24.9 99.0 99.00
2026 04 10 08 10  65  9.1 10.9  2.23  8.33  5.71  92 1010.1  27.2  27.4  24.9 99.0 99.00
2026 04 10 08 20  60  8.8 10.5 99.00 99.00 99.00 999 1010.0  27.2  27.4  24.9 99.0 99.00
2026 04 10 08 30  56  7.9 10.0 99.00 99.00 99.00 999 1010.0  27.2  27.4  25.0 99.0 99.00
2026 04 10 08 40  58  8.8 10.4  2.24  8.33  5.91  97 1010.0  27.2  27.4  24.9 99.0 99.00
2026 04 10 08 50  60  8.1 10.0 99.00 99.00 99.00 999 1009.8  27.2  27.4  25.0 99.0 99.00
2026 04 10 09 00  59  8.1  9.5 99.00 99.00 99.00 999 1009.7  27.2  27.4  25.1 99.0 99.00
2026 04 10 09 10  57  8.5 10.3  2.32  8.33  6.00  94 1009.7  27.1  27.4  25.1 99.0 99.00
2026 04 10 09 20  56  8.5 10.2 99.00 99.00 99.00 999 1009.8  27.1  27.4  25.1 99.0 99.00
2026 04 10 09 30  54  8.0 10.3 99.00 99.00 99.00 999 1009.8  27.2  27.4  25.3 99.0 99.00
2026 04 10 09 40  56  8.2  9.8  2.22  8.33  5.86 100 1009.9  27.1  27.4  25.3 99.0 99.00
2026 04 10 09 50  57  8.4 10.1 99.00 99.00 99.00 999 1009.9  27.2  27.4  25.5 99.0 99.00
2026 04 10 10 00  71  8.0 10.0 99.00 99.00 99.00 999 1010.0  27.0  27.4  25.4 99.0 99.00
2026 04 10 10 10  73  8.1  9.8  2.13  8.33  5.85  95 1010.1  26.8  27.4  25.5 99.0 99.00
2026 04 10 10 20  71  8.4 10.4 99.00 99.00 99.00 999 1010.1  26.9  27.4  25.4 99.0 99.00
2026 04 10 10 30  66  8.5 10.5 99.00 99.00 99.00 999 1010.1  27.1  27.4  25.3 99.0 99.00
2026 04 10 10 40  62  9.2 10.7  2.19  9.09  5.91 103 1010.3  27.1  27.4  25.2 99.0 99.00
2026 04 10 10 50  64  9.0 10.9 99.00 99.00 99.00 999 1010.3  27.1  27.4  25.0 99.0 99.00
2026 04 10 11 00  62  8.9 10.8 99.00 99.00 99.00 999 1010.4  27.2  27.4  25.2 99.0 99.00
2026 04 10 11 10  62  9.3 11.4  2.31  8.33  6.03  94 1010.6  27.2  27.4  25.2 99.0 99.00
2026 04 10 11 20  61 10.1 11.8 99.00 99.00 99.00 999 1010.8  27.0  27.4  25.0 99.0 99.00
2026 04 10 11 30  60  9.7 11.4 99.00 99.00 99.00 999 1010.8  27.1  27.4  25.1 99.0 99.00
2026 04 10 11 40  56  9.6 11.3  2.27  7.69  5.73  96 1010.9  27.2  27.4  25.2 99.0 99.00
2026 04 10 11 50  58  9.7 11.7 99.00 99.00 99.00 999 1011.0  27.2  27.4  25.2 99.0 99.00
2026 04 10 12 00  57  9.3 11.5 99.00 99.00 99.00 999 1011.2  27.2  27.4  25.2 99.0 99.00
2026 04 10 12 10  59  9.7 11.5  2.21  6.67  5.69  83 1011.3  27.3  27.4  25.1 99.0 99.00
2026 04 10 12 20  57  9.8 11.7 99.00 99.00 99.00 999 1011.5  27.3  27.4  24.9 99.0 99.00
2026 04 10 12 30  58  8.9 10.9 99.00 99.00 99.00 999 1011.7  27.3  27.4  25.1 99.0 99.00
2026 04 10 12 40  57 10.4 12.6  2.42  7.69  5.93  99 1011.8  27.3  27.4  24.9 99.0 99.00
2026 04 10 12 50  60 10.4 12.9 99.00 99.00 99.00 999 1012.0  27.3  27.4  24.7 99.0 99.00
2026 04 10 13 00  57  9.5 11.8 99.00 99.00 99.00 999 1012.2  27.4  27.4  24.9 99.0 99.00
2026 04 10 13 10  56  9.4 11.9  2.67  8.33  6.10  99 1012.1  27.3  27.4  24.9 99.0 99.00
2026 04 10 13 20  58  9.9 11.6 99.00 99.00 99.00 999 1012.3  27.3  27.4  24.8 99.0 99.00
2026 04 10 13 30  58  9.6 11.9 99.00 99.00 99.00 999 1012.2  27.3  27.4  24.8 99.0 99.00
2026 04 10 13 40  61  9.8 12.0  2.24  8.33  5.62 107 1012.2  27.3  27.4  24.5 99.0 99.00
2026 04 10 13 50  59  9.0 11.2 99.00 99.00 99.00 999 1012.3  27.4  27.4  24.8 99.0 99.00
2026 04 10 14 00  60  8.9 12.1 99.00 99.00 99.00 999 1012.4  27.4  27.4  24.8 99.0 99.00
2026 04 10 14 10  57  9.0 11.7  2.62  8.33  5.99  97 1012.5  27.3  27.4  24.8 99.0 99.00
2026 04 10 14 20  60  9.5 11.8 99.00 99.00 99.00 999 1012.5  27.2  27.4  24.8 99.0 99.00
2026 04 10 14 30  62  9.9 11.9 99.00 99.00 99.00 999 1012.6  27.3  27.4  24.5 99.0 99.00
2026 04 10 14 40  61  9.5 11.5  2.45  8.33  6.10  93 1012.5  27.4  27.4  24.5 99.0 99.00
2026 04 10 14 50  63  9.1 11.5 99.00 99.00 99.00 999 1012.6  27.5  27.4  24.6 99.0 99.00
2026 04 10 15 00  67  9.1 11.0 99.00 99.00 99.00 999 1012.6  27.5  27.4  24.5 99.0 99.00
2026 04 10 15 10  66  8.7 10.7  2.72  8.33  6.08  98 1012.5  27.5  27.4  24.8 99.0 99.00
2026 04 10 15 20  65  8.7 10.9 99.00 99.00 99.00 999 1012.6  27.4  27.4  24.8 99.0 99.00
2026 04 10 15 30  69  8.6 10.7 99.00 99.00 99.00 999 1012.6  27.4  27.4  24.6 99.0 99.00
2026 04 10 15 40  68  8.5 10.5  2.42  8.33  5.84  86 1012.6  27.4  27.4  24.4 99.0 99.00
2026 04 10 15 50  64  8.7 10.6 99.00 99.00 99.00 999 1012.5  27.5  27.4  24.5 99.0 99.00
2026 04 10 16 00  63  9.1 11.1 99.00 99.00 99.00 999 1012.4  27.5  27.5  24.4 99.0 99.00
2026 04 10 16 10  61  8.6 10.9  2.49  8.33  6.05  95 1012.3  27.5  27.5  24.5 99.0 99.00
2026 04 10 16 20  65  9.2 11.2 99.00 99.00 99.00 999 1012.1  27.5  27.5  24.2 99.0 99.00
2026 04 10 16 30  62  9.1 11.3 99.00 99.00 99.00 999 1012.1  27.5  27.5  24.4 99.0 99.00
2026 04 10 16 40  62  9.1 10.9  2.55  8.33  6.14  99 1012.0  27.4  27.5  24.4 99.0 99.00
2026 04 10 16 50  62  8.5 10.3 99.00 99.00 99.00 999 1012.0  27.4  27.5  24.7 99.0 99.00
2026 04 10 17 00  61  8.7 10.3 99.00 99.00 99.00 999 1011.9  27.3  27.5  24.5 99.0 99.00
2026 04 10 17 10  63  9.2 11.3  2.42  7.69  5.79  95 1011.8  27.4  27.5  24.5 99.0 99.00
2026 04 10 17 20  64  9.7 11.4 99.00 99.00 99.00 999 1011.7  27.4  27.5  24.2 99.0 99.00
2026 04 10 17 30  61  9.4 11.5 99.00 99.00 99.00 999 1011.6  27.5  27.5  24.4 99.0 99.00
2026 04 10 17 40  57  9.6 11.3  2.31  8.33  5.88  99 1011.4  27.4  27.5  24.5 99.0 99.00
2026 04 10 17 50  58  9.6 11.7 99.00 99.00 99.00 999 1011.3  27.4  27.5  24.4 99.0 99.00
2026 04 10 18 00  60  9.2 11.1 99.00 99.00 99.00 999 1011.2  27.4  27.5  24.5 99.0 99.00
2026 04 10 18 10  63  9.1 10.7  2.33  8.33  5.78  93 1011.0  27.4  27.5  24.4 99.0 99.00
2026 04 10 18 20  63  9.3 10.9 99.00 99.00 99.00 999 1010.8  27.4  27.5  24.4 99.0 99.00
2026 04 10 18 30  65  9.8 11.7 99.00 99.00 99.00 999 1010.7  27.4  27.5  24.1 99.0 99.00
2026 04 10 18 40  63  9.4 11.3  2.40  8.33  5.92  92 1010.5  27.5  27.5  24.3 99.0 99.00
2026 04 10 18 50  63  9.2 11.0 99.00 99.00 99.00 999 1010.5  27.4  27.5  24.3 99.0 99.00
2026 04 10 19 00  62  9.2 11.5 99.00 99.00 99.00 999 1010.4  27.4  27.5  24.3 99.0 99.00
2026 04 10 19 10  60  9.1 10.9  2.30  8.33  5.90  90 1010.4  27.4  27.5  24.4 99.0 99.00
2026 04 10 19 20  62  9.8 11.7 99.00 99.00 99.00 999 1010.3  27.4  27.5  24.2 99.0 99.00
2026 04 10 19 30  62  9.5 11.1 99.00 99.00 99.00 999 1010.3  27.5  27.5  24.3 99.0 99.00
2026 04 10 19 40  65  8.9 11.2  2.19  7.69  5.59  97 1010.3  27.4  27.5  24.3 99.0 99.00
2026 04 10 19 50  63  9.4 11.4 99.00 99.00 99.00 999 1010.2  27.5  27.5  24.2 99.0 99.00
2026 04 10 20 00  62  9.5 11.0 99.00 99.00 99.00 999 1010.1  27.5  27.5  24.2 99.0 99.00
2026 04 10 20 10  61  9.6 11.3  2.33  8.33  5.84  92 1010.0  27.5  27.5  24.2 99.0 99.00
2026 04 10 20 20  59  9.6 11.8 99.00 99.00 99.00 999 1010.0  27.5  27.5  24.2 99.0 99.00
2026 04 10 20 30  58  9.4 11.4 99.00 99.00 99.00 999 1009.9  27.5  27.5  24.2 99.0 99.00
2026 04 10 20 40  59  9.9 11.8  2.49  8.33  6.06  98 1009.8  27.5  27.5  24.0 99.0 99.00
2026 04 10 20 50  59  9.4 11.6 99.00 99.00 99.00 999 1009.8  27.5  27.6  24.2 99.0 99.00
2026 04 10 21 00  60  9.5 12.0 99.00 99.00 99.00 999 1009.7  27.5  27.5  24.3 99.0 99.00
2026 04 10 21 10  59  9.6 12.0  2.33  8.33  5.78  94 1009.7  27.5  27.5  24.1 99.0 99.00
2026 04 10 21 20  56  9.3 11.3 99.00 99.00 99.00 999 1009.8  27.6  27.6  24.3 99.0 99.00
2026 04 10 21 30  57  9.4 11.3 99.00 99.00 99.00 999 1009.8  27.5  27.6  24.1 99.0 99.00
2026 04 10 21 40  57  9.0 10.9  2.39  8.33  5.88  91 1009.9  27.5  27.5  24.3 99.0 99.00
2026 04 10 21 50  55  9.1 10.9 99.00 99.00 99.00 999 1010.0  27.5  27.5  24.3 99.0 99.00
2026 04 10 22 00  56  9.3 11.4 99.00 99.00 99.00 999 1010.0  27.5  27.6  24.2 99.0 99.00
2026 04 10 22 10  55  9.0 11.4  2.41  8.33  6.00  91 1009.9  27.5  27.6  24.4 99.0 99.00
2026 04 10 22 20  54  9.1 10.5 99.00 99.00 99.00 999 1010.0  27.5  27.6  24.3 99.0 99.00
2026 04 10 22 30  53  9.4 11.0 99.00 99.00 99.00 999 1010.1  27.5  27.6  24.2 99.0 99.00
2026 04 10 22 40  52  9.0 10.9  2.51  8.33  6.07  92 1010.1  27.5  27.6  24.4 99.0 99.00
2026 04 10 22 50  51  9.2 10.9 99.00 99.00 99.00 999 1010.1  27.4  27.5  24.4 99.0 99.00
2026 04 10 23 00  51  8.9 10.6 99.00 99.00 99.00 999 1010.2  27.4  27.5  24.4 99.0 99.00
2026 04 10 23 10  52  9.2 11.5  2.45  8.33  5.91  94 1010.3  27.4  27.5  24.4 99.0 99.00
2026 04 10 23 20  52  9.8 11.8 99.00 99.00 99.00 999 1010.3  27.4  27.5  24.3 99.0 99.00
2026 04 10 23 30  53  9.3 11.2 99.00 99.00 99.00 999 1010.6  27.4  27.5  24.4 99.0 99.00
2026 04 10 23 40  58  9.9 11.8  2.31  8.33  5.85  94 1010.8  27.4  27.5  24.3 99.0 99.00
2026 04 10 23 50  52  9.4 11.6 99.00 99.00 99.00 999 1010.9  27.4  27.5  24.5 99.0 99.00
2026 04 11 00 00  55  9.6 11.4 99.00 99.00 99.00 999 1011.2  27.4  27.5  24.4 99.0 99.00
2026 04 11 00 10  55  9.6 11.7  2.17  8.33  5.67  93 1011.4  27.4  27.5  24.3 99.0 99.00
2026 04 11 00 20  56  9.9 11.7 99.00 99.00 99.00 999 1011.4  27.4  27.5  24.4 99.0 99.00
2026 04 11 00 30  54  9.6 12.0 99.00 99.00 99.00 999 1011.4  27.4  27.5  24.6 99.0 99.00
2026 04 11 00 40  56  9.7 11.3  2.32  8.33  5.88  93 1011.6  27.4  27.5  24.5 99.0 99.00
2026 04 11 00 50  56  9.5 12.3 99.00 99.00 99.00 999 1011.8  27.4  27.5  24.6 99.0 99.00
2026 04 11 01 00  57  9.5 12.1 99.00 99.00 99.00 999 1011.8  27.4  27.5  24.6 99.0 99.00
2026 04 11 01 10  56  9.4 11.4  2.16  8.33  5.51  93 1011.8  27.4  27.5  24.7 99.0 99.00
2026 04 11 01 20  61  9.5 11.4 99.00 99.00 99.00 999 1011.9  27.4  27.5  24.5 99.0 99.00
2026 04 11 01 30  60  9.5 11.7 99.00 99.00 99.00 999 1012.0  27.4  27.5  24.5 99.0 99.00
2026 04 11 01 40  60  8.8 11.4  2.53  8.33  5.95  95 1012.2  27.4  27.5  24.8 99.0 99.00
2026 04 11 01 50  61  9.3 11.0 99.00 99.00 99.00 999 1012.3  27.4  27.5  24.7 99.0 99.00
2026 04 11 02 00  57  9.4 12.0 99.00 99.00 99.00 999 1012.4  27.4  27.5  24.7 99.0 99.00
2026 04 11 02 10  56  9.3 11.7  2.48  8.33  6.06  99 1012.5  27.4  27.5  24.7 99.0 99.00
2026 04 11 02 20  56  9.2 11.1 99.00 99.00 99.00 999 1012.5  27.4  27.5  24.7 99.0 99.00
2026 04 11 02 30  57  9.1 11.2 99.00 99.00 99.00 999 1012.6  27.4  27.5  24.8 99.0 99.00
2026 04 11 02 40  50  9.7 11.5  2.37  8.33  5.74  92 1012.7  27.4  27.5  24.7 99.0 99.00
2026 04 11 02 50  51  9.8 12.5 99.00 99.00 99.00 999 1012.7  27.4  27.5  24.7 99.0 99.00
2026 04 11 03 00  51  9.7 11.7 99.00 99.00 99.00 999 1012.6  27.4  27.5  24.7 99.0 99.00
2026 04 11 03 10  49  9.8 12.0  2.25  7.69  5.60  86 1012.5  27.4  27.5  24.8 99.0 99.00
2026 04 11 03 20  50  9.6 11.7 99.00 99.00 99.00 999 1012.6  27.4  27.5  24.9 99.0 99.00
2026 04 11 03 30  55 10.1 12.2 99.00 99.00 99.00 999 1012.6  27.4  27.5  24.8 99.0 99.00
2026 04 11 03 40  59  9.6 12.3  2.26  8.33  5.62  93 1012.6  27.4  27.5  24.8 99.0 99.00
2026 04 11 03 50  60  9.6 11.0 99.00 99.00 99.00 999 1012.5  27.4  27.5  24.8 99.0 99.00
2026 04 11 04 00  62 10.0 11.8 99.00 99.00 99.00 999 1012.5  27.3  27.5  24.4 99.0 99.00
2026 04 11 04 10  65  9.3 11.7  2.48  7.69  5.81  89 1012.4  27.4  27.5  24.5 99.0 99.00
2026 04 11 04 20  63  9.1 10.9 99.00 99.00 99.00 999 1012.3  27.4  27.5  24.7 99.0 99.00
2026 04 11 04 30  59  9.1 11.6 99.00 99.00 99.00 999 1012.2  27.3  27.5  24.7 99.0 99.00
2026 04 11 04 40  61  9.1 10.6  2.29  7.69  5.59 100 1012.2  27.3  27.5  24.6 99.0 99.00
2026 04 11 04 50  55  9.7 11.4 99.00 99.00 99.00 999 1012.1  27.3  27.5  24.5 99.0 99.00
2026 04 11 05 00  58  9.2 11.0 99.00 99.00 99.00 999 1012.0  27.3  27.5  24.6 99.0 99.00
2026 04 11 05 10  60  9.6 11.3  2.29  8.33  5.79  93 1012.0  27.3  27.5  24.5 99.0 99.00
2026 04 11 05 20  62  8.7 11.1 99.00 99.00 99.00 999 1011.9  27.4  27.5  24.7 99.0 99.00
2026 04 11 05 30  62  9.0 11.3 99.00 99.00 99.00 999 1011.8  27.3  27.5  24.8 99.0 99.00
2026 04 11 05 40  60  8.8 11.4  2.28  8.33  5.66  84 1011.9  27.2  27.5  24.6 99.0 99.00
2026 04 11 05 50  61  8.6 10.5 99.00 99.00 99.00 999 1011.8  27.2  27.5  24.7 99.0 99.00
2026 04 11 06 00  59  8.6 10.4 99.00 99.00 99.00 999 1011.7  27.2  27.5  24.8 99.0 99.00
2026 04 11 06 10  61  9.2 11.0  2.32  8.33  5.63  93 1011.6  27.2  27.5  24.6 99.0 99.00
2026 04 11 06 20  59  9.0 10.9 99.00 99.00 99.00 999 1011.4  27.2  27.5  24.6 99.0 99.00
2026 04 11 06 30  59  8.8 10.9 99.00 99.00 99.00 999 1011.4  27.2  27.5  24.7 99.0 99.00
2026 04 11 06 40  58  9.1 11.4  2.37  8.33  5.86  92 1011.1  27.2  27.4  24.6 99.0 99.00
2026 04 11 06 50  58  9.1 11.2 99.00 99.00 99.00 999 1010.9  27.2  27.4  24.7 99.0 99.00
2026 04 11 07 00  56  9.3 11.1 99.00 99.00 99.00 999 1010.8  27.2  27.5  24.6 99.0 99.00
2026 04 11 07 10  57  9.3 11.6  2.30  8.33  5.55  94 1010.8  27.1  27.4  24.6 99.0 99.00
2026 04 11 07 20  61  9.3 11.1 99.00 99.00 99.00 999 1010.8  27.1  27.5  24.5 99.0 99.00
2026 04 11 07 30  63  9.3 11.0 99.00 99.00 99.00 999 1010.7  27.1  27.5  24.4 99.0 99.00
2026 04 11 07 40  64  9.1 11.3  2.36  8.33  5.72  90 1010.7  27.2  27.5  24.4 99.0 99.00
2026 04 11 07 50  62  8.9 10.6 99.00 99.00 99.00 999 1010.7  27.2  27.5  24.5 99.0 99.00
2026 04 11 08 00  62  8.6 10.3 99.00 99.00 99.00 999 1010.8  27.2  27.4  24.7 99.0 99.00
2026 04 11 08 10  59  9.9 11.8  2.26  7.14  5.69  97 1010.6  27.1  27.5  24.4 99.0 99.00
2026 04 11 08 20  61  9.2 11.1 99.00 99.00 99.00 999 1010.6  27.2  27.5  24.4 99.0 99.00
2026 04 11 08 30  61  9.5 11.2 99.00 99.00 99.00 999 1010.6  27.1  27.5  24.3 99.0 99.00
2026 04 11 08 40  63  9.6 11.8  2.07  7.69  5.36  94 1010.6  27.1  27.5  24.2 99.0 99.00
2026 04 11 08 50  64  9.2 11.1 99.00 99.00 99.00 999 1010.7  27.1  27.5  24.3 99.0 99.00
2026 04 11 09 00  63  8.8 11.1 99.00 99.00 99.00 999 1010.7  27.2  27.5  24.6 99.0 99.00
2026 04 11 09 10  68  9.6 11.9  2.24  8.33  5.73  99 1010.7  27.1  27.5  24.2 99.0 99.00
2026 04 11 09 20  66  9.6 11.9 99.00 99.00 99.00 999 1010.8  27.1  27.5  24.2 99.0 99.00
2026 04 11 09 30  65  9.7 11.4 99.00 99.00 99.00 999 1010.8  27.1  27.5  24.2 99.0 99.00
2026 04 11 09 40  64  9.3 10.9  2.27  7.69  5.62  95 1010.9  27.2  27.5  24.5 99.0 99.00
2026 04 11 09 50  62  9.5 11.3 99.00 99.00 99.00 999 1010.9  27.1  27.5  24.3 99.0 99.00
2026 04 11 10 00  63  9.0 10.7 99.00 99.00 99.00 999 1011.1  27.1  27.5  24.3 99.0 99.00
2026 04 11 10 10  58  9.9 11.7  2.35  7.69  5.81  99 1011.0  27.1  27.5  24.3 99.0 99.00
2026 04 11 10 20  59 10.0 11.7 99.00 99.00 99.00 999 1011.1  27.1  27.5  24.3 99.0 99.00
2026 04 11 10 30  59  9.8 11.9 99.00 99.00 99.00 999 1011.2  27.1  27.5  24.2 99.0 99.00
2026 04 11 10 40  63  9.3 11.7  2.16  8.33  5.50  98 1011.4  27.1  27.5  24.2 99.0 99.00
2026 04 11 10 50  65  9.5 11.6 99.00 99.00 99.00 999 1011.6  27.2  27.5  24.4 99.0 99.00
2026 04 11 11 00  69  9.2 11.2 99.00 99.00 99.00 999 1011.8  27.2  27.5  24.5 99.0 99.00
2026 04 11 11 10  65  9.3 11.4  2.34  8.33  5.82  99 1011.9  27.1  27.5  24.5 99.0 99.00
2026 04 11 11 20  64  9.1 11.2 99.00 99.00 99.00 999 1012.0  27.1  27.5  24.5 99.0 99.00
2026 04 11 11 30  65  9.7 11.4 99.00 99.00 99.00 999 1012.0  27.2  27.5  24.6 99.0 99.00
2026 04 11 11 40  73  9.6 11.3  2.46  8.33  5.97 106 1012.1  27.2  27.5  24.4 99.0 99.00
2026 04 11 11 50  73  9.8 11.9 99.00 99.00 99.00 999 1012.1  27.2  27.5  24.4 99.0 99.00
2026 04 11 12 00  70  9.3 11.3 99.00 99.00 99.00 999 1012.4  27.2  27.5  24.4 99.0 99.00
2026 04 11 12 10  69  8.9 10.6  2.15  7.69  5.72 101 1012.3  27.2  27.5  24.7 99.0 99.00
2026 04 11 12 20  65  9.5 11.0 99.00 99.00 99.00 999 1012.5  27.2  27.5  24.5 99.0 99.00
2026 04 11 12 30  68  9.3 11.4 99.00 99.00 99.00 999 1012.6  27.3  27.5  24.5 99.0 99.00
2026 04 11 12 40  64  9.2 11.3  2.29  7.69  5.68 102 1012.6  27.3  27.5  24.6 99.0 99.00
2026 04 11 12 50  61  9.0 10.5 99.00 99.00 99.00 999 1012.8  27.2  27.5  24.6 99.0 99.00
2026 04 11 13 00  63  9.1 11.3 99.00 99.00 99.00 999 1013.1  27.2  27.5  24.5 99.0 99.00
2026 04 11 13 10  67  9.0 11.2  2.33  7.69  5.73  98 1013.3  27.3  27.5  24.7 99.0 99.00
2026 04 11 13 20  66  9.7 11.2 99.00 99.00 99.00 999 1013.3  27.3  27.5  24.4 99.0 99.00
2026 04 11 13 30  69  9.5 11.4 99.00 99.00 99.00 999 1013.3  27.4  27.5  24.5 99.0 99.00
2026 04 11 13 40  69  9.5 11.3  2.11  8.33  5.55 103 1013.4  27.3  27.5  24.5 99.0 99.00
2026 04 11 13 50  67  9.3 11.1 99.00 99.00 99.00 999 1013.4  27.3  27.5  24.5 99.0 99.00
2026 04 11 14 00  68  9.1 10.8 99.00 99.00 99.00 999 1013.5  27.3  27.5  24.4 99.0 99.00
2026 04 11 14 10  65  8.7 11.0  2.30  8.33  5.73 103 1013.5  27.4  27.5  24.4 99.0 99.00
2026 04 11 14 20  60  8.9 10.9 99.00 99.00 99.00 999 1013.7  27.4  27.5  24.5 99.0 99.00
2026 04 11 14 30  60  9.3 11.1 99.00 99.00 99.00 999 1013.6  27.4  27.5  24.5 99.0 99.00
2026 04 11 14 40  63  9.7 12.2  2.08  8.33  5.53 102 1013.7  27.4  27.5  24.4 99.0 99.00
2026 04 11 14 50  66  9.2 11.4 99.00 99.00 99.00 999 1013.7  27.4  27.5  24.5 99.0 99.00
2026 04 11 15 00  67  9.3 11.2 99.00 99.00 99.00 999 1013.6  27.4  27.5  24.2 99.0 99.00
2026 04 11 15 10  64  8.7 10.7  2.16  7.69  5.51 102 1013.6  27.5  27.5  24.6 99.0 99.00
2026 04 11 15 20  65  9.5 12.1 99.00 99.00 99.00 999 1013.6  27.4  27.5  24.3 99.0 99.00
2026 04 11 15 30  66  9.2 11.2 99.00 99.00 99.00 999 1013.4  27.5  27.5  24.4 99.0 99.00
2026 04 11 15 40  65  9.3 10.9  2.15  7.69  5.59 101 1013.2  27.4  27.5  24.4 99.0 99.00
2026 04 11 15 50  64  8.9 10.6 99.00 99.00 99.00 999 1013.2  27.4  27.5  24.6 99.0 99.00
2026 04 11 16 00  58  8.6 10.9 99.00 99.00 99.00 999 1013.1  27.4  27.5  24.8 99.0 99.00
2026 04 11 16 10  60  9.1 11.8  2.29  8.33  5.76  98 1013.1  27.3  27.5  24.6 99.0 99.00
2026 04 11 16 20  62  9.3 11.6 99.00 99.00 99.00 999 1013.0  27.4  27.5  24.7 99.0 99.00
2026 04 11 16 30  59  8.8 10.7 99.00 99.00 99.00 999 1012.9  27.4  27.5  24.8 99.0 99.00
2026 04 11 16 40  61  9.3 11.3  2.09  8.33  5.53 102 1012.9  27.4  27.5  24.6 99.0 99.00
2026 04 11 16 50  61  9.5 11.3 99.00 99.00 99.00 999 1012.8  27.4  27.5  24.6 99.0 99.00
2026 04 11 17 00  64  8.8 10.9 99.00 99.00 99.00 999 1012.6  27.4  27.5  24.7 99.0 99.00
2026 04 11 17 10  64  9.1 10.8  2.20  8.33  5.76 100 1012.3  27.4  27.6  24.5 99.0 99.00
2026 04 11 17 20  68  8.4 10.2 99.00 99.00 99.00 999 1012.2  27.4  27.6  24.5 99.0 99.00
2026 04 11 17 30  71  8.0  9.9 99.00 99.00 99.00 999 1012.1  27.4  27.6  24.6 99.0 99.00
2026 04 11 17 40  68  8.8 10.4  1.98  8.33  5.33 102 1012.1  27.4  27.6  24.5 99.0 99.00
2026 04 11 17 50  71  8.7 10.7 99.00 99.00 99.00 999 1012.0  27.4  27.6  24.5 99.0 99.00
2026 04 11 18 00  67  8.9 10.5 99.00 99.00 99.00 999 1011.8  27.4  27.6  24.5 99.0 99.00
2026 04 11 18 10  68  8.3 10.0  2.14  6.67  5.39 102 1011.6  27.4  27.6  24.7 99.0 99.00
2026 04 11 18 20  70  8.8 10.5 99.00 99.00 99.00 999 1011.4  27.4  27.6  24.7 99.0 99.00
2026 04 11 18 30  66  8.9 10.6 99.00 99.00 99.00 999 1011.3  27.4  27.6  24.6 99.0 99.00
2026 04 11 18 40  69  8.8 10.9  1.94  8.33  5.18 108 1011.2  27.4  27.6  24.6 99.0 99.00
2026 04 11 18 50  66  8.8 10.8 99.00 99.00 99.00 999 1011.0  27.4  27.6  24.7 99.0 99.00
2026 04 11 19 00  67  9.1 10.8 99.00 99.00 99.00 999 1010.8  27.4  27.6  24.6 99.0 99.00
2026 04 11 19 10  69  8.7 10.2  1.91  7.69  5.37 104 1010.7  27.4  27.6  24.5 99.0 99.00
2026 04 11 19 20  67  8.0 10.1 99.00 99.00 99.00 999 1010.6  27.5  27.6  24.8 99.0 99.00
2026 04 11 19 30  62  8.4  9.9 99.00 99.00 99.00 999 1010.5  27.4  27.6  24.7 99.0 99.00
2026 04 11 19 40  62  8.4 10.1  2.12  7.69  5.51  98 1010.4  27.4  27.6  24.8 99.0 99.00
2026 04 11 19 50  62  8.9 10.7 99.00 99.00 99.00 999 1010.4  27.4  27.6  24.6 99.0 99.00
2026 04 11 20 00  62  8.7 10.6 99.00 99.00 99.00 999 1010.3  27.5  27.6  24.6 99.0 99.00
2026 04 11 20 10  63  9.0 11.1  2.14  8.33  5.65  99 1010.3  27.5  27.6  24.5 99.0 99.00
2026 04 11 20 20  61  7.8  9.8 99.00 99.00 99.00 999 1010.2  27.5  27.6  24.7 99.0 99.00
2026 04 11 20 30  59  8.4 10.2 99.00 99.00 99.00 999 1010.1  27.5  27.6  24.8 99.0 99.00
2026 04 11 20 40  63  8.4 10.0  1.97  6.67  5.54  94 1010.0  27.5  27.6  24.7 99.0 99.00
2026 04 11 20 50  60  8.7 10.4 99.00 99.00 99.00 999 1010.0  27.5  27.6  24.5 99.0 99.00
2026 04 11 21 00  60  8.4  9.9 99.00 99.00 99.00 999 1010.0  27.4  27.6  24.4 99.0 99.00
2026 04 11 21 10  64  8.0  9.4  1.87  7.69  5.54  93 1010.1  27.5  27.6  24.5 99.0 99.00
2026 04 11 21 20  62  7.9  9.3 99.00 99.00 99.00 999 1010.0  27.5  27.6  24.6 99.0 99.00
2026 04 11 21 30  59  8.2 10.2 99.00 99.00 99.00 999 1010.1  27.5  27.6  24.5 99.0 99.00
2026 04 11 21 40  58  8.4 10.3  2.04  6.25  5.46 100 1010.1  27.5  27.6  24.4 99.0 99.00
2026 04 11 21 50  58  8.5 10.1 99.00 99.00 99.00 999 1010.1  27.5  27.6  24.2 99.0 99.00
2026 04 11 22 00  60  8.2  9.6 99.00 99.00 99.00 999 1010.2  27.5  27.6  24.3 99.0 99.00
2026 04 11 22 10  58  7.7  9.0  1.90  7.69  5.34  96 1010.3  27.5  27.6  24.6 99.0 99.00
2026 04 11 22 20  48  7.4  8.9 99.00 99.00 99.00 999 1010.3  27.5  27.6  25.0 99.0 99.00
2026 04 11 22 30  53  7.6  9.0 99.00 99.00 99.00 999 1010.4  27.4  27.6  24.8 99.0 99.00
2026 04 11 22 40  52  8.1  9.7  1.92  7.69  5.47 105 1010.4  27.4  27.6  24.6 99.0 99.00
2026 04 11 22 50  50  7.7  9.2 99.00 99.00 99.00 999 1010.5  27.4  27.6  24.7 99.0 99.00
2026 04 11 23 00  50  7.9  9.8 99.00 99.00 99.00 999 1010.5  27.4  27.6  24.8 99.0 99.00
2026 04 11 23 10  50  8.1  9.6  1.98  7.69  5.53 103 1010.6  27.3  27.6  24.6 99.0 99.00
2026 04 11 23 20  49  8.3  9.9 99.00 99.00 99.00 999 1010.7  27.3  27.6  24.5 99.0 99.00
2026 04 11 23 30  51  8.4 10.0 99.00 99.00 99.00 999 1010.7  27.3  27.6  24.3 99.0 99.00
2026 04 11 23 40  49  8.3  9.6  1.89  7.69  5.39  98 1010.7  27.4  27.6  24.6 99.0 99.00
2026 04 11 23 50  46  9.0 10.6 99.00 99.00 99.00 999 1010.8  27.3  27.6  24.5 99.0 99.00
2026 04 12 00 00  47  8.9 10.7 99.00 99.00 99.00 999 1011.0  27.3  27.6  24.3 99.0 99.00
2026 04 12 00 10  49  8.5 10.0  1.85  7.69  5.35  99 1011.2  27.3  27.6  24.6 99.0 99.00
2026 04 12 00 20  45  8.7 11.0 99.00 99.00 99.00 999 1011.4  27.3  27.6  24.7 99.0 99.00
2026 04 12 00 30  48  8.9 10.8 99.00 99.00 99.00 999 1011.5  27.3  27.6  24.4 99.0 99.00
2026 04 12 00 40  49  8.5 10.6  1.84  7.69  5.42  98 1011.7  27.4  27.6  24.7 99.0 99.00
2026 04 12 00 50  51  8.6 10.5 99.00 99.00 99.00 999 1011.7  27.3  27.6  24.4 99.0 99.00
2026 04 12 01 00  49  8.7 10.4 99.00 99.00 99.00 999 1011.8  27.3  27.6  24.4 99.0 99.00
2026 04 12 01 10  50  8.8 10.6  1.98  7.69  5.52 103 1011.9  27.3  27.6  24.3 99.0 99.00
2026 04 12 01 20  53  8.6 10.1 99.00 99.00 99.00 999 1012.0  27.3  27.6  24.5 99.0 99.00
2026 04 12 01 30  55  8.6 10.0 99.00 99.00 99.00 999 1012.1  27.3  27.6  24.5 99.0 99.00
2026 04 12 01 40  55  8.7 10.3  1.86  7.69  5.36  97 1012.2  27.3  27.6  24.6 99.0 99.00
2026 04 12 01 50  49  9.3 11.2 99.00 99.00 99.00 999 1012.2  27.3  27.6  24.4 99.0 99.00
2026 04 12 02 00  51  9.5 11.1 99.00 99.00 99.00 999 1012.3  27.3  27.6  24.1 99.0 99.00
2026 04 12 02 10  55  8.9 10.6  1.85  7.14  5.23 106 1012.5  27.3  27.6  24.1 99.0 99.00
2026 04 12 02 20  53  8.6 10.5 99.00 99.00 99.00 999 1012.5  27.4  27.6  24.4 99.0 99.00
2026 04 12 02 30  48  8.7 10.5 99.00 99.00 99.00 999 1012.5  27.3  27.6  24.4 99.0 99.00
2026 04 12 02 40  52  8.6 10.3  1.89  7.69  5.31 101 1012.6  27.3  27.6  24.2 99.0 99.00
2026 04 12 02 50  51  9.0 10.8 99.00 99.00 99.00 999 1012.8  27.3  27.6  24.1 99.0 99.00
2026 04 12 03 00  52  8.4 10.3 99.00 99.00 99.00 999 1012.8  27.3  27.6  24.2 99.0 99.00
2026 04 12 03 10  54  8.7 11.3  1.81  7.69  5.25 100 1012.8  27.3  27.6  24.4 99.0 99.00
2026 04 12 03 20  52  9.1 10.9 99.00 99.00 99.00 999 1012.8  27.3  27.6  24.1 99.0 99.00
2026 04 12 03 30  54  8.5 10.1 99.00 99.00 99.00 999 1012.8  27.3  27.6  24.3 99.0 99.00
2026 04 12 03 40  53  8.4 10.9  1.90  7.14  5.47  95 1012.9  27.3  27.6  24.6 99.0 99.00
2026 04 12 03 50  52  9.1 10.4 99.00 99.00 99.00 999 1012.8  27.2  27.6  24.2 99.0 99.00
2026 04 12 04 00  52  8.7 11.2 99.00 99.00 99.00 999 1012.7  27.2  27.6  24.3 99.0 99.00
2026 04 12 04 10  52  9.3 11.1  1.91  7.14  5.30 106 1012.7  27.2  27.6  24.1 99.0 99.00
2026 04 12 04 20  54  8.6 10.5 99.00 99.00 99.00 999 1012.5  27.2  27.6  24.2 99.0 99.00
2026 04 12 04 30  54  8.3 10.0 99.00 99.00 99.00 999 1012.5  27.2  27.6  24.5 99.0 99.00
2026 04 12 04 40  53  8.4 10.3  1.87  7.14  5.38 103 1012.4  27.2  27.6  24.6 99.0 99.00
2026 04 12 04 50  53  7.9  9.5 99.00 99.00 99.00 999 1012.3  27.2  27.6  24.9 99.0 99.00
2026 04 12 05 00  50  8.7 11.0 99.00 99.00 99.00 999 1012.2  27.0  27.6  24.5 99.0 99.00
2026 04 12 05 10  51  8.4 10.2  1.85  7.14  5.28 106 1012.2  27.1  27.6  24.5 99.0 99.00
2026 04 12 05 20  48  8.9 11.4 99.00 99.00 99.00 999 1012.2  27.1  27.6  24.4 99.0 99.00
2026 04 12 05 30  51  9.0 11.0 99.00 99.00 99.00 999 1012.1  27.1  27.6  24.4 99.0 99.00
2026 04 12 05 40  50  9.2 11.4  1.95  7.69  5.43  95 1012.0  27.1  27.6  24.2 99.0 99.00
2026 04 12 05 50  51  8.5 10.5 99.00 99.00 99.00 999 1011.9  27.1  27.5  24.3 99.0 99.00
2026 04 12 06 00  52  8.6 10.4 99.00 99.00 99.00 999 1011.8  27.1  27.5  24.4 99.0 99.00
2026 04 12 06 10  47  9.0 10.5  1.98  7.14  5.34  97 1011.7  27.1  27.5  24.5 99.0 99.00
2026 04 12 06 20  48  8.9 10.6 99.00 99.00 99.00 999 1011.6  27.1  27.5  24.5 99.0 99.00
2026 04 12 06 30  51  8.9 10.8 99.00 99.00 99.00 999 1011.5  27.1  27.5  24.5 99.0 99.00
2026 04 12 06 40  48  9.2 11.7  2.03  7.14  5.50 106 1011.4  27.0  27.5  24.2 99.0 99.00
2026 04 12 06 50  48  8.5 10.9 99.00 99.00 99.00 999 1011.4  27.1  27.5  24.4 99.0 99.00
2026 04 12 07 00  50  9.3 11.1 99.00 99.00 99.00 999 1011.2  27.0  27.5  24.0 99.0 99.00
2026 04 12 07 10  51  9.2 11.0  1.99  6.67  5.37 100 1011.3  27.0  27.5  23.9 99.0 99.00
2026 04 12 07 20  52  9.9 11.7 99.00 99.00 99.00 999 1011.2  27.0  27.6  23.8 99.0 99.00
2026 04 12 07 30  56  9.1 11.2 99.00 99.00 99.00 999 1011.2  27.1  27.5  24.1 99.0 99.00
2026 04 12 07 40  53  8.8 10.4  2.01  7.69  5.49 104 1010.9  27.1  27.5  24.3 99.0 99.00
2026 04 12 07 50  52  8.3 10.0 99.00 99.00 99.00 999 1011.0  27.1  27.5  24.5 99.0 99.00
2026 04 12 08 00  52  9.3 11.1 99.00 99.00 99.00 999 1010.9  27.0  27.5  24.2 99.0 99.00
2026 04 12 08 10  55  8.6 10.3  2.05  7.14  5.53 104 1010.8  27.1  27.5  24.6 99.0 99.00
2026 04 12 08 20  56  8.8 11.8 99.00 99.00 99.00 999 1010.9  27.1  27.5  24.8 99.0 99.00
2026 04 12 08 30  55  9.0 11.1 99.00 99.00 99.00 999 1010.8  27.0  27.6  24.3 99.0 99.00
2026 04 12 08 40  52  8.9 10.9  2.08  7.69  5.46  98 1010.9  27.0  27.5  24.3 99.0 99.00
2026 04 12 08 50  54  9.0 11.2 99.00 99.00 99.00 999 1010.9  27.0  27.5  24.3 99.0 99.00
2026 04 12 09 00  57  8.9 10.7 99.00 99.00 99.00 999 1011.0  27.0  27.5  24.2 99.0 99.00
2026 04 12 09 10  57  9.6 11.1  2.16  7.69  5.63 107 1011.2  27.0  27.5  24.0 99.0 99.00
2026 04 12 09 20  58  9.6 11.7 99.00 99.00 99.00 999 1011.2  27.0  27.5  24.0 99.0 99.00
2026 04 12 09 30  56  9.5 11.1 99.00 99.00 99.00 999 1011.3  27.0  27.5  24.0 99.0 99.00
2026 04 12 09 40  57  9.0 11.0  1.97  7.14  5.30  95 1011.4  27.0  27.5  24.0 99.0 99.00
2026 04 12 09 50  62  9.0 11.2 99.00 99.00 99.00 999 1011.4  27.0  27.5  24.0 99.0 99.00
2026 04 12 10 00  58  8.8 10.2 99.00 99.00 99.00 999 1011.5  27.0  27.5  24.2 99.0 99.00
2026 04 12 10 10  60  8.5  9.9  1.87  7.69  5.26  94 1011.6  27.0  27.5  24.2 99.0 99.00
2026 04 12 10 20  59  9.0 10.9 99.00 99.00 99.00 999 1011.6  27.0  27.5  23.9 99.0 99.00
2026 04 12 10 30  59  9.1 11.0 99.00 99.00 99.00 999 1011.7  27.1  27.5  23.7 99.0 99.00
2026 04 12 10 40  57  8.8 10.0  2.16  7.14  5.51 104 1011.8  27.1  27.5  23.7 99.0 99.00
2026 04 12 10 50  62  9.0 11.3 99.00 99.00 99.00 999 1011.9  27.1  27.5  23.8 99.0 99.00
2026 04 12 11 00  59  8.9 11.0 99.00 99.00 99.00 999 1011.9  27.1  27.5  23.9 99.0 99.00
2026 04 12 11 10  58  8.9 10.7  2.04  7.14  5.45  99 1012.0  27.1  27.5  23.9 99.0 99.00
2026 04 12 11 20  59  9.4 11.1 99.00 99.00 99.00 999 1012.0  27.1  27.5  23.9 99.0 99.00
2026 04 12 11 30  60  9.1 10.6 99.00 99.00 99.00 999 1012.1  27.1  27.5  24.2 99.0 99.00
2026 04 12 11 40  63  8.6 10.2  1.91  7.69  5.27  98 1012.2  27.1  27.5  24.4 99.0 99.00
2026 04 12 11 50  64  8.7 10.3 99.00 99.00 99.00 999 1012.4  27.1  27.5  24.3 99.0 99.00
2026 04 12 12 00  67  9.2 11.1 99.00 99.00 99.00 999 1012.5  27.0  27.5  24.1 99.0 99.00
2026 04 12 12 10  62  9.0 11.0  1.98  7.14  5.50 106 1012.6  27.1  27.5  24.2 99.0 99.00
2026 04 12 12 20  63  9.2 10.9 99.00 99.00 99.00 999 1012.7  27.1  27.5  24.1 99.0 99.00
2026 04 12 12 30  61  8.8 10.8 99.00 99.00 99.00 999 1012.9  27.1  27.5  24.2 99.0 99.00
2026 04 12 12 40  63  8.8 10.6  1.89  7.14  5.23  96 1013.1  27.1  27.5  23.9 99.0 99.00
2026 04 12 12 50  60  9.3 11.5 99.00 99.00 99.00 999 1013.2  27.1  27.5  23.5 99.0 99.00
2026 04 12 13 00  60  9.0 11.0 99.00 99.00 99.00 999 1013.2  27.2  27.5  23.7 99.0 99.00
2026 04 12 13 10  62  9.3 11.6  2.06  6.67  5.39  97 1013.3  27.2  27.5  23.7 99.0 99.00
2026 04 12 13 20  66  8.8 10.6 99.00 99.00 99.00 999 1013.3  27.2  27.5  23.9 99.0 99.00
2026 04 12 13 30  67  9.5 11.0 99.00 99.00 99.00 999 1013.4  27.1  27.5  23.5 99.0 99.00
2026 04 12 13 40  66  9.2 10.9  2.05  7.14  5.46  99 1013.5  27.1  27.5  23.4 99.0 99.00
2026 04 12 13 50  63  9.2 11.2 99.00 99.00 99.00 999 1013.5  27.1  27.5  23.5 99.0 99.00
2026 04 12 14 00  66  9.2 11.3 99.00 99.00 99.00 999 1013.5  27.1  27.5  23.6 99.0 99.00
2026 04 12 14 10  66  8.9 10.9  1.98  7.14  5.27  99 1013.6  27.2  27.5  23.8 99.0 99.00
2026 04 12 14 20  60  8.9 10.8 99.00 99.00 99.00 999 1013.6  27.1  27.5  23.7 99.0 99.00
2026 04 12 14 30  61  9.2 11.1 99.00 99.00 99.00 999 1013.5  27.1  27.5  23.7 99.0 99.00
2026 04 12 14 40  62  8.9 10.7  2.07  7.14  5.39 100 1013.6  27.2  27.5  23.9 99.0 99.00
2026 04 12 14 50  60  8.9 10.6 99.00 99.00 99.00 999 1013.6  27.2  27.5  24.0 99.0 99.00
2026 04 12 15 00  63  8.5 10.5 99.00 99.00 99.00 999 1013.6  27.2  27.5  24.2 99.0 99.00
2026 04 12 15 10  65  9.5 11.6  2.15  7.14  5.42  97 1013.5  27.1  27.5  23.9 99.0 99.00
2026 04 12 15 20  65  9.4 11.2 99.00 99.00 99.00 999 1013.5  27.2  27.5  23.8 99.0 99.00
2026 04 12 15 30  63  8.9 10.6 99.00 99.00 99.00 999 1013.5  27.2  27.5  24.0 99.0 99.00
2026 04 12 15 40  66  8.7 11.1  1.97  7.14  5.32  95 1013.5  27.2  27.5  23.9 99.0 99.00
2026 04 12 15 50  63  8.6 10.1 99.00 99.00 99.00 999 1013.3  27.2  27.5  24.0 99.0 99.00
2026 04 12 16 00  64  8.4 10.4 99.00 99.00 99.00 999 1013.3  27.2  27.5  24.0 99.0 99.00
2026 04 12 16 10  67  8.8 10.5  1.98  7.14  5.31 103 1013.2  27.2  27.6  23.9 99.0 99.00
2026 04 12 16 20  64  8.4  9.9 99.00 99.00 99.00 999 1013.1  27.2  27.6  24.3 99.0 99.00
2026 04 12 16 30  62  8.4 10.0 99.00 99.00 99.00 999 1012.9  27.2  27.6  24.2 99.0 99.00
2026 04 12 16 40  61  8.3 10.0  1.93  6.67  5.21  97 1012.9  27.2  27.6  24.4 99.0 99.00
2026 04 12 16 50  63  8.1  9.7 99.00 99.00 99.00 999 1012.8  27.2  27.6  24.3 99.0 99.00
2026 04 12 17 00  60  8.2  9.6 99.00 99.00 99.00 999 1012.6  27.2  27.6  24.3 99.0 99.00
2026 04 12 17 10  61  8.2  9.8  1.91  7.14  5.26  82 1012.6  27.2  27.6  24.3 99.0 99.00
2026 04 12 17 20  62  8.7 10.6 99.00 99.00 99.00 999 1012.5  27.2  27.6  24.2 99.0 99.00
2026 04 12 17 30  59  8.4 10.1 99.00 99.00 99.00 999 1012.5  27.2  27.6  24.2 99.0 99.00
2026 04 12 17 40  59  8.3 10.4  1.78  7.14  5.21  99 1012.4  27.2  27.6  24.2 99.0 99.00
2026 04 12 17 50  58  8.0  9.8 99.00 99.00 99.00 999 1012.4  27.2  27.6  24.2 99.0 99.00
2026 04 12 18 00  58  8.0 10.0 99.00 99.00 99.00 999 1012.3  27.2  27.6  24.2 99.0 99.00
2026 04 12 18 10  57  8.5  9.8  1.89  5.56  5.18  78 1012.2  27.3  27.6  24.1 99.0 99.00
2026 04 12 18 20  59  8.0  9.2 99.00 99.00 99.00 999 1012.0  27.3  27.6  24.4 99.0 99.00
2026 04 12 18 30  57  8.2 10.1 99.00 99.00 99.00 999 1011.9  27.2  27.6  24.3 99.0 99.00
2026 04 12 18 40  56  8.3  9.8  1.87  7.14  5.35  95 1011.7  27.2  27.6  24.2 99.0 99.00
2026 04 12 18 50  57  7.8  9.1 99.00 99.00 99.00 999 1011.6  27.3  27.6  24.3 99.0 99.00
2026 04 12 19 00  59  8.1 10.0 99.00 99.00 99.00 999 1011.4  27.3  27.6  24.3 99.0 99.00
2026 04 12 19 10  62  8.3 10.7  1.84  7.14  5.23  92 1011.2  27.3  27.6  24.3 99.0 99.00
2026 04 12 19 20  63  8.2  9.6 99.00 99.00 99.00 999 1011.2  27.3  27.6  24.2 99.0 99.00
2026 04 12 19 30  62  7.9  9.5 99.00 99.00 99.00 999 1011.0  27.3  27.6  24.3 99.0 99.00
2026 04 12 19 40  59  7.7  9.3  1.76  7.14  5.24  97 1010.9  27.3  27.6  24.6 99.0 99.00
2026 04 12 19 50  63  8.0  9.5 99.00 99.00 99.00 999 1010.7  27.2  27.6  24.4 99.0 99.00
2026 04 12 20 00  57  8.2  9.8 99.00 99.00 99.00 999 1010.6  27.3  27.6  24.5 99.0 99.00
2026 04 12 20 10  57  8.1  9.8  1.83  6.67  5.24  91 1010.4  27.3  27.6  24.6 99.0 99.00
2026 04 12 20 20  58  7.8  9.1 99.00 99.00 99.00 999 1010.3  27.3  27.6  24.7 99.0 99.00
2026 04 12 20 30  60  7.6  9.5 99.00 99.00 99.00 999 1010.4  27.3  27.6  24.8 99.0 99.00
2026 04 12 20 40  60  7.7  9.3  1.68  6.67  5.16  98 1010.3  27.3  27.6  24.7 99.0 99.00
2026 04 12 20 50  61  7.4  8.8 99.00 99.00 99.00 999 1010.3  27.3  27.6  24.7 99.0 99.00
2026 04 12 21 00  58  7.9  9.6 99.00 99.00 99.00 999 1010.3  27.3  27.6  24.5 99.0 99.00
2026 04 12 21 10  58  7.8  9.2  1.78  6.67  5.21  96 1010.3  27.3  27.6  24.4 99.0 99.00
2026 04 12 21 20  54  7.8  9.0 99.00 99.00 99.00 999 1010.3  27.3 999.0  24.4 99.0 99.00
2026 04 12 21 30  56  7.8  9.4 99.00 99.00 99.00 999 1010.3  27.3  27.6  24.5 99.0 99.00
2026 04 12 21 40  55  7.4  9.0  1.64  7.14  5.16 100 1010.2  27.3  27.6  24.6 99.0 99.00
2026 04 12 21 50  52  7.4  9.7 99.00 99.00 99.00 999 1010.3  27.3  27.6  24.7 99.0 99.00
2026 04 12 22 00  53  8.2  9.8 99.00 99.00 99.00 999 1010.3  27.2  27.6  24.4 99.0 99.00
2026 04 12 22 10  56  7.6  9.0  1.84  7.14  5.34  94 1010.4  27.3  27.6  24.5 99.0 99.00
2026 04 12 22 20  52  8.1  9.9 99.00 99.00 99.00 999 1010.4  27.3  27.6  24.5 99.0 99.00
2026 04 12 22 30  57  8.0  9.4 99.00 99.00 99.00 999 1010.5  27.3  27.6  24.6 99.0 99.00
2026 04 12 22 40  53  8.0  9.8  1.78  7.14  5.23  93 1010.4  27.3  27.6  24.7 99.0 99.00
2026 04 12 22 50  55  8.3  9.9 99.00 99.00 99.00 999 1010.4  27.2  27.6  24.7 99.0 99.00
2026 04 12 23 00  54  8.2  9.9 99.00 99.00 99.00 999 1010.6  27.2  27.6  24.6 99.0 99.00
2026 04 12 23 10  53  8.3  9.7  1.78  6.67  5.20  95 1010.6  27.2  27.6  24.6 99.0 99.00
2026 04 12 23 20  53  8.2 10.0 99.00 99.00 99.00 999 1010.7  27.2  27.6  24.6 99.0 99.00
2026 04 12 23 30  50  8.4  9.8 99.00 99.00 99.00 999 1010.8  27.2  27.6  24.6 99.0 99.00
2026 04 12 23 40  50  7.9  9.5  1.79  6.67  5.17  95 1010.9  27.2  27.6  24.7 99.0 99.00
2026 04 12 23 50  50  8.0 10.1 99.00 99.00 99.00 999 1011.0  27.2  27.6  24.8 99.0 99.00
2026 04 13 00 00  53  8.2  9.4 99.00 99.00 99.00 999 1011.2  27.2  27.6  24.7 99.0 99.00
2026 04 13 00 10  52  8.0  9.8  1.59  6.67  5.03  88 1011.3  27.2  27.6  24.6 99.0 99.00
2026 04 13 00 20  54  8.0  9.9 99.00 99.00 99.00 999 1011.4  27.2  27.6  24.5 99.0 99.00
2026 04 13 00 30  50  7.1  8.4 99.00 99.00 99.00 999 1011.5  27.2  27.6  24.7 99.0 99.00
2026 04 13 00 40  49  8.1 10.5  1.74  6.67  5.12  90 1011.6  27.2  27.6  24.7 99.0 99.00
2026 04 13 00 50  50  8.0  9.7 99.00 99.00 99.00 999 1011.7  27.2  27.6  24.8 99.0 99.00
2026 04 13 01 00  52  7.6  9.3 99.00 99.00 99.00 999 1011.8  27.2  27.6  24.8 99.0 99.00
2026 04 13 01 10  51  7.7  9.7  1.81  6.67  5.20 102 1011.9  27.2  27.6  24.8 99.0 99.00
2026 04 13 01 20  50  8.6 10.1 99.00 99.00 99.00 999 1012.0  27.2  27.6  24.6 99.0 99.00
2026 04 13 01 30  47  8.3 10.0 99.00 99.00 99.00 999 1012.1  27.3  27.6  24.8 99.0 99.00
2026 04 13 01 40  44  8.3 10.1  1.78  7.14  5.35  86 1012.2  27.2  27.6  24.8 99.0 99.00
2026 04 13 01 50  46  8.4 10.2 99.00 99.00 99.00 999 1012.3  27.2  27.6  24.6 99.0 99.00
2026 04 13 02 00  50  8.3  9.6 99.00 99.00 99.00 999 1012.4  27.2  27.6  24.4 99.0 99.00
2026 04 13 02 10  50  8.2 10.1  1.78  6.67  5.29 100 1012.6  27.2  27.6  24.4 99.0 99.00
2026 04 13 02 20  50  8.1 10.3 99.00 99.00 99.00 999 1012.6  27.2  27.6  24.3 99.0 99.00
2026 04 13 02 30  51  8.4  9.6 99.00 99.00 99.00 999 1012.8  27.2  27.6  24.2 99.0 99.00
2026 04 13 02 40  52  7.8  9.2  1.89  6.67  5.31  76 1012.8  27.2  27.6  24.4 99.0 99.00
2026 04 13 02 50  48  7.6  9.1 99.00 99.00 99.00 999 1012.9  27.3  27.6  24.7 99.0 99.00
2026 04 13 03 00  52  7.3  8.9 99.00 99.00 99.00 999 1013.0  27.3  27.6  24.8 99.0 99.00
2026 04 13 03 10  50  8.4 10.8  1.81  6.67  5.36  97 1013.1  27.3  27.6  25.0 99.0 99.00
2026 04 13 03 20  47  8.7 10.1 99.00 99.00 99.00 999 1013.2  27.2  27.6  24.8 99.0 99.00
2026 04 13 03 30  51  8.6 10.1 99.00 99.00 99.00 999 1013.1  27.2  27.6  24.7 99.0 99.00
2026 04 13 03 40  54  8.2 10.1  1.97  6.67  5.49 103 1013.2  27.2  27.6  24.7 99.0 99.00
2026 04 13 03 50  49  8.2 10.2 99.00 99.00 99.00 999 1013.1  27.2  27.6  24.6 99.0 99.00
2026 04 13 04 00  52  8.8 10.1 99.00 99.00 99.00 999 1013.1  27.2  27.6  24.5 99.0 99.00
2026 04 13 04 10  52  8.7 10.5  1.77  6.67  5.27  88 1013.0  27.2  27.6  24.6 99.0 99.00
2026 04 13 04 20  51  8.7 10.0 99.00 99.00 99.00 999 1013.0  27.2  27.6  24.7 99.0 99.00
2026 04 13 04 30  46  8.5 10.5 99.00 99.00 99.00 999 1012.8  27.1  27.6  24.7 99.0 99.00
2026 04 13 04 40  47  8.3 10.4  1.68  6.67  5.23  96 1012.8  27.1  27.6  24.7 99.0 99.00
2026 04 13 04 50  49  8.2 10.0 99.00 99.00 99.00 999 1012.7  27.2  27.6  24.8 99.0 99.00
2026 04 13 05 00  51  8.9 11.0 99.00 99.00 99.00 999 1012.6  27.1  27.6  24.8 99.0 99.00
2026 04 13 05 10  56  8.6 10.4  1.83  6.67  5.34  97 1012.6  27.0  27.6  24.4 99.0 99.00
2026 04 13 05 20  57  8.4  9.9 99.00 99.00 99.00 999 1012.5  27.1  27.6  24.5 99.0 99.00
2026 04 13 05 30  55  8.6  9.9 99.00 99.00 99.00 999 1012.3  27.1  27.6  24.5 99.0 99.00
2026 04 13 05 40  50  8.6 10.3  1.86  6.67  5.36  88 1012.2  27.1  27.6  24.6 99.0 99.00
2026 04 13 05 50  51  8.8 10.6 99.00 99.00 99.00 999 1012.2  27.0  27.6  24.6 99.0 99.00
2026 04 13 06 00  54  8.8 10.9 99.00 99.00 99.00 999 1012.0  27.0  27.6  24.6 99.0 99.00
2026 04 13 06 10  53  9.2 10.8  1.87  7.14  5.36  59 1012.0  26.9  27.6  24.3 99.0 99.00
2026 04 13 06 20  52  9.0 10.6 99.00 99.00 99.00 999 1011.9  27.0  27.6  24.3 99.0 99.00
2026 04 13 06 30  58  8.5 10.4 99.00 99.00 99.00 999 1011.8  27.0  27.5  24.2 99.0 99.00
2026 04 13 06 40  57  8.4 10.4  1.72  7.14  5.16  62 1011.7  27.0  27.6  24.3 99.0 99.00
2026 04 13 06 50  53  8.8 10.7 99.00 99.00 99.00 999 1011.5  27.0  27.6  24.3 99.0 99.00
2026 04 13 07 00  58  8.4  9.9 99.00 99.00 99.00 999 1011.5  27.0  27.5  24.3 99.0 99.00
2026 04 13 07 10  53  7.6  9.0  1.83  6.67  5.28  94 1011.4  27.0  27.5  24.5 99.0 99.00
2026 04 13 07 20  54  8.0 10.6 99.00 99.00 99.00 999 1011.4  26.9  27.5  24.7 99.0 99.00
2026 04 13 07 30  56  9.0 10.9 99.00 99.00 99.00 999 1011.4  26.9  27.5  24.4 99.0 99.00
2026 04 13 07 40  53  8.1  9.7  1.93  7.14  5.40  58 1011.3  27.0  27.5  24.6 99.0 99.00
2026 04 13 07 50  48  8.3 10.2 99.00 99.00 99.00 999 1011.3  26.9  27.5  24.4 99.0 99.00
2026 04 13 08 00  55  8.4 10.0 99.00 99.00 99.00 999 1011.2  27.0  27.5  24.6 99.0 99.00
2026 04 13 08 10  49  8.3 10.8  1.79  6.67  5.24  77 1011.2  27.0  27.5  24.8 99.0 99.00
2026 04 13 08 20  47  9.3 11.9 99.00 99.00 99.00 999 1011.1  26.9  27.5  24.4 99.0 99.00
2026 04 13 08 30  50  9.1 10.7 99.00 99.00 99.00 999 1011.1  26.9  27.5  24.4 99.0 99.00
2026 04 13 08 40  49  8.8 10.4  1.77  6.67  5.19  77 1011.2  26.9  27.5  24.4 99.0 99.00
2026 04 13 08 50  44  9.0 11.0 99.00 99.00 99.00 999 1011.2  26.9  27.5  24.5 99.0 99.00
2026 04 13 09 00  49  8.9 10.2 99.00 99.00 99.00 999 1011.2  26.9  27.5  24.4 99.0 99.00
2026 04 13 09 10  49  8.7 10.1  1.74  6.67  5.05  83 1011.4  26.9  27.5  24.5 99.0 99.00
2026 04 13 09 20  53  8.8 10.3 99.00 99.00 99.00 999 1011.4  26.9  27.5  24.4 99.0 99.00
2026 04 13 09 30  55  8.7 10.2 99.00 99.00 99.00 999 1011.5  26.9  27.5  24.3 99.0 99.00
2026 04 13 09 40  58  8.6 10.4  1.94  7.14  5.28  85 1011.5  26.8  27.5  24.0 99.0 99.00
2026 04 13 09 50  58  8.4 10.3 99.00 99.00 99.00 999 1011.6  27.0  27.5  24.2 99.0 99.00
2026 04 13 10 00  57  8.5  9.9 99.00 99.00 99.00 999 1011.6  26.9  27.5  24.2 99.0 99.00
2026 04 13 10 10  51  8.8 10.4  1.84  6.25  5.13  90 1011.7  26.9  27.5  24.0 99.0 99.00
2026 04 13 10 20  54  8.2 10.0 99.00 99.00 99.00 999 1011.7  26.9  27.5  24.2 99.0 99.00
2026 04 13 10 30  57  8.4 10.4 99.00 99.00 99.00 999 1011.8  26.9  27.5  23.9 99.0 99.00
2026 04 13 10 40  60  8.2 10.1  1.86  5.56  5.17  68 1012.0  27.0  27.5  23.7 99.0 99.00
2026 04 13 10 50  60  8.0  9.5 99.00 99.00 99.00 999 1012.0  27.0  27.5  23.8 99.0 99.00
2026 04 13 11 00  58  8.4 10.1 99.00 99.00 99.00 999 1012.1  26.9  27.5  23.5 99.0 99.00
2026 04 13 11 10  63  7.9  9.1  1.70  7.14  5.07  93 1012.2  27.0  27.5  23.8 99.0 99.00
2026 04 13 11 20  62  8.2 10.1 99.00 99.00 99.00 999 1012.2  27.0  27.5  24.0 99.0 99.00
2026 04 13 11 30  59  8.3  9.6 99.00 99.00 99.00 999 1012.3  26.9  27.5  24.1 99.0 99.00
2026 04 13 11 40  59  8.2 10.0  1.81  6.25  5.18  92 1012.3  26.9  27.5  24.1 99.0 99.00
2026 04 13 11 50  59  8.5  9.9 99.00 99.00 99.00 999 1012.5  26.9  27.5  23.7 99.0 99.00
2026 04 13 12 00  62  8.6 10.0 99.00 99.00 99.00 999 1012.6  27.0  27.5  23.7 99.0 99.00
2026 04 13 12 10  58  8.7 10.2  1.94  6.67  5.24  82 1012.8  27.0  27.5  23.6 99.0 99.00
2026 04 13 12 20  55  8.5 10.1 99.00 99.00 99.00 999 1012.9  27.1  27.5  23.8 99.0 99.00
2026 04 13 12 30  55  8.4  9.9 99.00 99.00 99.00 999 1013.0  27.1  27.5  23.8 99.0 99.00
2026 04 13 12 40  56  8.3  9.9  1.69  7.14  5.11  92 1013.2  27.1  27.5  23.8 99.0 99.00
2026 04 13 12 50  60  7.6  9.1 99.00 99.00 99.00 999 1013.3  27.1  27.5  24.2 99.0 99.00
2026 04 13 13 00  63  7.9 10.0 99.00 99.00 99.00 999 1013.4  27.0  27.5  24.0 99.0 99.00
2026 04 13 13 10  65  7.6  9.1  1.73  7.14  5.22  87 1013.4  27.1  27.5  24.1 99.0 99.00
2026 04 13 13 20  60  7.6  9.1 99.00 99.00 99.00 999 1013.5  27.1  27.5  24.0 99.0 99.00
2026 04 13 13 30  59  7.8  9.5 99.00 99.00 99.00 999 1013.5  27.1  27.5  23.8 99.0 99.00
2026 04 13 13 40  59  8.1  9.5  1.82  6.67  5.29  92 1013.5  27.1  27.5  23.7 99.0 99.00
2026 04 13 13 50  60  8.0  9.4 99.00 99.00 99.00 999 1013.6  27.1  27.5  23.8 99.0 99.00
2026 04 13 14 00  65  7.9  9.3 99.00 99.00 99.00 999 1013.6  27.1  27.5  23.9 99.0 99.00
2026 04 13 14 10  65  8.2  9.5  1.62  5.88  5.07  54 1013.7  27.1  27.5  24.0 99.0 99.00
2026 04 13 14 20  61  8.2  9.9 99.00 99.00 99.00 999 1013.7  27.1  27.5  24.0 99.0 99.00
2026 04 13 14 30  57  8.1  9.4 99.00 99.00 99.00 999 1013.7  27.1  27.5  24.2 99.0 99.00
2026 04 13 14 40  55  8.0 10.3  1.71  6.67  4.99  91 1013.6  27.1  27.5  24.4 99.0 99.00
2026 04 13 14 50  54  8.0  9.8 99.00 99.00 99.00 999 1013.7  27.1  27.5  24.2 99.0 99.00
2026 04 13 15 00  61  7.9  9.4 99.00 99.00 99.00 999 1013.7  27.2  27.5  24.5 99.0 99.00
2026 04 13 15 10  60  8.6  9.9  1.68  6.25  5.11  61 1013.8  27.1  27.5  24.2 99.0 99.00
2026 04 13 15 20  59  8.4 10.5 99.00 99.00 99.00 999 1013.7  27.1  27.5  24.1 99.0 99.00
2026 04 13 15 30  62  8.1  9.8 99.00 99.00 99.00 999 1013.7  27.2  27.5  24.2 99.0 99.00
2026 04 13 15 40  63  8.2  9.7  1.77  6.67  5.16  75 1013.6  27.2  27.5  23.9 99.0 99.00
2026 04 13 15 50  65  8.2  9.6 99.00 99.00 99.00 999 1013.5  27.2  27.6  23.8 99.0 99.00
2026 04 13 16 00  65  8.0  9.7 99.00 99.00 99.00 999 1013.3  27.2  27.5  23.8 99.0 99.00
2026 04 13 16 10  62  7.8  9.2  1.68  7.14  5.13  82 1013.3  27.2  27.6  23.8 99.0 99.00
2026 04 13 16 20  59  8.0  9.5 99.00 99.00 99.00 999 1013.3  27.2  27.6  24.0 99.0 99.00
2026 04 13 16 30  58  7.8  9.2 99.00 99.00 99.00 999 1013.2  27.2  27.6  24.2 99.0 99.00
2026 04 13 16 40  57  7.6  8.8  1.73  6.25  5.19  83 1013.1  27.2  27.6  24.4 99.0 99.00
2026 04 13 16 50  63  7.3  8.5 99.00 99.00 99.00 999 1013.1  27.1  27.6  24.4 99.0 99.00
2026 04 13 17 00  60  7.0  8.5 99.00 99.00 99.00 999 1012.9  27.2  27.6  24.5 99.0 99.00
2026 04 13 17 10  64  6.8  8.1  1.75  7.14  5.26  62 1012.8  27.1  27.6  24.4 99.0 99.00
2026 04 13 17 20  61  6.9  7.9 99.00 99.00 99.00 999 1012.6  27.1  27.6  24.4 99.0 99.00
2026 04 13 17 30  61  6.6  8.0 99.00 99.00 99.00 999 1012.4  27.1  27.6  24.6 99.0 99.00
2026 04 13 17 40  58  6.6  7.7  1.66  6.67  5.23  81 1012.3  27.1  27.6  24.7 99.0 99.00
2026 04 13 17 50  56  6.7  8.0 99.00 99.00 99.00 999 1012.1  27.1  27.6  24.7 99.0 99.00
2026 04 13 18 00  58  6.9  8.2 99.00 99.00 99.00 999 1012.0  27.1  27.7  24.6 99.0 99.00
2026 04 13 18 10  55  7.2  8.7  1.67  6.67  5.24  78 1011.8  27.1  27.7  24.4 99.0 99.00
2026 04 13 18 20  54  7.2  8.8 99.00 99.00 99.00 999 1011.5  27.2  27.7  24.3 99.0 99.00
2026 04 13 18 30  51  7.3  8.6 99.00 99.00 99.00 999 1011.4  27.2  27.7  24.2 99.0 99.00
2026 04 13 18 40  52  7.3  8.6  1.61  6.67  5.19  73 1011.4  27.2  27.6  24.2 99.0 99.00
2026 04 13 18 50  53  7.5  8.7 99.00 99.00 99.00 999 1011.2  27.2  27.7  23.9 99.0 99.00
2026 04 13 19 00  58  7.2  8.2 99.00 99.00 99.00 999 1011.1  27.3  27.7  23.9 99.0 99.00
2026 04 13 19 10  55  7.2  8.3  1.73  7.14  5.25  69 1011.1  27.3  27.7  23.8 99.0 99.00
2026 04 13 19 20  57  7.2  8.4 99.00 99.00 99.00 999 1011.0  27.3  27.7  23.7 99.0 99.00
2026 04 13 19 30  58  7.4  8.8 99.00 99.00 99.00 999 1010.9  27.3  27.6  23.8 99.0 99.00
2026 04 13 19 40  53  7.3  8.6  1.67  6.67  5.23  73 1010.8  27.3  27.7  24.0 99.0 99.00
2026 04 13 19 50  52  7.5  9.1 99.00 99.00 99.00 999 1010.7  27.3  27.6  23.9 99.0 99.00
2026 04 13 20 00  55  7.2  9.0 99.00 99.00 99.00 999 1010.6  27.3  27.7  24.1 99.0 99.00
2026 04 13 20 10  57  7.3  9.0  1.68  7.14  5.23  41 1010.4  27.3  27.6  24.1 99.0 99.00
2026 04 13 20 20  55  6.9  8.2 99.00 99.00 99.00 999 1010.3  27.3  27.7  24.3 99.0 99.00
2026 04 13 20 30  55  7.3  8.7 99.00 99.00 99.00 999 1010.3  27.2  27.7  24.0 99.0 99.00
2026 04 13 20 40  54  6.9  8.0  1.67  6.67  5.24  96 1010.2  27.3  27.7  24.1 99.0 99.00
2026 04 13 20 50  51  6.9  8.5 99.00 99.00 99.00 999 1010.1  27.3  27.7  24.2 99.0 99.00
2026 04 13 21 00  52  7.0  8.4 99.00 99.00 99.00 999 1010.0  27.3  27.7  24.2 99.0 99.00
2026 04 13 21 10  48  7.2  8.4  1.72  6.67  5.30  84 1009.9  27.3  27.7  24.2 99.0 99.00
2026 04 13 21 20  51  7.1  8.5 99.00 99.00 99.00 999 1010.0  27.3  27.7  24.2 99.0 99.00
2026 04 13 21 30  49  6.9  8.4 99.00 99.00 99.00 999 1010.1  27.3  27.7  24.3 99.0 99.00
2026 04 13 21 40  51  7.8  9.3  1.59  6.67  5.15  77 1010.1  27.2  27.7  24.3 99.0 99.00
2026 04 13 21 50  52  7.5  8.9 99.00 99.00 99.00 999 1010.1  27.3  27.6  24.3 99.0 99.00
2026 04 13 22 00  55  7.6  8.9 99.00 99.00 99.00 999 1010.2  27.3  27.7  24.2 99.0 99.00
2026 04 13 22 10  49  7.5  9.0  1.67  6.25  5.15  50 1010.3  27.3  27.6  24.2 99.0 99.00
2026 04 13 22 20  51  7.3  9.0 99.00 99.00 99.00 999 1010.3  27.3  27.6  24.1 99.0 99.00
2026 04 13 22 30  54  7.2  8.5 99.00 99.00 99.00 999 1010.3  27.3  27.6  24.1 99.0 99.00
2026 04 13 22 40  51  7.2  8.6  1.66  7.14  5.26  30 1010.4  27.3  27.6  24.2 99.0 99.00
2026 04 13 22 50  53  7.3  8.5 99.00 99.00 99.00 999 1010.3  27.2  27.6  24.1 99.0 99.00
2026 04 13 23 00  52  7.2  8.6 99.00 99.00 99.00 999 1010.5  27.2  27.6  24.1 99.0 99.00
2026 04 13 23 10  50  7.4  8.6  1.67  6.25  5.25  83 1010.4  27.2  27.6  24.1 99.0 99.00
2026 04 13 23 20  46  7.0  8.4 99.00 99.00 99.00 999 1010.3  27.2  27.6  24.4 99.0 99.00
2026 04 13 23 30  47  7.7  9.1 99.00 99.00 99.00 999 1010.3  27.1  27.6  24.2 99.0 99.00
2026 04 13 23 40  44  7.3  8.8  1.74  6.67  5.41  97 1010.4  27.2  27.6  24.5 99.0 99.00
2026 04 13 23 50  44  7.3  8.7 99.00 99.00 99.00 999 1010.5  27.1  27.6  24.4 99.0 99.00
2026 04 14 00 00  43  7.0  8.2 99.00 99.00 99.00 999 1010.6  27.1  27.6  24.4 99.0 99.00
2026 04 14 00 10  45  7.4  8.7  1.66  7.14  5.34  13 1010.8  27.1  27.6  24.3 99.0 99.00
2026 04 14 00 20  41  7.2  8.7 99.00 99.00 99.00 999 1010.9  27.1  27.6  24.3 99.0 99.00
2026 04 14 00 30  39  7.6  9.1 99.00 99.00 99.00 999 1010.9  27.2  27.6  24.5 99.0 99.00
2026 04 14 00 40  40  7.5  9.2  1.59  6.25  5.29  39 1011.1  27.1  27.6  24.5 99.0 99.00
2026 04 14 00 50  45  7.8  9.1 99.00 99.00 99.00 999 1011.2  27.1  27.6  24.3 99.0 99.00
2026 04 14 01 00  48  8.0  9.4 99.00 99.00 99.00 999 1011.3  27.1  27.6  24.1 99.0 99.00
2026 04 14 01 10  46  7.7  9.2  1.70  6.67  5.36  57 1011.3  27.2  27.6  24.1 99.0 99.00
2026 04 14 01 20  39  7.1  8.6 99.00 99.00 99.00 999 1011.4  27.2  27.6  24.6 99.0 99.00
2026 04 14 01 30  38  8.2  9.6 99.00 99.00 99.00 999 1011.5  27.1  27.5  24.3 99.0 99.00
2026 04 14 01 40  41  7.9  9.6  1.83  6.67  5.53  72 1011.6  27.1  27.5  24.1 99.0 99.00
2026 04 14 01 50  42  7.5  8.9 99.00 99.00 99.00 999 1011.7  27.1  27.5  24.2 99.0 99.00
2026 04 14 02 00  42  7.9  9.4 99.00 99.00 99.00 999 1011.7  27.1  27.5  24.2 99.0 99.00
2026 04 14 02 10  42  7.6  9.1  1.82  5.88  5.45  68 1011.9  27.2  27.6  24.5 99.0 99.00
2026 04 14 02 20  44  7.8  9.3 99.00 99.00 99.00 999 1011.8  27.1  27.6  24.4 99.0 99.00
2026 04 14 02 30  42  7.3  9.0 99.00 99.00 99.00 999 1012.0  27.1  27.5  24.4 99.0 99.00
2026 04 14 02 40  44  7.4  8.9  1.78  6.67  5.46  35 1012.0  27.1  27.6  24.4 99.0 99.00
2026 04 14 02 50  44  7.6  8.9 99.00 99.00 99.00 999 1012.0  27.1  27.6  24.4 99.0 99.00
2026 04 14 03 00  47  7.3  8.9 99.00 99.00 99.00 999 1012.0  27.1  27.5  24.5 99.0 99.00
2026 04 14 03 10  41  7.5  8.7  1.68  7.14  5.44  46 1012.0  27.1  27.5  24.5 99.0 99.00
2026 04 14 03 20  39  7.7  9.3 99.00 99.00 99.00 999 1012.0  27.1  27.5  24.4 99.0 99.00
2026 04 14 03 30  41  7.9  9.7 99.00 99.00 99.00 999 1011.9  27.1  27.5  24.4 99.0 99.00
2026 04 14 03 40  43  7.7  9.1  1.95  7.14  5.59  61 1012.0  27.1  27.5  24.5 99.0 99.00
2026 04 14 03 50  44  7.2  9.5 99.00 99.00 99.00 999 1012.0  27.1  27.5  24.5 99.0 99.00
2026 04 14 04 00  44  6.9  8.5 99.00 99.00 99.00 999 1012.0  27.1  27.5  24.6 99.0 99.00
2026 04 14 04 10  44  7.2  9.4  1.75  7.14  5.41  60 1011.8  27.1  27.5  24.7 99.0 99.00
2026 04 14 04 20  42  8.2  9.8 99.00 99.00 99.00 999 1011.8  27.0  27.5  24.4 99.0 99.00
2026 04 14 04 30  44  7.8  9.5 99.00 99.00 99.00 999 1011.7  27.1  27.5  24.5 99.0 99.00
2026 04 14 04 40  44  7.5  8.8  1.64  8.33  5.47 350 1011.5  27.1  27.5  24.6 99.0 99.00
2026 04 14 04 50  45  7.6  9.1 99.00 99.00 99.00 999 1011.4  27.0  27.5  24.4 99.0 99.00
2026 04 14 05 00  49  7.7  9.0 99.00 99.00 99.00 999 1011.3  27.0  27.5  24.4 99.0 99.00
2026 04 14 05 10  44  7.5  9.1  1.79  6.67  5.51 105 1011.2  27.0  27.5  24.5 99.0 99.00
2026 04 14 05 20  43  7.3  8.8 99.00 99.00 99.00 999 1011.0  27.0  27.5  24.5 99.0 99.00
2026 04 14 05 30  46  7.6  9.3 99.00 99.00 99.00 999 1010.9  26.9  27.5  24.3 99.0 99.00
2026 04 14 05 40  48  7.3  8.6  1.84  8.33  5.61 359 1010.8  27.0  27.5  24.4 99.0 99.00
2026 04 14 05 50  46  6.9  8.2 99.00 99.00 99.00 999 1010.8  27.0  27.5  24.5 99.0 99.00
2026 04 14 06 00  45  6.3  8.0 99.00 99.00 99.00 999 1010.7  27.0  27.5  24.6 99.0 99.00
2026 04 14 06 10  45  6.7  8.0  1.72  6.25  5.47  57 1010.7  26.9  27.5  24.6 99.0 99.00
2026 04 14 06 20  53  6.9  8.2 99.00 99.00 99.00 999 1010.7  26.9  27.5  24.4 99.0 99.00
2026 04 14 06 30  55  6.5  8.1 99.00 99.00 99.00 999 1010.4  27.0  27.5  24.6 99.0 99.00
2026 04 14 06 40  52  7.2  8.4  1.82  7.14  5.67  56 1010.3  27.0  27.5  24.5 99.0 99.00
2026 04 14 06 50  49  6.7  8.2 99.00 99.00 99.00 999 1010.3  27.0  27.4  24.6 99.0 99.00
2026 04 14 07 00  46  7.2  8.7 99.00 99.00 99.00 999 1010.2  26.9  27.4  24.5 99.0 99.00
2026 04 14 07 10  47  7.2  8.4  1.87  6.67  5.58  79 1010.1  26.9  27.4  24.5 99.0 99.00
2026 04 14 07 20  49  6.9  9.0 99.00 99.00 99.00 999 1010.1  26.9  27.4  24.5 99.0 99.00
2026 04 14 07 30  47  7.0  8.3 99.00 99.00 99.00 999 1010.0  26.9  27.4  24.5 99.0 99.00
2026 04 14 07 40  48  7.1  8.1  1.69  6.25  5.49  55 1010.0  26.9  27.5  24.5 99.0 99.00
2026 04 14 07 50  55  6.9  8.2 99.00 99.00 99.00 999 1010.0  26.9  27.5  24.6 99.0 99.00
2026 04 14 08 00  55  7.2  8.9 99.00 99.00 99.00 999 1009.9  26.9  27.4  24.4 99.0 99.00
2026 04 14 08 10  58  6.8  8.1  1.82  7.69  5.60 358 1010.1  26.9  27.4  24.4 99.0 99.00
2026 04 14 08 20  62  7.0  8.1 99.00 99.00 99.00 999 1009.9  26.9  27.5  24.2 99.0 99.00
2026 04 14 08 30  60  6.9  8.2 99.00 99.00 99.00 999 1009.8  26.9  27.5  24.0 99.0 99.00
2026 04 14 08 40  60  6.5  7.9  1.74  6.67  5.66  64 1009.8  27.0  27.5  24.2 99.0 99.00
2026 04 14 08 50  62  6.9  8.1 99.00 99.00 99.00 999 1009.8  26.9  27.5  24.0 99.0 99.00
2026 04 14 09 00  59  6.3  7.5 99.00 99.00 99.00 999 1009.8  26.9  27.5  24.1 99.0 99.00
2026 04 14 09 10  60  6.2  7.2  1.69  7.14  5.48   6 1009.8  26.9  27.5  24.2 99.0 99.00
2026 04 14 09 20  64  5.9  6.9 99.00 99.00 99.00 999 1009.8  26.9  27.5  24.3 99.0 99.00
2026 04 14 09 30  62  6.0  7.4 99.00 99.00 99.00 999 1009.8  26.9  27.5  24.3 99.0 99.00
2026 04 14 09 40  62  5.7  7.2  1.79  6.67  5.60  28 1009.9  26.9  27.5  24.5 99.0 99.00
2026 04 14 09 50  56  5.7  6.8 99.00 99.00 99.00 999 1010.0  26.8  27.5  24.4 99.0 99.00
2026 04 14 10 00  58  5.8  7.2 99.00 99.00 99.00 999 1010.0  26.8  27.5  24.3 99.0 99.00
2026 04 14 10 10  59  6.2  7.5  1.73  7.69  5.70  11 1010.0  26.9  27.5  24.3 99.0 99.00
2026 04 14 10 20  60  6.3  7.5 99.00 99.00 99.00 999 1010.1  26.9  27.5  24.5 99.0 99.00
2026 04 14 10 30  59  6.6  8.0 99.00 99.00 99.00 999 1010.2  26.9  27.5  24.4 99.0 99.00
2026 04 14 10 40  59  7.1  8.2  1.79  6.67  5.62  44 1010.2  26.9  27.5  24.2 99.0 99.00
2026 04 14 10 50  56  7.1  8.4 99.00 99.00 99.00 999 1010.3  26.9  27.5  24.3 99.0 99.00
2026 04 14 11 00  51  7.0  8.4 99.00 99.00 99.00 999 1010.4  26.9  27.5  24.4 99.0 99.00
2026 04 14 11 10  51  6.8  8.2  1.80  7.69  5.51   6 1010.4  26.9  27.5  24.4 99.0 99.00
2026 04 14 11 20  54  6.8  8.4 99.00 99.00 99.00 999 1010.4  26.9  27.4  24.5 99.0 99.00
2026 04 14 11 30  55  7.1  8.5 99.00 99.00 99.00 999 1010.6  26.8  27.5  24.2 99.0 99.00
2026 04 14 11 40  57  6.9  8.2  1.85  7.69  5.69 358 1010.6  26.9  27.5  24.3 99.0 99.00
2026 04 14 11 50  57  7.0  8.5 99.00 99.00 99.00 999 1010.8  26.9  27.5  24.1 99.0 99.00
2026 04 14 12 00  60  7.2  8.3 99.00 99.00 99.00 999 1010.9  27.0  27.5  24.1 99.0 99.00
2026 04 14 12 10  59  6.9  8.5  1.69  7.14  5.39  17 1011.1  27.0  27.5  24.0 99.0 99.00
2026 04 14 12 20  61  6.8  8.7 99.00 99.00 99.00 999 1011.2  27.0  27.5  24.0 99.0 99.00
2026 04 14 12 30  63  6.6  7.7 99.00 99.00 99.00 999 1011.3  27.0  27.5  24.0 99.0 99.00
2026 04 14 12 40  58  6.4  7.8  1.69  6.67  5.59  36 1011.4  27.1  27.5  24.1 99.0 99.00
2026 04 14 12 50  59  6.7  7.8 99.00 99.00 99.00 999 1011.5  27.1  27.5  24.2 99.0 99.00
2026 04 14 13 00  55  6.5  7.5 99.00 99.00 99.00 999 1011.7  27.1  27.5  24.4 99.0 99.00
2026 04 14 13 10  60  6.4  7.5  1.71  6.67  5.42  38 1011.9  27.0  27.5  24.1 99.0 99.00
2026 04 14 13 20  55  6.1  7.0 99.00 99.00 99.00 999 1012.0  27.1  27.5  24.2 99.0 99.00
2026 04 14 13 30  51  5.9  8.5 99.00 99.00 99.00 999 1012.1  27.0  27.5  24.4 99.0 99.00
2026 04 14 13 40  50  5.1  6.8  1.72  6.25  5.51  44 1012.0  26.6  27.5  24.4 99.0 99.00
2026 04 14 13 50  51  6.2  7.5 99.00 99.00 99.00 999 1012.0  27.0  27.5  24.5 99.0 99.00
2026 04 14 14 00  56  6.5  7.7 99.00 99.00 99.00 999 1012.1  27.0  27.5  24.2 99.0 99.00
2026 04 14 14 10  57  6.4  7.6  1.60  7.14  5.58  15 1012.2  27.1  27.5  24.1 99.0 99.00
2026 04 14 14 20  58  6.4  7.8 99.00 99.00 99.00 999 1012.2  27.1  27.5  24.0 99.0 99.00
2026 04 14 14 30  56  6.2  7.3 99.00 99.00 99.00 999 1012.2  27.1  27.5  23.9 99.0 99.00
2026 04 14 14 40  54  6.2  7.3  1.63  6.67  5.42  43 1012.3  27.1  27.5  23.9 99.0 99.00
2026 04 14 14 50  63  5.9  7.1 99.00 99.00 99.00 999 1012.2  27.1  27.5  23.9 99.0 99.00
2026 04 14 15 00  61  5.7  6.9 99.00 99.00 99.00 999 1012.3  27.1  27.5  24.1 99.0 99.00
2026 04 14 15 10  62  5.5  6.6  1.48  7.14  5.27  17 1012.2  27.1  27.6  24.0 99.0 99.00
2026 04 14 15 20  60  5.5  6.7 99.00 99.00 99.00 999 1012.2  27.2  27.6  24.1 99.0 99.00
2026 04 14 15 30  58  5.7  6.9 99.00 99.00 99.00 999 1012.1  27.1  27.6  23.8 99.0 99.00
2026 04 14 15 40  52  5.7  7.1  1.57  7.14  5.43  15 1012.1  27.2  27.6  23.7 99.0 99.00
2026 04 14 15 50  50  5.7  6.9 99.00 99.00 99.00 999 1012.1  27.2  27.6  23.7 99.0 99.00
2026 04 14 16 00  52  5.3  6.4 99.00 99.00 99.00 999 1012.1  27.2  27.6  23.9 99.0 99.00
2026 04 14 16 10  51  5.6  6.7  1.49  5.88  5.42  18 1012.0  27.2  27.6  24.0 99.0 99.00
2026 04 14 16 20  47  5.2  6.2 99.00 99.00 99.00 999 1011.9  27.2  27.6  24.1 99.0 99.00
2026 04 14 16 30  44  5.5  6.6 99.00 99.00 99.00 999 1012.0  27.2  27.7  24.2 99.0 99.00
2026 04 14 16 40  50  5.7  6.8  1.45  6.67  5.36  30 1011.9  27.1  27.6  23.9 99.0 99.00
2026 04 14 16 50  55  6.1  6.9 99.00 99.00 99.00 999 1011.8  27.2  27.7  24.0 99.0 99.00
2026 04 14 17 00  53  6.0  7.1 99.00 99.00 99.00 999 1011.6  27.2  27.7  24.1 99.0 99.00
2026 04 14 17 10  51  6.1  7.5  1.49  6.25  5.32  40 1011.4  27.2  27.7  24.1 99.0 99.00
2026 04 14 17 20  54  6.1  7.1 99.00 99.00 99.00 999 1011.3  27.2  27.7  24.1 99.0 99.00
2026 04 14 17 30  49  6.0  7.2 99.00 99.00 99.00 999 1011.2  27.2  27.7  24.2 99.0 99.00
2026 04 14 17 40  51  5.8  6.8  1.37  6.25  5.14  53 1011.2  27.2  27.7  24.1 99.0 99.00
2026 04 14 17 50  48  5.6  6.6 99.00 99.00 99.00 999 1011.1  27.2  27.8  24.1 99.0 99.00
2026 04 14 18 00  52  5.6  6.6 99.00 99.00 99.00 999 1011.0  27.2  27.7  24.1 99.0 99.00
2026 04 14 18 10  51  5.2  6.2  1.40  6.25  5.26  58 1010.8  27.2  27.8  24.1 99.0 99.00
2026 04 14 18 20  52  5.3  6.3 99.00 99.00 99.00 999 1010.7  27.2  27.8  24.0 99.0 99.00
2026 04 14 18 30  58  5.5  6.7 99.00 99.00 99.00 999 1010.6  27.2  27.8  23.9 99.0 99.00
2026 04 14 18 40  55  5.1  6.6  1.48  6.25  5.41  66 1010.4  27.3  27.8  24.2 99.0 99.00
2026 04 14 18 50  55  5.6  6.7 99.00 99.00 99.00 999 1010.3  27.3  27.8  24.1 99.0 99.00
2026 04 14 19 00  59  5.6  6.9 99.00 99.00 99.00 999 1010.1  27.3  27.8  24.1 99.0 99.00
2026 04 14 19 10  60  5.6  6.4  1.55  6.67  5.37  31 1010.1  27.3  27.8  24.1 99.0 99.00
2026 04 14 19 20  57  5.1  6.2 99.00 99.00 99.00 999 1010.0  27.3  27.8  24.2 99.0 99.00
2026 04 14 19 30  50  5.0  6.1 99.00 99.00 99.00 999 1009.8  27.3  27.8  24.3 99.0 99.00
2026 04 14 19 40  44  5.3  6.6  1.52  6.25  5.27  61 1009.7  27.3  27.8  24.4 99.0 99.00
2026 04 14 19 50  52  5.6  6.9 99.00 99.00 99.00 999 1009.6  27.3  27.9  24.3 99.0 99.00
2026 04 14 20 00  56  5.6  7.0 99.00 99.00 99.00 999 1009.4  27.3  27.9  24.2 99.0 99.00
2026 04 14 20 10  58  5.9  7.8  1.59  7.69  5.60 357 1009.4  27.3  27.9  24.2 99.0 99.00
2026 04 14 20 20  44  7.7  9.7 99.00 99.00 99.00 999 1009.3  26.8  27.8  24.5 99.0 99.00
2026 04 14 20 30  51  6.0  8.0 99.00 99.00 99.00 999 1009.1  26.1  27.8  23.7 99.0 99.00
2026 04 14 20 40  58  5.9  7.6  1.55  8.33  5.62  12 1009.1  26.8  27.8  24.0 99.0 99.00
2026 04 14 20 50  55  7.4 10.1 99.00 99.00 99.00 999 1009.1  27.1  27.9  24.3 99.0 99.00
2026 04 14 21 00  60  6.8  9.2 99.00 99.00 99.00 999 1009.1  26.7  27.9  23.6 99.0 99.00
2026 04 14 21 10  67  5.9  7.2  1.65  7.69  5.60  10 1009.0  26.9  27.8  24.4 99.0 99.00
2026 04 14 21 20  63  6.2  7.2 99.00 99.00 99.00 999 1009.0  27.0  27.7  24.6 99.0 99.00
2026 04 14 21 30  66  6.0  8.0 99.00 99.00 99.00 999 1009.0  27.0  27.8  24.5 99.0 99.00
2026 04 14 21 40  61  7.6  9.5  1.53  6.25  5.56  37 1009.1  27.2  27.7  24.4 99.0 99.00
2026 04 14 21 50  60  7.8  9.2 99.00 99.00 99.00 999 1009.0  27.2  27.7  24.3 99.0 99.00
2026 04 14 22 00  61  8.5 10.4 99.00 99.00 99.00 999 1009.0  27.2  27.8  24.1 99.0 99.00
2026 04 14 22 10  60  8.3  9.8  1.65  8.33  5.56   1 1009.1  27.2  27.8  23.9 99.0 99.00
2026 04 14 22 20  62  8.4 10.0 99.00 99.00 99.00 999 1009.2  27.2  27.7  23.9 99.0 99.00
2026 04 14 22 30  63  7.9  9.4 99.00 99.00 99.00 999 1009.2  27.2  27.7  24.1 99.0 99.00
2026 04 14 22 40  61  8.0  9.5  1.53  7.14  5.26  18 1009.4  27.2  27.7  24.2 99.0 99.00
2026 04 14 22 50  63  8.0  9.4 99.00 99.00 99.00 999 1009.5  27.1  27.7  24.1 99.0 99.00
2026 04 14 23 00  65  7.9  9.2 99.00 99.00 99.00 999 1009.6  27.1  27.7  24.1 99.0 99.00
2026 04 14 23 10  61  7.8  9.4  1.58  6.25  5.26  65 1009.6  27.1  27.7  24.2 99.0 99.00
2026 04 14 23 20  58  8.6 10.2 99.00 99.00 99.00 999 1009.6  27.0  27.7  23.8 99.0 99.00
2026 04 14 23 30  58  8.3  9.5 99.00 99.00 99.00 999 1009.7  27.0  27.7  23.8 99.0 99.00
2026 04 14 23 40  56  8.2  9.7  1.69  7.69  5.38   7 1009.8  27.0  27.7  23.8 99.0 99.00
2026 04 14 23 50  52  8.5  9.7 99.00 99.00 99.00 999 1009.8  27.0  27.6  23.8 99.0 99.00
2026 04 15 00 00  52  7.8  9.7 99.00 99.00 99.00 999 1010.1  27.1  27.6  24.0 99.0 99.00
2026 04 15 00 10  55  8.0  9.4  1.83  7.69  5.58  27 1010.1  27.0  27.6  23.9 99.0 99.00
2026 04 15 00 20  55  8.2  9.4 99.00 99.00 99.00 999 1010.2  27.0  27.7  23.8 99.0 99.00
2026 04 15 00 30  54  7.8  9.6 99.00 99.00 99.00 999 1010.3  27.1  27.6  24.1 99.0 99.00
2026 04 15 00 40  54  8.1 10.1  1.68  6.25  5.27  53 1010.4  27.0  27.6  23.9 99.0 99.00
2026 04 15 00 50  56  8.1  9.7 99.00 99.00 99.00 999 1010.6  27.0 999.0  23.8 99.0 99.00
2026 04 15 01 00  54  8.6 10.0 99.00 99.00 99.00 999 1010.7  27.0  27.6  23.7 99.0 99.00
2026 04 15 01 10  52  8.9 10.4  1.69  8.33  5.41   3 1010.7  27.0  27.6  23.4 99.0 99.00
2026 04 15 01 20  49  8.3 10.1 99.00 99.00 99.00 999 1010.8  27.1  27.6  23.7 99.0 99.00
2026 04 15 01 30  50  8.4 10.6 99.00 99.00 99.00 999 1010.9  27.1  27.6  23.7 99.0 99.00
2026 04 15 01 40  48  8.5 10.2  1.81  6.25  5.42  47 1011.0  27.1  27.6  23.5 99.0 99.00
2026 04 15 01 50  52  8.3 10.0 99.00 99.00 99.00 999 1011.1  27.1  27.6  23.6 99.0 99.00
2026 04 15 02 00  47  7.7  9.8 99.00 99.00 99.00 999 1011.1  27.1  27.5  23.9 99.0 99.00
2026 04 15 02 10  49  8.3 10.0  1.68  6.67  5.21  35 1011.2  27.0  27.5  23.7 99.0 99.00
2026 04 15 02 20  55  8.2  9.8 99.00 99.00 99.00 999 1011.2  27.1  27.5  23.7 99.0 99.00
2026 04 15 02 30  54  7.8  9.5 99.00 99.00 99.00 999 1011.4  27.1  27.5  23.8 99.0 99.00
2026 04 15 02 40  52  8.3 10.0  1.70  7.14  5.29  30 1011.5  27.0  27.5  23.5 99.0 99.00
2026 04 15 02 50  55  8.3 10.2 99.00 99.00 99.00 999 1011.7  27.0  27.5  23.5 99.0 99.00
2026 04 15 03 00  54  8.0  9.6 99.00 99.00 99.00 999 1011.7  27.0  27.5  23.4 99.0 99.00
2026 04 15 03 10  54  7.6  9.2  1.83  6.67  5.39  37 1011.7  27.0  27.5  23.6 99.0 99.00
2026 04 15 03 20  59  7.7  9.1 99.00 99.00 99.00 999 1011.9  27.0  27.5  23.7 99.0 99.00
2026 04 15 03 30  52  8.3  9.8 99.00 99.00 99.00 999 1011.9  26.9  27.5  23.5 99.0 99.00
2026 04 15 03 40  54  7.8  9.2  1.76  6.25  5.32  59 1011.9  27.0  27.5  23.6 99.0 99.00
2026 04 15 03 50  57  7.6  9.0 99.00 99.00 99.00 999 1012.0  27.0  27.5  23.6 99.0 99.00
2026 04 15 04 00  55  7.8  9.1 99.00 99.00 99.00 999 1011.9  27.0  27.5  23.6 99.0 99.00
2026 04 15 04 10  61  7.5  8.8  1.81  6.67  5.44  62 1011.9  26.9  27.5  23.6 99.0 99.00
2026 04 15 04 20  56  7.1  8.7 99.00 99.00 99.00 999 1011.8  26.9  27.5  23.7 99.0 99.00
2026 04 15 04 30  57  7.2  8.4 99.00 99.00 99.00 999 1011.7  26.9  27.5  23.7 99.0 99.00
2026 04 15 04 40  56  7.2  8.5  1.74  5.88  5.37  79 1011.6  26.9  27.5  23.7 99.0 99.00
2026 04 15 04 50  54  8.0  9.2 99.00 99.00 99.00 999 1011.4  26.9  27.5  23.5 99.0 99.00
2026 04 15 05 00  54  7.7  9.1 99.00 99.00 99.00 999 1011.4  26.9  27.5  23.6 99.0 99.00
2026 04 15 05 10  58  7.6  9.0  1.84  6.67  5.46  60 1011.3  26.9  27.5  23.5 99.0 99.00
2026 04 15 05 20  57  7.8  9.1 99.00 99.00 99.00 999 1011.2  26.9  27.5  23.4 99.0 99.00
2026 04 15 05 30  52  7.5  9.6 99.00 99.00 99.00 999 1011.0  26.9  27.5  23.5 99.0 99.00
2026 04 15 05 40  59  7.9  9.4  1.86  6.25  5.44  61 1010.9  26.9  27.5  23.2 99.0 99.00
2026 04 15 05 50  58  7.9  9.5 99.00 99.00 99.00 999 1010.6  26.9  27.5  23.0 99.0 99.00
2026 04 15 06 00  56  7.8  9.7 99.00 99.00 99.00 999 1010.6  26.9  27.5  23.0 99.0 99.00
2026 04 15 06 10  53  7.5  9.1  1.79  7.14  5.45  57 1010.4  26.9  27.5  23.3 99.0 99.00
2026 04 15 06 20  57  7.7  9.4 99.00 99.00 99.00 999 1010.3  26.8  27.5  23.2 99.0 99.00
2026 04 15 06 30  52  7.7  9.3 99.00 99.00 99.00 999 1010.1  26.8 999.0  23.2 99.0 99.00
2026 04 15 06 40  56  7.8  9.0  1.75  7.14  5.41  62 1010.1  26.8  27.5  23.1 99.0 99.00
2026 04 15 06 50  59  7.7  9.2 99.00 99.00 99.00 999 1010.1  26.8  27.5  23.0 99.0 99.00
2026 04 15 07 00  57  7.6  9.0 99.00 99.00 99.00 999 1010.1  26.8  27.4  22.8 99.0 99.00
2026 04 15 07 10  55  7.3  9.0  1.66  7.69  5.33  46 1010.0  26.8  27.5  23.0 99.0 99.00
2026 04 15 07 20  58  7.4  8.9 99.00 99.00 99.00 999 1009.9  26.7  27.4  22.8 99.0 99.00
2026 04 15 07 30  57  7.4  9.1 99.00 99.00 99.00 999 1009.8  26.7  27.4  22.9 99.0 99.00
2026 04 15 07 40  59  7.5  9.4  1.74  6.67  5.52  68 1009.7  26.7  27.2  23.0 99.0 99.00
2026 04 15 07 50  57  7.2  8.7 99.00 99.00 99.00 999 1009.6  26.7  27.3  22.9 99.0 99.00
2026 04 15 08 00  57  7.3  8.8 99.00 99.00 99.00 999 1009.5  26.7  27.3  22.9 99.0 99.00
2026 04 15 08 10  57  7.1  8.7  1.90  7.14  5.60  60 1009.6  26.7  27.3  23.0 99.0 99.00
2026 04 15 08 20  54  6.8  8.2 99.00 99.00 99.00 999 1009.5  26.7  27.3  23.0 99.0 99.00
2026 04 15 08 30  57  6.8  8.3 99.00 99.00 99.00 999 1009.5  26.6  27.2  23.0 99.0 99.00
2026 04 15 08 40  53  6.6  8.0  1.68  7.14  5.57  75 1009.6  26.7  27.1  23.3 99.0 99.00
2026 04 15 08 50  56  6.9  8.3 99.00 99.00 99.00 999 1009.5  26.6  27.1  23.1 99.0 99.00
2026 04 15 09 00  56  6.6  8.3 99.00 99.00 99.00 999 1009.6  26.6  27.1  23.3 99.0 99.00
2026 04 15 09 10  60  6.9  8.7  1.85  7.14  5.78  64 1009.6  26.6  27.1  23.0 99.0 99.00
2026 04 15 09 20  61  6.7  8.3 99.00 99.00 99.00 999 1009.6  26.7  27.1  23.2 99.0 99.00
2026 04 15 09 30  60  6.7  8.1 99.00 99.00 99.00 999 1009.6  26.6  27.1  23.1 99.0 99.00
2026 04 15 09 40  55  6.8  8.2  1.84  7.69  5.65  33 1009.6  26.6  27.1  23.1 99.0 99.00
2026 04 15 09 50  58  6.9  8.1 99.00 99.00 99.00 999 1009.7  26.6  27.1  23.2 99.0 99.00
2026 04 15 10 00  55  6.7  7.9 99.00 99.00 99.00 999 1009.8  26.5  27.1  22.9 99.0 99.00
2026 04 15 10 10  55  6.5  7.7  1.77  7.69  5.67  25 1009.9  26.6  27.1  23.2 99.0 99.00
2026 04 15 10 20  55  6.6  7.9 99.00 99.00 99.00 999 1009.9  26.5  27.1  23.1 99.0 99.00
2026 04 15 10 30  57  7.1  8.5 99.00 99.00 99.00 999 1010.0  26.5  27.1  22.9 99.0 99.00
2026 04 15 10 40  52  7.1  8.5  1.63  6.67  5.49  41 1010.0  26.5  27.1  22.8 99.0 99.00
2026 04 15 10 50  54  7.0  8.1 99.00 99.00 99.00 999 1010.1  26.6  27.1  23.0 99.0 99.00
2026 04 15 11 00  52  7.1  8.6 99.00 99.00 99.00 999 1010.2  26.6  27.1  23.0 99.0 99.00
2026 04 15 11 10  56  7.1  8.5  1.78  7.69  5.62  43 1010.3  26.6  27.1  22.9 99.0 99.00
2026 04 15 11 20  56  6.8  8.2 99.00 99.00 99.00 999 1010.4  26.6  27.1  23.0 99.0 99.00
2026 04 15 11 30  60  7.1  8.2 99.00 99.00 99.00 999 1010.6  26.6  27.1  23.0 99.0 99.00
2026 04 15 11 40  58  7.3  8.6  1.72  7.14  5.66  21 1010.6  26.7  27.1  23.2 99.0 99.00
2026 04 15 11 50  59  6.9  8.4 99.00 99.00 99.00 999 1010.7  26.7  27.1  23.3 99.0 99.00
2026 04 15 12 00  57  7.4  8.5 99.00 99.00 99.00 999 1010.8  26.6  27.1  22.9 99.0 99.00
2026 04 15 12 10  58  7.0  8.4  1.58  7.14  5.44  52 1010.9  26.7  27.1  23.1 99.0 99.00
2026 04 15 12 20  53  7.0  8.7 99.00 99.00 99.00 999 1011.1  26.7  27.1  23.2 99.0 99.00
2026 04 15 12 30  52  7.1  8.8 99.00 99.00 99.00 999 1011.2  26.7  27.1  23.2 99.0 99.00
2026 04 15 12 40  57  7.2  8.3  1.81  6.67  5.69  31 1011.3  26.8  27.1  23.2 99.0 99.00
2026 04 15 12 50  55  7.4  8.7 99.00 99.00 99.00 999 1011.4  26.8  27.1  23.1 99.0 99.00
2026 04 15 13 00  55  7.5  8.9 99.00 99.00 99.00 999 1011.4  26.8  27.1  23.0 99.0 99.00
2026 04 15 13 10  55  7.9  9.3  1.66  7.69  5.45  26 1011.6  26.9  27.1  22.9 99.0 99.00
2026 04 15 13 20  57  7.4  9.1 99.00 99.00 99.00 999 1011.7  26.9  27.1  23.2 99.0 99.00
2026 04 15 13 30  58  7.8  9.4 99.00 99.00 99.00 999 1011.7  26.9  27.1  22.9 99.0 99.00
2026 04 15 13 40  53  7.4  8.9  1.83  7.69  5.61  20 1011.8  26.9  27.2  23.0 99.0 99.00
2026 04 15 13 50  59  7.8  9.1 99.00 99.00 99.00 999 1011.8  26.9  27.2  22.9 99.0 99.00
2026 04 15 14 00  57  7.5  9.4 99.00 99.00 99.00 999 1011.8  27.0  27.2  23.1 99.0 99.00
2026 04 15 14 10  54  7.9  9.4  1.73  7.69  5.58   9 1012.0  27.0  27.2  22.8 99.0 99.00
2026 04 15 14 20  59  7.6  9.1 99.00 99.00 99.00 999 1012.0  27.0  27.2  22.8 99.0 99.00
2026 04 15 14 30  53  7.5  9.2 99.00 99.00 99.00 999 1011.9  27.0  27.2  23.0 99.0 99.00
2026 04 15 14 40  52  7.3  8.6  1.73  7.14  5.42   6 1012.0  27.0  27.2  23.0 99.0 99.00
2026 04 15 14 50  53  7.5  9.1 99.00 99.00 99.00 999 1012.0  26.9  27.2  23.0 99.0 99.00
2026 04 15 15 00  54  7.0  8.1 99.00 99.00 99.00 999 1011.9  27.0  27.2  23.3 99.0 99.00
2026 04 15 15 10  51  7.0  8.5  1.66  7.69  5.49  25 1011.8  27.0 999.0  23.2 99.0 99.00
2026 04 15 15 20  58  7.0  8.6 99.00 99.00 99.00 999 1011.9  27.0  27.3  22.9 99.0 99.00
2026 04 15 15 30  62  7.3  8.8 99.00 99.00 99.00 999 1011.9  27.0  27.3  22.6 99.0 99.00
2026 04 15 15 40  61  7.1  8.5  1.64  6.67  5.38   4 1011.9  27.1  27.3  22.9 99.0 99.00
2026 04 15 15 50  60  6.9  8.5 99.00 99.00 99.00 999 1011.8  27.0  27.3  22.9 99.0 99.00
2026 04 15 16 00  58  6.9  8.1 99.00 99.00 99.00 999 1011.8  27.0  27.3  22.9 99.0 99.00
2026 04 15 16 10  60  7.0  8.2  1.63  6.67  5.30  21 1011.7  27.0  27.3  22.7 99.0 99.00
2026 04 15 16 20  58  7.3  8.5 99.00 99.00 99.00 999 1011.6  27.1  27.3  22.4 99.0 99.00
2026 04 15 16 30  59  7.1  8.7 99.00 99.00 99.00 999 1011.5  27.1  27.3  22.4 99.0 99.00
2026 04 15 16 40  56  7.0  8.3  1.76  6.67  5.68  29 1011.5  27.1  27.3  22.5 99.0 99.00
2026 04 15 16 50  57  6.7  8.4 99.00 99.00 99.00 999 1011.4  27.1  27.4  22.8 99.0 99.00
2026 04 15 17 00  56  6.6  8.1 99.00 99.00 99.00 999 1011.3  27.1  27.3  22.8 99.0 99.00
2026 04 15 17 10  59  6.5  7.7  1.65  7.14  5.43 359 1011.2  27.0  27.4  22.7 99.0 99.00
2026 04 15 17 20  57  6.4  7.7 99.00 99.00 99.00 999 1011.1  27.0  27.4  22.8 99.0 99.00
2026 04 15 17 30  58  6.0  7.0 99.00 99.00 99.00 999 1010.9  27.1  27.4  23.1 99.0 99.00
2026 04 15 17 40  60  6.2  7.3  1.62  6.67  5.40 357 1010.7  27.0  27.4  23.0 99.0 99.00
2026 04 15 17 50  58  6.3  7.8 99.00 99.00 99.00 999 1010.6  27.0  27.4  22.9 99.0 99.00
2026 04 15 18 00  62  6.0  7.4 99.00 99.00 99.00 999 1010.6  27.0  27.4  23.1 99.0 99.00
2026 04 15 18 10  58  5.8  6.9  1.59  7.14  5.41 350 1010.4  27.0  27.4  23.2 99.0 99.00
2026 04 15 18 20  57  5.7  6.8 99.00 99.00 99.00 999 1010.3  27.0  27.5  23.3 99.0 99.00
2026 04 15 18 30  59  5.7  6.9 99.00 99.00 99.00 999 1010.2  27.0  27.5  23.4 99.0 99.00
2026 04 15 18 40  60  6.3  7.6  1.53  7.14  5.32  45 1010.1  27.0  27.5  23.4 99.0 99.00
2026 04 15 18 50  52  6.5  7.7 99.00 99.00 99.00 999 1010.0  27.0 999.0  23.1 99.0 99.00
2026 04 15 19 00  54  6.2  7.6 99.00 99.00 99.00 999 1009.8  27.1  27.5  23.1 99.0 99.00
2026 04 15 19 10  57  6.3  7.9  1.52  7.14  5.25  31 1009.8  27.1  27.5  23.4 99.0 99.00
2026 04 15 19 20  58  6.5  8.2 99.00 99.00 99.00 999 1009.7  27.0  27.5  23.2 99.0 99.00
2026 04 15 19 30  59  6.8  8.4 99.00 99.00 99.00 999 1009.7  27.1  27.5  23.0 99.0 99.00
2026 04 15 19 40  58  7.2  8.6  1.54  6.67  5.37  57 1009.6  27.1  27.5  22.6 99.0 99.00
2026 04 15 19 50  57  7.1  8.6 99.00 99.00 99.00 999 1009.6  27.2  27.5  22.7 99.0 99.00
2026 04 15 20 00  52  7.1  8.3 99.00 99.00 99.00 999 1009.6  27.2  27.5  22.7 99.0 99.00
2026 04 15 20 10  56  6.8  8.0  1.48  7.14  5.36  35 1009.6  27.2  27.5  22.7 99.0 99.00
2026 04 15 20 20  56  6.9  8.1 99.00 99.00 99.00 999 1009.6  27.2  27.5  22.5 99.0 99.00
2026 04 15 20 30  56  6.9  8.0 99.00 99.00 99.00 999 1009.6  27.2  27.5  22.7 99.0 99.00
2026 04 15 20 40  55  6.8  8.4  1.53  7.69  5.43  34 1009.4  27.2  27.5  22.7 99.0 99.00
2026 04 15 20 50  50  6.7  8.1 99.00 99.00 99.00 999 1009.5  27.2  27.5  22.9 99.0 99.00
2026 04 15 21 00  53  6.7  7.9 99.00 99.00 99.00 999 1009.4  27.1  27.5  22.8 99.0 99.00
2026 04 15 21 10  49  6.8  8.2  1.57  8.33  5.41   9 1009.4  27.2  27.5  23.0 99.0 99.00
2026 04 15 21 20  55  6.9  8.1 99.00 99.00 99.00 999 1009.4  27.2  27.4  22.9 99.0 99.00
2026 04 15 21 30  51  6.5  8.0 99.00 99.00 99.00 999 1009.4  27.2  27.4  22.9 99.0 99.00
2026 04 15 21 40  55  6.6  7.9  1.63  7.14  5.63  62 1009.4  27.2  27.4  22.6 99.0 99.00
2026 04 15 21 50  52  6.3  8.1 99.00 99.00 99.00 999 1009.4  27.2  27.4  22.9 99.0 99.00
2026 04 15 22 00  49  6.6  7.8 99.00 99.00 99.00 999 1009.5  27.2  27.4  22.7 99.0 99.00
2026 04 15 22 10  47  6.5  7.7  1.59  7.69  5.77   8 1009.5  27.2  27.4  23.2 99.0 99.00
2026 04 15 22 20  48  6.4  7.7 99.00 99.00 99.00 999 1009.6  27.1  27.4  23.5 99.0 99.00
2026 04 15 22 30  47  6.6  7.9 99.00 99.00 99.00 999 1009.7  27.0  27.4  23.2 99.0 99.00
2026 04 15 22 40  44  6.5  7.9  1.81  8.33  5.90 354 1009.8  27.1  27.4  23.1 99.0 99.00
2026 04 15 22 50  46  6.6  8.0 99.00 99.00 99.00 999 1009.7  27.0  27.4  23.1 99.0 99.00
2026 04 15 23 00  45  6.9  8.3 99.00 99.00 99.00 999 1009.8  27.0  27.4  23.1 99.0 99.00
2026 04 15 23 10  47  6.6  8.2  1.61  8.33  5.78   0 1009.8  27.0  27.4  23.3 99.0 99.00
2026 04 15 23 20  46  7.0  8.5 99.00 99.00 99.00 999 1009.9  26.9  27.4  23.0 99.0 99.00
2026 04 15 23 30  47  6.6  8.6 99.00 99.00 99.00 999 1010.0  27.0  27.4  23.1 99.0 99.00
2026 04 15 23 40  45  6.8  8.0  1.83  8.33  6.18 344 1010.1  27.0  27.4  22.9 99.0 99.00
2026 04 15 23 50  46  7.0  8.4 99.00 99.00 99.00 999 1010.1  27.0  27.4  22.8 99.0 99.00
2026 04 16 00 00  49  6.7  7.8 99.00 99.00 99.00 999 1010.2  27.1  27.4  22.9 99.0 99.00
2026 04 16 00 10  45  6.7  8.0  1.84  9.09  6.03 342 1010.2  27.0  27.4  23.1 99.0 99.00
2026 04 16 00 20  45  6.8  8.1 99.00 99.00 99.00 999 1010.3  27.0  27.4  23.1 99.0 99.00
2026 04 16 00 30  45  6.7  8.1 99.00 99.00 99.00 999 1010.4  27.0  27.3  23.4 99.0 99.00
2026 04 16 00 40  46  7.0  8.3  1.96  8.33  6.10 340 1010.6  26.9  27.3  23.3 99.0 99.00
2026 04 16 00 50  44  6.9  8.3 99.00 99.00 99.00 999 1010.6  26.9  27.3  23.1 99.0 99.00
2026 04 16 01 00  48  7.0  8.3 99.00 99.00 99.00 999 1010.6  26.9  27.3  23.2 99.0 99.00
2026 04 16 01 10  44  6.8  8.3  1.77  7.14  5.86 343 1010.8  26.9  27.3  23.1 99.0 99.00
2026 04 16 01 20  45  6.9  7.9 99.00 99.00 99.00 999 1010.9  26.9  27.3  23.1 99.0 99.00
2026 04 16 01 30  48  6.8  8.4 99.00 99.00 99.00 999 1010.9  26.9  27.3  23.2 99.0 99.00
2026 04 16 01 40  43  6.8  8.6  1.77  8.33  5.88 332 1011.0  26.9  27.3  23.3 99.0 99.00
2026 04 16 01 50  48  6.9  8.2 99.00 99.00 99.00 999 1011.1  26.9  27.3  23.2 99.0 99.00
2026 04 16 02 00  48  6.8  8.5 99.00 99.00 99.00 999 1011.2  26.9  27.3  23.3 99.0 99.00
2026 04 16 02 10  51  6.8  7.9  1.69  8.33  5.80 335 1011.3  26.9  27.3  23.2 99.0 99.00
2026 04 16 02 20  48  6.8  7.9 99.00 99.00 99.00 999 1011.4  26.9  27.3  23.3 99.0 99.00
2026 04 16 02 30  49  6.7  7.9 99.00 99.00 99.00 999 1011.4  26.9  27.3  23.4 99.0 99.00
2026 04 16 02 40  48  6.7  8.1  1.65  8.33  5.72 325 1011.4  26.9  27.3  23.4 99.0 99.00
2026 04 16 02 50  48  6.8  8.1 99.00 99.00 99.00 999 1011.5  26.9  27.3  23.4 99.0 99.00
2026 04 16 03 00  47  6.8  8.2 99.00 99.00 99.00 999 1011.7  26.9  27.3  23.3 99.0 99.00
2026 04 16 03 10  49  6.6  7.8  1.68  8.33  5.77 331 1011.7  26.9  27.3  23.3 99.0 99.00
2026 04 16 03 20  46  6.4  7.9 99.00 99.00 99.00 999 1011.7  26.9  27.3  23.6 99.0 99.00
2026 04 16 03 30  47  6.5  7.8 99.00 99.00 99.00 999 1011.8  26.8  27.3  23.4 99.0 99.00
2026 04 16 03 40  47  6.6  7.7  1.65  7.69  5.74 335 1011.8  26.8  27.3  23.4 99.0 99.00
2026 04 16 03 50  46  6.5  7.6 99.00 99.00 99.00 999 1011.8  26.8  27.3  23.4 99.0 99.00
2026 04 16 04 00  43  6.4  7.9 99.00 99.00 99.00 999 1011.7  26.8  27.3  23.6 99.0 99.00
2026 04 16 04 10  46  6.3  7.7  1.60  8.33  5.67 322 1011.7  26.8  27.3  23.5 99.0 99.00
2026 04 16 04 20  42  6.6  7.9 99.00 99.00 99.00 999 1011.7  26.8  27.3  23.5 99.0 99.00
2026 04 16 04 30  45  6.6  7.6 99.00 99.00 99.00 999 1011.6  26.8  27.3  23.4 99.0 99.00
2026 04 16 04 40  46  6.4  7.7  1.64  8.33  5.81 332 1011.6  26.7  27.3  23.3 99.0 99.00
2026 04 16 04 50  47  6.3  7.4 99.00 99.00 99.00 999 1011.6  26.8  27.3  23.5 99.0 99.00
2026 04 16 05 00  45  6.3  7.6 99.00 99.00 99.00 999 1011.4  26.8  27.2  23.5 99.0 99.00
2026 04 16 05 10  52  6.2  7.4  1.65  7.14  5.74  11 1011.4  26.8  27.2  23.6 99.0 99.00
2026 04 16 05 20  51  6.2  7.6 99.00 99.00 99.00 999 1011.3  26.8  27.2  23.7 99.0 99.00
2026 04 16 05 30  46  6.3  7.9 99.00 99.00 99.00 999 1011.2  26.7  27.2  23.7 99.0 99.00
2026 04 16 05 40  47  6.2  7.6  1.65  7.69  5.73 341 1011.2  26.7  27.2  23.7 99.0 99.00
2026 04 16 05 50  47  6.3  7.6 99.00 99.00 99.00 999 1011.2  26.7  27.2  23.6 99.0 99.00
2026 04 16 06 00  44  6.1  7.1 99.00 99.00 99.00 999 1011.0  26.7  27.2  23.6 99.0 99.00
2026 04 16 06 10  41  6.0  7.2  1.70  6.67  5.73  22 1010.9  26.7  27.2  23.7 99.0 99.00
2026 04 16 06 20  44  6.3  7.3 99.00 99.00 99.00 999 1010.8  26.6  27.1  23.6 99.0 99.00
2026 04 16 06 30  42  6.4  7.6 99.00 99.00 99.00 999 1010.7  26.6  27.1  23.5 99.0 99.00
2026 04 16 06 40  49  6.3  7.4  1.55  8.33  5.48 321 1010.7  26.6  27.1  23.2 99.0 99.00
2026 04 16 06 50  46  6.4  7.9 99.00 99.00 99.00 999 1010.6  26.7  27.1  23.3 99.0 99.00
2026 04 16 07 00  47  5.9  7.0 99.00 99.00 99.00 999 1010.6  26.7  27.1  23.3 99.0 99.00
2026 04 16 07 10  47  5.9  7.2  1.57  7.14  5.42 348 1010.6  26.7  27.0  23.4 99.0 99.00
2026 04 16 07 20  51  6.0  7.5 99.00 99.00 99.00 999 1010.4  26.6  27.0  23.2 99.0 99.00
2026 04 16 07 30  49  5.7  6.8 99.00 99.00 99.00 999 1010.4  26.6  27.0  23.2 99.0 99.00
2026 04 16 07 40  51  5.6  6.7  1.67  6.67  5.68  19 1010.3  26.6  27.0  23.5 99.0 99.00
2026 04 16 07 50  46  5.8  6.8 99.00 99.00 99.00 999 1010.3  26.5  27.0  23.5 99.0 99.00
2026 04 16 08 00  44  5.6  6.6 99.00 99.00 99.00 999 1010.2  26.5  27.0  23.3 99.0 99.00
2026 04 16 08 10  43  5.6  6.9  1.60  6.25  5.50  60 1010.1  26.5  27.0  23.3 99.0 99.00
2026 04 16 08 20  47  5.6  6.5 99.00 99.00 99.00 999 1010.1  26.5  27.0  23.2 99.0 99.00
2026 04 16 08 30  43  5.7  7.0 99.00 99.00 99.00 999 1010.1  26.5  27.0  23.3 99.0 99.00
2026 04 16 08 40  49  5.5  6.6  1.51  6.67  5.45  46 1010.1  26.6  26.9  23.6 99.0 99.00
2026 04 16 08 50  50  5.7  7.0 99.00 99.00 99.00 999 1010.1  26.6  26.9  23.7 99.0 99.00
2026 04 16 09 00  52  6.0  6.9 99.00 99.00 99.00 999 1010.1  26.6  26.9  23.7 99.0 99.00
2026 04 16 09 10  54  5.5  6.8  1.43  7.14  5.35 337 1010.2  26.6  26.9  23.8 99.0 99.00
2026 04 16 09 20  54  6.2  7.4 99.00 99.00 99.00 999 1010.3  26.6  27.0  23.8 99.0 99.00
2026 04 16 09 30  57  6.1  7.4 99.00 99.00 99.00 999 1010.4  26.6  27.0  23.6 99.0 99.00
2026 04 16 09 40  57  6.2  7.3  1.55  7.14  5.52 353 1010.4  26.6  27.0  23.7 99.0 99.00
2026 04 16 09 50  57  6.4  7.8 99.00 99.00 99.00 999 1010.6  26.6  27.0  23.7 99.0 99.00
2026 04 16 10 00  55  6.2  7.2 99.00 99.00 99.00 999 1010.6  26.6  27.0  23.6 99.0 99.00
2026 04 16 10 10  59  6.0  7.0  1.41  5.88  5.30  44 1010.8  26.6  27.0  23.7 99.0 99.00
2026 04 16 10 20  55  6.3  7.5 99.00 99.00 99.00 999 1010.9  26.6  27.0  23.7 99.0 99.00
2026 04 16 10 30  57  6.1  7.4 99.00 99.00 99.00 999 1010.9  26.6  27.0  23.5 99.0 99.00
2026 04 16 10 40  61  5.9  7.0  1.52  7.14  5.43   8 1011.1  26.6  27.0  23.5 99.0 99.00
2026 04 16 10 50  61  6.0  7.2 99.00 99.00 99.00 999 1011.2  26.6  27.0  23.5 99.0 99.00
2026 04 16 11 00  63  6.1  7.1 99.00 99.00 99.00 999 1011.2  26.6  27.0  23.5 99.0 99.00
2026 04 16 11 10  56  5.7  6.8  1.51  6.25  5.40  19 1011.4  26.6  27.0  23.5 99.0 99.00
2026 04 16 11 20  57  5.2  6.5 99.00 99.00 99.00 999 1011.4  26.7  27.0  23.7 99.0 99.00
2026 04 16 11 30  67  5.9  7.1 99.00 99.00 99.00 999 1011.5  26.6  27.0  23.3 99.0 99.00
2026 04 16 11 40  67  5.6  6.6  1.35  6.67  5.28  12 1011.7  26.7  27.0  23.3 99.0 99.00
2026 04 16 11 50  63  5.9  7.1 99.00 99.00 99.00 999 1011.7  26.7  27.1  23.4 99.0 99.00
2026 04 16 12 00  60  5.8  7.0 99.00 99.00 99.00 999 1011.7  26.8  27.1  23.6 99.0 99.00
2026 04 16 12 10  53  6.0  7.3  1.38  7.14  5.28 351 1011.7  26.8  27.0  23.5 99.0 99.00
2026 04 16 12 20  61  6.1  7.2 99.00 99.00 99.00 999 1012.0  26.8  27.1  23.5 99.0 99.00
2026 04 16 12 30  63  5.7  6.9 99.00 99.00 99.00 999 1012.2  26.8  27.0  23.5 99.0 99.00
2026 04 16 12 40  59  5.8  6.9  1.41  7.14  5.35   3 1012.3  26.9  27.0  23.5 99.0 99.00
2026 04 16 12 50  60  5.8  7.0 99.00 99.00 99.00 999 1012.5  26.8  27.0  23.5 99.0 99.00
2026 04 16 13 00  58  5.9  7.4 99.00 99.00 99.00 999 1012.6  26.8  27.1  23.4 99.0 99.00
2026 04 16 13 10  56  5.5  6.4  1.29  6.67  5.16   3 1012.6  26.9  27.1  23.6 99.0 99.00
2026 04 16 13 20  57  5.7  7.0 99.00 99.00 99.00 999 1012.6  26.8  27.1  23.3 99.0 99.00
2026 04 16 13 30  59  5.4  6.4 99.00 99.00 99.00 999 1012.5  26.9  27.1  23.3 99.0 99.00
2026 04 16 13 40  54  5.5  6.5  1.25  6.25  5.02  30 1012.7  26.9  27.1  23.5 99.0 99.00
2026 04 16 13 50  57  5.6  6.8 99.00 99.00 99.00 999 1012.8  26.9  27.1  23.4 99.0 99.00
2026 04 16 14 00  56  5.7  6.8 99.00 99.00 99.00 999 1012.8  26.9  27.1  23.2 99.0 99.00
2026 04 16 14 10  58  5.3  6.4  1.34  6.25  5.16   5 1012.8  26.9  27.1  23.4 99.0 99.00
2026 04 16 14 20  62  5.8  7.0 99.00 99.00 99.00 999 1012.8  26.9  27.1  23.2 99.0 99.00
2026 04 16 14 30  62  5.7  6.7 99.00 99.00 99.00 999 1012.7  26.9  27.1  23.4 99.0 99.00
2026 04 16 14 40  63  5.4  6.7  1.30  6.67  5.15 347 1012.6  26.9  27.1  23.5 99.0 99.00
2026 04 16 14 50  56  5.6  6.5 99.00 99.00 99.00 999 1012.7  26.8  27.1  23.4 99.0 99.00
2026 04 16 15 00  59  5.3  6.1 99.00 99.00 99.00 999 1012.6  26.8  27.1  23.3 99.0 99.00
2026 04 16 15 10  62  5.4  6.6  1.27  6.67  5.08   2 1012.6  26.9  27.2  23.3 99.0 99.00
2026 04 16 15 20  66  5.6  6.7 99.00 99.00 99.00 999 1012.5  26.9  27.2  23.4 99.0 99.00
2026 04 16 15 30  63  5.2  6.1 99.00 99.00 99.00 999 1012.6  26.9  27.2  23.6 99.0 99.00
2026 04 16 15 40  67  5.1  5.8  1.27  6.25  5.08  15 1012.6  26.9  27.2  23.6 99.0 99.00
2026 04 16 15 50  66  5.3  6.4 99.00 99.00 99.00 999 1012.5  26.9  27.2  23.5 99.0 99.00
2026 04 16 16 00  61  5.3  6.4 99.00 99.00 99.00 999 1012.5  27.0  27.2  23.6 99.0 99.00
2026 04 16 16 10  65  5.4  6.5  1.26  6.67  5.06 358 1012.4  27.0  27.3  23.6 99.0 99.00
2026 04 16 16 20  66  5.4  6.4 99.00 99.00 99.00 999 1012.3  27.0  27.3  23.5 99.0 99.00
2026 04 16 16 30  63  5.2  6.3 99.00 99.00 99.00 999 1012.2  27.0  27.3  23.6 99.0 99.00
2026 04 16 16 40  61  5.7  6.9  1.23  5.56  4.99  74 1012.0  27.0  27.3  23.5 99.0 99.00
2026 04 16 16 50  62  5.4  6.3 99.00 99.00 99.00 999 1012.0  27.0  27.3  23.6 99.0 99.00
2026 04 16 17 00  64  5.5  6.5 99.00 99.00 99.00 999 1012.0  27.0  27.3  23.7 99.0 99.00
2026 04 16 17 10  67  5.7  6.8  1.18  5.56  4.90  66 1011.9  27.0  27.4  23.7 99.0 99.00
2026 04 16 17 20  63  6.1  7.0 99.00 99.00 99.00 999 1011.7  27.0  27.4  23.6 99.0 99.00
2026 04 16 17 30  63  6.0  7.6 99.00 99.00 99.00 999 1011.7  27.1  27.4  23.7 99.0 99.00
2026 04 16 17 40  67  6.1  6.9  1.31  6.25  5.05  66 1011.6  27.1  27.4  23.6 99.0 99.00
2026 04 16 17 50  61  5.9  7.1 99.00 99.00 99.00 999 1011.6  27.1  27.4  23.8 99.0 99.00
2026 04 16 18 00  62  6.1  7.1 99.00 99.00 99.00 999 1011.4  27.0  27.4  23.3 99.0 99.00
2026 04 16 18 10  60  5.8  7.2  1.29  5.88  4.93  70 1011.3  27.1  27.4  23.6 99.0 99.00
2026 04 16 18 20  58  6.1  7.0 99.00 99.00 99.00 999 1011.1  27.1  27.4  23.6 99.0 99.00
2026 04 16 18 30  57  5.9  7.3 99.00 99.00 99.00 999 1010.9  27.1  27.4  23.6 99.0 99.00
2026 04 16 18 40  55  5.8  7.2  1.23  5.88  5.00  59 1010.7  27.1  27.4  23.7 99.0 99.00
2026 04 16 18 50  56  6.2  7.5 99.00 99.00 99.00 999 1010.6  27.1  27.5  23.6 99.0 99.00
2026 04 16 19 00  56  6.1  7.2 99.00 99.00 99.00 999 1010.3  27.1  27.4  23.8 99.0 99.00
2026 04 16 19 10  57  6.3  7.5  1.27  6.25  5.02  56 1010.2  27.1  27.5  23.7 99.0 99.00
2026 04 16 19 20  62  6.0  7.3 99.00 99.00 99.00 999 1010.1  27.1  27.5  23.7 99.0 99.00
2026 04 16 19 30  55  6.3  7.3 99.00 99.00 99.00 999 1010.0  27.1  27.4  23.7 99.0 99.00
2026 04 16 19 40  55  6.3  7.6  1.32  5.88  4.96  73 1010.1  27.1  27.4  23.6 99.0 99.00
2026 04 16 19 50  51  6.1  7.4 99.00 99.00 99.00 999 1010.2  27.2  27.4  23.9 99.0 99.00
2026 04 16 20 00  49  6.2  7.6 99.00 99.00 99.00 999 1010.0  27.2  27.5  23.9 99.0 99.00
2026 04 16 20 10  52  6.3  7.2  1.10  5.88  4.76  82 1009.7  27.2  27.5  23.8 99.0 99.00
2026 04 16 20 20  59  6.2  7.4 99.00 99.00 99.00 999 1009.6  27.2  27.5  24.0 99.0 99.00
2026 04 16 20 30  61  6.6  7.5 99.00 99.00 99.00 999 1009.5  27.1  27.5  23.6 99.0 99.00
2026 04 16 20 40  55  6.5  7.6  1.24  5.88  4.85  37 1009.5  27.2  27.5  23.7 99.0 99.00
2026 04 16 20 50  49  6.4  7.4 99.00 99.00 99.00 999 1009.4  27.1  27.5  23.5 99.0 99.00
2026 04 16 21 00  51  6.4  7.4 99.00 99.00 99.00 999 1009.3  27.2  27.5  23.5 99.0 99.00
2026 04 16 21 10  49  6.3  7.5  1.19  5.56  4.70  78 1009.2  27.2  27.5  23.4 99.0 99.00
2026 04 16 21 20  46  6.3  7.4 99.00 99.00 99.00 999 1009.2  27.2  27.5  23.4 99.0 99.00
2026 04 16 21 30  49  6.1  7.5 99.00 99.00 99.00 999 1009.2  27.2  27.4  23.3 99.0 99.00
2026 04 16 21 40  51  6.2  7.4  1.15  5.88  4.70  64 1009.1  27.2  27.4  23.4 99.0 99.00
2026 04 16 21 50  47  6.1  7.3 99.00 99.00 99.00 999 1009.1  27.2  27.4  23.4 99.0 99.00
2026 04 16 22 00  49  6.0  7.2 99.00 99.00 99.00 999 1009.1  27.2  27.4  23.4 99.0 99.00
2026 04 16 22 10  46  5.9  7.2  1.17  6.25  4.83  40 1009.1  27.2  27.4  23.6 99.0 99.00
2026 04 16 22 20  43  6.0  7.1 99.00 99.00 99.00 999 1009.2  27.1  27.4  23.5 99.0 99.00
2026 04 16 22 30  48  6.0  7.0 99.00 99.00 99.00 999 1009.3  27.1  27.4  23.5 99.0 99.00
2026 04 16 22 40  45  6.0  7.1  1.13  5.88  4.93  73 1009.4  27.1  27.5  23.7 99.0 99.00
2026 04 16 22 50  47  5.9  7.1 99.00 99.00 99.00 999 1009.5  27.1  27.5  23.7 99.0 99.00
2026 04 16 23 00  44  5.5  6.6 99.00 99.00 99.00 999 1009.6  27.1  27.4  23.8 99.0 99.00
2026 04 16 23 10  43  5.6  6.6  1.12  5.88  4.84 104 1009.5  27.0  27.4  23.7 99.0 99.00
2026 04 16 23 20  38  6.1  7.3 99.00 99.00 99.00 999 1009.6  27.0  27.3  23.7 99.0 99.00
2026 04 16 23 30  41  6.3  7.3 99.00 99.00 99.00 999 1009.7  27.0  27.4  23.8 99.0 99.00
2026 04 16 23 40  46  6.1  7.3  1.16  5.88  4.80  72 1009.7  27.0  27.4  23.8 99.0 99.00
2026 04 16 23 50  44  6.1  7.4 99.00 99.00 99.00 999 1009.8  27.0  27.4  23.8 99.0 99.00
2026 04 17 00 00  46  6.1  7.4 99.00 99.00 99.00 999 1010.0  27.0  27.4  23.8 99.0 99.00
2026 04 17 00 10  47  6.4  7.6  1.11  5.88  4.80  93 1010.1  27.0  27.4  23.7 99.0 99.00
2026 04 17 00 20  47  6.1  7.6 99.00 99.00 99.00 999 1010.1  27.0  27.4  23.9 99.0 99.00
2026 04 17 00 30  44  6.2  7.5 99.00 99.00 99.00 999 1010.3  27.0  27.4  23.9 99.0 99.00
2026 04 17 00 40  41  6.1  7.4  1.12  5.88  4.82 112 1010.3  27.0  27.4  23.8 99.0 99.00
2026 04 17 00 50  44  6.2  7.5 99.00 99.00 99.00 999 1010.4  27.0  27.3  23.9 99.0 99.00
2026 04 17 01 00  40  6.2  7.6 99.00 99.00 99.00 999 1010.5  27.0  27.3  23.9 99.0 99.00
2026 04 17 01 10  44  6.0  7.6  1.15  5.56  4.76  97 1010.6  27.0  27.4  24.1 99.0 99.00
2026 04 17 01 20  40  5.9  7.8 99.00 99.00 99.00 999 1010.8  27.0  27.4  24.1 99.0 99.00
2026 04 17 01 30  41  6.4  7.6 99.00 99.00 99.00 999 1010.9  27.0  27.4  23.9 99.0 99.00
2026 04 17 01 40  43  6.5  7.5  1.07  5.88  4.63  45 1011.1  27.0  27.4  23.9 99.0 99.00
2026 04 17 01 50  41  6.5  7.8 99.00 99.00 99.00 999 1011.3  27.0  27.3  23.9 99.0 99.00
2026 04 17 02 00  41  6.4  7.8 99.00 99.00 99.00 999 1011.4  27.0  27.4  24.0 99.0 99.00
2026 04 17 02 10  39  6.2  7.4  1.09  6.25  4.73  80 1011.6  27.0  27.4  24.0 99.0 99.00
2026 04 17 02 20  43  6.4  8.5 99.00 99.00 99.00 999 1011.7  27.0  27.4  23.9 99.0 99.00
2026 04 17 02 30  41  6.7  7.8 99.00 99.00 99.00 999 1011.8  27.0  27.4  23.9 99.0 99.00
2026 04 17 02 40  37  6.8  8.2  1.13  5.88  4.71 127 1011.9  27.1  27.4  24.1 99.0 99.00
2026 04 17 02 50  37  6.6  8.0 99.00 99.00 99.00 999 1011.9  27.0  27.4  23.9 99.0 99.00
2026 04 17 03 00  38  6.5  7.9 99.00 99.00 99.00 999 1011.9  27.0  27.3  23.9 99.0 99.00
2026 04 17 03 10  38  6.5  7.7  1.11  5.56  4.78  84 1011.9  27.1  27.3  24.1 99.0 99.00
2026 04 17 03 20  38  6.4  7.7 99.00 99.00 99.00 999 1012.0  27.0  27.3  24.0 99.0 99.00
2026 04 17 03 30  40  6.5  7.9 99.00 99.00 99.00 999 1012.0  27.0  27.3  24.0 99.0 99.00
2026 04 17 03 40  40  6.6  8.4  1.13  5.88  4.68  78 1012.0  27.1  27.3  24.1 99.0 99.00
2026 04 17 03 50  37  6.4  7.8 99.00 99.00 99.00 999 1011.9  27.0  27.3  24.0 99.0 99.00
2026 04 17 04 00  36  6.4  7.5 99.00 99.00 99.00 999 1011.8  27.0  27.3  24.0 99.0 99.00
2026 04 17 04 10  38  6.4  7.7  1.07  5.88  4.78  88 1011.7  27.0  27.3  24.1 99.0 99.00
2026 04 17 04 20  41  6.7  8.2 99.00 99.00 99.00 999 1011.7  27.0  27.4  24.2 99.0 99.00
2026 04 17 04 30  43  6.5  7.9 99.00 99.00 99.00 999 1011.5  26.9  27.4  24.0 99.0 99.00
2026 04 17 04 40  45  6.6  8.1  1.18  6.25  4.71  15 1011.4  27.0  27.3  24.1 99.0 99.00
2026 04 17 04 50  43  6.6  7.9 99.00 99.00 99.00 999 1011.2  26.9  27.3  24.0 99.0 99.00
2026 04 17 05 00  41  6.0  7.3 99.00 99.00 99.00 999 1011.2  27.0  27.3  24.3 99.0 99.00
2026 04 17 05 10  44  6.3  7.7  1.09  6.25  4.77 116 1010.9  26.9  27.3  24.1 99.0 99.00
2026 04 17 05 20  45  6.3  7.4 99.00 99.00 99.00 999 1010.8  26.9  27.3  24.2 99.0 99.00
2026 04 17 05 30  47  6.2  7.4 99.00 99.00 99.00 999 1010.6  26.8  27.3  24.1 99.0 99.00
2026 04 17 05 40  52  5.9  7.3  1.18  5.56  4.79  23 1010.5  26.9  27.3  24.3 99.0 99.00
2026 04 17 05 50  45  5.7  7.3 99.00 99.00 99.00 999 1010.4  26.9  27.3  24.4 99.0 99.00
2026 04 17 06 00  45  6.0  7.2 99.00 99.00 99.00 999 1010.3  26.8  27.3  24.3 99.0 99.00
2026 04 17 06 10  48  5.6  6.7  1.17  5.56  4.80  38 1010.2  26.8  27.3  24.3 99.0 99.00
2026 04 17 06 20  50  5.4  6.4 99.00 99.00 99.00 999 1010.1  26.7  27.3  24.2 99.0 99.00
2026 04 17 06 30  49  5.5  6.6 99.00 99.00 99.00 999 1010.1  26.7  27.3  24.2 99.0 99.00
2026 04 17 06 40  50  5.6  6.7  1.20  5.56  4.90  34 1010.1  26.8  27.3  24.2 99.0 99.00
2026 04 17 06 50  43  5.0  5.9 99.00 99.00 99.00 999 1009.9  26.8  27.3  24.3 99.0 99.00
2026 04 17 07 00  46  5.5  6.6 99.00 99.00 99.00 999 1009.8  26.7  27.3  24.3 99.0 99.00
2026 04 17 07 10  49  5.3  6.2  1.13  5.00  4.79  60 1009.7  26.8  27.3  24.5 99.0 99.00
2026 04 17 07 20  49  5.8  6.9 99.00 99.00 99.00 999 1009.5  26.7  27.3  24.3 99.0 99.00
2026 04 17 07 30  53  5.8  7.0 99.00 99.00 99.00 999 1009.5  26.8  27.3  24.4 99.0 99.00
2026 04 17 07 40  52  6.0  7.4  1.15  6.25  4.91  27 1009.4  26.7  27.3  24.2 99.0 99.00
2026 04 17 07 50  53  5.4  6.3 99.00 99.00 99.00 999 1009.4  26.8  27.3  24.3 99.0 99.00
2026 04 17 08 00  51  5.8  7.6 99.00 99.00 99.00 999 1009.4  26.8  27.3  24.3 99.0 99.00
2026 04 17 08 10  51  5.7  7.0  1.15  5.56  4.80  53 1009.4  26.8  27.3  24.3 99.0 99.00
2026 04 17 08 20  58  5.5  6.3 99.00 99.00 99.00 999 1009.2  26.7  27.3  24.2 99.0 99.00
2026 04 17 08 30  58  5.3  6.3 99.00 99.00 99.00 999 1009.2  26.7  27.3  24.1 99.0 99.00
2026 04 17 08 40  60  5.4  6.4  1.19  5.56  4.87  33 1009.2  26.8  27.3  24.3 99.0 99.00
2026 04 17 08 50  62  5.6  6.8 99.00 99.00 99.00 999 1009.2  26.7  27.3  24.2 99.0 99.00
2026 04 17 09 00  62  5.7  6.7 99.00 99.00 99.00 999 1009.2  26.8  27.3  24.2 99.0 99.00
2026 04 17 09 10  64  5.2  6.2  1.16  6.25  4.93  23 1009.2  26.8  27.3  24.2 99.0 99.00
2026 04 17 09 20  63  5.2  6.0 99.00 99.00 99.00 999 1009.3  26.8  27.3  24.3 99.0 99.00
2026 04 17 09 30  68  5.4  6.2 99.00 99.00 99.00 999 1009.3  26.7  27.3  24.0 99.0 99.00
2026 04 17 09 40  64  4.8  5.6  1.19  5.88  5.03  10 1009.3  26.8  27.3  24.3 99.0 99.00
2026 04 17 09 50  59  5.4  6.5 99.00 99.00 99.00 999 1009.5  26.8  27.3  24.3 99.0 99.00
2026 04 17 10 00  61  5.2  6.3 99.00 99.00 99.00 999 1009.5  26.8  27.3  24.3 99.0 99.00
2026 04 17 10 10  63  5.3  6.3  1.16  5.88  4.93  88 1009.6  26.7  27.3  24.1 99.0 99.00
2026 04 17 10 20  57  5.1  6.0 99.00 99.00 99.00 999 1009.6  26.8  27.3  24.3 99.0 99.00
2026 04 17 10 30  55  4.7  5.6 99.00 99.00 99.00 999 1009.7  26.8  27.3  24.3 99.0 99.00
2026 04 17 10 40  61  4.9  5.8  1.24  5.26  5.00  73 1009.8  26.8  27.3  24.4 99.0 99.00
2026 04 17 10 50  60  5.0  5.8 99.00 99.00 99.00 999 1010.0  26.8  27.3  24.4 99.0 99.00
2026 04 17 11 00  58  4.7  6.0 99.00 99.00 99.00 999 1010.1  26.8  27.3  24.3 99.0 99.00
2026 04 17 11 10  53  4.2  5.1  1.16  6.25  5.02   0 1010.1  26.8  27.3  24.3 99.0 99.00
2026 04 17 11 20  44  3.8  4.8 99.00 99.00 99.00 999 1010.2  26.8  27.3  24.4 99.0 99.00
2026 04 17 11 30  47  4.6  6.5 99.00 99.00 99.00 999 1010.2  26.8  27.3  24.5 99.0 99.00
2026 04 17 11 40  58  5.1  5.9  1.22  6.67  5.15   8 1010.4  26.8  27.3  24.3 99.0 99.00
2026 04 17 11 50  56  4.7  5.6 99.00 99.00 99.00 999 1010.6  26.9  27.3  24.4 99.0 99.00
2026 04 17 12 00  57  4.7  5.7 99.00 99.00 99.00 999 1010.6  26.9  27.3  24.5 99.0 99.00
2026 04 17 12 10  51  4.9  5.7  1.18  6.67  5.06   3 1010.8  26.9  27.3  24.5 99.0 99.00
2026 04 17 12 20  51  4.6  5.6 99.00 99.00 99.00 999 1010.9  26.9  27.3  24.4 99.0 99.00
2026 04 17 12 30  51  4.6  5.6 99.00 99.00 99.00 999 1011.1  26.9  27.3  24.3 99.0 99.00
2026 04 17 12 40  51  4.6  5.7  1.10  6.67  5.09  10 1011.2  27.0  27.3  24.4 99.0 99.00
2026 04 17 12 50  49  4.6  5.4 99.00 99.00 99.00 999 1011.3  27.0  27.3  24.3 99.0 99.00
2026 04 17 13 00  50  4.6  5.4 99.00 99.00 99.00 999 1011.5  27.0  27.3  24.4 99.0 99.00
2026 04 17 13 10  55  4.4  5.3  1.10  6.67  5.07 346 1011.7  27.0  27.3  24.4 99.0 99.00
2026 04 17 13 20  47  4.1  5.1 99.00 99.00 99.00 999 1011.7  27.1  27.3  24.6 99.0 99.00
2026 04 17 13 30  44  3.8  4.6 99.00 99.00 99.00 999 1011.8  27.0  27.3  24.5 99.0 99.00
2026 04 17 13 40  46  3.8  4.5  1.16  5.88  5.18  79 1011.7  27.0  27.3  24.5 99.0 99.00
2026 04 17 13 50  47  3.7  4.6 99.00 99.00 99.00 999 1011.8  27.0  27.4  24.5 99.0 99.00
2026 04 17 14 00  54  3.7  4.5 99.00 99.00 99.00 999 1011.8  27.0 999.0  24.5 99.0 99.00
2026 04 17 14 10  57  4.0  4.9  1.11  6.25  5.08  36 1011.8  27.0  27.4  24.4 99.0 99.00
2026 04 17 14 20  56  4.4  5.4 99.00 99.00 99.00 999 1011.9  27.1  27.4  24.5 99.0 99.00
2026 04 17 14 30  55  4.4  5.3 99.00 99.00 99.00 999 1011.9  27.1  27.4  24.4 99.0 99.00
2026 04 17 14 40  55  4.4  5.3  1.10  5.88  5.08  19 1011.8  27.1  27.4  24.5 99.0 99.00
2026 04 17 14 50  58  4.4  5.1 99.00 99.00 99.00 999 1011.8  27.1  27.4  24.3 99.0 99.00
2026 04 17 15 00  63  4.5  5.3 99.00 99.00 99.00 999 1011.9  27.1  27.5  24.0 99.0 99.00
2026 04 17 15 10  57  4.2  5.1  1.08  7.14  5.08 345 1011.9  27.2  27.5  24.3 99.0 99.00
2026 04 17 15 20  55  4.3  5.0 99.00 99.00 99.00 999 1011.9  27.2  27.5  24.4 99.0 99.00
2026 04 17 15 30  53  4.3  5.1 99.00 99.00 99.00 999 1012.0  27.1  27.5  24.2 99.0 99.00
2026 04 17 15 40  56  4.4  5.4  1.06  5.88  5.09 154 1012.1  27.2  27.5  24.4 99.0 99.00
2026 04 17 15 50  53  4.7  5.8 99.00 99.00 99.00 999 1012.3  27.2  27.6  24.4 99.0 99.00
2026 04 17 16 00  52  4.6  5.7 99.00 99.00 99.00 999 1012.2  27.2  27.6  24.5 99.0 99.00
2026 04 17 16 10  50  4.5  5.7  1.03  5.88  5.06  71 1012.2  27.2  27.6  24.5 99.0 99.00
2026 04 17 16 20  54  4.4  5.6 99.00 99.00 99.00 999 1012.2  27.1  27.6  24.3 99.0 99.00
2026 04 17 16 30  53  4.3  5.0 99.00 99.00 99.00 999 1012.0  27.2  27.6  24.5 99.0 99.00
2026 04 17 16 40  54  4.4  5.6  1.11  5.88  5.11  46 1012.0  27.2  27.6  24.5 99.0 99.00
2026 04 17 16 50  53  4.4  5.2 99.00 99.00 99.00 999 1011.9  27.2  27.6  24.4 99.0 99.00
2026 04 17 17 00  52  4.5  5.3 99.00 99.00 99.00 999 1011.9  27.2  27.6  24.3 99.0 99.00
2026 04 17 17 10  47  4.3  5.7  1.02  6.67  4.97   5 1011.7  27.4  27.7  24.7 99.0 99.00
2026 04 17 17 20  51  4.9  6.0 99.00 99.00 99.00 999 1011.7  27.3  27.7  24.6 99.0 99.00
2026 04 17 17 30  58  5.1  6.0 99.00 99.00 99.00 999 1011.5  27.3  27.7  24.5 99.0 99.00
2026 04 17 17 40  60  4.5  5.5  1.04  6.25  4.95  38 1011.4  27.3  27.8  24.3 99.0 99.00
2026 04 17 17 50  56  4.5  5.3 99.00 99.00 99.00 999 1011.2  27.3  27.7  24.2 99.0 99.00
2026 04 17 18 00  54  4.3  5.1 99.00 99.00 99.00 999 1011.1  27.3  27.7  24.4 99.0 99.00
2026 04 17 18 10  50  4.5  5.5  1.02  6.25  4.88  10 1010.9  27.4  27.8  24.6 99.0 99.00
2026 04 17 18 20  52  4.4  5.2 99.00 99.00 99.00 999 1010.9  27.3  27.8  24.5 99.0 99.00
2026 04 17 18 30  53  4.4  5.2 99.00 99.00 99.00 999 1010.6  27.3  27.8  24.4 99.0 99.00
2026 04 17 18 40  51  4.3  5.4  1.04  5.88  4.97  85 1010.6  27.3  27.8  24.4 99.0 99.00
2026 04 17 18 50  43  4.6  5.3 99.00 99.00 99.00 999 1010.4  27.3  27.8  24.4 99.0 99.00
2026 04 17 19 00  43  4.7  5.7 99.00 99.00 99.00 999 1010.2  27.4  27.9  24.4 99.0 99.00
2026 04 17 19 10  49  4.6  5.4  0.98  6.67  4.81 344 1010.0  27.4  27.7  24.5 99.0 99.00
2026 04 17 19 20  49  4.9  6.0 99.00 99.00 99.00 999 1009.8  27.4  27.8  24.4 99.0 99.00
2026 04 17 19 30  49  4.7  5.4 99.00 99.00 99.00 999 1009.8  27.4  27.9  24.5 99.0 99.00
2026 04 17 19 40  46  4.3  5.5  0.92  6.25  4.78  17 1009.6  27.5  27.8  24.8 99.0 99.00
2026 04 17 19 50  48  4.0  5.0 99.00 99.00 99.00 999 1009.6  27.4  27.8  24.7 99.0 99.00
2026 04 17 20 00  50  4.2  5.1 99.00 99.00 99.00 999 1009.6  27.4  27.8  24.5 99.0 99.00
2026 04 17 20 10  45  4.4  5.3  0.97  5.56  4.89 119 1009.4  27.4  27.8  24.4 99.0 99.00
2026 04 17 20 20  50  4.3  5.1 99.00 99.00 99.00 999 1009.3  27.4  27.8  24.4 99.0 99.00
2026 04 17 20 30  52  4.5  5.5 99.00 99.00 99.00 999 1009.3  27.4  27.9  24.3 99.0 99.00
2026 04 17 20 40  49  4.6  5.5  1.02  6.67  4.89   9 1009.2  27.4  27.8  24.4 99.0 99.00
2026 04 17 20 50  47  4.5  5.3 99.00 99.00 99.00 999 1009.1  27.4  27.8  24.3 99.0 99.00
2026 04 17 21 00  48  4.6  5.5 99.00 99.00 99.00 999 1009.0  27.5  27.8  24.4 99.0 99.00
2026 04 17 21 10  50  4.8  5.7  0.96  5.26  4.80  91 1009.0  27.4  27.8  24.2 99.0 99.00
2026 04 17 21 20  48  4.6  5.1 99.00 99.00 99.00 999 1008.9  27.4  27.8  24.2 99.0 99.00
2026 04 17 21 30  48  4.6  5.7 99.00 99.00 99.00 999 1008.8  27.5  27.8  24.5 99.0 99.00
2026 04 17 21 40  49  5.0  6.0  0.97  5.26  4.88  28 1008.8  27.5  27.8  24.6 99.0 99.00
2026 04 17 21 50  46  5.1  6.0 99.00 99.00 99.00 999 1008.9  27.4  27.8  24.4 99.0 99.00
2026 04 17 22 00  41  5.4  6.3 99.00 99.00 99.00 999 1008.8  27.4  27.8  24.2 99.0 99.00
2026 04 17 22 10  37  5.3  6.5  0.93  6.25  4.81  38 1008.9  27.4  27.8  24.3 99.0 99.00
2026 04 17 22 20  38  5.2  6.1 99.00 99.00 99.00 999 1008.9  27.4  27.7  24.4 99.0 99.00
2026 04 17 22 30  38  5.4  6.4 99.00 99.00 99.00 999 1009.0  27.4  27.7  24.5 99.0 99.00
2026 04 17 22 40  35  5.5  6.5  0.92  5.56  4.85  96 1009.0  27.4  27.7  24.5 99.0 99.00
2026 04 17 22 50  34  5.7  6.8 99.00 99.00 99.00 999 1009.1  27.3  27.7  24.3 99.0 99.00
2026 04 17 23 00  35  5.7  6.6 99.00 99.00 99.00 999 1009.2  27.4  27.7  24.5 99.0 99.00
2026 04 17 23 10  34  5.6  6.7  1.00  5.56  4.84  89 1009.2  27.3  27.7  24.5 99.0 99.00
2026 04 17 23 20  35  5.5  6.6 99.00 99.00 99.00 999 1009.2  27.3  27.7  24.6 99.0 99.00
2026 04 17 23 30  33  5.4  6.5 99.00 99.00 99.00 999 1009.4  27.3  27.6  24.5 99.0 99.00
2026 04 17 23 40  34  5.2  6.2  0.92  6.67  4.74  24 1009.5  27.2  27.6  24.5 99.0 99.00
2026 04 17 23 50  32  5.2  6.4 99.00 99.00 99.00 999 1009.8  27.3  27.6  24.7 99.0 99.00
2026 04 18 00 00  32  5.4  6.4 99.00 99.00 99.00 999 1009.9  27.2  27.6  24.6 99.0 99.00
2026 04 18 00 10  31  5.5  6.7  0.98  6.25  4.79  42 1010.0  27.2  27.6  24.5 99.0 99.00
2026 04 18 00 20  30  5.3  6.4 99.00 99.00 99.00 999 1010.1  27.3  27.6  24.7 99.0 99.00
2026 04 18 00 30  32  5.9  7.0 99.00 99.00 99.00 999 1010.1  27.3  27.6  24.8 99.0 99.00
2026 04 18 00 40  36  5.5  6.5  0.98  5.88  4.85  62 1010.2  27.2  27.6  24.7 99.0 99.00
2026 04 18 00 50  37  5.4  6.3 99.00 99.00 99.00 999 1010.3  27.2  27.6  24.7 99.0 99.00
2026 04 18 01 00  41  5.5  6.5 99.00 99.00 99.00 999 1010.4  27.2  27.6  24.9 99.0 99.00
2026 04 18 01 10  42  5.7  6.9  0.96  5.56  4.78  83 1010.5  27.2  27.6  25.0 99.0 99.00
2026 04 18 01 20  40  5.9  7.0 99.00 99.00 99.00 999 1010.6  27.1  27.6  24.8 99.0 99.00
2026 04 18 01 30  44  5.9  7.0 99.00 99.00 99.00 999 1010.6  27.1  27.6  24.7 99.0 99.00
2026 04 18 01 40  42  6.0  7.1  1.00  5.88  4.86  99 1010.7  27.2  27.6  24.8 99.0 99.00
2026 04 18 01 50  41  5.6  6.5 99.00 99.00 99.00 999 1010.9  27.2  27.6  24.8 99.0 99.00
2026 04 18 02 00  45  5.6  6.9 99.00 99.00 99.00 999 1011.1  27.2  27.5  24.7 99.0 99.00
2026 04 18 02 10  47  5.6  7.1  1.01  6.67  4.94  58 1011.2  27.3  27.5  24.9 99.0 99.00
2026 04 18 02 20  55  6.4  7.7 99.00 99.00 99.00 999 1011.3  27.2  27.6  24.7 99.0 99.00
2026 04 18 02 30  53  6.2  7.3 99.00 99.00 99.00 999 1011.4  27.2  27.5  24.6 99.0 99.00
2026 04 18 02 40  56  5.9  7.1  0.99  6.67  4.79  77 1011.6  27.3  27.5  24.8 99.0 99.00
2026 04 18 02 50  61  5.8  7.0 99.00 99.00 99.00 999 1011.7  27.2  27.5  24.7 99.0 99.00
2026 04 18 03 00  55  5.8  7.3 99.00 99.00 99.00 999 1011.7  27.3  27.5  25.0 99.0 99.00
2026 04 18 03 10  56  6.2  7.4  0.99  6.67  4.72  53 1011.6  27.2  27.5  24.9 99.0 99.00
2026 04 18 03 20  57  6.2  7.3 99.00 99.00 99.00 999 1011.6  27.1  27.5  24.6 99.0 99.00
2026 04 18 03 30  54  6.2  7.3 99.00 99.00 99.00 999 1011.7  27.2  27.5  24.8 99.0 99.00
2026 04 18 03 40  56  6.5  7.7  0.98  6.67  4.61 104 1011.5  27.1  27.5  24.6 99.0 99.00
2026 04 18 03 50  56  6.3  7.7 99.00 99.00 99.00 999 1011.6  27.2  27.5  24.8 99.0 99.00
2026 04 18 04 00  52  6.5  7.6 99.00 99.00 99.00 999 1011.5  27.1  27.5  24.6 99.0 99.00
2026 04 18 04 10  55  6.6  7.6  1.01  7.14  4.59  77 1011.4  27.1  27.5  24.6 99.0 99.00
2026 04 18 04 20  53  6.4  7.6 99.00 99.00 99.00 999 1011.4  27.1  27.5  24.6 99.0 99.00
2026 04 18 04 30  55  6.1  7.1 99.00 99.00 99.00 999 1011.4  27.1  27.5  24.7 99.0 99.00
2026 04 18 04 40  56  6.0  7.2  0.96  6.67  4.66 109 1011.3  27.1  27.5  24.7 99.0 99.00
2026 04 18 04 50  56  6.0  7.1 99.00 99.00 99.00 999 1011.2  27.0  27.5  24.6 99.0 99.00
2026 04 18 05 00  52  5.9  7.3 99.00 99.00 99.00 999 1011.0  27.0  27.5  24.5 99.0 99.00
2026 04 18 05 10  54  5.7  6.7  0.95  6.67  4.60  90 1010.9  27.1  27.5  24.7 99.0 99.00
2026 04 18 05 20  52  5.7  6.9 99.00 99.00 99.00 999 1010.8  27.0  27.5  24.6 99.0 99.00
2026 04 18 05 30  49  5.4  7.0 99.00 99.00 99.00 999 1010.8  27.1  27.5  24.8 99.0 99.00
2026 04 18 05 40  49  5.6  6.6  0.99  6.25  4.64  84 1010.6  27.0  27.5  24.8 99.0 99.00
2026 04 18 05 50  58  6.2  7.5 99.00 99.00 99.00 999 1010.5  27.1  27.5  24.8 99.0 99.00
2026 04 18 06 00  58  6.5  7.6 99.00 99.00 99.00 999 1010.3  27.0  27.5  24.5 99.0 99.00
2026 04 18 06 10  58  6.3  7.6  1.05  5.00  4.65  30 1010.2  27.0  27.5  24.5 99.0 99.00
2026 04 18 06 20  57  6.0  7.0 99.00 99.00 99.00 999 1010.0  27.0  27.5  24.6 99.0 99.00
2026 04 18 06 30  55  5.9  6.9 99.00 99.00 99.00 999 1009.9  26.9  27.5  24.5 99.0 99.00
2026 04 18 06 40  57  6.2  7.1  1.01  5.56  4.52  70 1009.8  26.9  27.5  24.4 99.0 99.00
2026 04 18 06 50  56  6.2  7.3 99.00 99.00 99.00 999 1009.8  26.9  27.5  24.3 99.0 99.00
2026 04 18 07 00  55  5.8  6.8 99.00 99.00 99.00 999 1009.6  26.9  27.5  24.4 99.0 99.00
2026 04 18 07 10  61  5.8  6.8  0.96  5.88  4.59  48 1009.6  26.9  27.5  24.5 99.0 99.00
2026 04 18 07 20  64  6.0  7.2 99.00 99.00 99.00 999 1009.5  26.9  27.5  24.4 99.0 99.00
2026 04 18 07 30  58  5.7  6.8 99.00 99.00 99.00 999 1009.4  26.9  27.5  24.5 99.0 99.00
2026 04 18 07 40  58  5.6  6.8  0.99  6.67  4.56  85 1009.3  26.9  27.5  24.6 99.0 99.00
2026 04 18 07 50  57  5.7  6.9 99.00 99.00 99.00 999 1009.3  26.9  27.5  24.6 99.0 99.00
2026 04 18 08 00  62  5.8  6.8 99.00 99.00 99.00 999 1009.3  26.9  27.5  24.4 99.0 99.00
2026 04 18 08 10  69  5.5  6.8  0.99  5.88  4.66  43 1009.2  26.9  27.4  24.2 99.0 99.00
2026 04 18 08 20  67  5.3  6.2 99.00 99.00 99.00 999 1009.2  26.9  27.5  24.5 99.0 99.00
2026 04 18 08 30  69  5.5  6.6 99.00 99.00 99.00 999 1009.2  26.8  27.4  24.3 99.0 99.00
2026 04 18 08 40  71  5.3  6.1  0.93  4.76  4.49  35 1009.2  26.9  27.4  24.5 99.0 99.00
2026 04 18 08 50  72  5.2  6.0 99.00 99.00 99.00 999 1009.2  26.9  27.4  24.6 99.0 99.00
2026 04 18 09 00  68  5.0  5.8 99.00 99.00 99.00 999 1009.2  26.9  27.4  24.6 99.0 99.00
2026 04 18 09 10  73  5.4  7.1  0.94  5.88  4.51  91 1009.3  26.8  27.4  24.5 99.0 99.00
2026 04 18 09 20  71  5.7  6.5 99.00 99.00 99.00 999 1009.3  26.8  27.4  24.3 99.0 99.00
2026 04 18 09 30  73  5.6  6.8 99.00 99.00 99.00 999 1009.4  26.8  27.4  24.3 99.0 99.00
2026 04 18 09 40  78  5.7  6.7  1.00  5.88  4.55  52 1009.5  26.8  27.4  24.2 99.0 99.00
2026 04 18 09 50  84  5.7  6.9 99.00 99.00 99.00 999 1009.6  26.9  27.4  24.2 99.0 99.00
2026 04 18 10 00  88  5.5  6.8 99.00 99.00 99.00 999 1009.5  26.8  27.4  24.2 99.0 99.00
2026 04 18 10 10  85  5.2  5.9  0.92  6.67  4.56  91 1009.6  26.9  27.4  24.4 99.0 99.00
2026 04 18 10 20  81  5.1  6.0 99.00 99.00 99.00 999 1009.7  26.9  27.4  24.4 99.0 99.00
2026 04 18 10 30  88  5.0  5.8 99.00 99.00 99.00 999 1009.8  26.9  27.4  24.4 99.0 99.00
2026 04 18 10 40  81  5.4  6.7  1.08  4.76  4.65  73 1009.8  26.9  27.4  24.4 99.0 99.00
2026 04 18 10 50  83  5.7  6.8 99.00 99.00 99.00 999 1009.9  26.8  27.4  24.4 99.0 99.00
2026 04 18 11 00  86  5.7  6.7 99.00 99.00 99.00 999 1010.0  26.9  27.4  24.4 99.0 99.00
2026 04 18 11 10  78  5.3  6.5  0.91  5.26  4.53  64 1010.1  26.9  27.4  24.3 99.0 99.00
2026 04 18 11 20  82  5.1  6.0 99.00 99.00 99.00 999 1010.2  26.9  27.4  24.3 99.0 99.00
2026 04 18 11 30  83  5.4  6.2 99.00 99.00 99.00 999 1010.2  26.9  27.4  24.3 99.0 99.00
2026 04 18 11 40  82  5.1  6.0  0.94  5.26  4.55  72 1010.3  26.9  27.4  24.4 99.0 99.00
2026 04 18 11 50  82  5.2  6.0 99.00 99.00 99.00 999 1010.3  26.9  27.4  24.4 99.0 99.00
2026 04 18 12 00  82  5.9  7.3 99.00 99.00 99.00 999 1010.5  26.9  27.4  24.3 99.0 99.00
2026 04 18 12 10  85  5.1  6.4  0.94  4.55  4.55  81 1010.6  26.8  27.4  24.3 99.0 99.00
2026 04 18 12 20  83  5.4  6.4 99.00 99.00 99.00 999 1010.8  27.0  27.4  24.3 99.0 99.00
2026 04 18 12 30  88  5.9  6.7 99.00 99.00 99.00 999 1011.0  27.1  27.4  24.3 99.0 99.00
2026 04 18 12 40  87  5.7  6.6  0.94  5.56  4.56  87 1011.1  27.1  27.4  24.3 99.0 99.00
2026 04 18 12 50  83  5.7  7.0 99.00 99.00 99.00 999 1011.2  27.2  27.4  24.5 99.0 99.00
2026 04 18 13 00  84  5.7  6.7 99.00 99.00 99.00 999 1011.4  27.1  27.4  24.3 99.0 99.00
2026 04 18 13 10  82  5.8  7.1  0.94  6.67  4.63  97 1011.5  27.1  27.4  23.9 99.0 99.00
2026 04 18 13 20  85  5.5  6.3 99.00 99.00 99.00 999 1011.6  27.3  27.4  24.4 99.0 99.00
2026 04 18 13 30  83  5.5  6.4 99.00 99.00 99.00 999 1011.7  27.2  27.4  24.3 99.0 99.00
2026 04 18 13 40  82  5.8  6.5  0.97  5.00  4.51  74 1011.8  27.2  27.4  24.3 99.0 99.00
2026 04 18 13 50  85  5.3  6.3 99.00 99.00 99.00 999 1012.0  27.2  27.4  24.4 99.0 99.00
2026 04 18 14 00  83  5.4  6.4 99.00 99.00 99.00 999 1012.1  27.2  27.4  24.3 99.0 99.00
2026 04 18 14 10  82  5.4  6.5  0.94  5.56  4.33  92 1012.0  27.3  27.4  24.4 99.0 99.00
2026 04 18 14 20  83  5.6  6.5 99.00 99.00 99.00 999 1012.0  27.2  27.5  24.3 99.0 99.00
2026 04 18 14 30  83  5.4  6.4 99.00 99.00 99.00 999 1012.0  27.3  27.5  24.3 99.0 99.00
2026 04 18 14 40  88  5.7  7.0  0.96  6.67  4.57  87 1012.0  27.3  27.5  24.1 99.0 99.00
2026 04 18 14 50  88  5.9  6.5 99.00 99.00 99.00 999 1012.1  27.3  27.5  24.1 99.0 99.00
2026 04 18 15 00  89  5.4  6.5 99.00 99.00 99.00 999 1012.1  27.3  27.5  24.3 99.0 99.00
2026 04 18 15 10  89  5.3  6.3  0.93  7.14  4.53  94 1012.0  27.3  27.5  24.3 99.0 99.00
2026 04 18 15 20  81  5.1  6.0 99.00 99.00 99.00 999 1012.0  27.3  27.6  24.3 99.0 99.00
2026 04 18 15 30  82  5.0  6.1 99.00 99.00 99.00 999 1012.0  27.3  27.6  24.3 99.0 99.00
2026 04 18 15 40 999 99.0 99.0 99.00 99.00 99.00 999 1012.0 999.0  27.6 999.0 99.0 99.00
2026 04 18 15 50  84  5.2  6.2 99.00 99.00 99.00 999 1011.9 999.0  27.6 999.0 99.0 99.00
2026 04 18 16 00  87  5.1  6.0 99.00 99.00 99.00 999 1011.8 999.0  27.6 999.0 99.0 99.00
2026 04 18 16 10  85  5.1  5.8  0.95  5.26  4.62  92 1011.7 999.0  27.6 999.0 99.0 99.00
2026 04 18 16 20  82  5.1  6.0 99.00 99.00 99.00 999 1011.7 999.0  27.7 999.0 99.0 99.00
2026 04 18 16 30  88  5.2  6.0 99.00 99.00 99.00 999 1011.7 999.0  27.7 999.0 99.0 99.00
2026 04 18 16 40  87  5.0  6.0  1.08  5.00  4.73  83 1011.6 999.0  27.7 999.0 99.0 99.00
2026 04 18 16 50  90  4.9  5.6 99.00 99.00 99.00 999 1011.6 999.0  27.7 999.0 99.0 99.00
2026 04 18 17 00  90  4.8  5.9 99.00 99.00 99.00 999 1011.5 999.0  27.7 999.0 99.0 99.00
2026 04 18 17 10  91  4.8  5.7  1.12  5.26  4.87  94 1011.4 999.0  27.7 999.0 99.0 99.00
2026 04 18 17 20  93  4.8  5.8 99.00 99.00 99.00 999 1011.3 999.0  27.8 999.0 99.0 99.00
2026 04 18 17 30  88  4.6  5.4 99.00 99.00 99.00 999 1011.2 999.0  27.8 999.0 99.0 99.00
2026 04 18 17 40  87  4.3  5.3  1.04  5.88  4.71  98 1011.0 999.0  27.8 999.0 99.0 99.00
2026 04 18 17 50  77  4.3  5.0 99.00 99.00 99.00 999 1010.9 999.0  27.8 999.0 99.0 99.00
2026 04 18 18 00  76  4.3  4.9 99.00 99.00 99.00 999 1010.7 999.0  27.8 999.0 99.0 99.00
2026 04 18 18 10  79  4.1  4.9  1.03  5.56  4.65  95 1010.6 999.0  27.9 999.0 99.0 99.00
2026 04 18 18 20  75  4.0  4.9 99.00 99.00 99.00 999 1010.5 999.0  27.9 999.0 99.0 99.00
2026 04 18 18 30  72  4.2  5.2 99.00 99.00 99.00 999 1010.3 999.0  27.9 999.0 99.0 99.00
2026 04 18 18 40  76  4.2  4.8  1.00  5.26  4.72 100 1010.3 999.0  27.9 999.0 99.0 99.00
2026 04 18 18 50  77  4.0  4.8 99.00 99.00 99.00 999 1010.2 999.0  28.0 999.0 99.0 99.00
2026 04 18 19 00  70  4.1  5.4 99.00 99.00 99.00 999 1010.1 999.0  28.0 999.0 99.0 99.00
2026 04 18 19 10  65  3.9  4.9  1.08  5.88  4.87 105 1010.1 999.0  28.0 999.0 99.0 99.00
2026 04 18 19 20  69  4.4  5.5 99.00 99.00 99.00 999 1010.0 999.0  27.9 999.0 99.0 99.00
2026 04 18 19 30  78  4.4  5.1 99.00 99.00 99.00 999 1009.9 999.0  28.0 999.0 99.0 99.00
2026 04 18 19 40  72  4.7  5.6  1.09  5.88  4.89 110 1009.8 999.0  28.0 999.0 99.0 99.00
2026 04 18 19 50  71  4.4  5.3 99.00 99.00 99.00 999 1009.7 999.0  28.0 999.0 99.0 99.00
2026 04 18 20 00 113  4.6  5.7 99.00 99.00 99.00 999 1009.6 999.0  28.1 999.0 99.0 99.00
2026 04 18 20 10 125  5.1 10.3  1.11  5.56  4.79 101 1009.5 999.0  28.0 999.0 99.0 99.00
2026 04 18 20 20 139  5.1  8.6 99.00 99.00 99.00 999 1009.4 999.0  28.0 999.0 99.0 99.00
2026 04 18 20 30 137  2.2  4.3 99.00 99.00 99.00 999 1009.4 999.0  27.9 999.0 99.0 99.00
2026 04 18 20 40 108  1.4  2.2  1.08  5.88  4.85 106 1009.2 999.0  27.9 999.0 99.0 99.00
2026 04 18 20 50  79  1.5  3.5 99.00 99.00 99.00 999 1009.2 999.0  27.9 999.0 99.0 99.00
2026 04 18 21 00  68  4.0  5.4 99.00 99.00 99.00 999 1009.2 999.0  28.0 999.0 99.0 99.00
2026 04 18 21 10  73  4.3  5.3  1.10  5.88  4.95 100 1009.1 999.0  27.9 999.0 99.0 99.00
2026 04 18 21 20  72  4.3  5.2 99.00 99.00 99.00 999 1009.2 999.0  28.0 999.0 99.0 99.00
2026 04 18 21 30  69  4.2  5.0 99.00 99.00 99.00 999 1009.0 999.0  28.0 999.0 99.0 99.00
2026 04 18 21 40  68  4.3  5.1  1.12  7.69  4.99  86 1009.1 999.0  27.8 999.0 99.0 99.00
2026 04 18 21 50  61  4.4  5.3 99.00 99.00 99.00 999 1009.1 999.0  28.0 999.0 99.0 99.00
2026 04 18 22 00  61  4.4  5.8 99.00 99.00 99.00 999 1009.1 999.0  28.0 999.0 99.0 99.00
2026 04 18 22 10  58  4.1  4.9  1.12  5.88  5.02 108 1009.2 999.0  27.9 999.0 99.0 99.00
2026 04 18 22 20  58  4.1  4.8 99.00 99.00 99.00 999 1009.3 999.0  27.9 999.0 99.0 99.00
2026 04 18 22 30  54  3.8  4.6 99.00 99.00 99.00 999 1009.3 999.0  27.8 999.0 99.0 99.00
2026 04 18 22 40  55  4.0  5.3  1.13  6.67  5.13  92 1009.3 999.0  27.9 999.0 99.0 99.00
2026 04 18 22 50  54  4.3  5.4 99.00 99.00 99.00 999 1009.5 999.0  28.0 999.0 99.0 99.00
2026 04 18 23 00  54  4.4  5.3 99.00 99.00 99.00 999 1009.4 999.0  27.9 999.0 99.0 99.00
2026 04 18 23 10  49  4.3  5.5  1.17  7.69  5.19 102 1009.4 999.0 999.0 999.0 99.0 99.00
2026 04 18 23 20  50  4.6  5.3 99.00 99.00 99.00 999 1009.5 999.0  27.8 999.0 99.0 99.00
2026 04 18 23 30  50  4.7  5.5 99.00 99.00 99.00 999 1009.6 999.0  27.9 999.0 99.0 99.00
2026 04 18 23 40  52  4.9  6.1  1.11  7.69  5.19  83 1009.5 999.0  27.9 999.0 99.0 99.00
2026 04 18 23 50  53  5.0  6.0 99.00 99.00 99.00 999 1009.6 999.0  27.8 999.0 99.0 99.00
2026 04 19 00 00  53  4.6  5.6 99.00 99.00 99.00 999 1009.6 999.0  27.8 999.0 99.0 99.00
2026 04 19 00 10  55  4.7  5.8  1.08  7.69  5.12  82 1009.8 999.0  27.8 999.0 99.0 99.00
2026 04 19 00 20  51  4.9  6.0 99.00 99.00 99.00 999 1009.8 999.0  27.8 999.0 99.0 99.00
2026 04 19 00 30  55  5.1  6.1 99.00 99.00 99.00 999 1009.9 999.0  27.8 999.0 99.0 99.00
2026 04 19 00 40  56  5.0  6.1  1.13  5.56  5.08 100 1010.0 999.0  27.8 999.0 99.0 99.00
2026 04 19 00 50  55  5.1  5.9 99.00 99.00 99.00 999 1010.1 999.0  27.8 999.0 99.0 99.00
2026 04 19 01 00  59  5.3  6.3 99.00 99.00 99.00 999 1010.3 999.0  27.8 999.0 99.0 99.00
2026 04 19 01 10  60  5.3  6.4  1.14  7.14  5.09  83 1010.5 999.0  27.8 999.0 99.0 99.00
2026 04 19 01 20  59  5.6  6.6 99.00 99.00 99.00 999 1010.6 999.0  27.7 999.0 99.0 99.00
2026 04 19 01 30  51  5.8  6.7 99.00 99.00 99.00 999 1010.6 999.0  27.7 999.0 99.0 99.00
2026 04 19 01 40  52  5.7  6.8  1.04  7.14  4.92  89 1010.7 999.0  27.7 999.0 99.0 99.00
2026 04 19 01 50  52  5.9  6.8 99.00 99.00 99.00 999 1010.8 999.0  27.7 999.0 99.0 99.00
2026 04 19 02 00  49  5.6  6.4 99.00 99.00 99.00 999 1010.9 999.0  27.7 999.0 99.0 99.00
2026 04 19 02 10  46  5.8  6.9  1.10  7.14  5.13  88 1011.1 999.0  27.7 999.0 99.0 99.00
2026 04 19 02 20  52  5.7  6.9 99.00 99.00 99.00 999 1011.2 999.0  27.7 999.0 99.0 99.00
2026 04 19 02 30  49  5.6  6.6 99.00 99.00 99.00 999 1011.4 999.0  27.7 999.0 99.0 99.00
2026 04 19 02 40  54  5.5  6.8  1.04  7.14  4.90  82 1011.5 999.0  27.7 999.0 99.0 99.00
2026 04 19 02 50  50  5.7  6.8 99.00 99.00 99.00 999 1011.6 999.0  27.7 999.0 99.0 99.00
2026 04 19 03 00  53  5.3  6.3 99.00 99.00 99.00 999 1011.5 999.0  27.7 999.0 99.0 99.00
2026 04 19 03 10  54  5.5  6.6  1.18  7.69  5.24  87 1011.6 999.0  27.7 999.0 99.0 99.00
2026 04 19 03 20  52  5.6  7.0 99.00 99.00 99.00 999 1011.6 999.0  27.7 999.0 99.0 99.00
2026 04 19 03 30  55  5.4  6.3 99.00 99.00 99.00 999 1011.6 999.0  27.7 999.0 99.0 99.00
2026 04 19 03 40  55  5.7  7.2  1.07  6.67  4.86  88 1011.6 999.0  27.6 999.0 99.0 99.00
2026 04 19 03 50  53  6.0  7.2 99.00 99.00 99.00 999 1011.6 999.0  27.6 999.0 99.0 99.00
2026 04 19 04 00  50  5.8  7.1 99.00 99.00 99.00 999 1011.5 999.0  27.6 999.0 99.0 99.00
2026 04 19 04 10  51  5.9  7.0  1.10  6.67  4.88  89 1011.4 999.0  27.6 999.0 99.0 99.00
2026 04 19 04 20  55  5.7  7.1 99.00 99.00 99.00 999 1011.4 999.0  27.6 999.0 99.0 99.00
2026 04 19 04 30  54  5.6  6.8 99.00 99.00 99.00 999 1011.4 999.0  27.6 999.0 99.0 99.00
2026 04 19 04 40  56  5.6  6.5  1.10  7.14  4.85  83 1011.3 999.0  27.6 999.0 99.0 99.00
2026 04 19 04 50  55  5.6  6.8 99.00 99.00 99.00 999 1011.3 999.0  27.6 999.0 99.0 99.00
2026 04 19 05 00  54  5.9  7.3 99.00 99.00 99.00 999 1011.2 999.0  27.6 999.0 99.0 99.00
2026 04 19 05 10  57  6.1  7.5  1.08  7.14  4.84  89 1011.1 999.0  27.6 999.0 99.0 99.00
2026 04 19 05 20  55  5.8  7.1 99.00 99.00 99.00 999 1010.9 999.0  27.6 999.0 99.0 99.00
2026 04 19 05 30  54  5.9  7.1 99.00 99.00 99.00 999 1011.0 999.0  27.6 999.0 99.0 99.00
2026 04 19 05 40  56  6.2  7.7  1.06  7.14  4.88  91 1011.1 999.0  27.6 999.0 99.0 99.00
2026 04 19 05 50  62  7.2  8.5 99.00 99.00 99.00 999 1010.9 999.0  27.6 999.0 99.0 99.00
2026 04 19 06 00  70  7.5  9.1 99.00 99.00 99.00 999 1010.8 999.0  27.6 999.0 99.0 99.00
2026 04 19 06 10  63  6.4  7.5  1.09  7.14  4.67  96 1010.6 999.0  27.6 999.0 99.0 99.00
2026 04 19 06 20  64  6.8  8.0 99.00 99.00 99.00 999 1010.6 999.0  27.5 999.0 99.0 99.00
2026 04 19 06 30  61  6.3  7.6 99.00 99.00 99.00 999 1010.6 999.0  27.6 999.0 99.0 99.00
2026 04 19 06 40  57  6.4  7.6  1.08  7.14  4.66 108 1010.4 999.0  27.6 999.0 99.0 99.00
2026 04 19 06 50  54  6.5  7.8 99.00 99.00 99.00 999 1010.3 999.0  27.5 999.0 99.0 99.00
2026 04 19 07 00  60  6.3  7.6 99.00 99.00 99.00 999 1010.3 999.0  27.5 999.0 99.0 99.00
2026 04 19 07 10  59  6.1  7.6  1.07  6.67  4.61  97 1010.1 999.0  27.5 999.0 99.0 99.00
2026 04 19 07 20  61  6.4  7.6 99.00 99.00 99.00 999 1010.1 999.0  27.5 999.0 99.0 99.00
2026 04 19 07 30  64  6.1  7.4 99.00 99.00 99.00 999 1010.1 999.0  27.5 999.0 99.0 99.00
2026 04 19 07 40  66  6.5  7.7  1.05  6.67  4.67  93 1010.0 999.0  27.5 999.0 99.0 99.00
2026 04 19 07 50  69  6.0  7.4 99.00 99.00 99.00 999 1010.0 999.0  27.5 999.0 99.0 99.00
2026 04 19 08 00  69  6.4  7.5 99.00 99.00 99.00 999 1010.0 999.0  27.5 999.0 99.0 99.00
2026 04 19 08 10  70  6.3  7.4  1.05  6.67  4.64  95 1009.9 999.0  27.5 999.0 99.0 99.00
2026 04 19 08 20  70  5.9  7.2 99.00 99.00 99.00 999 1009.9 999.0  27.5 999.0 99.0 99.00
2026 04 19 08 30  67  5.8  7.0 99.00 99.00 99.00 999 1009.9 999.0  27.5 999.0 99.0 99.00
2026 04 19 08 40  71  6.0  7.1  1.05  7.14  4.57  96 1009.9 999.0  27.5 999.0 99.0 99.00
2026 04 19 08 50  68  5.8  6.9 99.00 99.00 99.00 999 1010.0 999.0  27.5 999.0 99.0 99.00
2026 04 19 09 00  64  6.0  7.2 99.00 99.00 99.00 999 1010.0 999.0  27.5 999.0 99.0 99.00
2026 04 19 09 10  53  5.7  7.4  1.09  5.88  4.72 101 1010.1 999.0  27.5 999.0 99.0 99.00
2026 04 19 09 20  63  4.1  5.0 99.00 99.00 99.00 999 1010.1 999.0  27.5 999.0 99.0 99.00
2026 04 19 09 30  79  4.3  6.6 99.00 99.00 99.00 999 1010.2 999.0  27.5 999.0 99.0 99.00
2026 04 19 09 40  83  5.8  6.9  1.14  4.35  4.66  91 1010.1 999.0  27.5 999.0 99.0 99.00
2026 04 19 09 50  87  6.3  7.4 99.00 99.00 99.00 999 1010.3 999.0  27.5 999.0 99.0 99.00
2026 04 19 10 00  86  6.3  7.4 99.00 99.00 99.00 999 1010.3 999.0  27.5 999.0 99.0 99.00
2026 04 19 10 10  86  6.1  7.4  1.09  6.67  4.60 100 1010.5 999.0  27.4 999.0 99.0 99.00
2026 04 19 10 20  89  6.1  7.3 99.00 99.00 99.00 999 1010.5 999.0  27.4 999.0 99.0 99.00
2026 04 19 10 30  87  5.6  6.7 99.00 99.00 99.00 999 1010.7 999.0  27.4 999.0 99.0 99.00
2026 04 19 10 40  88  5.6  6.6  1.09  7.14  4.72  92 1010.9 999.0  27.4 999.0 99.0 99.00
2026 04 19 10 50  89  5.5  6.6 99.00 99.00 99.00 999 1010.9 999.0  27.4 999.0 99.0 99.00
2026 04 19 11 00  83  5.9  7.1 99.00 99.00 99.00 999 1010.9 999.0  27.5 999.0 99.0 99.00
2026 04 19 11 10  85  5.8  6.9  1.07  5.00  4.66  98 1011.0 999.0  27.5 999.0 99.0 99.00
2026 04 19 11 20  90  5.8  6.9 99.00 99.00 99.00 999 1011.1 999.0  27.4 999.0 99.0 99.00
2026 04 19 11 30  93  5.7  6.8 99.00 99.00 99.00 999 1011.2 999.0  27.4 999.0 99.0 99.00
2026 04 19 11 40  93  5.5  6.5  1.11  5.88  4.72  86 1011.4 999.0  27.4 999.0 99.0 99.00
2026 04 19 11 50  88  5.5  6.3 99.00 99.00 99.00 999 1011.6 999.0  27.5 999.0 99.0 99.00
2026 04 19 12 00  90  5.5  6.5 99.00 99.00 99.00 999 1011.7 999.0  27.4 999.0 99.0 99.00
2026 04 19 12 10  91  5.4  6.1  1.05  5.88  4.63  99 1011.8 999.0  27.4 999.0 99.0 99.00
2026 04 19 12 20  81  5.8  6.8 99.00 99.00 99.00 999 1012.0 999.0  27.4 999.0 99.0 99.00
2026 04 19 12 30  82  5.5  6.6 99.00 99.00 99.00 999 1012.0 999.0  27.4 999.0 99.0 99.00
2026 04 19 12 40  86  5.0  6.0  1.13  7.14  4.73  90 1012.2 999.0  27.4 999.0 99.0 99.00
2026 04 19 12 50  84  4.9  5.9 99.00 99.00 99.00 999 1012.3 999.0  27.5 999.0 99.0 99.00
2026 04 19 13 00  81  4.8  6.0 99.00 99.00 99.00 999 1012.2 999.0  27.5 999.0 99.0 99.00
2026 04 19 13 10  87  5.3  6.3  1.16  7.14  4.86  92 1012.4 999.0  27.5 999.0 99.0 99.00
2026 04 19 13 20  85  5.1  6.1 99.00 99.00 99.00 999 1012.5 999.0  27.5 999.0 99.0 99.00
2026 04 19 13 30  87  5.1  6.1 99.00 99.00 99.00 999 1012.6 999.0  27.5 999.0 99.0 99.00
2026 04 19 13 40  91  4.9  5.6  1.16  7.14  4.87  99 1012.6 999.0  27.5 999.0 99.0 99.00
2026 04 19 13 50  90  4.8  6.1 99.00 99.00 99.00 999 1012.6 999.0  27.5 999.0 99.0 99.00
2026 04 19 14 00  90  5.0  6.2 99.00 99.00 99.00 999 1012.7 999.0  27.5 999.0 99.0 99.00
2026 04 19 14 10  91  4.9  5.9  1.04  7.14  4.73  92 1012.8 999.0  27.5 999.0 99.0 99.00
2026 04 19 14 20  88  4.6  5.6 99.00 99.00 99.00 999 1012.8 999.0  27.6 999.0 99.0 99.00
2026 04 19 14 30  81  4.5  5.4 99.00 99.00 99.00 999 1012.8 999.0  27.7 999.0 99.0 99.00
2026 04 19 14 40  79  5.3  6.4  1.14  6.25  4.98 101 1012.8 999.0  27.7 999.0 99.0 99.00
2026 04 19 14 50  80  5.2  6.1 99.00 99.00 99.00 999 1012.8 999.0  27.7 999.0 99.0 99.00
2026 04 19 15 00  77  4.8  6.2 99.00 99.00 99.00 999 1012.8 999.0  27.7 999.0 99.0 99.00
2026 04 19 15 10  64  4.8  5.7  1.15  6.67  4.93  97 1012.8 999.0  27.7 999.0 99.0 99.00
2026 04 19 15 20  67  4.3  5.0 99.00 99.00 99.00 999 1013.0 999.0  27.7 999.0 99.0 99.00
2026 04 19 15 30  70  4.0  4.8 99.00 99.00 99.00 999 1013.0 999.0  27.7 999.0 99.0 99.00
2026 04 19 15 40  86  4.8  5.7  1.16  6.25  5.04  89 1013.0 999.0  27.7 999.0 99.0 99.00
2026 04 19 15 50  93  4.8  5.7 99.00 99.00 99.00 999 1013.0 999.0  27.7 999.0 99.0 99.00
2026 04 19 16 00  94  5.1  6.3 99.00 99.00 99.00 999 1013.0 999.0  27.8 999.0 99.0 99.00
2026 04 19 16 10  95  5.1  5.8  1.11  6.25  4.92  96 1012.9 999.0  27.8 999.0 99.0 99.00
2026 04 19 16 20  90  5.3  6.2 99.00 99.00 99.00 999 1012.9 999.0  27.8 999.0 99.0 99.00
2026 04 19 16 30  81  4.9  6.0 99.00 99.00 99.00 999 1012.8 999.0  27.8 999.0 99.0 99.00
2026 04 19 16 40  78  4.3  4.9  1.18  6.25  4.98  96 1012.7 999.0  27.8 999.0 99.0 99.00
2026 04 19 16 50  85  4.9  5.9 99.00 99.00 99.00 999 1012.6 999.0  27.8 999.0 99.0 99.00
2026 04 19 17 00  92  5.0  5.9 99.00 99.00 99.00 999 1012.6 999.0  27.8 999.0 99.0 99.00
2026 04 19 17 10  89  5.0  6.1  1.18  6.25  5.11  90 1012.5 999.0  27.9 999.0 99.0 99.00
2026 04 19 17 20  91  4.9  5.7 99.00 99.00 99.00 999 1012.4 999.0  27.9 999.0 99.0 99.00
2026 04 19 17 30  86  4.6  5.7 99.00 99.00 99.00 999 1012.3 999.0  27.9 999.0 99.0 99.00
2026 04 19 17 40  84  4.5  5.3  1.20  7.14  5.17  89 1012.1 999.0  27.9 999.0 99.0 99.00
2026 04 19 17 50  81  4.3  5.1 99.00 99.00 99.00 999 1012.0 999.0  27.9 999.0 99.0 99.00
2026 04 19 18 00  73  4.7  6.0 99.00 99.00 99.00 999 1011.9 999.0  28.0 999.0 99.0 99.00
2026 04 19 18 10  74  4.9  6.1  1.21  7.14  5.19  97 1011.8 999.0  27.9 999.0 99.0 99.00
2026 04 19 18 20  72  5.0  5.9 99.00 99.00 99.00 999 1011.7 999.0  28.0 999.0 99.0 99.00
2026 04 19 18 30  67  4.6  5.6 99.00 99.00 99.00 999 1011.5 999.0  28.0 999.0 99.0 99.00
2026 04 19 18 40  70  4.5  5.4  1.24  7.69  5.11  75 1011.4 999.0  28.0 999.0 99.0 99.00
2026 04 19 18 50  72  4.9  6.3 99.00 99.00 99.00 999 1011.3 999.0  28.0 999.0 99.0 99.00
2026 04 19 19 00  77  4.9  6.1 99.00 99.00 99.00 999 1011.1 999.0  27.9 999.0 99.0 99.00
2026 04 19 19 10  73  4.6  5.9  1.28  6.25  5.11  99 1010.9 999.0  27.9 999.0 99.0 99.00
2026 04 19 19 20  51  4.9  6.3 99.00 99.00 99.00 999 1010.9 999.0  27.9 999.0 99.0 99.00
2026 04 19 19 30  46  5.4  6.4 99.00 99.00 99.00 999 1010.8 999.0  27.9 999.0 99.0 99.00
2026 04 19 19 40  41  5.2  6.3  1.29  6.67  5.10  87 1010.7 999.0  28.0 999.0 99.0 99.00
2026 04 19 19 50  42  4.8  5.9 99.00 99.00 99.00 999 1010.6 999.0  27.9 999.0 99.0 99.00
2026 04 19 20 00  47  4.3  5.1 99.00 99.00 99.00 999 1010.6 999.0  27.9 999.0 99.0 99.00
2026 04 19 20 10  45  4.1  5.3  1.22  5.88  5.01  91 1010.4 999.0  27.9 999.0 99.0 99.00
2026 04 19 20 20  44  4.4  5.2 99.00 99.00 99.00 999 1010.3 999.0  27.9 999.0 99.0 99.00
2026 04 19 20 30  42  4.6  5.6 99.00 99.00 99.00 999 1010.3 999.0  27.9 999.0 99.0 99.00
2026 04 19 20 40  42  4.3  5.3  1.21  6.25  5.10  95 1010.2 999.0  27.9 999.0 99.0 99.00
2026 04 19 20 50  41  4.5  5.5 99.00 99.00 99.00 999 1010.1 999.0  27.9 999.0 99.0 99.00
2026 04 19 21 00  38  4.5  5.5 99.00 99.00 99.00 999 1010.0 999.0  27.9 999.0 99.0 99.00
2026 04 19 21 10  42  4.6  5.8  1.19  7.14  5.05  99 1010.0 999.0  27.9 999.0 99.0 99.00
2026 04 19 21 20  46  5.1  6.1 99.00 99.00 99.00 999 1010.0 999.0  27.9 999.0 99.0 99.00
2026 04 19 21 30  42  5.0  5.9 99.00 99.00 99.00 999 1010.0 999.0  27.9 999.0 99.0 99.00
2026 04 19 21 40  41  4.9  5.9  1.25  7.14  5.12  87 1009.9 999.0  27.9 999.0 99.0 99.00
2026 04 19 21 50  41  5.2  6.1 99.00 99.00 99.00 999 1010.1 999.0 999.0 999.0 99.0 99.00
2026 04 19 22 00  40  4.7  5.6 99.00 99.00 99.00 999 1010.1 999.0  27.9 999.0 99.0 99.00
2026 04 19 22 10  46  4.7  5.6  1.17  6.25  5.03  95 1010.3 999.0  27.9 999.0 99.0 99.00
2026 04 19 22 20  44  4.6  5.7 99.00 99.00 99.00 999 1010.3 999.0  27.8 999.0 99.0 99.00
2026 04 19 22 30  46  4.4  5.7 99.00 99.00 99.00 999 1010.3 999.0  27.9 999.0 99.0 99.00
2026 04 19 22 40  41  4.8  5.9  1.16  7.14  5.06  88 1010.3 999.0  27.8 999.0 99.0 99.00
2026 04 19 22 50  36  4.9  6.2 99.00 99.00 99.00 999 1010.4 999.0  27.8 999.0 99.0 99.00
2026 04 19 23 00  37  5.5  7.0 99.00 99.00 99.00 999 1010.5 999.0  27.9 999.0 99.0 99.00
2026 04 19 23 10  42  5.5  6.6  1.22  5.88  5.08  86 1010.6 999.0  27.8 999.0 99.0 99.00
2026 04 19 23 20  40  5.5  6.6 99.00 99.00 99.00 999 1010.6 999.0  27.8 999.0 99.0 99.00
2026 04 19 23 30  43  5.5  7.2 99.00 99.00 99.00 999 1010.7 999.0  27.9 999.0 99.0 99.00
2026 04 19 23 40  42  5.7  6.6  1.23  6.25  5.20 100 1010.8 999.0  27.9 999.0 99.0 99.00
2026 04 19 23 50  43  5.9  7.1 99.00 99.00 99.00 999 1010.9 999.0  27.8 999.0 99.0 99.00
2026 04 20 00 00  41  5.9  7.1 99.00 99.00 99.00 999 1010.9 999.0 999.0 999.0 99.0 99.00
2026 04 20 00 10  40  5.7  7.1  1.21  6.25  5.21  90 1011.0 999.0  27.8 999.0 99.0 99.00
2026 04 20 00 20  42  6.0  7.0 99.00 99.00 99.00 999 1011.1 999.0  27.8 999.0 99.0 99.00
2026 04 20 00 30  42  6.1  7.3 99.00 99.00 99.00 999 1011.2 999.0  27.8 999.0 99.0 99.00
2026 04 20 00 40  43  5.6  6.7  1.22  6.25  5.09  96 1011.4 999.0  27.8 999.0 99.0 99.00
2026 04 20 00 50  46  5.6  6.9 99.00 99.00 99.00 999 1011.4 999.0  27.8 999.0 99.0 99.00
2026 04 20 01 00  45  5.7  6.9 99.00 99.00 99.00 999 1011.5 999.0  27.8 999.0 99.0 99.00
2026 04 20 01 10  47  5.9  7.0  1.24  7.14  5.23 101 1011.6 999.0  27.7 999.0 99.0 99.00
2026 04 20 01 20  49  6.1  7.7 99.00 99.00 99.00 999 1011.7 999.0  27.8 999.0 99.0 99.00
2026 04 20 01 30  53  5.9  7.2 99.00 99.00 99.00 999 1011.7 999.0  27.8 999.0 99.0 99.00
2026 04 20 01 40  56  5.8  7.1  1.15  7.14  5.13 100 1011.8 999.0  27.8 999.0 99.0 99.00
2026 04 20 01 50  57  6.2  7.5 99.00 99.00 99.00 999 1011.9 999.0  27.7 999.0 99.0 99.00
2026 04 20 02 00  60  6.1  7.4 99.00 99.00 99.00 999 1012.0 999.0  27.7 999.0 99.0 99.00
2026 04 20 02 10  59  6.8  7.9  1.20  5.88  4.89 106 1012.0 999.0  27.7 999.0 99.0 99.00
2026 04 20 02 20  57  6.6  7.9 99.00 99.00 99.00 999 1012.1 999.0  27.7 999.0 99.0 99.00
2026 04 20 02 30  58  6.3  7.4 99.00 99.00 99.00 999 1012.2 999.0  27.7 999.0 99.0 99.00
2026 04 20 02 40  62  6.2  7.3  1.17  7.14  4.87  94 1012.5 999.0  27.7 999.0 99.0 99.00
2026 04 20 02 50  58  6.1  7.1 99.00 99.00 99.00 999 1012.5 999.0  27.7 999.0 99.0 99.00
2026 04 20 03 00  56  6.3  7.3 99.00 99.00 99.00 999 1012.6 999.0  27.7 999.0 99.0 99.00
2026 04 20 03 10  55  6.1  7.3  1.23  5.88  4.96 101 1012.7 999.0  27.7 999.0 99.0 99.00
2026 04 20 03 20  60  6.0  7.8 99.00 99.00 99.00 999 1012.8 999.0  27.7 999.0 99.0 99.00
2026 04 20 03 30  63  5.8  7.2 99.00 99.00 99.00 999 1012.8 999.0  27.7 999.0 99.0 99.00
2026 04 20 03 40  63  5.9  7.1  1.13  6.67  4.95  95 1012.8 999.0  27.7 999.0 99.0 99.00
2026 04 20 03 50  59  5.7  7.1 99.00 99.00 99.00 999 1012.9 999.0  27.7 999.0 99.0 99.00
2026 04 20 04 00  59  5.6  6.6 99.00 99.00 99.00 999 1012.8 999.0  27.7 999.0 99.0 99.00
2026 04 20 04 10  61  5.3  7.0  1.13  6.25  4.92 101 1012.8 999.0  27.7 999.0 99.0 99.00
2026 04 20 04 20  54  6.0  7.3 99.00 99.00 99.00 999 1012.8 999.0  27.7 999.0 99.0 99.00
2026 04 20 04 30  56  5.9  6.8 99.00 99.00 99.00 999 1012.9 999.0  27.7 999.0 99.0 99.00
2026 04 20 04 40  49  5.5  7.0  1.13  6.25  4.93 100 1012.9 999.0  27.6 999.0 99.0 99.00
2026 04 20 04 50  51  6.1  7.4 99.00 99.00 99.00 999 1012.8 999.0  27.6 999.0 99.0 99.00
2026 04 20 05 00  64  6.4  7.7 99.00 99.00 99.00 999 1012.7 999.0  27.6 999.0 99.0 99.00
2026 04 20 05 10  65  6.0  7.3  1.17  6.25  5.00  95 1012.7 999.0  27.6 999.0 99.0 99.00
2026 04 20 05 20  66  5.9  7.2 99.00 99.00 99.00 999 1012.6 999.0  27.6 999.0 99.0 99.00
2026 04 20 05 30  62  5.6  6.6 99.00 99.00 99.00 999 1012.5 999.0  27.6 999.0 99.0 99.00
2026 04 20 05 40  66  6.3  7.5  1.16  6.67  4.97  99 1012.4 999.0  27.6 999.0 99.0 99.00
2026 04 20 05 50  69  6.2  7.3 99.00 99.00 99.00 999 1012.3 999.0  27.6 999.0 99.0 99.00
2026 04 20 06 00  68  6.0  7.2 99.00 99.00 99.00 999 1012.2 999.0  27.6 999.0 99.0 99.00
2026 04 20 06 10  68  6.4  7.6  1.12  6.25  4.76  91 1012.0 999.0  27.6 999.0 99.0 99.00
2026 04 20 06 20  67  6.2  7.6 99.00 99.00 99.00 999 1012.0 999.0  27.6 999.0 99.0 99.00
2026 04 20 06 30  63  6.2  7.4 99.00 99.00 99.00 999 1011.8 999.0  27.6 999.0 99.0 99.00
2026 04 20 06 40  62  6.3  7.4  1.11  6.67  4.78 103 1011.6 999.0  27.6 999.0 99.0 99.00
2026 04 20 06 50  64  5.7  6.9 99.00 99.00 99.00 999 1011.5 999.0  27.6 999.0 99.0 99.00
2026 04 20 07 00  67  6.1  7.5 99.00 99.00 99.00 999 1011.4 999.0  27.6 999.0 99.0 99.00
2026 04 20 07 10  64  5.9  7.4  1.08  6.25  4.68 102 1011.4 999.0  27.6 999.0 99.0 99.00
2026 04 20 07 20  62  5.8  7.5 99.00 99.00 99.00 999 1011.2 999.0  27.6 999.0 99.0 99.00
2026 04 20 07 30  55  6.3  7.3 99.00 99.00 99.00 999 1011.2 999.0  27.6 999.0 99.0 99.00
2026 04 20 07 40  61  6.2  7.4  1.08  6.67  4.74  86 1011.2 999.0  27.6 999.0 99.0 99.00
2026 04 20 07 50  63  6.1  7.2 99.00 99.00 99.00 999 1011.0 999.0  27.6 999.0 99.0 99.00
2026 04 20 08 00  62  6.2  7.2 99.00 99.00 99.00 999 1010.9 999.0  27.6 999.0 99.0 99.00
2026 04 20 08 10  60  6.6  8.0  1.22  5.00  4.83  79 1010.9 999.0  27.6 999.0 99.0 99.00
2026 04 20 08 20  58  6.7  8.0 99.00 99.00 99.00 999 1010.8 999.0  27.6 999.0 99.0 99.00
2026 04 20 08 30  58  6.3  8.0 99.00 99.00 99.00 999 1010.8 999.0  27.6 999.0 99.0 99.00
2026 04 20 08 40  65  6.8  8.4  1.10  6.67  4.67  97 1010.9 999.0  27.6 999.0 99.0 99.00
2026 04 20 08 50  62  6.7  8.0 99.00 99.00 99.00 999 1011.0 999.0  27.6 999.0 99.0 99.00
2026 04 20 09 00  65  6.5  8.0 99.00 99.00 99.00 999 1011.0 999.0  27.6 999.0 99.0 99.00
2026 04 20 09 10  66  6.3  7.5  1.12  7.14  4.68  88 1011.1 999.0  27.6 999.0 99.0 99.00
2026 04 20 09 20  67  5.9  8.0 99.00 99.00 99.00 999 1011.2 999.0  27.6 999.0 99.0 99.00
2026 04 20 09 30  69  6.2  7.5 99.00 99.00 99.00 999 1011.2 999.0  27.6 999.0 99.0 99.00
2026 04 20 09 40  60  6.6  7.7  1.14  6.67  4.74 100 1011.2 999.0  27.6 999.0 99.0 99.00
2026 04 20 09 50  64  6.6  8.0 99.00 99.00 99.00 999 1011.4 999.0  27.6 999.0 99.0 99.00
2026 04 20 10 00  69  6.3  7.5 99.00 99.00 99.00 999 1011.4 999.0  27.6 999.0 99.0 99.00
2026 04 20 10 10  70  6.0  7.0  1.13  7.14  4.85  87 1011.5 999.0  27.6 999.0 99.0 99.00
2026 04 20 10 20  67  5.7  6.9 99.00 99.00 99.00 999 1011.5 999.0  27.5 999.0 99.0 99.00
2026 04 20 10 30  62  6.1  7.2 99.00 99.00 99.00 999 1011.5 999.0  27.6 999.0 99.0 99.00
2026 04 20 10 40  66  6.5  8.1  1.06  5.88  4.58 103 1011.7 999.0  27.6 999.0 99.0 99.00
2026 04 20 10 50  65  6.0  7.7 99.00 99.00 99.00 999 1011.7 999.0  27.6 999.0 99.0 99.00
2026 04 20 11 00  69  6.4  7.5 99.00 99.00 99.00 999 1011.8 999.0  27.5 999.0 99.0 99.00
2026 04 20 11 10  70  6.3  7.4  1.05  6.67  4.70  90 1011.7 999.0  27.5 999.0 99.0 99.00
2026 04 20 11 20  69  6.4  7.6 99.00 99.00 99.00 999 1011.7 999.0  27.5 999.0 99.0 99.00
2026 04 20 11 30  72  6.2  7.5 99.00 99.00 99.00 999 1011.9 999.0  27.5 999.0 99.0 99.00
2026 04 20 11 40  74  6.7  8.1  1.20  5.88  4.68 102 1012.0 999.0  27.5 999.0 99.0 99.00
2026 04 20 11 50  76  6.4  7.5 99.00 99.00 99.00 999 1012.1 999.0  27.5 999.0 99.0 99.00
2026 04 20 12 00  75  6.8  8.1 99.00 99.00 99.00 999 1012.2 999.0  27.5 999.0 99.0 99.00
2026 04 20 12 10  73  6.8  7.8  1.12  5.88  4.83 104 1012.3 999.0  27.5 999.0 99.0 99.00
2026 04 20 12 20  74  6.2  7.5 99.00 99.00 99.00 999 1012.3 999.0  27.5 999.0 99.0 99.00
2026 04 20 12 30  82  6.5  7.5 99.00 99.00 99.00 999 1012.5 999.0  27.5 999.0 99.0 99.00
2026 04 20 12 40  79  6.6  7.9  1.12  7.14  4.67  90 1012.6 999.0  27.6 999.0 99.0 99.00
2026 04 20 12 50  80  6.6  8.2 99.00 99.00 99.00 999 1012.6 999.0  27.6 999.0 99.0 99.00
2026 04 20 13 00  75  6.8  7.7 99.00 99.00 99.00 999 1012.6 999.0  27.6 999.0 99.0 99.00
2026 04 20 13 10  71  6.2  7.6  1.14  6.25  4.71 102 1012.7 999.0  27.6 999.0 99.0 99.00
2026 04 20 13 20  73  6.5  8.0 99.00 99.00 99.00 999 1012.8 999.0  27.6 999.0 99.0 99.00
2026 04 20 13 30  74  6.6  7.8 99.00 99.00 99.00 999 1012.9 999.0  27.6 999.0 99.0 99.00
2026 04 20 13 40  78  6.6  8.0  1.10  5.26  4.63 102 1013.1 999.0  27.6 999.0 99.0 99.00
2026 04 20 13 50  78  6.7  7.8 99.00 99.00 99.00 999 1013.1 999.0  27.6 999.0 99.0 99.00
2026 04 20 14 00  73  6.6  7.6 99.00 99.00 99.00 999 1013.2 999.0  27.6 999.0 99.0 99.00
2026 04 20 14 10  74  6.1  7.2  1.11  5.88  4.63 102 1013.3 999.0  27.6 999.0 99.0 99.00
2026 04 20 14 20  74  5.6  6.4 99.00 99.00 99.00 999 1013.3 999.0  27.6 999.0 99.0 99.00
2026 04 20 14 30 999 99.0 99.0 99.00 99.00 99.00 999 9999.0 999.0  27.6 999.0 99.0 99.00
2026 04 20 14 40  84  6.2  7.3  1.05  5.56  4.63 100 1013.3 999.0  27.6 999.0 99.0 99.00
2026 04 20 14 50  75  6.3  7.6 99.00 99.00 99.00 999 1013.5 999.0  27.6 999.0 99.0 99.00
2026 04 20 15 00  77  6.3  7.9 99.00 99.00 99.00 999 1013.4 999.0  27.6 999.0 99.0 99.00
2026 04 20 15 10  75  6.0  7.6  1.11  6.25  4.64 104 1013.4 999.0  27.6 999.0 99.0 99.00
2026 04 20 15 20  78  6.1  7.1 99.00 99.00 99.00 999 1013.4 999.0  27.7 999.0 99.0 99.00
2026 04 20 15 30  77  6.0  7.2 99.00 99.00 99.00 999 1013.4 999.0  27.7 999.0 99.0 99.00
2026 04 20 15 40  74  6.2  8.0  1.07  5.56  4.58  91 1013.4 999.0  27.7 999.0 99.0 99.00
2026 04 20 15 50  78  6.5  8.1 99.00 99.00 99.00 999 1013.4 999.0  27.7 999.0 99.0 99.00
2026 04 20 16 00  76  7.1  8.3 99.00 99.00 99.00 999 1013.4 999.0  27.7 999.0 99.0 99.00
2026 04 20 16 10  76  6.4  7.8  1.08  5.88  4.52 111 1013.3 999.0  27.7 999.0 99.0 99.00
2026 04 20 16 20  77  6.1  7.9 99.00 99.00 99.00 999 1013.2 999.0  27.7 999.0 99.0 99.00
2026 04 20 16 30  78  6.9  8.8 99.00 99.00 99.00 999 1013.1 999.0  27.7 999.0 99.0 99.00
2026 04 20 16 40  92  7.9 10.5  1.11  5.56  4.56  93 1012.9 999.0  27.8 999.0 99.0 99.00
2026 04 20 16 50 104  6.9  8.5 99.00 99.00 99.00 999 1012.8 999.0  27.7 999.0 99.0 99.00
2026 04 20 17 00  92  6.8  8.1 99.00 99.00 99.00 999 1012.8 999.0  27.8 999.0 99.0 99.00
2026 04 20 17 10  87  6.9  8.0  1.12  5.88  4.50 110 1012.7 999.0  27.8 999.0 99.0 99.00
2026 04 20 17 20  72  5.7  7.8 99.00 99.00 99.00 999 1012.6 999.0  27.7 999.0 99.0 99.00
2026 04 20 17 30  67  5.2  6.3 99.00 99.00 99.00 999 1012.5 999.0  27.7 999.0 99.0 99.00
2026 04 20 17 40  68  4.6  5.6  1.19  5.56  4.73 111 1012.4 999.0  27.7 999.0 99.0 99.00
2026 04 20 17 50  78  4.8  5.8 99.00 99.00 99.00 999 1012.3 999.0  27.8 999.0 99.0 99.00
2026 04 20 18 00  84  5.8  7.3 99.00 99.00 99.00 999 1012.3 999.0  27.8 999.0 99.0 99.00
2026 04 20 18 10  82  5.9  7.4  1.12  5.00  4.48 107 1012.1 999.0  27.8 999.0 99.0 99.00
2026 04 20 18 20  83  5.6  6.5 99.00 99.00 99.00 999 1012.0 999.0  27.8 999.0 99.0 99.00
2026 04 20 18 30  88  6.0  6.9 99.00 99.00 99.00 999 1011.8 999.0  27.8 999.0 99.0 99.00
2026 04 20 18 40  84  6.0  6.7  1.12  5.26  4.73 104 1011.7 999.0  27.8 999.0 99.0 99.00
2026 04 20 18 50  82  6.1  7.1 99.00 99.00 99.00 999 1011.6 999.0  27.8 999.0 99.0 99.00
2026 04 20 19 00  83  6.0  7.0 99.00 99.00 99.00 999 1011.5 999.0  27.8 999.0 99.0 99.00
2026 04 20 19 10  80  5.9  6.9  1.20  5.26  4.70 107 1011.4 999.0  27.9 999.0 99.0 99.00
2026 04 20 19 20  80  5.9  6.8 99.00 99.00 99.00 999 1011.3 999.0  27.8 999.0 99.0 99.00
2026 04 20 19 30  86  5.7  6.7 99.00 99.00 99.00 999 1011.2 999.0  27.8 999.0 99.0 99.00
2026 04 20 19 40  78  5.4  6.3  1.16  5.88  4.67 102 1011.0 999.0  27.8 999.0 99.0 99.00
2026 04 20 19 50  77  5.3  6.5 99.00 99.00 99.00 999 1011.0 999.0  27.9 999.0 99.0 99.00
2026 04 20 20 00  58  7.0  9.5 99.00 99.00 99.00 999 1010.9 999.0  27.9 999.0 99.0 99.00
2026 04 20 20 10  56  5.5  6.8  1.13  5.56  4.63 106 1010.9 999.0  27.9 999.0 99.0 99.00
2026 04 20 20 20  65  5.4  6.6 99.00 99.00 99.00 999 1010.7 999.0  27.9 999.0 99.0 99.00
2026 04 20 20 30  72  6.0  7.1 99.00 99.00 99.00 999 1010.7 999.0  27.9 999.0 99.0 99.00
2026 04 20 20 40  73  6.7  9.9  1.07  5.88  4.52 100 1010.5 999.0  27.9 999.0 99.0 99.00
2026 04 20 20 50  72  7.8  9.9 99.00 99.00 99.00 999 1010.4 999.0  27.9 999.0 99.0 99.00
2026 04 20 21 00  69  6.6  8.3 99.00 99.00 99.00 999 1010.4 999.0  27.9 999.0 99.0 99.00
2026 04 20 21 10  72  5.6  6.8  1.18  6.25  4.67 106 1010.3 999.0  27.9 999.0 99.0 99.00
2026 04 20 21 20  76  6.1  7.1 99.00 99.00 99.00 999 1010.2 999.0  27.9 999.0 99.0 99.00
2026 04 20 21 30  71  5.6  6.7 99.00 99.00 99.00 999 1010.3 999.0  27.8 999.0 99.0 99.00
2026 04 20 21 40  70  5.8  7.3  1.14  5.56  4.70 107 1010.2 999.0  27.8 999.0 99.0 99.00
2026 04 20 21 50  67  6.0  7.0 99.00 99.00 99.00 999 1010.4 999.0  27.8 999.0 99.0 99.00
2026 04 20 22 00  70  6.1  7.1 99.00 99.00 99.00 999 1010.4 999.0  27.8 999.0 99.0 99.00
2026 04 20 22 10  69  6.0  7.1  1.16  5.88  4.68  89 1010.5 999.0  27.8 999.0 99.0 99.00
2026 04 20 22 20  72  6.4  7.8 99.00 99.00 99.00 999 1010.5 999.0  27.8 999.0 99.0 99.00
2026 04 20 22 30  76  6.1  7.2 99.00 99.00 99.00 999 1010.6 999.0  27.8 999.0 99.0 99.00
2026 04 20 22 40  78  6.1  9.4  1.13  5.88  4.71 108 1010.7 999.0  27.8 999.0 99.0 99.00
2026 04 20 22 50  75  6.2  8.8 99.00 99.00 99.00 999 1010.8 999.0  27.8 999.0 99.0 99.00
2026 04 20 23 00  65  6.3  7.4 99.00 99.00 99.00 999 1010.9 999.0  27.8 999.0 99.0 99.00
2026 04 20 23 10  65  6.3  8.1  1.18  5.88  4.81 102 1010.9 999.0  27.8 999.0 99.0 99.00
2026 04 20 23 20  66  6.6  7.6 99.00 99.00 99.00 999 1011.0 999.0  27.8 999.0 99.0 99.00
2026 04 20 23 30  63  6.2  7.3 99.00 99.00 99.00 999 1011.1 999.0  27.8 999.0 99.0 99.00
2026 04 20 23 40  56  6.2  7.7  1.20  5.88  4.77 102 1011.2 999.0  27.8 999.0 99.0 99.00
2026 04 20 23 50  54  6.0  7.1 99.00 99.00 99.00 999 1011.2 999.0  27.7 999.0 99.0 99.00
2026 04 21 00 00  59  6.3  7.7 99.00 99.00 99.00 999 1011.4 999.0  27.7 999.0 99.0 99.00
2026 04 21 00 10  61  6.2  7.5  1.27  5.88  4.76  97 1011.4 999.0  27.7 999.0 99.0 99.00
2026 04 21 00 20  62  6.3  7.6 99.00 99.00 99.00 999 1011.5 999.0  27.7 999.0 99.0 99.00
2026 04 21 00 30  64  6.2  7.5 99.00 99.00 99.00 999 1011.5 999.0  27.7 999.0 99.0 99.00
2026 04 21 00 40  62  5.9  7.5  1.19  5.88  4.65  94 1011.7 999.0  27.7 999.0 99.0 99.00
2026 04 21 00 50  65  6.2  7.2 99.00 99.00 99.00 999 1011.8 999.0  27.7 999.0 99.0 99.00
2026 04 21 01 00  64  6.6  7.8 99.00 99.00 99.00 999 1011.7 999.0  27.7 999.0 99.0 99.00
2026 04 21 01 10  56  6.4  7.6  1.17  5.88  4.80  91 1011.9 999.0  27.7 999.0 99.0 99.00
2026 04 21 01 20  60  6.7  8.0 99.00 99.00 99.00 999 1012.0 999.0  27.7 999.0 99.0 99.00
2026 04 21 01 30  58  6.6  8.2 99.00 99.00 99.00 999 1012.0 999.0  27.7 999.0 99.0 99.00
2026 04 21 01 40  55  6.4  7.6  1.11  5.88  4.65  87 1012.0 999.0  27.7 999.0 99.0 99.00
2026 04 21 01 50  51  6.7  7.8 99.00 99.00 99.00 999 1012.0 999.0  27.7 999.0 99.0 99.00
2026 04 21 02 00  53  6.5  8.0 99.00 99.00 99.00 999 1012.3 999.0  27.7 999.0 99.0 99.00
2026 04 21 02 10  52  6.7  7.9  1.16  6.25  4.78 101 1012.3 999.0  27.7 999.0 99.0 99.00
2026 04 21 02 20  49  6.8  8.3 99.00 99.00 99.00 999 1012.3 999.0  27.7 999.0 99.0 99.00
2026 04 21 02 30  53  6.7  7.8 99.00 99.00 99.00 999 1012.4 999.0  27.7 999.0 99.0 99.00
2026 04 21 02 40  49  6.6  7.8  1.16  5.56  4.62  90 1012.5 999.0  27.7 999.0 99.0 99.00
2026 04 21 02 50  50  6.7  8.0 99.00 99.00 99.00 999 1012.5 999.0  27.7 999.0 99.0 99.00
2026 04 21 03 00  50  7.4  8.9 99.00 99.00 99.00 999 1012.6 999.0  27.7 999.0 99.0 99.00
2026 04 21 03 10  48  7.3  8.5  1.16  6.25  4.63  89 1012.6 999.0  27.7 999.0 99.0 99.00
2026 04 21 03 20  50  6.9  8.5 99.00 99.00 99.00 999 1012.7 999.0  27.7 999.0 99.0 99.00
2026 04 21 03 30  44  7.2  8.5 99.00 99.00 99.00 999 1012.7 999.0  27.7 999.0 99.0 99.00
2026 04 21 03 40  48  7.4  8.9  1.10  7.14  4.64  95 1012.7 999.0  27.7 999.0 99.0 99.00
2026 04 21 03 50  50  7.1  8.7 99.00 99.00 99.00 999 1012.8 999.0  27.7 999.0 99.0 99.00
2026 04 21 04 00  49  7.4  9.0 99.00 99.00 99.00 999 1012.8 999.0  27.7 999.0 99.0 99.00
2026 04 21 04 10  47  7.2  8.7  1.20  5.88  4.66  95 1012.8 999.0  27.7 999.0 99.0 99.00
2026 04 21 04 20  49  7.5  9.0 99.00 99.00 99.00 999 1012.7 999.0  27.7 999.0 99.0 99.00
2026 04 21 04 30  52  7.1  8.8 99.00 99.00 99.00 999 1012.6 999.0  27.7 999.0 99.0 99.00
2026 04 21 04 40  52  7.1  8.5  1.14  5.88  4.56  92 1012.7 999.0  27.7 999.0 99.0 99.00
2026 04 21 04 50  57  6.9  8.1 99.00 99.00 99.00 999 1012.7 999.0  27.7 999.0 99.0 99.00
2026 04 21 05 00  59  6.9  8.3 99.00 99.00 99.00 999 1012.6 999.0  27.7 999.0 99.0 99.00
2026 04 21 05 10  61  7.0  8.2  1.20  6.25  4.59  96 1012.6 999.0  27.7 999.0 99.0 99.00
2026 04 21 05 20  59  6.8  8.0 99.00 99.00 99.00 999 1012.5 999.0  27.7 999.0 99.0 99.00
2026 04 21 05 30  61  7.0  8.7 99.00 99.00 99.00 999 1012.4 999.0  27.7 999.0 99.0 99.00
2026 04 21 05 40  62  7.2  8.7  1.23  6.25  4.54  85 1012.3 999.0  27.7 999.0 99.0 99.00
2026 04 21 05 50  64  7.2  8.9 99.00 99.00 99.00 999 1012.3 999.0  27.7 999.0 99.0 99.00
2026 04 21 06 00  64  7.2  8.5 99.00 99.00 99.00 999 1012.2 999.0  27.7 999.0 99.0 99.00
2026 04 21 06 10  65  7.0  8.2  1.24  6.67  4.65  91 1012.2 999.0  27.7 999.0 99.0 99.00
2026 04 21 06 20  64  6.9  8.2 99.00 99.00 99.00 999 1012.0 999.0  27.7 999.0 99.0 99.00
2026 04 21 06 30  63  6.6  7.5 99.00 99.00 99.00 999 1012.1 999.0  27.7 999.0 99.0 99.00
2026 04 21 06 40  59  6.7  7.9  1.27  5.56  4.67  93 1012.0 999.0  27.7 999.0 99.0 99.00
2026 04 21 06 50  64  6.7  8.2 99.00 99.00 99.00 999 1012.0 999.0  27.7 999.0 99.0 99.00
2026 04 21 07 00  67  7.4  9.1 99.00 99.00 99.00 999 1012.0 999.0  27.7 999.0 99.0 99.00
2026 04 21 07 10  84  9.2 10.7  1.12  6.25  4.43 101 1012.0 999.0  27.7 999.0 99.0 99.00
2026 04 21 07 20  67  8.5 10.4 99.00 99.00 99.00 999 1011.9 999.0  27.7 999.0 99.0 99.00
2026 04 21 07 30  67  5.6  6.8 99.00 99.00 99.00 999 1011.9 999.0  27.7 999.0 99.0 99.00
2026 04 21 07 40  61  4.5  5.7  1.24  5.88  4.62  95 1011.7 999.0  27.7 999.0 99.0 99.00
2026 04 21 07 50  51  3.7  4.7 99.00 99.00 99.00 999 1011.7 999.0  27.7 999.0 99.0 99.00
2026 04 21 08 00  61  4.4  5.6 99.00 99.00 99.00 999 1011.7 999.0  27.7 999.0 99.0 99.00
2026 04 21 08 10  66  6.5  7.8  1.13  5.56  4.69  93 1011.7 999.0  27.7 999.0 99.0 99.00
2026 04 21 08 20  65  6.6  7.6 99.00 99.00 99.00 999 1011.8 999.0  27.7 999.0 99.0 99.00
2026 04 21 08 30  67  6.7  7.9 99.00 99.00 99.00 999 1011.8 999.0  27.7 999.0 99.0 99.00
2026 04 21 08 40  64  6.6  7.6  1.12  6.67  4.64  86 1011.8 999.0  27.7 999.0 99.0 99.00
2026 04 21 08 50  57  6.2  7.3 99.00 99.00 99.00 999 1011.8 999.0  27.7 999.0 99.0 99.00
2026 04 21 09 00  54  6.0  7.3 99.00 99.00 99.00 999 1012.0 999.0  27.7 999.0 99.0 99.00
2026 04 21 09 10  57  6.9  8.6  1.08  5.88  4.52  88 1012.0 999.0  27.7 999.0 99.0 99.00
2026 04 21 09 20  58  7.3  8.7 99.00 99.00 99.00 999 1012.0 999.0  27.7 999.0 99.0 99.00
2026 04 21 09 30  62  6.9  8.1 99.00 99.00 99.00 999 1012.1 999.0  27.7 999.0 99.0 99.00
2026 04 21 09 40  60  6.9  8.3  1.19  5.56  4.57  86 1012.2 999.0  27.7 999.0 99.0 99.00
2026 04 21 09 50  63  7.0  8.0 99.00 99.00 99.00 999 1012.2 999.0  27.7 999.0 99.0 99.00
2026 04 21 10 00  69  6.7  8.2 99.00 99.00 99.00 999 1012.4 999.0  27.7 999.0 99.0 99.00
2026 04 21 10 10  64  6.7  8.0  1.16  5.56  4.56  87 1012.4 999.0  27.7 999.0 99.0 99.00
2026 04 21 10 20  61  6.6  7.6 99.00 99.00 99.00 999 1012.5 999.0  27.7 999.0 99.0 99.00
2026 04 21 10 30  63  7.0  8.6 99.00 99.00 99.00 999 1012.5 999.0  27.7 999.0 99.0 99.00
2026 04 21 10 40  64  6.1  7.5  1.22  5.56  4.56  97 1012.6 999.0  27.7 999.0 99.0 99.00
2026 04 21 10 50  66  6.2  7.5 99.00 99.00 99.00 999 1012.7 999.0  27.7 999.0 99.0 99.00
2026 04 21 11 00  66  6.5  7.8 99.00 99.00 99.00 999 1012.8 999.0  27.7 999.0 99.0 99.00
2026 04 21 11 10  62  6.6  8.0  1.23  6.25  4.63  83 1012.8 999.0  27.7 999.0 99.0 99.00
2026 04 21 11 20  58  6.3  7.7 99.00 99.00 99.00 999 1013.0 999.0  27.7 999.0 99.0 99.00
2026 04 21 11 30  57  6.6  8.0 99.00 99.00 99.00 999 1013.1 999.0  27.7 999.0 99.0 99.00
2026 04 21 11 40  63  6.6  8.5  1.23  5.00  4.64  81 1013.2 999.0  27.7 999.0 99.0 99.00
2026 04 21 11 50  63  7.3  8.6 99.00 99.00 99.00 999 1013.3 999.0  27.7 999.0 99.0 99.00
2026 04 21 12 00  57  7.2  8.4 99.00 99.00 99.00 999 1013.3 999.0  27.7 999.0 99.0 99.00
2026 04 21 12 10  58  6.4  7.4  1.16  5.56  4.54  82 1013.5 999.0  27.6 999.0 99.0 99.00
2026 04 21 12 20  59  6.7  8.3 99.00 99.00 99.00 999 1013.6 999.0  27.6 999.0 99.0 99.00
2026 04 21 12 30  60  7.0  8.5 99.00 99.00 99.00 999 1013.7 999.0  27.6 999.0 99.0 99.00
2026 04 21 12 40  59  6.9  8.3  1.28  6.25  4.76  86 1013.9 999.0  27.6 999.0 99.0 99.00
2026 04 21 12 50  65  6.8  7.9 99.00 99.00 99.00 999 1013.9 999.0  27.6 999.0 99.0 99.00
2026 04 21 13 00  66  7.2  8.6 99.00 99.00 99.00 999 1014.0 999.0  27.6 999.0 99.0 99.00
2026 04 21 13 10  69  6.6  8.3  1.22  5.88  4.49  95 1014.1 999.0  27.6 999.0 99.0 99.00
2026 04 21 13 20  79  6.4  7.5 99.00 99.00 99.00 999 1014.3 999.0  27.7 999.0 99.0 99.00
2026 04 21 13 30  77  5.7  6.7 99.00 99.00 99.00 999 1014.4 999.0  27.7 999.0 99.0 99.00
2026 04 21 13 40  69  5.6  8.3  1.26  6.25  4.65  95 1014.4 999.0  27.6 999.0 99.0 99.00
2026 04 21 13 50  69  7.3  8.4 99.00 99.00 99.00 999 1014.5 999.0  27.6 999.0 99.0 99.00
2026 04 21 14 00  67  6.6  7.7 99.00 99.00 99.00 999 1014.6 999.0  27.7 999.0 99.0 99.00
2026 04 21 14 10  67  6.4  7.5  1.25  5.88  4.62  90 1014.6 999.0  27.7 999.0 99.0 99.00
2026 04 21 14 20  64  6.3  7.3 99.00 99.00 99.00 999 1014.7 999.0  27.7 999.0 99.0 99.00
2026 04 21 14 30  66  6.5  7.7 99.00 99.00 99.00 999 1014.7 999.0  27.7 999.0 99.0 99.00
2026 04 21 14 40  65  6.6  7.9  1.21  6.25  4.51  94 1014.7 999.0  27.7 999.0 99.0 99.00
2026 04 21 14 50  63  6.6  7.6 99.00 99.00 99.00 999 1014.7 999.0  27.7 999.0 99.0 99.00
2026 04 21 15 00  65  6.3  7.7 99.00 99.00 99.00 999 1014.7 999.0  27.7 999.0 99.0 99.00
2026 04 21 15 10  67  6.4  7.5  1.15  5.26  4.49 101 1014.7 999.0  27.7 999.0 99.0 99.00
2026 04 21 15 20  67  6.5  7.7 99.00 99.00 99.00 999 1014.7 999.0  27.7 999.0 99.0 99.00
2026 04 21 15 30  65  6.7  7.9 99.00 99.00 99.00 999 1014.7 999.0  27.7 999.0 99.0 99.00
2026 04 21 15 40  67  6.3  7.5  1.19  5.88  4.56  95 1014.6 999.0 999.0 999.0 99.0 99.00
2026 04 21 15 50  69  6.0  7.4 99.00 99.00 99.00 999 1014.6 999.0  27.8 999.0 99.0 99.00
2026 04 21 16 00  67  5.7  6.6 99.00 99.00 99.00 999 1014.6 999.0  27.8 999.0 99.0 99.00
2026 04 21 16 10  69  5.8  7.1  1.20  6.25  4.69 101 1014.6 999.0  27.8 999.0 99.0 99.00
2026 04 21 16 20  74  5.9  7.5 99.00 99.00 99.00 999 1014.5 999.0  27.8 999.0 99.0 99.00
2026 04 21 16 30  68  5.7  6.9 99.00 99.00 99.00 999 1014.4 999.0  27.8 999.0 99.0 99.00
2026 04 21 16 40  61  6.0  7.1  1.19  5.26  4.60  96 1014.3 999.0  27.8 999.0 99.0 99.00
2026 04 21 16 50  59  6.0  7.1 99.00 99.00 99.00 999 1014.2 999.0  27.8 999.0 99.0 99.00
2026 04 21 17 00  64  5.8  7.1 99.00 99.00 99.00 999 1014.1 999.0  27.8 999.0 99.0 99.00
2026 04 21 17 10  81  5.7  6.7  1.13  6.25  4.63 103 1014.0 999.0  27.8 999.0 99.0 99.00
2026 04 21 17 20  80  5.4  6.4 99.00 99.00 99.00 999 1013.9 999.0  27.9 999.0 99.0 99.00
2026 04 21 17 30  76  5.0  7.0 99.00 99.00 99.00 999 1013.7 999.0  27.9 999.0 99.0 99.00
2026 04 21 17 40  75  6.3  7.7  1.19  5.88  4.72 105 1013.6 999.0  27.9 999.0 99.0 99.00
2026 04 21 17 50  72  6.4  7.7 99.00 99.00 99.00 999 1013.4 999.0  27.9 999.0 99.0 99.00
2026 04 21 18 00  74  6.3  7.9 99.00 99.00 99.00 999 1013.3 999.0  27.9 999.0 99.0 99.00
2026 04 21 18 10  61  6.1  7.2  1.14  6.25  4.59 100 1013.2 999.0  27.9 999.0 99.0 99.00
2026 04 21 18 20  53  5.8  6.9 99.00 99.00 99.00 999 1013.1 999.0  27.9 999.0 99.0 99.00
2026 04 21 18 30  60  5.5  6.8 99.00 99.00 99.00 999 1012.8 999.0  28.0 999.0 99.0 99.00
2026 04 21 18 40  64  5.3  6.4  1.11  5.88  4.67  96 1012.7 999.0  28.0 999.0 99.0 99.00
2026 04 21 18 50  60  5.4  7.3 99.00 99.00 99.00 999 1012.6 999.0  28.0 999.0 99.0 99.00
2026 04 21 19 00  70  6.0  7.4 99.00 99.00 99.00 999 1012.4 999.0  28.0 999.0 99.0 99.00
2026 04 21 19 10  67  6.4  7.4  1.23  5.88  4.72 102 1012.2 999.0  27.9 999.0 99.0 99.00
2026 04 21 19 20  66  5.7  6.7 99.00 99.00 99.00 999 1012.0 999.0  28.0 999.0 99.0 99.00
2026 04 21 19 30  66  5.2  6.5 99.00 99.00 99.00 999 1011.9 999.0  28.0 999.0 99.0 99.00
2026 04 21 19 40  65  6.0  7.0  1.20  6.67  4.71 105 1011.8 999.0  28.0 999.0 99.0 99.00
2026 04 21 19 50  65  5.5  6.8 99.00 99.00 99.00 999 1011.8 999.0  28.0 999.0 99.0 99.00
2026 04 21 20 00  60  5.5  6.7 99.00 99.00 99.00 999 1011.8 999.0  28.0 999.0 99.0 99.00
2026 04 21 20 10  55  5.6  6.5  1.14  5.88  4.80 107 1011.6 999.0  28.0 999.0 99.0 99.00
2026 04 21 20 20  56  6.2  7.4 99.00 99.00 99.00 999 1011.5 999.0  28.0 999.0 99.0 99.00
2026 04 21 20 30  55  5.9  7.1 99.00 99.00 99.00 999 1011.4 999.0  28.0 999.0 99.0 99.00
2026 04 21 20 40  58  5.9  7.1  1.19  5.88  4.82 101 1011.3 999.0  28.0 999.0 99.0 99.00
2026 04 21 20 50  59  6.0  7.1 99.00 99.00 99.00 999 1011.1 999.0  28.0 999.0 99.0 99.00
2026 04 21 21 00  53  6.0  7.4 99.00 99.00 99.00 999 1011.0 999.0  28.0 999.0 99.0 99.00
2026 04 21 21 10  56  6.0  7.1  1.12  6.25  4.63 101 1011.0 999.0  28.0 999.0 99.0 99.00
2026 04 21 21 20  55  6.2  7.4 99.00 99.00 99.00 999 1011.0 999.0  28.0 999.0 99.0 99.00
2026 04 21 21 30  58  6.4  7.7 99.00 99.00 99.00 999 1011.0 999.0  28.0 999.0 99.0 99.00
2026 04 21 21 40  55  6.1  7.0  1.14  6.67  4.79  83 1010.9 999.0  27.9 999.0 99.0 99.00
2026 04 21 21 50  50  5.9  6.9 99.00 99.00 99.00 999 1011.0 999.0  28.0 999.0 99.0 99.00
2026 04 21 22 00  56  5.8  6.8 99.00 99.00 99.00 999 1011.1 999.0  28.0 999.0 99.0 99.00
2026 04 21 22 10  55  6.0  7.0  1.17  6.25  4.86  98 1011.2 999.0  27.9 999.0 99.0 99.00
2026 04 21 22 20  55  5.9  7.0 99.00 99.00 99.00 999 1011.3 999.0  27.9 999.0 99.0 99.00
2026 04 21 22 30  64  5.6  6.7 99.00 99.00 99.00 999 1011.3 999.0  27.9 999.0 99.0 99.00
2026 04 21 22 40  60  5.6  6.7  1.21  7.14  4.93  91 1011.4 999.0  27.9 999.0 99.0 99.00
2026 04 21 22 50  60  6.1  7.0 99.00 99.00 99.00 999 1011.4 999.0  27.9 999.0 99.0 99.00
2026 04 21 23 00  59  6.0  7.3 99.00 99.00 99.00 999 1011.4 999.0  27.9 999.0 99.0 99.00
2026 04 21 23 10  59  6.2  7.6  1.18  5.56  4.84 107 1011.5 999.0  27.9 999.0 99.0 99.00
2026 04 21 23 20  56  6.0  7.2 99.00 99.00 99.00 999 1011.5 999.0  27.9 999.0 99.0 99.00
2026 04 21 23 30  57  6.1  7.4 99.00 99.00 99.00 999 1011.7 999.0  27.9 999.0 99.0 99.00
2026 04 21 23 40  61  6.2  7.6  1.09  6.67  4.73  84 1011.9 999.0  27.9 999.0 99.0 99.00
2026 04 21 23 50  61  6.1  7.2 99.00 99.00 99.00 999 1012.0 999.0  27.8 999.0 99.0 99.00
2026 04 22 00 00  62  6.2  7.5 99.00 99.00 99.00 999 1012.0 999.0  27.8 999.0 99.0 99.00
2026 04 22 00 10  60  6.0  7.1  1.06  6.67  4.66 100 1012.0 999.0  27.9 999.0 99.0 99.00
2026 04 22 00 20  59  6.4  7.7 99.00 99.00 99.00 999 1012.1 999.0  27.9 999.0 99.0 99.00
2026 04 22 00 30  55  6.1  7.5 99.00 99.00 99.00 999 1012.0 999.0  27.8 999.0 99.0 99.00
2026 04 22 00 40  53  6.2  7.3  1.14  7.14  4.83  92 1012.2 999.0  27.8 999.0 99.0 99.00
2026 04 22 00 50  53  6.3  7.3 99.00 99.00 99.00 999 1012.2 999.0  27.8 999.0 99.0 99.00
2026 04 22 01 00  54  6.3  7.4 99.00 99.00 99.00 999 1012.4 999.0  27.8 999.0 99.0 99.00
2026 04 22 01 10  49  6.4  7.6  1.09  6.67  4.62  96 1012.5 999.0  27.8 999.0 99.0 99.00
2026 04 22 01 20  46  6.6  7.5 99.00 99.00 99.00 999 1012.5 999.0  27.8 999.0 99.0 99.00
2026 04 22 01 30  51  6.2  7.3 99.00 99.00 99.00 999 1012.6 999.0  27.8 999.0 99.0 99.00
2026 04 22 01 40  53  6.5  8.2  1.17  7.14  4.75  91 1012.7 999.0  27.8 999.0 99.0 99.00
2026 04 22 01 50  53  6.3  8.2 99.00 99.00 99.00 999 1012.8 999.0  27.8 999.0 99.0 99.00
2026 04 22 02 00  48  6.0  7.8 99.00 99.00 99.00 999 1012.8 999.0  27.8 999.0 99.0 99.00
2026 04 22 02 10  51  6.5  7.5  1.14  6.25  4.78  93 1012.9 999.0  27.8 999.0 99.0 99.00
2026 04 22 02 20  53  6.6  7.8 99.00 99.00 99.00 999 1013.1 999.0  27.8 999.0 99.0 99.00
2026 04 22 02 30  48  6.7  8.1 99.00 99.00 99.00 999 1013.2 999.0  27.8 999.0 99.0 99.00
2026 04 22 02 40  53  6.7  7.9  1.17  6.25  4.63 104 1013.3 999.0  27.8 999.0 99.0 99.00
2026 04 22 02 50  53  6.4  7.9 99.00 99.00 99.00 999 1013.3 999.0  27.8 999.0 99.0 99.00
2026 04 22 03 00  55  6.3  7.5 99.00 99.00 99.00 999 1013.3 999.0  27.8 999.0 99.0 99.00
2026 04 22 03 10  53  6.7  8.4  1.16  6.67  4.71  97 1013.3 999.0  27.8 999.0 99.0 99.00
2026 04 22 03 20  57  6.4  8.0 99.00 99.00 99.00 999 1013.3 999.0  27.8 999.0 99.0 99.00
2026 04 22 03 30  57  6.2  7.5 99.00 99.00 99.00 999 1013.3 999.0  27.8 999.0 99.0 99.00
2026 04 22 03 40  59  6.3  7.2  1.18  6.67  4.81  92 1013.3 999.0  27.8 999.0 99.0 99.00
2026 04 22 03 50  58  6.4  7.8 99.00 99.00 99.00 999 1013.4 999.0  27.8 999.0 99.0 99.00
2026 04 22 04 00  58  6.6  7.7 99.00 99.00 99.00 999 1013.3 999.0  27.8 999.0 99.0 99.00
2026 04 22 04 10  60  6.6  8.1  1.17  6.67  4.74  95 1013.1 999.0  27.8 999.0 99.0 99.00
2026 04 22 04 20  63  6.3  7.3 99.00 99.00 99.00 999 1013.1 999.0  27.8 999.0 99.0 99.00
2026 04 22 04 30  58  6.4  7.3 99.00 99.00 99.00 999 1013.0 999.0  27.8 999.0 99.0 99.00
2026 04 22 04 40  61  6.2  7.1  1.15  6.67  4.78  95 1012.9 999.0  27.8 999.0 99.0 99.00
2026 04 22 04 50  59  6.3  7.7 99.00 99.00 99.00 999 1012.8 999.0  27.8 999.0 99.0 99.00
2026 04 22 05 00  55  6.4  7.8 99.00 99.00 99.00 999 1012.8 999.0  27.8 999.0 99.0 99.00
2026 04 22 05 10  58  6.3  7.2  1.11  7.14  4.67  90 1012.6 999.0  27.8 999.0 99.0 99.00
2026 04 22 05 20  63  6.4  7.6 99.00 99.00 99.00 999 1012.5 999.0  27.8 999.0 99.0 99.00
2026 04 22 05 30  61  6.1  7.1 99.00 99.00 99.00 999 1012.4 999.0  27.8 999.0 99.0 99.00
2026 04 22 05 40  55  6.1  7.2  1.10  6.25  4.61  96 1012.3 999.0  27.8 999.0 99.0 99.00
2026 04 22 05 50  49  5.8  7.3 99.00 99.00 99.00 999 1012.2 999.0  27.8 999.0 99.0 99.00
2026 04 22 06 00  49  5.6  6.9 99.00 99.00 99.00 999 1012.2 999.0  27.8 999.0 99.0 99.00
2026 04 22 06 10  42  5.6  6.6  1.15  7.14  4.74  95 1012.0 999.0  27.8 999.0 99.0 99.00
2026 04 22 06 20  45  6.4  7.8 99.00 99.00 99.00 999 1012.0 999.0  27.8 999.0 99.0 99.00
2026 04 22 06 30  91  6.5 10.7 99.00 99.00 99.00 999 1011.8 999.0  27.8 999.0 99.0 99.00
2026 04 22 06 40  61  6.0  8.0  1.15  7.69  4.73  85 1011.7 999.0  27.8 999.0 99.0 99.00
2026 04 22 06 50  64  6.6  7.7 99.00 99.00 99.00 999 1011.7 999.0  27.7 999.0 99.0 99.00
2026 04 22 07 00  57  6.1  7.2 99.00 99.00 99.00 999 1011.5 999.0  27.7 999.0 99.0 99.00
2026 04 22 07 10  52  6.1  7.3  1.17  7.14  4.65  86 1011.5 999.0  27.7 999.0 99.0 99.00
2026 04 22 07 20  54  6.1  7.2 99.00 99.00 99.00 999 1011.4 999.0  27.8 999.0 99.0 99.00
2026 04 22 07 30  48  6.1  7.3 99.00 99.00 99.00 999 1011.4 999.0  27.8 999.0 99.0 99.00
2026 04 22 07 40  48  5.5  6.4  1.08  6.67  4.58  92 1011.4 999.0  27.8 999.0 99.0 99.00
2026 04 22 07 50  62  5.8  7.0 99.00 99.00 99.00 999 1011.4 999.0  27.8 999.0 99.0 99.00
2026 04 22 08 00  61  5.9  6.9 99.00 99.00 99.00 999 1011.4 999.0  27.7 999.0 99.0 99.00
2026 04 22 08 10  59  5.8  6.8  1.11  7.14  4.68  96 1011.3 999.0  27.7 999.0 99.0 99.00
2026 04 22 08 20  58  5.5  6.4 99.00 99.00 99.00 999 1011.4 999.0  27.8 999.0 99.0 99.00
2026 04 22 08 30  60  5.3  6.4 99.00 99.00 99.00 999 1011.4 999.0  27.7 999.0 99.0 99.00
2026 04 22 08 40  53  5.7  6.8  1.15  6.67  4.79  92 1011.4 999.0  27.7 999.0 99.0 99.00
2026 04 22 08 50  52  6.0  6.8 99.00 99.00 99.00 999 1011.5 999.0  27.7 999.0 99.0 99.00
2026 04 22 09 00  54  6.0  7.3 99.00 99.00 99.00 999 1011.5 999.0  27.7 999.0 99.0 99.00
2026 04 22 09 10  49  6.0  7.1  1.02  6.25  4.66  93 1011.5 999.0  27.7 999.0 99.0 99.00
2026 04 22 09 20  60  6.7  8.0 99.00 99.00 99.00 999 1011.7 999.0  27.7 999.0 99.0 99.00
2026 04 22 09 30  60  5.7  6.9 99.00 99.00 99.00 999 1011.7 999.0  27.7 999.0 99.0 99.00
2026 04 22 09 40  59  6.4  9.0  1.02  6.67  4.62  96 1011.7 999.0  27.7 999.0 99.0 99.00
2026 04 22 09 50  58  7.3  8.6 99.00 99.00 99.00 999 1011.7 999.0  27.7 999.0 99.0 99.00
2026 04 22 10 00  64  7.2  8.4 99.00 99.00 99.00 999 1011.7 999.0  27.7 999.0 99.0 99.00
2026 04 22 10 10  69  5.6  7.6  1.13  7.14  4.74  93 1011.8 999.0  27.7 999.0 99.0 99.00
2026 04 22 10 20  59  5.5  6.4 99.00 99.00 99.00 999 1012.0 999.0  27.7 999.0 99.0 99.00
2026 04 22 10 30  55  5.2  6.8 99.00 99.00 99.00 999 1012.0 999.0  27.7 999.0 99.0 99.00
2026 04 22 10 40  53  6.1  7.2  1.04  7.14  4.58  83 1012.1 999.0  27.7 999.0 99.0 99.00
2026 04 22 10 50  53  6.0  7.2 99.00 99.00 99.00 999 1012.2 999.0  27.7 999.0 99.0 99.00
2026 04 22 11 00  50  5.7  6.8 99.00 99.00 99.00 999 1012.2 999.0  27.7 999.0 99.0 99.00
2026 04 22 11 10  54  6.0  7.3  1.15  6.67  4.71  88 1012.2 999.0  27.7 999.0 99.0 99.00
2026 04 22 11 20  54  6.4  7.5 99.00 99.00 99.00 999 1012.3 999.0  27.7 999.0 99.0 99.00
2026 04 22 11 30  57  5.9  7.0 99.00 99.00 99.00 999 1012.4 999.0  27.7 999.0 99.0 99.00
2026 04 22 11 40  57  5.9  7.2  1.01  7.14  4.63  89 1012.5 999.0  27.7 999.0 99.0 99.00
2026 04 22 11 50  62  5.7  7.0 99.00 99.00 99.00 999 1012.7 999.0  27.7 999.0 99.0 99.00
2026 04 22 12 00  65  6.3  7.4 99.00 99.00 99.00 999 1012.8 999.0  27.7 999.0 99.0 99.00
2026 04 22 12 10  61  6.4  7.5  1.13  7.14  4.74  87 1013.0 999.0  27.7 999.0 99.0 99.00
2026 04 22 12 20  60  6.0  7.1 99.00 99.00 99.00 999 1013.2 999.0  27.7 999.0 99.0 99.00
2026 04 22 12 30  62  5.9  7.0 99.00 99.00 99.00 999 1013.3 999.0  27.7 999.0 99.0 99.00
2026 04 22 12 40  66  6.5  8.0  1.09  7.69  4.61  87 1013.4 999.0  27.7 999.0 99.0 99.00
2026 04 22 12 50  65  6.4  7.6 99.00 99.00 99.00 999 1013.6 999.0  27.7 999.0 99.0 99.00
2026 04 22 13 00  63  6.2  7.3 99.00 99.00 99.00 999 1013.6 999.0  27.7 999.0 99.0 99.00
2026 04 22 13 10  66  6.3  7.3  1.05  7.69  4.67  97 1013.7 999.0  27.7 999.0 99.0 99.00
2026 04 22 13 20  64  6.2  7.4 99.00 99.00 99.00 999 1013.8 999.0  27.7 999.0 99.0 99.00
2026 04 22 13 30  67  5.5  7.1 99.00 99.00 99.00 999 1013.9 999.0  27.8 999.0 99.0 99.00
2026 04 22 13 40  64  5.9  7.5  1.08  7.14  4.75  91 1014.0 999.0  27.8 999.0 99.0 99.00
2026 04 22 13 50  51  5.9  7.4 99.00 99.00 99.00 999 1014.1 999.0  27.8 999.0 99.0 99.00
2026 04 22 14 00  61  5.1  6.3 99.00 99.00 99.00 999 1014.2 999.0  27.8 999.0 99.0 99.00
2026 04 22 14 10  61  5.6  6.9  1.07  6.25  4.66  97 1014.2 999.0  27.8 999.0 99.0 99.00
2026 04 22 14 20  61  5.7  6.6 99.00 99.00 99.00 999 1014.2 999.0  27.8 999.0 99.0 99.00
2026 04 22 14 30  56  5.6  6.4 99.00 99.00 99.00 999 1014.2 999.0  27.8 999.0 99.0 99.00
2026 04 22 14 40  59  5.3  6.2  1.06  7.14  4.64  91 1014.1 999.0  27.8 999.0 99.0 99.00
2026 04 22 14 50  63  5.4  6.4 99.00 99.00 99.00 999 1014.0 999.0  27.8 999.0 99.0 99.00
2026 04 22 15 00  61  5.5  6.5 99.00 99.00 99.00 999 1014.0 999.0  27.8 999.0 99.0 99.00
2026 04 22 15 10  63  5.0  6.1  1.04  7.14  4.61  96 1013.9 999.0  27.9 999.0 99.0 99.00
2026 04 22 15 20  62  5.6  6.4 99.00 99.00 99.00 999 1013.8 999.0  27.9 999.0 99.0 99.00
2026 04 22 15 30  66  5.7  6.8 99.00 99.00 99.00 999 1013.7 999.0  27.9 999.0 99.0 99.00
2026 04 22 15 40  69  5.8  7.1  1.04  6.67  4.76  89 1013.7 999.0  27.9 999.0 99.0 99.00
2026 04 22 15 50  69  5.4  6.8 99.00 99.00 99.00 999 1013.6 999.0  27.9 999.0 99.0 99.00
2026 04 22 16 00  62  6.9  9.4 99.00 99.00 99.00 999 1013.4 999.0  27.9 999.0 99.0 99.00
2026 04 22 16 10  47  5.4  8.0  0.96  7.14  4.59  90 1013.5 999.0  27.9 999.0 99.0 99.00
2026 04 22 16 20  55  5.7  6.4 99.00 99.00 99.00 999 1013.5 999.0  27.9 999.0 99.0 99.00
2026 04 22 16 30  61  5.6  6.6 99.00 99.00 99.00 999 1013.5 999.0  27.9 999.0 99.0 99.00
2026 04 22 16 40  66  5.4  6.3  0.94  7.14  4.48  87 1013.3 999.0  28.0 999.0 99.0 99.00
2026 04 22 16 50  60  5.5  6.7 99.00 99.00 99.00 999 1013.2 999.0  28.0 999.0 99.0 99.00
2026 04 22 17 00  60  5.4  6.4 99.00 99.00 99.00 999 1013.0 999.0  28.0 999.0 99.0 99.00
2026 04 22 17 10  65  4.8  5.9  1.07  7.14  4.69  86 1012.9 999.0  28.0 999.0 99.0 99.00
2026 04 22 17 20  78  5.1  5.9 99.00 99.00 99.00 999 1012.9 999.0  28.0 999.0 99.0 99.00
2026 04 22 17 30  70  4.9  6.0 99.00 99.00 99.00 999 1012.8 999.0  28.1 999.0 99.0 99.00
2026 04 22 17 40  67  5.4  6.4  1.01  7.69  4.70  89 1012.8 999.0  28.1 999.0 99.0 99.00
2026 04 22 17 50  66  5.6  6.7 99.00 99.00 99.00 999 1012.6 999.0  28.1 999.0 99.0 99.00
2026 04 22 18 00  72  5.7  6.9 99.00 99.00 99.00 999 1012.6 999.0  28.1 999.0 99.0 99.00
2026 04 22 18 10  74  5.7  6.6  1.00  6.67  4.57  91 1012.4 999.0  28.1 999.0 99.0 99.00
2026 04 22 18 20  76  5.8  6.7 99.00 99.00 99.00 999 1012.2 999.0  28.1 999.0 99.0 99.00
2026 04 22 18 30  74  5.3  6.2 99.00 99.00 99.00 999 1012.1 999.0  28.1 999.0 99.0 99.00
2026 04 22 18 40  71  5.2  6.1  0.96  6.67  4.65  92 1011.9 999.0  28.1 999.0 99.0 99.00
2026 04 22 18 50  70  5.2  6.1 99.00 99.00 99.00 999 1011.6 999.0  28.1 999.0 99.0 99.00
2026 04 22 19 00  72  5.5  6.5 99.00 99.00 99.00 999 1011.5 999.0  28.1 999.0 99.0 99.00
2026 04 22 19 10  69  5.1  5.9  1.01  7.14  4.66  91 1011.4 999.0  28.1 999.0 99.0 99.00
2026 04 22 19 20  70  5.1  6.1 99.00 99.00 99.00 999 1011.4 999.0  28.1 999.0 99.0 99.00
2026 04 22 19 30  69  5.0  6.0 99.00 99.00 99.00 999 1011.2 999.0  28.2 999.0 99.0 99.00
2026 04 22 19 40  64  4.6  5.7  1.00  6.67  4.63 107 1011.2 999.0  28.2 999.0 99.0 99.00
2026 04 22 19 50  70  4.6  5.5 99.00 99.00 99.00 999 1011.1 999.0  28.2 999.0 99.0 99.00
2026 04 22 20 00  66  4.8  5.9 99.00 99.00 99.00 999 1010.9 999.0  28.2 999.0 99.0 99.00
2026 04 22 20 10  67  4.8  5.9  1.03  7.14  4.78 101 1010.8 999.0  28.1 999.0 99.0 99.00
2026 04 22 20 20  60  5.1  5.9 99.00 99.00 99.00 999 1010.6 999.0  28.1 999.0 99.0 99.00
2026 04 22 20 30  54  5.0  5.8 99.00 99.00 99.00 999 1010.5 999.0  28.2 999.0 99.0 99.00
2026 04 22 20 40  54  4.9  5.9  1.05  7.14  4.74  91 1010.3 999.0  28.2 999.0 99.0 99.00
2026 04 22 20 50  51  4.7  6.0 99.00 99.00 99.00 999 1010.3 999.0  28.2 999.0 99.0 99.00
2026 04 22 21 00  56  4.7  5.8 99.00 99.00 99.00 999 1010.1 999.0  28.2 999.0 99.0 99.00
2026 04 22 21 10  56  4.5  5.3  0.94  7.14  4.78 100 1010.2 999.0  28.1 999.0 99.0 99.00
2026 04 22 21 20  54  4.3  5.4 99.00 99.00 99.00 999 1010.2 999.0  28.1 999.0 99.0 99.00
2026 04 22 21 30  55  4.8  5.8 99.00 99.00 99.00 999 1010.2 999.0  28.1 999.0 99.0 99.00
2026 04 22 21 40  61  4.5  6.0  1.02  6.67  4.82 105 1010.3 999.0  28.1 999.0 99.0 99.00
2026 04 22 21 50  72  4.4  6.0 99.00 99.00 99.00 999 1010.2 999.0  28.1 999.0 99.0 99.00
2026 04 22 22 00  71  4.3  5.4 99.00 99.00 99.00 999 1010.3 999.0  28.1 999.0 99.0 99.00
2026 04 22 22 10  71  3.8  4.6  0.99  7.14  4.85  91 1010.3 999.0  28.1 999.0 99.0 99.00
2026 04 22 22 20  56  4.2  5.3 99.00 99.00 99.00 999 1010.3 999.0  28.1 999.0 99.0 99.00
2026 04 22 22 30  54  4.5  5.4 99.00 99.00 99.00 999 1010.4 999.0  28.1 999.0 99.0 99.00
2026 04 22 22 40  51  4.4  5.3  0.94  6.67  4.72  95 1010.5 999.0  28.1 999.0 99.0 99.00
2026 04 22 22 50  55  4.5  5.3 99.00 99.00 99.00 999 1010.5 999.0  28.0 999.0 99.0 99.00
2026 04 22 23 00  52  4.6  5.4 99.00 99.00 99.00 999 1010.6 999.0  28.0 999.0 99.0 99.00
2026 04 22 23 10  73  4.9  5.9  1.00  7.14  4.99  95 1010.6 999.0  28.0 999.0 99.0 99.00
2026 04 22 23 20  79  4.6  5.3 99.00 99.00 99.00 999 1010.8 999.0  28.0 999.0 99.0 99.00
2026 04 22 23 30  79  4.6  5.6 99.00 99.00 99.00 999 1010.8 999.0  28.0 999.0 99.0 99.00
2026 04 22 23 40  77  4.5  5.3  0.93  7.69  4.85  86 1010.9 999.0  28.0 999.0 99.0 99.00
2026 04 22 23 50  77  4.5  5.8 99.00 99.00 99.00 999 1011.0 999.0  28.0 999.0 99.0 99.00
2026 04 23 00 00  68  4.2  5.4 99.00 99.00 99.00 999 1011.1 999.0  28.0 999.0 99.0 99.00
2026 04 23 00 10  59  5.4  6.4  0.93  7.14  4.70 102 1011.2 999.0  28.0 999.0 99.0 99.00
2026 04 23 00 20  57  5.1  6.1 99.00 99.00 99.00 999 1011.3 999.0  28.0 999.0 99.0 99.00
2026 04 23 00 30  59  5.1  6.1 99.00 99.00 99.00 999 1011.4 999.0  28.0 999.0 99.0 99.00
2026 04 23 00 40  57  5.3  6.1  0.92  7.14  4.75  96 1011.5 999.0  28.0 999.0 99.0 99.00
2026 04 23 00 50  60  5.4  6.6 99.00 99.00 99.00 999 1011.7 999.0  27.9 999.0 99.0 99.00
2026 04 23 01 00  55  5.5  7.1 99.00 99.00 99.00 999 1011.7 999.0  27.9 999.0 99.0 99.00
2026 04 23 01 10  54  5.9  7.1  0.98  7.14  4.81  94 1011.7 999.0  27.9 999.0 99.0 99.00
2026 04 23 01 20  55  6.0  7.2 99.00 99.00 99.00 999 1011.8 999.0  27.9 999.0 99.0 99.00
2026 04 23 01 30  54  5.8  6.8 99.00 99.00 99.00 999 1012.0 999.0  27.9 999.0 99.0 99.00
2026 04 23 01 40  59  6.0  7.1  0.98  7.14  4.87  91 1012.1 999.0  27.9 999.0 99.0 99.00
2026 04 23 01 50  55  6.1  7.4 99.00 99.00 99.00 999 1012.1 999.0  27.9 999.0 99.0 99.00
2026 04 23 02 00  51  6.2  7.5 99.00 99.00 99.00 999 1012.1 999.0  27.9 999.0 99.0 99.00
2026 04 23 02 10  55  5.9  7.4  0.94  6.67  4.72  91 1012.2 999.0  27.9 999.0 99.0 99.00
2026 04 23 02 20  54  5.9  7.1 99.00 99.00 99.00 999 1012.1 999.0  27.9 999.0 99.0 99.00
2026 04 23 02 30  57  5.7  6.6 99.00 99.00 99.00 999 1012.1 999.0  27.9 999.0 99.0 99.00
2026 04 23 02 40  61  6.1  7.6  0.96  7.14  4.77  92 1012.1 999.0  27.9 999.0 99.0 99.00
2026 04 23 02 50  61  6.5  7.7 99.00 99.00 99.00 999 1012.2 999.0  27.9 999.0 99.0 99.00
2026 04 23 03 00  58  6.2  7.1 99.00 99.00 99.00 999 1012.2 999.0  27.9 999.0 99.0 99.00
2026 04 23 03 10  56  6.3  7.4  1.02  7.14  4.74  99 1012.4 999.0  27.9 999.0 99.0 99.00
2026 04 23 03 20  62  6.0  7.2 99.00 99.00 99.00 999 1012.5 999.0  27.9 999.0 99.0 99.00
2026 04 23 03 30  65  5.8  6.8 99.00 99.00 99.00 999 1012.5 999.0  27.9 999.0 99.0 99.00
2026 04 23 03 40  67  6.1  7.2  0.98  7.14  4.69 103 1012.5 999.0  27.9 999.0 99.0 99.00
2026 04 23 03 50  59  6.4  7.5 99.00 99.00 99.00 999 1012.5 999.0  27.9 999.0 99.0 99.00
2026 04 23 04 00  62  6.0  7.2 99.00 99.00 99.00 999 1012.6 999.0  27.9 999.0 99.0 99.00
2026 04 23 04 10  62  6.0  7.1  0.99  7.14  4.65  85 1012.5 999.0  27.9 999.0 99.0 99.00
2026 04 23 04 20  61  5.8  6.9 99.00 99.00 99.00 999 1012.4 999.0  27.9 999.0 99.0 99.00
2026 04 23 04 30  64  5.8  7.5 99.00 99.00 99.00 999 1012.2 999.0  27.9 999.0 99.0 99.00
2026 04 23 04 40  67  5.7  6.8  0.98  7.14  4.59  86 1012.2 999.0  27.9 999.0 99.0 99.00
2026 04 23 04 50  58  5.8  7.0 99.00 99.00 99.00 999 1012.1 999.0  27.9 999.0 99.0 99.00
2026 04 23 05 00  54  5.7  6.9 99.00 99.00 99.00 999 1012.0 999.0  27.9 999.0 99.0 99.00
2026 04 23 05 10  59  5.9  7.1  1.08  7.14  4.59  86 1011.8 999.0  27.9 999.0 99.0 99.00
2026 04 23 05 20  59  5.4  6.4 99.00 99.00 99.00 999 1011.7 999.0  27.9 999.0 99.0 99.00
2026 04 23 05 30  61  5.4  6.4 99.00 99.00 99.00 999 1011.6 999.0  27.9 999.0 99.0 99.00
2026 04 23 05 40  63  5.4  6.9  0.99  7.14  4.50  98 1011.5 999.0  27.9 999.0 99.0 99.00
2026 04 23 05 50  64  5.7  6.8 99.00 99.00 99.00 999 1011.4 999.0  27.9 999.0 99.0 99.00
2026 04 23 06 00  63  5.7  6.7 99.00 99.00 99.00 999 1011.2 999.0  27.9 999.0 99.0 99.00
2026 04 23 06 10  67  5.3  6.3  0.98  6.67  4.58  93 1011.2 999.0  27.9 999.0 99.0 99.00
2026 04 23 06 20  75  5.4  6.5 99.00 99.00 99.00 999 1011.2 999.0  27.9 999.0 99.0 99.00
2026 04 23 06 30  68  5.6  6.8 99.00 99.00 99.00 999 1011.1 999.0  27.9 999.0 99.0 99.00
2026 04 23 06 40  67  5.7  6.9  1.02  6.67  4.46  93 1010.9 999.0  27.9 999.0 99.0 99.00
2026 04 23 06 50  70  5.9  7.0 99.00 99.00 99.00 999 1010.9 999.0  27.9 999.0 99.0 99.00
2026 04 23 07 00  71  5.7  6.6 99.00 99.00 99.00 999 1010.8 999.0  27.9 999.0 99.0 99.00
2026 04 23 07 10  67  5.3  6.5  0.98  6.67  4.55  94 1010.8 999.0  27.9 999.0 99.0 99.00
2026 04 23 07 20  71  5.4  6.5 99.00 99.00 99.00 999 1010.6 999.0  27.9 999.0 99.0 99.00
2026 04 23 07 30  71  5.6  6.8 99.00 99.00 99.00 999 1010.6 999.0  27.9 999.0 99.0 99.00
2026 04 23 07 40  76  5.9  7.0  0.98  7.14  4.57  88 1010.5 999.0  27.8 999.0 99.0 99.00
2026 04 23 07 50  76  5.6  6.6 99.00 99.00 99.00 999 1010.4 999.0  27.8 999.0 99.0 99.00
2026 04 23 08 00  73  5.3  6.5 99.00 99.00 99.00 999 1010.4 999.0  27.8 999.0 99.0 99.00
2026 04 23 08 10  73  5.4  7.0  0.90  6.25  4.36  96 1010.4 999.0  27.8 999.0 99.0 99.00
2026 04 23 08 20  68  4.9  6.3 99.00 99.00 99.00 999 1010.3 999.0  27.8 999.0 99.0 99.00
2026 04 23 08 30  72  5.0  6.2 99.00 99.00 99.00 999 1010.3 999.0  27.8 999.0 99.0 99.00
2026 04 23 08 40  75  5.0  5.9  0.96  6.25  4.52  85 1010.3 999.0  27.8 999.0 99.0 99.00
2026 04 23 08 50  83  5.3  6.7 99.00 99.00 99.00 999 1010.3 999.0  27.8 999.0 99.0 99.00
2026 04 23 09 00  76  5.5  6.9 99.00 99.00 99.00 999 1010.4 999.0  27.8 999.0 99.0 99.00
2026 04 23 09 10  74  5.8  6.9  0.95  6.67  4.41  66 1010.4 999.0  27.8 999.0 99.0 99.00
2026 04 23 09 20  72  5.9  6.8 99.00 99.00 99.00 999 1010.4 999.0  27.8 999.0 99.0 99.00
2026 04 23 09 30  65  5.7  6.4 99.00 99.00 99.00 999 1010.4 999.0  27.8 999.0 99.0 99.00
2026 04 23 09 40  70  4.9  6.2  0.91  6.67  4.49  82 1010.5 999.0  27.8 999.0 99.0 99.00
2026 04 23 09 50  70  5.3  6.4 99.00 99.00 99.00 999 1010.6 999.0  27.8 999.0 99.0 99.00
2026 04 23 10 00  70  5.3  6.5 99.00 99.00 99.00 999 1010.8 999.0  27.8 999.0 99.0 99.00
2026 04 23 10 10  74  5.5  6.7  0.93  6.67  4.43  77 1010.9 999.0  27.8 999.0 99.0 99.00
2026 04 23 10 20  77  5.1  6.1 99.00 99.00 99.00 999 1011.0 999.0  27.8 999.0 99.0 99.00
2026 04 23 10 30  78  5.7  7.1 99.00 99.00 99.00 999 1011.0 999.0  27.8 999.0 99.0 99.00
2026 04 23 10 40  72  5.8  7.3  0.98  6.67  4.60  74 1011.0 999.0  27.8 999.0 99.0 99.00
2026 04 23 10 50  72  6.0  7.1 99.00 99.00 99.00 999 1011.0 999.0  27.8 999.0 99.0 99.00
2026 04 23 11 00  72  5.8  6.7 99.00 99.00 99.00 999 1011.2 999.0  27.8 999.0 99.0 99.00
2026 04 23 11 10  72  5.9  7.2  0.95  6.67  4.47  58 1011.2 999.0  27.8 999.0 99.0 99.00
2026 04 23 11 20  72  5.8  6.9 99.00 99.00 99.00 999 1011.2 999.0  27.8 999.0 99.0 99.00
2026 04 23 11 30  70  5.7  7.0 99.00 99.00 99.00 999 1011.4 999.0  27.8 999.0 99.0 99.00
2026 04 23 11 40  73  5.9  7.2  0.99  6.67  4.59  81 1011.5 999.0  27.8 999.0 99.0 99.00
2026 04 23 11 50  73  5.7  6.9 99.00 99.00 99.00 999 1011.6 999.0  27.8 999.0 99.0 99.00
2026 04 23 12 00  73  6.1  7.2 99.00 99.00 99.00 999 1011.8 999.0  27.8 999.0 99.0 99.00
2026 04 23 12 10  70  5.8  7.4  1.02  5.88  4.54  74 1011.9 999.0  27.8 999.0 99.0 99.00
2026 04 23 12 20  72  5.7  6.8 99.00 99.00 99.00 999 1012.0 999.0  27.8 999.0 99.0 99.00
2026 04 23 12 30  76  6.3  7.5 99.00 99.00 99.00 999 1012.1 999.0  27.8 999.0 99.0 99.00
2026 04 23 12 40  83  5.9  7.5  1.05  7.14  4.59  57 1012.3 999.0  27.8 999.0 99.0 99.00
2026 04 23 12 50  86  6.3  7.2 99.00 99.00 99.00 999 1012.3 999.0  27.8 999.0 99.0 99.00
2026 04 23 13 00  78  6.2  7.5 99.00 99.00 99.00 999 1012.4 999.0  27.8 999.0 99.0 99.00
2026 04 23 13 10  82  6.5  7.5  1.07  6.67  4.57  68 1012.5 999.0  27.8 999.0 99.0 99.00
2026 04 23 13 20  87  6.4  7.5 99.00 99.00 99.00 999 1012.6 999.0  27.8 999.0 99.0 99.00
2026 04 23 13 30  92  6.6  8.1 99.00 99.00 99.00 999 1012.7 999.0  27.8 999.0 99.0 99.00
2026 04 23 13 40  87  6.3  7.8  1.06  6.67  4.57  47 1012.9 999.0  27.8 999.0 99.0 99.00
2026 04 23 13 50  88  6.3  7.4 99.00 99.00 99.00 999 1012.9 999.0  27.9 999.0 99.0 99.00
2026 04 23 14 00  85  6.1  7.1 99.00 99.00 99.00 999 1012.8 999.0  27.9 999.0 99.0 99.00
2026 04 23 14 10  77  5.8  6.9  1.08  6.25  4.53  74 1012.9 999.0  27.9 999.0 99.0 99.00
2026 04 23 14 20  78  6.1  7.6 99.00 99.00 99.00 999 1012.9 999.0  27.9 999.0 99.0 99.00
2026 04 23 14 30  82  6.3  7.2 99.00 99.00 99.00 999 1012.9 999.0  27.9 999.0 99.0 99.00
2026 04 23 14 40  87  6.2  7.1  1.03  6.67  4.46  81 1013.0 999.0  27.9 999.0 99.0 99.00
2026 04 23 14 50  87  5.9  7.0 99.00 99.00 99.00 999 1013.0 999.0  27.9 999.0 99.0 99.00
2026 04 23 15 00  85  5.6  7.0 99.00 99.00 99.00 999 1013.0 999.0  27.9 999.0 99.0 99.00
2026 04 23 15 10  77  5.4  6.6  1.05  5.56  4.44  70 1013.0 999.0  27.9 999.0 99.0 99.00
2026 04 23 15 20  82  5.1  6.2 99.00 99.00 99.00 999 1012.9 999.0  27.9 999.0 99.0 99.00
2026 04 23 15 30  80  5.1  6.1 99.00 99.00 99.00 999 1012.7 999.0  28.0 999.0 99.0 99.00
2026 04 23 15 40  81  5.4  7.0  0.98  6.25  4.37  85 1012.6 999.0  28.0 999.0 99.0 99.00
2026 04 23 15 50  81  5.7  6.6 99.00 99.00 99.00 999 1012.6 999.0  28.0 999.0 99.0 99.00
2026 04 23 16 00  83  5.6  6.6 99.00 99.00 99.00 999 1012.6 999.0  28.0 999.0 99.0 99.00
2026 04 23 16 10  89  5.6  6.6  1.01  6.25  4.50  58 1012.6 999.0  28.0 999.0 99.0 99.00
2026 04 23 16 20  86  5.4  6.7 99.00 99.00 99.00 999 1012.5 999.0  28.0 999.0 99.0 99.00
2026 04 23 16 30  92  5.6  6.6 99.00 99.00 99.00 999 1012.5 999.0  28.1 999.0 99.0 99.00
2026 04 23 16 40  91  5.3  6.3  0.95  5.26  4.38  98 1012.4 999.0  28.1 999.0 99.0 99.00
2026 04 23 16 50  95  5.3  6.4 99.00 99.00 99.00 999 1012.3 999.0  28.1 999.0 99.0 99.00
2026 04 23 17 00  90  5.4  6.5 99.00 99.00 99.00 999 1012.3 999.0  28.1 999.0 99.0 99.00
2026 04 23 17 10  92  5.8  6.7  0.96  5.88  4.43  89 1012.0 999.0  28.1 999.0 99.0 99.00
2026 04 23 17 20  94  5.7  7.0 99.00 99.00 99.00 999 1011.7 999.0  28.1 999.0 99.0 99.00
2026 04 23 17 30  93  5.2  6.3 99.00 99.00 99.00 999 1011.7 999.0  28.2 999.0 99.0 99.00
2026 04 23 17 40  85  5.6  6.7  1.00  4.76  4.41  87 1011.5 999.0  28.2 999.0 99.0 99.00
2026 04 23 17 50  91  5.9  6.7 99.00 99.00 99.00 999 1011.4 999.0  28.2 999.0 99.0 99.00
2026 04 23 18 00  91  5.8  7.3 99.00 99.00 99.00 999 1011.3 999.0  28.2 999.0 99.0 99.00
2026 04 23 18 10  87  6.0  7.0  1.01  5.88  4.43  80 1011.1 999.0  28.2 999.0 99.0 99.00
2026 04 23 18 20  90  5.7  6.9 99.00 99.00 99.00 999 1010.9 999.0  28.2 999.0 99.0 99.00
2026 04 23 18 30  86  5.6  6.8 99.00 99.00 99.00 999 1010.7 999.0  28.2 999.0 99.0 99.00
2026 04 23 18 40  81  5.4  6.5  1.05  5.56  4.51  97 1010.6 999.0  28.2 999.0 99.0 99.00
2026 04 23 18 50  88  5.0  6.2 99.00 99.00 99.00 999 1010.5 999.0  28.2 999.0 99.0 99.00
2026 04 23 19 00  89  5.0  6.0 99.00 99.00 99.00 999 1010.3 999.0  28.2 999.0 99.0 99.00
2026 04 23 19 10  88  5.0  6.3  0.95  6.25  4.36  84 1010.1 999.0  28.2 999.0 99.0 99.00
2026 04 23 19 20  84  5.2  6.3 99.00 99.00 99.00 999 1010.0 999.0  28.3 999.0 99.0 99.00
2026 04 23 19 30  78  5.3  6.2 99.00 99.00 99.00 999 1010.0 999.0  28.3 999.0 99.0 99.00
2026 04 23 19 40  77  5.3  5.9  0.97  5.26  4.38 102 1010.0 999.0  28.2 999.0 99.0 99.00
2026 04 23 19 50  79  5.2  6.3 99.00 99.00 99.00 999 1009.8 999.0  28.2 999.0 99.0 99.00
2026 04 23 20 00  80  5.3  6.6 99.00 99.00 99.00 999 1009.7 999.0  28.2 999.0 99.0 99.00
2026 04 23 20 10  76  5.3  6.5  0.92  5.26  4.44 109 1009.6 999.0  28.2 999.0 99.0 99.00
2026 04 23 20 20  79  6.0  7.0 99.00 99.00 99.00 999 1009.4 999.0  28.2 999.0 99.0 99.00
2026 04 23 20 30  82  6.1  7.1 99.00 99.00 99.00 999 1009.3 999.0  28.2 999.0 99.0 99.00
2026 04 23 20 40  80  5.8  6.8  1.01  5.88  4.52  94 1009.2 999.0  28.2 999.0 99.0 99.00
2026 04 23 20 50  83  5.9  7.2 99.00 99.00 99.00 999 1009.2 999.0  28.2 999.0 99.0 99.00
2026 04 23 21 00  73  5.7  6.6 99.00 99.00 99.00 999 1009.1 999.0  28.2 999.0 99.0 99.00
2026 04 23 21 10  73  5.6  6.7  0.97  6.25  4.50  99 1009.1 999.0  28.2 999.0 99.0 99.00
2026 04 23 21 20  73  5.6  6.5 99.00 99.00 99.00 999 1009.0 999.0  28.1 999.0 99.0 99.00
2026 04 23 21 30  76  5.4  6.9 99.00 99.00 99.00 999 1009.1 999.0  28.1 999.0 99.0 99.00
2026 04 23 21 40  78  5.4  6.3  0.98  5.88  4.42  91 1009.1 999.0  28.1 999.0 99.0 99.00
2026 04 23 21 50  80  5.3  6.5 99.00 99.00 99.00 999 1009.1 999.0  28.1 999.0 99.0 99.00
2026 04 23 22 00  78  5.3  6.2 99.00 99.00 99.00 999 1009.2 999.0  28.1 999.0 99.0 99.00
2026 04 23 22 10  80  5.1  6.2  0.95  5.26  4.50 103 1009.2 999.0  28.1 999.0 99.0 99.00
2026 04 23 22 20  77  5.2  6.0 99.00 99.00 99.00 999 1009.2 999.0  28.1 999.0 99.0 99.00
2026 04 23 22 30  81  5.2  6.4 99.00 99.00 99.00 999 1009.2 999.0  28.1 999.0 99.0 99.00
2026 04 23 22 40  77  5.3  6.6  0.93  5.26  4.53 116 1009.4 999.0  28.1 999.0 99.0 99.00
2026 04 23 22 50  83  5.3  6.5 99.00 99.00 99.00 999 1009.6 999.0  28.1 999.0 99.0 99.00
2026 04 23 23 00  82  5.6  6.7 99.00 99.00 99.00 999 1009.7 999.0  28.1 999.0 99.0 99.00
2026 04 23 23 10  86  5.3  6.1  1.02  5.56  4.60 108 1009.9 999.0  28.1 999.0 99.0 99.00
2026 04 23 23 20  80  5.4  6.2 99.00 99.00 99.00 999 1010.1 999.0  28.1 999.0 99.0 99.00
2026 04 23 23 30  89  5.2  6.3 99.00 99.00 99.00 999 1010.1 999.0  28.1 999.0 99.0 99.00
2026 04 23 23 40  87  5.3  6.6  1.01  5.88  4.66 101 1010.3 999.0  28.0 999.0 99.0 99.00
2026 04 23 23 50  85  5.0  6.0 99.00 99.00 99.00 999 1010.3 999.0  28.0 999.0 99.0 99.00
2026 04 24 00 00  88  5.4  6.5 99.00 99.00 99.00 999 1010.4 999.0  28.0 999.0 99.0 99.00
2026 04 24 00 10  84  5.4  6.8  1.04  6.25  4.76  94 1010.4 999.0  28.0 999.0 99.0 99.00
2026 04 24 00 20  85  5.2  6.1 99.00 99.00 99.00 999 1010.5 999.0  28.0 999.0 99.0 99.00
2026 04 24 00 30  85  5.2  6.6 99.00 99.00 99.00 999 1010.6 999.0  28.0 999.0 99.0 99.00
2026 04 24 00 40  86  5.3  6.3  1.03  6.25  4.79  90 1010.6 999.0  28.0 999.0 99.0 99.00
2026 04 24 00 50  82  5.2  6.3 99.00 99.00 99.00 999 1010.7 999.0  28.0 999.0 99.0 99.00
2026 04 24 01 00  84  5.0  6.4 99.00 99.00 99.00 999 1010.7 999.0  27.9 999.0 99.0 99.00
2026 04 24 01 10  82  4.9  5.6  1.04  5.56  4.96 114 1010.8 999.0  28.0 999.0 99.0 99.00
2026 04 24 01 20  91  4.8  5.9 99.00 99.00 99.00 999 1010.9 999.0  27.9 999.0 99.0 99.00
2026 04 24 01 30  84  4.7  5.7 99.00 99.00 99.00 999 1011.0 999.0  27.9 999.0 99.0 99.00
2026 04 24 01 40  85  4.5  5.6  0.98  5.88  4.78 102 1011.2 999.0  27.9 999.0 99.0 99.00
2026 04 24 01 50  86  4.7  5.6 99.00 99.00 99.00 999 1011.3 999.0  27.9 999.0 99.0 99.00
2026 04 24 02 00  87  5.3  6.2 99.00 99.00 99.00 999 1011.5 999.0  27.9 999.0 99.0 99.00
2026 04 24 02 10  79  5.4  6.4  1.05  5.88  5.05 100 1011.5 999.0  27.9 999.0 99.0 99.00
2026 04 24 02 20  88  5.1  6.1 99.00 99.00 99.00 999 1011.7 999.0  27.9 999.0 99.0 99.00
2026 04 24 02 30  84  5.1  6.2 99.00 99.00 99.00 999 1011.8 999.0  27.9 999.0 99.0 99.00
2026 04 24 02 40  85  4.9  6.0  1.00  5.56  4.87 111 1012.0 999.0  27.9 999.0 99.0 99.00
2026 04 24 02 50  93  5.1  6.0 99.00 99.00 99.00 999 1012.0 999.0  27.9 999.0 99.0 99.00
2026 04 24 03 00  88  5.0  6.2 99.00 99.00 99.00 999 1012.0 999.0  27.9 999.0 99.0 99.00
2026 04 24 03 10  89  5.0  6.1  1.05  5.56  4.92 105 1012.0 999.0  27.9 999.0 99.0 99.00
2026 04 24 03 20  89  5.3  6.6 99.00 99.00 99.00 999 1012.0 999.0  27.9 999.0 99.0 99.00
2026 04 24 03 30  88  4.9  6.2 99.00 99.00 99.00 999 1012.0 999.0  27.9 999.0 99.0 99.00
2026 04 24 03 40  93  4.9  5.7  1.04  8.33  4.89  34 1011.9 999.0  27.9 999.0 99.0 99.00
2026 04 24 03 50  94  4.9  6.1 99.00 99.00 99.00 999 1011.9 999.0  27.9 999.0 99.0 99.00
2026 04 24 04 00  87  5.0  6.0 99.00 99.00 99.00 999 1011.7 999.0  27.9 999.0 99.0 99.00
2026 04 24 04 10  86  4.7  5.9  0.98  6.25  4.96  93 1011.6 999.0  27.9 999.0 99.0 99.00
2026 04 24 04 20  83  4.8  5.9 99.00 99.00 99.00 999 1011.5 999.0  27.9 999.0 99.0 99.00
2026 04 24 04 30  84  4.7  6.2 99.00 99.00 99.00 999 1011.5 999.0  27.9 999.0 99.0 99.00
2026 04 24 04 40  88  4.7  6.5  1.02  6.25  4.98  93 1011.5 999.0  27.9 999.0 99.0 99.00
2026 04 24 04 50  86  4.7  5.8 99.00 99.00 99.00 999 1011.4 999.0  28.0 999.0 99.0 99.00
2026 04 24 05 00  84  5.0  6.0 99.00 99.00 99.00 999 1011.3 999.0  28.0 999.0 99.0 99.00
2026 04 24 05 10  90  4.6  6.1  0.95  6.25  4.92  79 1011.2 999.0  27.9 999.0 99.0 99.00
2026 04 24 05 20  88  4.7  5.6 99.00 99.00 99.00 999 1011.2 999.0  27.9 999.0 99.0 99.00
2026 04 24 05 30  89  4.5  5.3 99.00 99.00 99.00 999 1011.2 999.0  27.9 999.0 99.0 99.00
2026 04 24 05 40  87  4.4  5.5  0.98  6.25  4.99  68 1011.1 999.0  27.9 999.0 99.0 99.00
2026 04 24 05 50  88  4.2  5.2 99.00 99.00 99.00 999 1011.2 999.0  27.9 999.0 99.0 99.00
2026 04 24 06 00  82  3.9  5.2 99.00 99.00 99.00 999 1011.0 999.0  27.9 999.0 99.0 99.00
2026 04 24 06 10  77  4.0  5.6  0.95  5.56  5.00 100 1010.8 999.0  27.9 999.0 99.0 99.00
2026 04 24 06 20  78  4.6  5.5 99.00 99.00 99.00 999 1010.6 999.0  27.9 999.0 99.0 99.00
2026 04 24 06 30  77  4.1  5.3 99.00 99.00 99.00 999 1010.6 999.0  27.9 999.0 99.0 99.00
2026 04 24 06 40  81  4.6  5.4  0.97  5.56  4.93 102 1010.5 999.0  27.9 999.0 99.0 99.00
2026 04 24 06 50  78  4.1  5.1 99.00 99.00 99.00 999 1010.5 999.0  27.9 999.0 99.0 99.00
2026 04 24 07 00  74  4.1  5.1 99.00 99.00 99.00 999 1010.4 999.0  27.9 999.0 99.0 99.00
2026 04 24 07 10  78  4.3  5.2  0.97  6.67  5.00  59 1010.2 999.0  27.9 999.0 99.0 99.00
2026 04 24 07 20  86  4.3  5.5 99.00 99.00 99.00 999 1010.3 999.0  27.9 999.0 99.0 99.00
2026 04 24 07 30  85  4.0  4.8 99.00 99.00 99.00 999 1010.3 999.0  27.9 999.0 99.0 99.00
2026 04 24 07 40  84  4.2  5.1  0.99  6.25  4.87  66 1010.3 999.0  27.9 999.0 99.0 99.00
2026 04 24 07 50  83  4.0  5.3 99.00 99.00 99.00 999 1010.2 999.0  27.9 999.0 99.0 99.00
2026 04 24 08 00  85  4.1  5.2 99.00 99.00 99.00 999 1010.2 999.0  27.9 999.0 99.0 99.00
2026 04 24 08 10  82  4.4  5.4  0.91  5.26  4.72  70 1010.1 999.0  27.9 999.0 99.0 99.00
2026 04 24 08 20  86  4.1  4.9 99.00 99.00 99.00 999 1010.1 999.0  27.9 999.0 99.0 99.00
2026 04 24 08 30  84  4.3  5.2 99.00 99.00 99.00 999 1010.1 999.0  27.9 999.0 99.0 99.00
2026 04 24 08 40  82  4.3  5.2  0.96  5.88  4.97  86 1010.1 999.0  27.9 999.0 99.0 99.00
2026 04 24 08 50  85  4.4  5.4 99.00 99.00 99.00 999 1010.2 999.0  27.9 999.0 99.0 99.00
2026 04 24 09 00  85  4.3  5.3 99.00 99.00 99.00 999 1010.3 999.0  27.9 999.0 99.0 99.00
2026 04 24 09 10  82  4.0  4.9  0.86  5.88  4.75  58 1010.4 999.0  27.9 999.0 99.0 99.00
2026 04 24 09 20  70  4.7  6.1 99.00 99.00 99.00 999 1010.3 999.0  27.9 999.0 99.0 99.00
2026 04 24 09 30  86  4.7  5.6 99.00 99.00 99.00 999 1010.4 999.0  27.9 999.0 99.0 99.00
2026 04 24 09 40  80  4.5  5.3  0.92  5.88  4.82  99 1010.4 999.0  27.9 999.0 99.0 99.00
2026 04 24 09 50  88  4.7  5.7 99.00 99.00 99.00 999 1010.5 999.0  27.9 999.0 99.0 99.00
2026 04 24 10 00  88  4.7  5.6 99.00 99.00 99.00 999 1010.6 999.0  27.9 999.0 99.0 99.00
2026 04 24 10 10  84  4.3  5.2  0.90  5.88  4.88  78 1010.7 999.0  27.9 999.0 99.0 99.00
2026 04 24 10 20  84  4.5  5.6 99.00 99.00 99.00 999 1010.7 999.0  27.9 999.0 99.0 99.00
2026 04 24 10 30  84  4.3  5.1 99.00 99.00 99.00 999 1010.7 999.0  27.9 999.0 99.0 99.00
2026 04 24 10 40  87  4.2  5.1  0.92  5.88  4.80  82 1010.7 999.0  27.9 999.0 99.0 99.00
2026 04 24 10 50  88  4.6  5.5 99.00 99.00 99.00 999 1010.8 999.0  27.9 999.0 99.0 99.00
2026 04 24 11 00  83  4.0  5.4 99.00 99.00 99.00 999 1010.8 999.0  27.9 999.0 99.0 99.00
2026 04 24 11 10  81  4.0  4.9  0.81  6.67  4.69  61 1010.9 999.0  27.9 999.0 99.0 99.00
2026 04 24 11 20  79  3.7  4.5 99.00 99.00 99.00 999 1011.0 999.0  27.9 999.0 99.0 99.00
2026 04 24 11 30  70  4.1  5.0 99.00 99.00 99.00 999 1011.2 999.0 999.0 999.0 99.0 99.00
2026 04 24 11 40  78  3.7  5.3  0.87  5.88  4.87  97 1011.3 999.0  27.9 999.0 99.0 99.00
2026 04 24 11 50  77  3.5  4.8 99.00 99.00 99.00 999 1011.4 999.0  27.9 999.0 99.0 99.00
2026 04 24 12 00  76  3.7  4.8 99.00 99.00 99.00 999 1011.5 999.0  27.9 999.0 99.0 99.00
2026 04 24 12 10  87  3.8  4.6  0.90  5.88  4.83  79 1011.7 999.0  27.9 999.0 99.0 99.00
2026 04 24 12 20  92  4.3  5.4 99.00 99.00 99.00 999 1011.7 999.0  27.9 999.0 99.0 99.00
2026 04 24 12 30  97  4.6  5.6 99.00 99.00 99.00 999 1012.0 999.0  27.9 999.0 99.0 99.00
2026 04 24 12 40  91  4.2  5.0  0.80  5.88  4.79 107 1012.1 999.0  27.9 999.0 99.0 99.00
2026 04 24 12 50  92  4.2  5.2 99.00 99.00 99.00 999 1012.2 999.0  27.9 999.0 99.0 99.00
2026 04 24 13 00  94  4.2  5.0 99.00 99.00 99.00 999 1012.3 999.0  27.9 999.0 99.0 99.00
2026 04 24 13 10 101  4.3  5.3  0.77  5.88  4.68 105 1012.2 999.0  27.9 999.0 99.0 99.00
2026 04 24 13 20  96  4.7  5.7 99.00 99.00 99.00 999 1012.2 999.0  27.9 999.0 99.0 99.00
2026 04 24 13 30  90  4.8  5.9 99.00 99.00 99.00 999 1012.3 999.0  27.9 999.0 99.0 99.00
2026 04 24 13 40  94  4.8  6.1  0.78  5.88  4.67  97 1012.3 999.0  27.9 999.0 99.0 99.00
2026 04 24 13 50 104  4.8  5.7 99.00 99.00 99.00 999 1012.4 999.0  27.9 999.0 99.0 99.00
2026 04 24 14 00 105  4.9  5.7 99.00 99.00 99.00 999 1012.6 999.0  27.9 999.0 99.0 99.00
2026 04 24 14 10 108  4.9  5.7  0.81  5.56  4.67 101 1012.6 999.0  27.9 999.0 99.0 99.00
2026 04 24 14 20 106  4.9  5.7 99.00 99.00 99.00 999 1012.6 999.0  27.9 999.0 99.0 99.00
2026 04 24 14 30 106  4.9  6.1 99.00 99.00 99.00 999 1012.5 999.0  27.9 999.0 99.0 99.00
2026 04 24 14 40 106  4.9  5.9  0.78  6.25  4.58  96 1012.6 999.0  27.9 999.0 99.0 99.00
2026 04 24 14 50 103  5.0  6.3 99.00 99.00 99.00 999 1012.5 999.0  27.9 999.0 99.0 99.00
2026 04 24 15 00 104  5.1  6.3 99.00 99.00 99.00 999 1012.4 999.0  27.9 999.0 99.0 99.00
2026 04 24 15 10 101  4.9  5.8  0.81  5.88  4.51  83 1012.4 999.0  27.9 999.0 99.0 99.00
2026 04 24 15 20 102  4.9  6.1 99.00 99.00 99.00 999 1012.3 999.0  28.0 999.0 99.0 99.00
2026 04 24 15 30 101  4.7  6.0 99.00 99.00 99.00 999 1012.3 999.0  28.0 999.0 99.0 99.00
2026 04 24 15 40 103  4.9  5.7  0.76  5.88  4.46  96 1012.2 999.0  28.0 999.0 99.0 99.00
2026 04 24 15 50 108  4.8  5.6 99.00 99.00 99.00 999 1012.2 999.0  28.0 999.0 99.0 99.00
2026 04 24 16 00 110  4.8  5.9 99.00 99.00 99.00 999 1012.1 999.0  28.0 999.0 99.0 99.00
2026 04 24 16 10 110  4.5  5.3  0.80  5.88  4.55  75 1011.9 999.0  28.0 999.0 99.0 99.00
2026 04 24 16 20 105  4.8  5.7 99.00 99.00 99.00 999 1011.8 999.0  28.0 999.0 99.0 99.00
2026 04 24 16 30 108  5.0  5.9 99.00 99.00 99.00 999 1011.7 999.0  28.0 999.0 99.0 99.00
2026 04 24 16 40 109  4.9  5.7  0.80  5.26  4.45  97 1011.5 999.0  28.1 999.0 99.0 99.00
2026 04 24 16 50 117  5.7  6.4 99.00 99.00 99.00 999 1011.4 999.0  28.1 999.0 99.0 99.00
2026 04 24 17 00 116  5.1  6.2 99.00 99.00 99.00 999 1011.4 999.0  28.1 999.0 99.0 99.00
2026 04 24 17 10 119  5.3  6.5  0.74  5.00  4.38  93 1011.2 999.0  28.1 999.0 99.0 99.00
2026 04 24 17 20 123  5.5  6.4 99.00 99.00 99.00 999 1011.0 999.0  28.1 999.0 99.0 99.00
2026 04 24 17 30 119  5.3  6.1 99.00 99.00 99.00 999 1010.9 999.0  28.0 999.0 99.0 99.00
2026 04 24 17 40 116  5.2  5.9  0.83  5.88  4.41  91 1010.7 999.0  28.1 999.0 99.0 99.00
2026 04 24 17 50 125  5.2  6.1 99.00 99.00 99.00 999 1010.5 999.0  28.1 999.0 99.0 99.00
2026 04 24 18 00 132  5.4  6.6 99.00 99.00 99.00 999 1010.4 999.0  28.1 999.0 99.0 99.00
2026 04 24 18 10 128  4.8  5.7  0.77  5.56  4.38 111 1010.3 999.0  28.1 999.0 99.0 99.00
2026 04 24 18 20 129  4.6  5.3 99.00 99.00 99.00 999 1010.3 999.0  28.2 999.0 99.0 99.00
2026 04 24 18 30 132  5.1  6.0 99.00 99.00 99.00 999 1010.1 999.0  28.2 999.0 99.0 99.00
2026 04 24 18 40 131  5.0  6.1  0.78  7.69  4.27  40 1009.9 999.0  28.2 999.0 99.0 99.00
2026 04 24 18 50 132  5.2  6.2 99.00 99.00 99.00 999 1009.8 999.0  28.2 999.0 99.0 99.00
2026 04 24 19 00 128  4.6  5.4 99.00 99.00 99.00 999 1009.7 999.0  28.3 999.0 99.0 99.00
2026 04 24 19 10 127  4.6  5.5  0.78  5.56  4.29  93 1009.6 999.0  28.3 999.0 99.0 99.00
2026 04 24 19 20 129  4.5  5.5 99.00 99.00 99.00 999 1009.4 999.0  28.2 999.0 99.0 99.00
2026 04 24 19 30 129  4.2  5.2 99.00 99.00 99.00 999 1009.3 999.0  28.3 999.0 99.0 99.00
2026 04 24 19 40 132  4.0  4.9  0.76  5.00  4.30 109 1009.3 999.0  28.3 999.0 99.0 99.00
2026 04 24 19 50 132  3.9  4.8 99.00 99.00 99.00 999 1009.3 999.0  28.3 999.0 99.0 99.00
2026 04 24 20 00 133  4.0  5.0 99.00 99.00 99.00 999 1009.2 999.0  28.3 999.0 99.0 99.00
2026 04 24 20 10 130  3.5  4.4  0.79  5.26  4.31  98 1009.1 999.0  28.3 999.0 99.0 99.00
2026 04 24 20 20 134  3.2  3.9 99.00 99.00 99.00 999 1009.0 999.0  28.3 999.0 99.0 99.00
2026 04 24 20 30 128  3.4  4.1 99.00 99.00 99.00 999 1009.0 999.0  28.3 999.0 99.0 99.00
2026 04 24 20 40 126  3.4  4.2  0.83  5.88  4.55  99 1009.0 999.0  28.3 999.0 99.0 99.00
2026 04 24 20 50 119  3.5  4.5 99.00 99.00 99.00 999 1009.0 999.0  28.3 999.0 99.0 99.00
2026 04 24 21 00 130  3.6  4.3 99.00 99.00 99.00 999 1008.9 999.0  28.3 999.0 99.0 99.00
2026 04 24 21 10 127  3.6  4.3  0.81  5.56  4.49 105 1008.7 999.0  28.3 999.0 99.0 99.00
2026 04 24 21 20 120  3.6  4.5 99.00 99.00 99.00 999 1008.7 999.0  28.3 999.0 99.0 99.00
2026 04 24 21 30 124  3.6  4.4 99.00 99.00 99.00 999 1008.6 999.0  28.3 999.0 99.0 99.00
2026 04 24 21 40 120  3.5  4.6  0.77  5.26  4.35 115 1008.7 999.0  28.3 999.0 99.0 99.00
2026 04 24 21 50 122  3.4  4.2 99.00 99.00 99.00 999 1008.5 999.0  28.3 999.0 99.0 99.00
2026 04 24 22 00 113  4.0  4.9 99.00 99.00 99.00 999 1008.6 999.0  28.3 999.0 99.0 99.00
2026 04 24 22 10 106  3.6  4.7  0.83  5.26  4.50 110 1008.6 999.0  28.3 999.0 99.0 99.00
2026 04 24 22 20 115  3.6  4.7 99.00 99.00 99.00 999 1008.6 999.0  28.2 999.0 99.0 99.00
2026 04 24 22 30 116  3.6  4.3 99.00 99.00 99.00 999 1008.6 999.0  28.2 999.0 99.0 99.00
2026 04 24 22 40 106  3.7  4.5  0.79  5.26  4.50 114 1008.7 999.0  28.2 999.0 99.0 99.00
2026 04 24 22 50 107  3.9  4.6 99.00 99.00 99.00 999 1008.7 999.0  28.2 999.0 99.0 99.00
2026 04 24 23 00 115  3.9  4.8 99.00 99.00 99.00 999 1008.7 999.0  28.1 999.0 99.0 99.00
2026 04 24 23 10 112  4.1  4.7  0.80  5.00  4.47 108 1008.8 999.0  28.2 999.0 99.0 99.00
2026 04 24 23 20 113  3.9  4.7 99.00 99.00 99.00 999 1009.0 999.0  28.1 999.0 99.0 99.00
2026 04 24 23 30 103  3.5  4.3 99.00 99.00 99.00 999 1009.2 999.0  28.1 999.0 99.0 99.00
2026 04 24 23 40 100  3.3  4.1  0.74  5.26  4.44  96 1009.5 999.0  28.2 999.0 99.0 99.00
2026 04 24 23 50  86  2.7  3.9 99.00 99.00 99.00 999 1009.7 999.0  28.1 999.0 99.0 99.00
2026 04 25 00 00  80  2.4  3.0 99.00 99.00 99.00 999 1009.9 999.0  28.1 999.0 99.0 99.00
2026 04 25 00 10  88  2.4  3.0  0.75  5.00  4.58 102 1009.9 999.0  28.1 999.0 99.0 99.00
2026 04 25 00 20  93  2.8  3.5 99.00 99.00 99.00 999 1010.0 999.0  28.1 999.0 99.0 99.00
2026 04 25 00 30  84  2.9  3.7 99.00 99.00 99.00 999 1010.0 999.0  28.1 999.0 99.0 99.00
2026 04 25 00 40  93  3.2  4.1  0.77  5.88  4.59 110 1010.0 999.0  28.1 999.0 99.0 99.00
2026 04 25 00 50 100  3.7  4.5 99.00 99.00 99.00 999 1010.0 999.0  28.1 999.0 99.0 99.00
2026 04 25 01 00 105  4.0  4.8 99.00 99.00 99.00 999 1009.9 999.0  28.1 999.0 99.0 99.00
2026 04 25 01 10 105  3.8  4.8  0.77  5.88  4.70 105 1010.3 999.0  28.1 999.0 99.0 99.00
2026 04 25 01 20 112  3.7  4.5 99.00 99.00 99.00 999 1010.3 999.0  28.1 999.0 99.0 99.00
2026 04 25 01 30 107  4.2  5.3 99.00 99.00 99.00 999 1010.3 999.0  28.1 999.0 99.0 99.00
2026 04 25 01 40 108  3.6  4.4  0.73  5.26  4.64 113 1010.6 999.0  28.1 999.0 99.0 99.00
2026 04 25 01 50 106  3.6  4.2 99.00 99.00 99.00 999 1010.7 999.0  28.1 999.0 99.0 99.00
2026 04 25 02 00 108  3.2  3.9 99.00 99.00 99.00 999 1011.0 999.0  28.1 999.0 99.0 99.00
2026 04 25 02 10 102  3.0  3.8  0.73  5.26  4.68 101 1011.1 999.0  28.1 999.0 99.0 99.00
2026 04 25 02 20  99  2.9  3.6 99.00 99.00 99.00 999 1011.3 999.0  28.1 999.0 99.0 99.00
2026 04 25 02 30  95  2.6  3.4 99.00 99.00 99.00 999 1011.4 999.0  28.1 999.0 99.0 99.00
2026 04 25 02 40  93  2.3  3.0  0.72  5.56  4.71 109 1011.5 999.0  28.1 999.0 99.0 99.00
2026 04 25 02 50  88  2.8  3.7 99.00 99.00 99.00 999 1011.5 999.0  28.1 999.0 99.0 99.00
2026 04 25 03 00  90  2.6  3.5 99.00 99.00 99.00 999 1011.6 999.0  28.1 999.0 99.0 99.00
2026 04 25 03 10  80  2.4  3.0  0.72  5.56  4.70  94 1011.7 999.0  28.1 999.0 99.0 99.00
2026 04 25 03 20  74  2.3  3.0 99.00 99.00 99.00 999 1011.6 999.0  28.1 999.0 99.0 99.00
2026 04 25 03 30  70  2.8  3.5 99.00 99.00 99.00 999 1011.6 999.0  28.1 999.0 99.0 99.00
2026 04 25 03 40  72  2.6  3.2  0.73  5.26  4.70 104 1011.7 999.0  28.1 999.0 99.0 99.00
2026 04 25 03 50  73  2.3  3.0 99.00 99.00 99.00 999 1011.6 999.0  28.1 999.0 99.0 99.00
2026 04 25 04 00  60  2.1  2.9 99.00 99.00 99.00 999 1011.6 999.0  28.1 999.0 99.0 99.00
2026 04 25 04 10  61  2.3  2.9  0.79  5.56  4.98 107 1011.4 999.0  28.1 999.0 99.0 99.00
2026 04 25 04 20  75  2.4  3.1 99.00 99.00 99.00 999 1011.3 999.0  28.1 999.0 99.0 99.00
2026 04 25 04 30  76  2.3  2.9 99.00 99.00 99.00 999 1011.1 999.0  28.1 999.0 99.0 99.00
2026 04 25 04 40  75  2.4  3.1  0.69  5.56  4.77 108 1010.9 999.0  28.1 999.0 99.0 99.00
2026 04 25 04 50  85  2.9  3.6 99.00 99.00 99.00 999 1010.9 999.0  28.1 999.0 99.0 99.00
2026 04 25 05 00  88  3.2  4.2 99.00 99.00 99.00 999 1010.7 999.0  28.1 999.0 99.0 99.00
2026 04 25 05 10  93  2.8  3.6  0.73  5.88  4.94  94 1010.5 999.0  28.1 999.0 99.0 99.00
2026 04 25 05 20  97  3.1  3.9 99.00 99.00 99.00 999 1010.3 999.0  28.1 999.0 99.0 99.00
2026 04 25 05 30  89  3.1  3.8 99.00 99.00 99.00 999 1010.1 999.0  28.1 999.0 99.0 99.00
2026 04 25 05 40  88  3.2  3.9  0.77  5.56  4.83 105 1010.1 999.0  28.1 999.0 99.0 99.00
2026 04 25 05 50  86  3.1  3.8 99.00 99.00 99.00 999 1010.0 999.0  28.1 999.0 99.0 99.00
2026 04 25 06 00  81  3.2  4.0 99.00 99.00 99.00 999 1010.0 999.0  28.1 999.0 99.0 99.00
2026 04 25 06 10  78  3.0  3.7  0.71  5.88  4.89 110 1010.0 999.0  28.1 999.0 99.0 99.00
2026 04 25 06 20  72  3.0  3.7 99.00 99.00 99.00 999 1009.8 999.0  28.1 999.0 99.0 99.00
2026 04 25 06 30  82  3.2  4.2 99.00 99.00 99.00 999 1009.8 999.0  28.1 999.0 99.0 99.00
2026 04 25 06 40  93  3.2  4.1  0.70  5.88  4.83 101 1009.8 999.0  28.1 999.0 99.0 99.00
2026 04 25 06 50  83  3.5  4.5 99.00 99.00 99.00 999 1009.6 999.0  28.1 999.0 99.0 99.00
2026 04 25 07 00  93  3.3  4.1 99.00 99.00 99.00 999 1009.5 999.0  28.1 999.0 99.0 99.00
2026 04 25 07 10  87  3.5  4.2  0.73  5.00  4.80  97 1009.5 999.0  28.1 999.0 99.0 99.00
2026 04 25 07 20  87  3.4  4.5 99.00 99.00 99.00 999 1009.4 999.0  28.0 999.0 99.0 99.00
2026 04 25 07 30  86  3.5  4.2 99.00 99.00 99.00 999 1009.3 999.0  28.0 999.0 99.0 99.00
2026 04 25 07 40  84  3.1  4.0  0.67  5.88  4.81 108 1009.2 999.0  28.0 999.0 99.0 99.00
2026 04 25 07 50  88  3.1  4.0 99.00 99.00 99.00 999 1009.2 999.0  28.0 999.0 99.0 99.00
2026 04 25 08 00  85  3.0  3.6 99.00 99.00 99.00 999 1009.2 999.0  28.0 999.0 99.0 99.00
2026 04 25 08 10  75  2.8  3.6  0.65  5.26  4.76  90 1009.2 999.0  28.0 999.0 99.0 99.00
2026 04 25 08 20  79  2.7  3.3 99.00 99.00 99.00 999 1009.3 999.0  28.0 999.0 99.0 99.00
2026 04 25 08 30  82  2.5  3.2 99.00 99.00 99.00 999 1009.2 999.0  28.0 999.0 99.0 99.00
2026 04 25 08 40  80  2.6  3.3  0.69  5.00  4.77 105 1009.2 999.0  28.0 999.0 99.0 99.00
2026 04 25 08 50  75  2.8  3.4 99.00 99.00 99.00 999 1009.2 999.0  28.0 999.0 99.0 99.00
2026 04 25 09 00  79  3.0  4.0 99.00 99.00 99.00 999 1009.2 999.0  28.0 999.0 99.0 99.00
2026 04 25 09 10  73  3.2  3.9  0.70  5.00  4.89 101 1009.2 999.0  28.0 999.0 99.0 99.00
2026 04 25 09 20  80  3.4  4.4 99.00 99.00 99.00 999 1009.3 999.0  28.0 999.0 99.0 99.00
2026 04 25 09 30  80  3.1  3.9 99.00 99.00 99.00 999 1009.4 999.0  28.0 999.0 99.0 99.00
2026 04 25 09 40  87  3.4  4.2  0.66  5.56  4.87 104 1009.5 999.0  28.0 999.0 99.0 99.00
2026 04 25 09 50  82  3.4  4.2 99.00 99.00 99.00 999 1009.6 999.0  28.0 999.0 99.0 99.00
2026 04 25 10 00  86  3.8  4.7 99.00 99.00 99.00 999 1009.6 999.0  28.0 999.0 99.0 99.00
2026 04 25 10 10  94  3.6  4.5  0.63  5.00  4.82  88 1009.8 999.0  28.0 999.0 99.0 99.00
2026 04 25 10 20  92  3.6  4.4 99.00 99.00 99.00 999 1009.8 999.0  28.0 999.0 99.0 99.00
2026 04 25 10 30  90  3.8  4.8 99.00 99.00 99.00 999 1009.8 999.0  28.0 999.0 99.0 99.00
2026 04 25 10 40  99  4.2  4.9  0.66  5.56  4.81 111 1009.8 999.0  28.0 999.0 99.0 99.00
2026 04 25 10 50  93  4.1  4.9 99.00 99.00 99.00 999 1009.8 999.0  28.0 999.0 99.0 99.00
2026 04 25 11 00  91  3.9  5.0 99.00 99.00 99.00 999 1009.9 999.0  28.0 999.0 99.0 99.00
2026 04 25 11 10  87  4.3  5.1  0.69  5.56  4.85 104 1009.8 999.0  28.0 999.0 99.0 99.00
2026 04 25 11 20  94  4.6  5.5 99.00 99.00 99.00 999 1010.0 999.0  28.0 999.0 99.0 99.00
2026 04 25 11 30  93  4.5  5.2 99.00 99.00 99.00 999 1010.1 999.0  28.0 999.0 99.0 99.00
2026 04 25 11 40  89  4.3  5.0  0.63  5.56  4.76  98 1010.1 999.0  27.9 999.0 99.0 99.00
2026 04 25 11 50  96  4.1  5.1 99.00 99.00 99.00 999 1010.3 999.0  28.0 999.0 99.0 99.00
2026 04 25 12 00  99  4.5  5.2 99.00 99.00 99.00 999 1010.5 999.0  27.9 999.0 99.0 99.00
2026 04 25 12 10 102  4.2  5.0  0.64  5.56  4.80  96 1010.7 999.0  27.9 999.0 99.0 99.00
2026 04 25 12 20 107  4.2  5.0 99.00 99.00 99.00 999 1010.9 999.0  27.9 999.0 99.0 99.00
2026 04 25 12 30 103  4.2  5.2 99.00 99.00 99.00 999 1011.0 999.0  28.0 999.0 99.0 99.00
2026 04 25 12 40 104  4.0  4.8  0.57  5.56  4.58 109 1011.2 999.0  28.0 999.0 99.0 99.00
2026 04 25 12 50 109  4.1  4.8 99.00 99.00 99.00 999 1011.3 999.0  28.0 999.0 99.0 99.00
2026 04 25 13 00 108  3.7  4.7 99.00 99.00 99.00 999 1011.4 999.0  28.0 999.0 99.0 99.00
2026 04 25 13 10 112  3.7  4.4  0.60  5.56  4.67 107 1011.5 999.0  28.0 999.0 99.0 99.00
2026 04 25 13 20  97  3.4  4.1 99.00 99.00 99.00 999 1011.6 999.0  28.0 999.0 99.0 99.00
2026 04 25 13 30 106  3.1  3.8 99.00 99.00 99.00 999 1011.7 999.0  28.0 999.0 99.0 99.00
2026 04 25 13 40  99  3.4  4.1  0.60  5.88  4.60 100 1011.8 999.0  28.0 999.0 99.0 99.00
2026 04 25 13 50  98  3.6  4.5 99.00 99.00 99.00 999 1011.8 999.0  28.0 999.0 99.0 99.00
2026 04 25 14 00  99  3.4  4.0 99.00 99.00 99.00 999 1011.9 999.0  28.0 999.0 99.0 99.00
2026 04 25 14 10 108  3.3  4.0  0.56  5.56  4.60  99 1012.0 999.0  28.0 999.0 99.0 99.00
2026 04 25 14 20 109  3.5  4.4 99.00 99.00 99.00 999 1012.0 999.0  28.0 999.0 99.0 99.00
2026 04 25 14 30 115  3.8  4.6 99.00 99.00 99.00 999 1011.9 999.0  28.0 999.0 99.0 99.00
2026 04 25 14 40 116  3.5  4.2  0.58  5.26  4.67 103 1011.9 999.0  28.0 999.0 99.0 99.00
2026 04 25 14 50 113  3.6  5.0 99.00 99.00 99.00 999 1011.9 999.0  28.1 999.0 99.0 99.00
2026 04 25 15 00 124  3.6  4.4 99.00 99.00 99.00 999 1011.8 999.0  28.1 999.0 99.0 99.00
2026 04 25 15 10 115  3.6  4.9  0.61  5.26  4.73 110 1011.8 999.0  28.1 999.0 99.0 99.00
2026 04 25 15 20 126  3.4  4.1 99.00 99.00 99.00 999 1011.8 999.0  28.1 999.0 99.0 99.00
2026 04 25 15 30 119  3.5  4.2 99.00 99.00 99.00 999 1011.7 999.0  28.1 999.0 99.0 99.00
2026 04 25 15 40 123  3.5  4.3  0.60  5.56  4.63 105 1011.7 999.0  28.2 999.0 99.0 99.00
2026 04 25 15 50 119  3.3  4.0 99.00 99.00 99.00 999 1011.7 999.0  28.2 999.0 99.0 99.00
2026 04 25 16 00 118  3.3  4.2 99.00 99.00 99.00 999 1011.6 999.0  28.2 999.0 99.0 99.00
2026 04 25 16 10 113  3.5  4.4  0.58  5.00  4.73 112 1011.6 999.0  28.2 999.0 99.0 99.00
2026 04 25 16 20 113  3.5  4.3 99.00 99.00 99.00 999 1011.4 999.0  28.2 999.0 99.0 99.00
2026 04 25 16 30 112  3.7  4.4 99.00 99.00 99.00 999 1011.3 999.0  28.2 999.0 99.0 99.00
2026 04 25 16 40 112  3.5  4.2  0.53  5.26  4.51 116 1011.2 999.0  28.2 999.0 99.0 99.00
2026 04 25 16 50 113  3.7  4.4 99.00 99.00 99.00 999 1011.2 999.0  28.2 999.0 99.0 99.00
2026 04 25 17 00 112  3.7  4.4 99.00 99.00 99.00 999 1011.1 999.0  28.3 999.0 99.0 99.00
2026 04 25 17 10 114  3.6  4.4  0.59  5.26  4.65 116 1011.1 999.0  28.3 999.0 99.0 99.00
2026 04 25 17 20 119  3.5  4.4 99.00 99.00 99.00 999 1011.0 999.0  28.3 999.0 99.0 99.00
2026 04 25 17 30 115  3.6  4.4 99.00 99.00 99.00 999 1010.9 999.0  28.3 999.0 99.0 99.00
2026 04 25 17 40 116  3.3  4.0  0.54  5.56  4.52 115 1010.7 999.0  28.3 999.0 99.0 99.00
2026 04 25 17 50 116  3.4  4.3 99.00 99.00 99.00 999 1010.4 999.0  28.3 999.0 99.0 99.00
2026 04 25 18 00 120  3.3  4.1 99.00 99.00 99.00 999 1010.3 999.0  28.4 999.0 99.0 99.00
2026 04 25 18 10 120  3.1  4.1  0.53  5.26  4.56 117 1010.1 999.0  28.4 999.0 99.0 99.00
2026 04 25 18 20 124  2.9  4.0 99.00 99.00 99.00 999 1010.1 999.0  28.4 999.0 99.0 99.00
2026 04 25 18 30 121  3.0  3.7 99.00 99.00 99.00 999 1009.9 999.0  28.4 999.0 99.0 99.00
2026 04 25 18 40 119  2.7  3.7  0.55  5.26  4.54 105 1009.6 999.0  28.4 999.0 99.0 99.00
2026 04 25 18 50 117  2.7  3.5 99.00 99.00 99.00 999 1009.6 999.0  28.4 999.0 99.0 99.00
2026 04 25 19 00 130  2.9  4.1 99.00 99.00 99.00 999 1009.3 999.0  28.4 999.0 99.0 99.00
2026 04 25 19 10 127  2.4  3.6  0.54  5.56  4.59 108 1009.2 999.0  28.4 999.0 99.0 99.00
2026 04 25 19 20 127  1.9  2.8 99.00 99.00 99.00 999 1009.1 999.0  28.5 999.0 99.0 99.00
2026 04 25 19 30 123  1.9  2.6 99.00 99.00 99.00 999 1009.0 999.0  28.4 999.0 99.0 99.00
2026 04 25 19 40 122  1.2  2.3  0.56  5.56  4.62 109 1008.8 999.0  28.4 999.0 99.0 99.00
2026 04 25 19 50 119  1.1  1.8 99.00 99.00 99.00 999 1008.7 999.0  28.3 999.0 99.0 99.00
2026 04 25 20 00 121  1.1  1.5 99.00 99.00 99.00 999 1008.6 999.0  28.6 999.0 99.0 99.00
2026 04 25 20 10 101  1.1  1.7  0.56  5.56  4.73 105 1008.5 999.0  28.4 999.0 99.0 99.00
2026 04 25 20 20 112  1.5  2.3 99.00 99.00 99.00 999 1008.5 999.0  28.5 999.0 99.0 99.00
2026 04 25 20 30 119  1.3  2.4 99.00 99.00 99.00 999 1008.5 999.0  28.5 999.0 99.0 99.00
2026 04 25 20 40 133  1.4  1.9  0.53  5.56  4.71 102 1008.4 999.0  28.6 999.0 99.0 99.00
2026 04 25 20 50 123  1.4  2.2 99.00 99.00 99.00 999 1008.4 999.0  28.5 999.0 99.0 99.00
2026 04 25 21 00 121  1.5  2.1 99.00 99.00 99.00 999 1008.3 999.0  28.4 999.0 99.0 99.00
2026 04 25 21 10 121  1.6  2.4  0.56  5.56  4.69 114 1008.2 999.0  28.3 999.0 99.0 99.00
2026 04 25 21 20 104  1.6  2.3 99.00 99.00 99.00 999 1008.2 999.0  28.5 999.0 99.0 99.00
2026 04 25 21 30 116  1.7  2.4 99.00 99.00 99.00 999 1008.1 999.0  28.4 999.0 99.0 99.00
2026 04 25 21 40 110  1.5  2.2  0.52  5.56  4.66 113 1008.2 999.0  28.5 999.0 99.0 99.00
2026 04 25 21 50 116  1.6  2.5 99.00 99.00 99.00 999 1008.2 999.0  28.6 999.0 99.0 99.00
2026 04 25 22 00 119  1.1  1.8 99.00 99.00 99.00 999 1008.2 999.0  28.5 999.0 99.0 99.00
2026 04 25 22 10 125  1.0  1.7  0.51  5.88  4.66  97 1008.3 999.0  28.5 999.0 99.0 99.00
2026 04 25 22 20 101  1.1  1.8 99.00 99.00 99.00 999 1008.3 999.0  28.4 999.0 99.0 99.00
2026 04 25 22 30 108  1.1  1.7 99.00 99.00 99.00 999 1008.5 999.0  28.4 999.0 99.0 99.00
2026 04 25 22 40 102  1.1  1.9  0.55  5.56  4.68  98 1008.6 999.0  28.6 999.0 99.0 99.00
2026 04 25 22 50 103  0.7  1.4 99.00 99.00 99.00 999 1008.6 999.0  28.4 999.0 99.0 99.00
2026 04 25 23 00  59  0.4  0.8 99.00 99.00 99.00 999 1008.7 999.0  28.5 999.0 99.0 99.00
2026 04 25 23 10  72  0.7  1.4  0.52  5.56  4.69 100 1008.8 999.0  28.5 999.0 99.0 99.00
2026 04 25 23 20  83  1.0  1.8 99.00 99.00 99.00 999 1008.8 999.0  28.5 999.0 99.0 99.00
2026 04 25 23 30  90  1.3  2.1 99.00 99.00 99.00 999 1008.9 999.0  28.5 999.0 99.0 99.00
2026 04 25 23 40  67  1.2  2.0  0.51  5.00  4.61 107 1009.0 999.0  28.7 999.0 99.0 99.00
2026 04 25 23 50  75  1.4  1.9 99.00 99.00 99.00 999 1009.2 999.0  28.6 999.0 99.0 99.00
2026 04 26 00 00  61  1.5  2.0 99.00 99.00 99.00 999 1009.2 999.0  28.8 999.0 99.0 99.00
2026 04 26 00 10  50  1.3  2.1  0.52  5.56  4.74  92 1009.5 999.0  28.8 999.0 99.0 99.00
2026 04 26 00 20  56  1.2  1.8 99.00 99.00 99.00 999 1009.5 999.0  28.7 999.0 99.0 99.00
2026 04 26 00 30  48  1.5  2.1 99.00 99.00 99.00 999 1009.6 999.0  28.8 999.0 99.0 99.00
2026 04 26 00 40  41  1.5  2.2  0.51  5.56  4.61 109 1009.7 999.0  28.7 999.0 99.0 99.00
2026 04 26 00 50  56  1.4  2.2 99.00 99.00 99.00 999 1009.8 999.0  28.6 999.0 99.0 99.00
2026 04 26 01 00  35  1.4  2.0 99.00 99.00 99.00 999 1010.1 999.0  28.6 999.0 99.0 99.00
2026 04 26 01 10  34  1.4  2.2  0.50  5.56  4.69 110 1010.1 999.0  28.6 999.0 99.0 99.00
2026 04 26 01 20  36  1.1  1.7 99.00 99.00 99.00 999 1010.2 999.0  28.5 999.0 99.0 99.00
2026 04 26 01 30  41  1.1  1.8 99.00 99.00 99.00 999 1010.3 999.0  28.5 999.0 99.0 99.00
2026 04 26 01 40  55  1.4  2.0  0.57  5.56  4.73 112 1010.4 999.0  28.5 999.0 99.0 99.00
2026 04 26 01 50  61  1.4  1.9 99.00 99.00 99.00 999 1010.6 999.0  28.5 999.0 99.0 99.00
2026 04 26 02 00  62  1.4  1.9 99.00 99.00 99.00 999 1010.7 999.0  28.5 999.0 99.0 99.00
2026 04 26 02 10  74  1.6  2.0  0.52  5.00  4.69  98 1010.8 999.0  28.5 999.0 99.0 99.00
2026 04 26 02 20  69  1.7  2.4 99.00 99.00 99.00 999 1010.8 999.0  28.5 999.0 99.0 99.00
2026 04 26 02 30  63  2.0  2.8 99.00 99.00 99.00 999 1010.9 999.0  28.4 999.0 99.0 99.00
2026 04 26 02 40  67  2.2  2.9  0.53  5.56  4.65 108 1010.9 999.0  28.4 999.0 99.0 99.00
2026 04 26 02 50  57  1.7  2.5 99.00 99.00 99.00 999 1011.0 999.0  28.4 999.0 99.0 99.00
2026 04 26 03 00  57  2.0  2.6 99.00 99.00 99.00 999 1011.1 999.0  28.3 999.0 99.0 99.00
2026 04 26 03 10  53  1.9  2.4  0.54  5.56  4.69 112 1011.1 999.0  28.4 999.0 99.0 99.00
2026 04 26 03 20  47  1.9  2.6 99.00 99.00 99.00 999 1011.1 999.0  28.4 999.0 99.0 99.00
2026 04 26 03 30  44  2.0  2.6 99.00 99.00 99.00 999 1011.2 999.0  28.4 999.0 99.0 99.00
2026 04 26 03 40  48  2.1  2.9  0.55  5.26  4.74 102 1011.2 999.0  28.4 999.0 99.0 99.00
2026 04 26 03 50  56  1.9  2.7 99.00 99.00 99.00 999 1011.2 999.0  28.4 999.0 99.0 99.00
2026 04 26 04 00  42  1.8  2.5 99.00 99.00 99.00 999 1011.1 999.0  28.5 999.0 99.0 99.00
2026 04 26 04 10  48  1.7  2.7  0.52  5.26  4.64 103 1011.1 999.0  28.4 999.0 99.0 99.00
2026 04 26 04 20  40  1.9  2.7 99.00 99.00 99.00 999 1011.0 999.0  28.4 999.0 99.0 99.00
2026 04 26 04 30  46  1.7  2.4 99.00 99.00 99.00 999 1011.0 999.0  28.3 999.0 99.0 99.00
2026 04 26 04 40  52  1.9  2.6  0.53  5.00  4.64  98 1010.9 999.0  28.3 999.0 99.0 99.00
2026 04 26 04 50  54  2.0  2.8 99.00 99.00 99.00 999 1010.8 999.0  28.3 999.0 99.0 99.00
2026 04 26 05 00  36  1.9  2.8 99.00 99.00 99.00 999 1010.7 999.0  28.3 999.0 99.0 99.00
2026 04 26 05 10  27  2.0  2.9  0.49  5.00  4.63 108 1010.5 999.0  28.3 999.0 99.0 99.00
2026 04 26 05 20  46  1.6  2.4 99.00 99.00 99.00 999 1010.4 999.0  28.3 999.0 99.0 99.00
2026 04 26 05 30  36  1.7  2.3 99.00 99.00 99.00 999 1010.3 999.0  28.2 999.0 99.0 99.00
2026 04 26 05 40  26  2.1  2.9  0.49  4.76  4.57 113 1010.2 999.0  28.2 999.0 99.0 99.00
2026 04 26 05 50  23  2.0  2.5 99.00 99.00 99.00 999 1010.1 999.0  28.3 999.0 99.0 99.00
2026 04 26 06 00  23  2.3  3.1 99.00 99.00 99.00 999 1010.0 999.0  28.3 999.0 99.0 99.00
2026 04 26 06 10  37  3.1  4.9  0.52  5.26  4.56  95 1009.8 999.0  28.3 999.0 99.0 99.00
2026 04 26 06 20  44  3.6  4.8 99.00 99.00 99.00 999 1009.8 999.0  28.3 999.0 99.0 99.00
2026 04 26 06 30  42  3.2  4.0 99.00 99.00 99.00 999 1009.6 999.0  28.3 999.0 99.0 99.00
2026 04 26 06 40  40  2.8  3.2  0.48  5.56  4.50  92 1009.6 999.0  28.3 999.0 99.0 99.00
2026 04 26 06 50  31  2.5  3.2 99.00 99.00 99.00 999 1009.6 999.0  28.3 999.0 99.0 99.00
2026 04 26 07 00  27  2.4  3.0 99.00 99.00 99.00 999 1009.5 999.0  28.3 999.0 99.0 99.00
2026 04 26 07 10  22  2.4  3.1  0.52  5.26  4.67 103 1009.4 999.0  28.3 999.0 99.0 99.00
2026 04 26 07 20  20  2.6  3.3 99.00 99.00 99.00 999 1009.2 999.0  28.3 999.0 99.0 99.00
2026 04 26 07 30  16  2.5  3.1 99.00 99.00 99.00 999 1009.2 999.0  28.3 999.0 99.0 99.00
2026 04 26 07 40  27  2.2  2.9  0.51  5.26  4.66 108 1009.1 999.0  28.3 999.0 99.0 99.00
2026 04 26 07 50  28  2.2  3.2 99.00 99.00 99.00 999 1009.0 999.0  28.3 999.0 99.0 99.00
2026 04 26 08 00  27  2.4  2.9 99.00 99.00 99.00 999 1009.0 999.0  28.3 999.0 99.0 99.00
2026 04 26 08 10  23  2.0  2.7  0.48  5.26  4.63 106 1008.9 999.0  28.3 999.0 99.0 99.00
2026 04 26 08 20  20  1.8  2.6 99.00 99.00 99.00 999 1008.8 999.0  28.3 999.0 99.0 99.00
2026 04 26 08 30  20  2.3  3.0 99.00 99.00 99.00 999 1008.7 999.0  28.3 999.0 99.0 99.00
2026 04 26 08 40  16  2.1  2.6  0.47  5.00  4.66  99 1008.8 999.0  28.3 999.0 99.0 99.00
2026 04 26 08 50  11  2.3  3.0 99.00 99.00 99.00 999 1008.7 999.0  28.3 999.0 99.0 99.00
2026 04 26 09 00  17  2.5  3.3 99.00 99.00 99.00 999 1008.7 999.0  28.3 999.0 99.0 99.00
2026 04 26 09 10  22  2.7  3.4  0.51  5.00  4.68 102 1008.8 999.0  28.3 999.0 99.0 99.00
2026 04 26 09 20  34  2.9  3.9 99.00 99.00 99.00 999 1008.8 999.0  28.3 999.0 99.0 99.00
2026 04 26 09 30  25  2.7  3.3 99.00 99.00 99.00 999 1009.0 999.0  28.2 999.0 99.0 99.00
2026 04 26 09 40  20  3.0  3.6  0.49  5.00  4.47 108 1009.1 999.0  28.2 999.0 99.0 99.00
2026 04 26 09 50  29  3.2  4.1 99.00 99.00 99.00 999 1009.2 999.0  28.2 999.0 99.0 99.00
2026 04 26 10 00  32  3.2  4.0 99.00 99.00 99.00 999 1009.2 999.0  28.2 999.0 99.0 99.00
2026 04 26 10 10  35  3.8  4.7  0.49  5.00  4.62  99 1009.3 999.0  28.2 999.0 99.0 99.00
2026 04 26 10 20  31  3.9  4.9 99.00 99.00 99.00 999 1009.5 999.0  28.2 999.0 99.0 99.00
2026 04 26 10 30  26  3.7  4.4 99.00 99.00 99.00 999 1009.8 999.0  28.2 999.0 99.0 99.00
2026 04 26 10 40  23  3.5  4.3  0.47  5.00  4.61  96 1009.9 999.0  28.2 999.0 99.0 99.00
2026 04 26 10 50  32  3.9  4.9 99.00 99.00 99.00 999 1010.1 999.0  28.2 999.0 99.0 99.00
2026 04 26 11 00  28  3.8  4.7 99.00 99.00 99.00 999 1010.2 999.0  28.2 999.0 99.0 99.00
2026 04 26 11 10  30  3.7  4.6  0.48  5.26  4.44 112 1010.3 999.0  28.1 999.0 99.0 99.00
2026 04 26 11 20  26  4.0  4.7 99.00 99.00 99.00 999 1010.3 999.0  28.1 999.0 99.0 99.00
2026 04 26 11 30  27  3.7  4.4 99.00 99.00 99.00 999 1010.5 999.0  28.1 999.0 99.0 99.00
2026 04 26 11 40  29  3.7  4.6  0.47  5.26  4.59 110 1010.6 999.0  28.1 999.0 99.0 99.00
2026 04 26 11 50  43  3.7  4.6 99.00 99.00 99.00 999 1010.8 999.0  28.1 999.0 99.0 99.00
2026 04 26 12 00  36  3.8  4.6 99.00 99.00 99.00 999 1010.9 999.0  28.1 999.0 99.0 99.00
2026 04 26 12 10  48  3.7  4.3  0.49  5.00  4.45  99 1010.9 999.0  28.1 999.0 99.0 99.00
2026 04 26 12 20  56  3.5  4.2 99.00 99.00 99.00 999 1011.2 999.0  28.1 999.0 99.0 99.00
2026 04 26 12 30  58  4.8  5.9 99.00 99.00 99.00 999 1011.3 999.0  28.1 999.0 99.0 99.00
2026 04 26 12 40  56  5.1  6.6  0.48  5.56  4.33 104 1011.4 999.0  28.1 999.0 99.0 99.00
2026 04 26 12 50  62  4.3  5.5 99.00 99.00 99.00 999 1011.4 999.0  28.1 999.0 99.0 99.00
2026 04 26 13 00  55  4.2  5.2 99.00 99.00 99.00 999 1011.4 999.0  28.1 999.0 99.0 99.00
2026 04 26 13 10  52  4.5  5.3  0.47  4.76  4.34  99 1011.6 999.0  28.1 999.0 99.0 99.00
2026 04 26 13 20  54  5.0  6.4 99.00 99.00 99.00 999 1011.6 999.0  28.1 999.0 99.0 99.00
2026 04 26 13 30  56  5.1  5.9 99.00 99.00 99.00 999 1011.7 999.0  28.1 999.0 99.0 99.00
2026 04 26 13 40  59  5.2  6.0  0.44  4.76  4.04 102 1011.7 999.0  28.1 999.0 99.0 99.00
2026 04 26 13 50  59  5.1  6.0 99.00 99.00 99.00 999 1011.8 999.0 999.0 999.0 99.0 99.00
2026 04 26 14 00  51  4.5  5.6 99.00 99.00 99.00 999 1011.8 999.0  28.1 999.0 99.0 99.00
2026 04 26 14 10  44  4.2  5.2  0.49  5.00  3.92 103 1012.0 999.0  28.1 999.0 99.0 99.00
2026 04 26 14 20  45  4.4  5.5 99.00 99.00 99.00 999 1012.1 999.0  28.1 999.0 99.0 99.00
2026 04 26 14 30  54  3.7  4.4 99.00 99.00 99.00 999 1012.2 999.0  28.1 999.0 99.0 99.00
2026 04 26 14 40  56  3.6  4.1  0.48  4.76  3.94 101 1012.2 999.0  28.1 999.0 99.0 99.00
2026 04 26 14 50  57  3.3  4.0 99.00 99.00 99.00 999 1012.2 999.0  28.1 999.0 99.0 99.00
2026 04 26 15 00  59  3.3  3.9 99.00 99.00 99.00 999 1012.2 999.0  28.1 999.0 99.0 99.00
2026 04 26 15 10  62  3.0  3.8  0.47  5.26  4.14  90 1012.0 999.0  28.1 999.0 99.0 99.00
2026 04 26 15 20  65  3.0  3.6 99.00 99.00 99.00 999 1012.0 999.0  28.1 999.0 99.0 99.00
2026 04 26 15 30  52  3.0  3.8 99.00 99.00 99.00 999 1012.0 999.0  28.1 999.0 99.0 99.00
2026 04 26 15 40  63  2.9  4.2  0.46  5.26  4.02  84 1011.9 999.0  28.1 999.0 99.0 99.00
2026 04 26 15 50  91  3.9  4.8 99.00 99.00 99.00 999 1011.9 999.0  28.1 999.0 99.0 99.00
2026 04 26 16 00  94  4.3  5.3 99.00 99.00 99.00 999 1011.7 999.0  28.2 999.0 99.0 99.00
2026 04 26 16 10 105  4.1  4.9  0.45  5.26  4.08  70 1011.7 999.0  28.2 999.0 99.0 99.00
2026 04 26 16 20  99  3.9  4.6 99.00 99.00 99.00 999 1011.6 999.0  28.2 999.0 99.0 99.00
2026 04 26 16 30 102  4.0  4.9 99.00 99.00 99.00 999 1011.6 999.0  28.3 999.0 99.0 99.00
2026 04 26 16 40 104  4.0  4.9  0.43  4.76  4.07 100 1011.5 999.0  28.3 999.0 99.0 99.00
2026 04 26 16 50 104  4.0  4.4 99.00 99.00 99.00 999 1011.4 999.0  28.3 999.0 99.0 99.00
2026 04 26 17 00 104  3.8  4.5 99.00 99.00 99.00 999 1011.4 999.0  28.4 999.0 99.0 99.00
2026 04 26 17 10  99  3.9  4.6  0.45  4.76  4.00  91 1011.4 999.0  28.3 999.0 99.0 99.00
2026 04 26 17 20  99  4.3  4.9 99.00 99.00 99.00 999 1011.3 999.0  28.3 999.0 99.0 99.00
2026 04 26 17 30 100  3.9  4.8 99.00 99.00 99.00 999 1011.3 999.0  28.4 999.0 99.0 99.00
2026 04 26 17 40  98  3.8  4.6  0.43  5.00  4.10  93 1011.2 999.0  28.4 999.0 99.0 99.00
2026 04 26 17 50  93  3.7  4.2 99.00 99.00 99.00 999 1010.9 999.0  28.5 999.0 99.0 99.00
2026 04 26 18 00  91  3.8  4.5 99.00 99.00 99.00 999 1010.8 999.0  28.5 999.0 99.0 99.00
2026 04 26 18 10  98  3.6  4.3  0.45  5.00  4.14  85 1010.7 999.0  28.5 999.0 99.0 99.00
2026 04 26 18 20  98  3.8  4.8 99.00 99.00 99.00 999 1010.6 999.0  28.5 999.0 99.0 99.00
2026 04 26 18 30  93  3.5  4.2 99.00 99.00 99.00 999 1010.3 999.0  28.5 999.0 99.0 99.00
2026 04 26 18 40  97  3.8  4.4  0.42  4.76  3.98  89 1010.2 999.0  28.5 999.0 99.0 99.00
2026 04 26 18 50  92  3.3  4.1 99.00 99.00 99.00 999 1010.1 999.0  28.6 999.0 99.0 99.00
2026 04 26 19 00  88  3.0  3.7 99.00 99.00 99.00 999 1010.1 999.0  28.5 999.0 99.0 99.00
2026 04 26 19 10  95  3.4  4.0  0.40  5.00  4.08  87 1010.0 999.0  28.6 999.0 99.0 99.00
2026 04 26 19 20  93  3.4  4.1 99.00 99.00 99.00 999 1010.0 999.0  28.6 999.0 99.0 99.00
2026 04 26 19 30  95  3.5  4.3 99.00 99.00 99.00 999 1009.8 999.0  28.7 999.0 99.0 99.00
2026 04 26 19 40  94  3.6  4.4  0.42  4.76  3.89  93 1009.7 999.0  28.7 999.0 99.0 99.00
2026 04 26 19 50  95  3.4  4.3 99.00 99.00 99.00 999 1009.6 999.0  28.7 999.0 99.0 99.00
2026 04 26 20 00  93  3.6  4.7 99.00 99.00 99.00 999 1009.5 999.0  28.7 999.0 99.0 99.00
2026 04 26 20 10  94  3.7  4.4  0.38  5.26  3.93  85 1009.2 999.0  28.7 999.0 99.0 99.00
2026 04 26 20 20  87  3.7  4.2 99.00 99.00 99.00 999 1009.1 999.0  28.6 999.0 99.0 99.00
2026 04 26 20 30  96  3.6  4.3 99.00 99.00 99.00 999 1009.1 999.0  28.8 999.0 99.0 99.00
2026 04 26 20 40 100  4.0  4.7  0.40  4.76  4.00  77 1009.0 999.0  28.7 999.0 99.0 99.00
2026 04 26 20 50  91  3.6  4.5 99.00 99.00 99.00 999 1009.0 999.0  28.7 999.0 99.0 99.00
2026 04 26 21 00  92  3.6  4.2 99.00 99.00 99.00 999 1008.9 999.0  28.7 999.0 99.0 99.00
2026 04 26 21 10  90  3.8  4.6  0.38  5.00  3.80  80 1008.9 999.0  28.7 999.0 99.0 99.00
2026 04 26 21 20  95  3.7  4.6 99.00 99.00 99.00 999 1008.9 999.0  28.7 999.0 99.0 99.00
2026 04 26 21 30  96  3.3  4.1 99.00 99.00 99.00 999 1008.9 999.0  28.6 999.0 99.0 99.00
2026 04 26 21 40 101  3.1  4.0  0.38  5.26  3.80  79 1008.9 999.0  28.6 999.0 99.0 99.00
2026 04 26 21 50  95  3.2  4.1 99.00 99.00 99.00 999 1009.0 999.0  28.6 999.0 99.0 99.00
2026 04 26 22 00  92  3.2  4.3 99.00 99.00 99.00 999 1009.0 999.0  28.7 999.0 99.0 99.00
2026 04 26 22 10  93  2.8  3.6  0.37  4.76  3.97  56 1009.0 999.0  28.7 999.0 99.0 99.00
2026 04 26 22 20  75  2.9  3.8 99.00 99.00 99.00 999 1009.1 999.0  28.7 999.0 99.0 99.00
2026 04 26 22 30  78  2.6  3.3 99.00 99.00 99.00 999 1009.2 999.0  28.7 999.0 99.0 99.00
2026 04 26 22 40  86  2.9  3.6  0.36  5.00  3.81  91 1009.3 999.0  28.7 999.0 99.0 99.00
2026 04 26 22 50  80  3.1  3.9 99.00 99.00 99.00 999 1009.5 999.0  28.6 999.0 99.0 99.00
2026 04 26 23 00  67  3.3  3.9 99.00 99.00 99.00 999 1009.5 999.0  28.6 999.0 99.0 99.00
2026 04 26 23 10  69  3.2  3.8  0.37  4.76  3.76  85 1009.6 999.0  28.6 999.0 99.0 99.00
2026 04 26 23 20  70  3.5  4.4 99.00 99.00 99.00 999 1009.7 999.0  28.6 999.0 99.0 99.00
2026 04 26 23 30  75  3.2  4.3 99.00 99.00 99.00 999 1009.8 999.0  28.6 999.0 99.0 99.00
2026 04 26 23 40  77  3.5  4.1  0.37  5.00  3.87 100 1009.9 999.0  28.7 999.0 99.0 99.00
2026 04 26 23 50  89  4.3  5.1 99.00 99.00 99.00 999 1009.9 999.0  28.7 999.0 99.0 99.00
2026 04 27 00 00  91  4.0  4.7 99.00 99.00 99.00 999 1010.0 999.0  28.6 999.0 99.0 99.00
2026 04 27 00 10  90  4.3  5.4  0.36  5.00  4.00  98 1010.1 999.0  28.6 999.0 99.0 99.00
2026 04 27 00 20  85  4.3  4.9 99.00 99.00 99.00 999 1010.1 999.0  28.6 999.0 99.0 99.00
2026 04 27 00 30  88  4.6  5.4 99.00 99.00 99.00 999 1010.2 999.0  28.7 999.0 99.0 99.00
2026 04 27 00 40  86  4.4  5.4  0.35  5.00  3.82  91 1010.3 999.0  28.6 999.0 99.0 99.00
2026 04 27 00 50  74  4.4  5.1 99.00 99.00 99.00 999 1010.3 999.0  28.6 999.0 99.0 99.00
2026 04 27 01 00  69  4.2  5.0 99.00 99.00 99.00 999 1010.4 999.0  28.6 999.0 99.0 99.00
2026 04 27 01 10  78  4.3  5.7  0.35  5.26  3.89  94 1010.6 999.0  28.6 999.0 99.0 99.00
2026 04 27 01 20  83  4.6  5.7 99.00 99.00 99.00 999 1010.7 999.0  28.6 999.0 99.0 99.00
2026 04 27 01 30  84  4.5  5.5 99.00 99.00 99.00 999 1010.9 999.0  28.7 999.0 99.0 99.00
2026 04 27 01 40  83  4.6  5.6  0.34  8.33  3.86  73 1010.9 999.0  28.6 999.0 99.0 99.00
2026 04 27 01 50  81  4.7  5.4 99.00 99.00 99.00 999 1010.9 999.0  28.6 999.0 99.0 99.00
2026 04 27 02 00  81  4.9  5.8 99.00 99.00 99.00 999 1011.1 999.0  28.6 999.0 99.0 99.00
2026 04 27 02 10  77  5.3  6.1  0.36  7.69  3.51  98 1011.2 999.0  28.6 999.0 99.0 99.00
2026 04 27 02 20  79  5.2  6.1 99.00 99.00 99.00 999 1011.3 999.0  28.5 999.0 99.0 99.00
2026 04 27 02 30  79  5.6  6.7 99.00 99.00 99.00 999 1011.3 999.0  28.5 999.0 99.0 99.00
2026 04 27 02 40  83  5.3  6.2  0.37  5.26  3.39 100 1011.4 999.0  28.5 999.0 99.0 99.00
2026 04 27 02 50  83  5.6  6.3 99.00 99.00 99.00 999 1011.5 999.0  28.5 999.0 99.0 99.00
2026 04 27 03 00  83  5.4  6.3 99.00 99.00 99.00 999 1011.6 999.0  28.5 999.0 99.0 99.00
2026 04 27 03 10  86  5.4  6.2  0.38  4.76  3.42  96 1011.7 999.0  28.5 999.0 99.0 99.00
2026 04 27 03 20  88  5.5  6.4 99.00 99.00 99.00 999 1011.8 999.0  28.5 999.0 99.0 99.00
2026 04 27 03 30  82  5.4  6.3 99.00 99.00 99.00 999 1011.8 999.0  28.5 999.0 99.0 99.00
2026 04 27 03 40  81  5.3  6.3  0.40  5.00  3.32 105 1011.8 999.0  28.5 999.0 99.0 99.00
2026 04 27 03 50  79  5.5  6.5 99.00 99.00 99.00 999 1011.7 999.0  28.5 999.0 99.0 99.00
2026 04 27 04 00  76  5.6  6.4 99.00 99.00 99.00 999 1011.6 999.0  28.5 999.0 99.0 99.00
2026 04 27 04 10  80  5.6  6.6  0.40  4.55  3.21  83 1011.6 999.0  28.4 999.0 99.0 99.00
2026 04 27 04 20  83  5.7  6.5 99.00 99.00 99.00 999 1011.6 999.0  28.4 999.0 99.0 99.00
2026 04 27 04 30  82  5.2  6.1 99.00 99.00 99.00 999 1011.6 999.0  28.4 999.0 99.0 99.00
2026 04 27 04 40  74  4.8  5.5  0.44  4.76  3.17  98 1011.5 999.0  28.4 999.0 99.0 99.00
2026 04 27 04 50  72  4.6  5.6 99.00 99.00 99.00 999 1011.4 999.0  28.4 999.0 99.0 99.00
2026 04 27 05 00  71  5.2  6.2 99.00 99.00 99.00 999 1011.3 999.0  28.4 999.0 99.0 99.00
2026 04 27 05 10  72  5.4  6.6  0.39  3.13  3.32 102 1011.3 999.0  28.4 999.0 99.0 99.00
2026 04 27 05 20  76  5.8  6.6 99.00 99.00 99.00 999 1011.2 999.0  28.4 999.0 99.0 99.00
2026 04 27 05 30  77  5.6  6.8 99.00 99.00 99.00 999 1011.1 999.0  28.3 999.0 99.0 99.00
2026 04 27 05 40  77  5.4  6.3  0.46  3.03  3.13  99 1010.9 999.0  28.3 999.0 99.0 99.00
2026 04 27 05 50  75  5.2  6.2 99.00 99.00 99.00 999 1010.8 999.0  28.3 999.0 99.0 99.00
2026 04 27 06 00  69  5.1  6.1 99.00 99.00 99.00 999 1010.6 999.0  28.3 999.0 99.0 99.00
2026 04 27 06 10  68  5.0  5.6  0.44  2.94  3.23  92 1010.6 999.0  28.3 999.0 99.0 99.00
2026 04 27 06 20  75  5.1  5.9 99.00 99.00 99.00 999 1010.6 999.0  28.3 999.0 99.0 99.00
2026 04 27 06 30  71  4.8  5.6 99.00 99.00 99.00 999 1010.4 999.0  28.3 999.0 99.0 99.00
2026 04 27 06 40  75  5.0  5.9  0.41  3.23  3.25 101 1010.4 999.0  28.3 999.0 99.0 99.00
2026 04 27 06 50  71  4.9  6.0 99.00 99.00 99.00 999 1010.3 999.0  28.3 999.0 99.0 99.00
2026 04 27 07 00  76  4.6  5.5 99.00 99.00 99.00 999 1010.3 999.0  28.3 999.0 99.0 99.00
2026 04 27 07 10  76  4.6  5.5  0.42  3.03  3.39 104 1010.3 999.0  28.3 999.0 99.0 99.00
2026 04 27 07 20  66  4.3  5.0 99.00 99.00 99.00 999 1010.1 999.0  28.3 999.0 99.0 99.00
2026 04 27 07 30  70  4.4  5.3 99.00 99.00 99.00 999 1010.0 999.0  28.3 999.0 99.0 99.00
2026 04 27 07 40  67  4.3  5.1  0.44  3.03  3.36 104 1010.0 999.0  28.3 999.0 99.0 99.00
2026 04 27 07 50  71  4.1  4.9 99.00 99.00 99.00 999 1009.8 999.0  28.3 999.0 99.0 99.00
2026 04 27 08 00  67  4.0  4.6 99.00 99.00 99.00 999 1009.9 999.0  28.3 999.0 99.0 99.00
2026 04 27 08 10  73  3.9  4.4  0.43  3.57  3.42 106 1009.8 999.0  28.3 999.0 99.0 99.00
2026 04 27 08 20  73  3.7  4.5 99.00 99.00 99.00 999 1010.0 999.0  28.2 999.0 99.0 99.00
2026 04 27 08 30  65  3.7  4.6 99.00 99.00 99.00 999 1009.9 999.0  28.2 999.0 99.0 99.00
2026 04 27 08 40  65  3.7  4.5  0.41  3.33  3.51 100 1010.0 999.0  28.2 999.0 99.0 99.00
2026 04 27 08 50  63  5.3  7.4 99.00 99.00 99.00 999 1009.8 999.0  28.2 999.0 99.0 99.00
2026 04 27 09 00  50  4.7  6.2 99.00 99.00 99.00 999 1009.9 999.0  28.2 999.0 99.0 99.00
2026 04 27 09 10  58  3.6  4.4  0.40  3.23  3.48  92 1010.1 999.0  28.2 999.0 99.0 99.00
2026 04 27 09 20  69  4.0  5.5 99.00 99.00 99.00 999 1010.2 999.0  28.2 999.0 99.0 99.00
2026 04 27 09 30  69  4.8  5.5 99.00 99.00 99.00 999 1010.3 999.0  28.2 999.0 99.0 99.00
2026 04 27 09 40  78  4.6  5.3  0.42  4.76  3.57  95 1010.3 999.0  28.2 999.0 99.0 99.00
2026 04 27 09 50  84  5.1  6.0 99.00 99.00 99.00 999 1010.3 999.0  28.2 999.0 99.0 99.00
2026 04 27 10 00  89  5.4  6.1 99.00 99.00 99.00 999 1010.4 999.0  28.2 999.0 99.0 99.00
2026 04 27 10 10  90  4.8  5.8  0.42  4.00  3.49 109 1010.5 999.0  28.2 999.0 99.0 99.00
2026 04 27 10 20  84  5.0  6.1 99.00 99.00 99.00 999 1010.6 999.0  28.2 999.0 99.0 99.00
2026 04 27 10 30  79  4.9  6.2 99.00 99.00 99.00 999 1010.7 999.0  28.2 999.0 99.0 99.00
2026 04 27 10 40  84  4.9  6.6  0.45  3.70  3.38 101 1010.6 999.0  28.2 999.0 99.0 99.00
2026 04 27 10 50  89  4.9  5.9 99.00 99.00 99.00 999 1010.8 999.0  28.1 999.0 99.0 99.00
2026 04 27 11 00  88  5.4  6.6 99.00 99.00 99.00 999 1010.9 999.0  28.1 999.0 99.0 99.00
2026 04 27 11 10  87  5.7  6.6  0.46  4.35  3.44 105 1011.0 999.0  28.1 999.0 99.0 99.00
2026 04 27 11 20  87  5.7  6.9 99.00 99.00 99.00 999 1011.2 999.0  28.1 999.0 99.0 99.00
2026 04 27 11 30  89  5.2  6.3 99.00 99.00 99.00 999 1011.4 999.0  28.1 999.0 99.0 99.00
2026 04 27 11 40  86  5.4  6.3  0.47  3.85  3.29 110 1011.5 999.0  28.1 999.0 99.0 99.00
2026 04 27 11 50  84  5.5  6.5 99.00 99.00 99.00 999 1011.7 999.0  28.1 999.0 99.0 99.00
2026 04 27 12 00  88  5.4  6.4 99.00 99.00 99.00 999 1011.8 999.0  28.1 999.0 99.0 99.00
2026 04 27 12 10  84  5.2  6.5  0.49  3.85  3.34 105 1011.9 999.0  28.1 999.0 99.0 99.00
2026 04 27 12 20  82  4.9  6.0 99.00 99.00 99.00 999 1012.0 999.0  28.1 999.0 99.0 99.00
2026 04 27 12 30  83  5.4  6.3 99.00 99.00 99.00 999 1012.1 999.0  28.1 999.0 99.0 99.00
2026 04 27 12 40  83  5.3  6.1  0.53  4.00  3.33 106 1012.2 999.0  28.1 999.0 99.0 99.00
2026 04 27 12 50  83  5.9  6.7 99.00 99.00 99.00 999 1012.4 999.0  28.1 999.0 99.0 99.00
2026 04 27 13 00  87  5.7  6.7 99.00 99.00 99.00 999 1012.5 999.0  28.1 999.0 99.0 99.00
2026 04 27 13 10  91  5.9  7.0  0.53  4.35  3.36 102 1012.6 999.0  28.1 999.0 99.0 99.00
2026 04 27 13 20  89  6.0  7.1 99.00 99.00 99.00 999 1012.6 999.0  28.1 999.0 99.0 99.00
2026 04 27 13 30  87  5.5  6.6 99.00 99.00 99.00 999 1012.8 999.0  28.1 999.0 99.0 99.00
2026 04 27 13 40  91  5.6  6.4  0.54  3.70  3.48 101 1012.8 999.0  28.1 999.0 99.0 99.00
2026 04 27 13 50  87  5.6  7.1 99.00 99.00 99.00 999 1012.9 999.0  28.1 999.0 99.0 99.00
2026 04 27 14 00  89  6.1  6.8 99.00 99.00 99.00 999 1012.9 999.0  28.1 999.0 99.0 99.00
2026 04 27 14 10  90  6.1  7.0  0.51  4.35  3.42 110 1013.0 999.0  28.1 999.0 99.0 99.00
2026 04 27 14 20  89  5.8  7.3 99.00 99.00 99.00 999 1013.0 999.0  28.1 999.0 99.0 99.00
2026 04 27 14 30  88  6.0  7.1 99.00 99.00 99.00 999 1013.0 999.0  28.2 999.0 99.0 99.00
2026 04 27 14 40  86  6.0  7.0  0.61  4.00  3.41 104 1013.0 999.0  28.1 999.0 99.0 99.00
2026 04 27 14 50  91  6.0  7.1 99.00 99.00 99.00 999 1013.0 999.0  28.2 999.0 99.0 99.00
2026 04 27 15 00  88  5.2  6.2 99.00 99.00 99.00 999 1013.0 999.0  28.2 999.0 99.0 99.00
2026 04 27 15 10  87  5.5  6.7  0.54  4.17  3.34 103 1013.0 999.0  28.2 999.0 99.0 99.00
2026 04 27 15 20  82  5.0  6.0 99.00 99.00 99.00 999 1012.9 999.0  28.2 999.0 99.0 99.00
2026 04 27 15 30  80  5.2  6.3 99.00 99.00 99.00 999 1012.9 999.0  28.2 999.0 99.0 99.00
2026 04 27 15 40  83  5.4  6.5  0.58  4.00  3.43 103 1012.8 999.0  28.2 999.0 99.0 99.00
2026 04 27 15 50  79  5.0  5.7 99.00 99.00 99.00 999 1012.8 999.0  28.2 999.0 99.0 99.00
2026 04 27 16 00  80  5.2  6.2 99.00 99.00 99.00 999 1012.8 999.0  28.3 999.0 99.0 99.00
2026 04 27 16 10  81  5.6  6.5  0.62  3.70  3.41 101 1012.6 999.0  28.3 999.0 99.0 99.00
2026 04 27 16 20  83  5.7  6.8 99.00 99.00 99.00 999 1012.6 999.0  28.3 999.0 99.0 99.00
2026 04 27 16 30  82  5.6  6.6 99.00 99.00 99.00 999 1012.5 999.0  28.3 999.0 99.0 99.00
2026 04 27 16 40  88  5.6  6.7  0.63  4.17  3.47 113 1012.4 999.0  28.4 999.0 99.0 99.00
2026 04 27 16 50  86  5.6  6.8 99.00 99.00 99.00 999 1012.2 999.0  28.4 999.0 99.0 99.00
2026 04 27 17 00  82  6.3  7.3 99.00 99.00 99.00 999 1012.2 999.0  28.4 999.0 99.0 99.00
2026 04 27 17 10  84  6.0  7.0  0.60  4.55  3.44 111 1012.2 999.0  28.4 999.0 99.0 99.00
2026 04 27 17 20  81  5.8  7.1 99.00 99.00 99.00 999 1012.1 999.0  28.4 999.0 99.0 99.00
2026 04 27 17 30  84  5.7  6.7 99.00 99.00 99.00 999 1012.0 999.0  28.4 999.0 99.0 99.00
2026 04 27 17 40  87  5.8  6.6  0.64  4.17  3.54 109 1011.9 999.0  28.5 999.0 99.0 99.00
2026 04 27 17 50  82  5.6  6.4 99.00 99.00 99.00 999 1011.8 999.0  28.4 999.0 99.0 99.00
2026 04 27 18 00  81  5.6  6.6 99.00 99.00 99.00 999 1011.7 999.0  28.4 999.0 99.0 99.00
2026 04 27 18 10  77  5.5  6.4  0.62  4.55  3.46 109 1011.5 999.0  28.5 999.0 99.0 99.00
2026 04 27 18 20  80  5.6  6.6 99.00 99.00 99.00 999 1011.3 999.0  28.4 999.0 99.0 99.00
2026 04 27 18 30  87  5.7  6.4 99.00 99.00 99.00 999 1011.2 999.0  28.4 999.0 99.0 99.00
2026 04 27 18 40  81  5.5  6.4  0.66  4.55  3.56 105 1011.0 999.0  28.5 999.0 99.0 99.00
2026 04 27 18 50  84  5.3  6.5 99.00 99.00 99.00 999 1010.9 999.0  28.5 999.0 99.0 99.00
2026 04 27 19 00  83  5.7  6.8 99.00 99.00 99.00 999 1010.6 999.0  28.6 999.0 99.0 99.00
2026 04 27 19 10  84  5.9  6.8  0.64  4.55  3.56 109 1010.6 999.0  28.6 999.0 99.0 99.00
2026 04 27 19 20  81  5.6  6.2 99.00 99.00 99.00 999 1010.4 999.0  28.5 999.0 99.0 99.00
2026 04 27 19 30  77  5.4  6.4 99.00 99.00 99.00 999 1010.3 999.0  28.5 999.0 99.0 99.00
2026 04 27 19 40  74  5.0  6.0  0.61  4.76  3.50 119 1010.3 999.0  28.5 999.0 99.0 99.00
2026 04 27 19 50  74  4.9  5.6 99.00 99.00 99.00 999 1010.3 999.0  28.6 999.0 99.0 99.00
2026 04 27 20 00  76  5.2  6.1 99.00 99.00 99.00 999 1010.1 999.0  28.5 999.0 99.0 99.00
2026 04 27 20 10  73  5.3  6.0  0.66  4.76  3.69 114 1010.0 999.0  28.5 999.0 99.0 99.00
2026 04 27 20 20  74  5.3  6.3 99.00 99.00 99.00 999 1010.0 999.0  28.5 999.0 99.0 99.00
2026 04 27 20 30  73  5.1  5.9 99.00 99.00 99.00 999 1009.9 999.0  28.5 999.0 99.0 99.00
2026 04 27 20 40  77  5.1  5.9  0.61  4.55  3.61 113 1009.8 999.0  28.5 999.0 99.0 99.00
2026 04 27 20 50  72  5.1  5.9 99.00 99.00 99.00 999 1009.8 999.0  28.6 999.0 99.0 99.00
2026 04 27 21 00  72  5.2  6.2 99.00 99.00 99.00 999 1009.8 999.0  28.5 999.0 99.0 99.00
2026 04 27 21 10  65  5.2  6.2  0.65  4.55  3.77 110 1009.8 999.0  28.5 999.0 99.0 99.00
2026 04 27 21 20  71  5.5  6.3 99.00 99.00 99.00 999 1009.8 999.0  28.5 999.0 99.0 99.00
2026 04 27 21 30  64  5.6  6.6 99.00 99.00 99.00 999 1009.8 999.0  28.5 999.0 99.0 99.00
2026 04 27 21 40  61  5.3  6.2  0.61  4.76  3.66 110 1009.7 999.0  28.5 999.0 99.0 99.00
2026 04 27 21 50  60  5.6  6.6 99.00 99.00 99.00 999 1009.7 999.0  28.5 999.0 99.0 99.00
2026 04 27 22 00  58  5.7  6.8 99.00 99.00 99.00 999 1009.6 999.0  28.5 999.0 99.0 99.00
2026 04 27 22 10  56  5.6  6.4  0.67  4.76  3.87 111 1009.7 999.0  28.5 999.0 99.0 99.00
2026 04 27 22 20  53  5.7  6.6 99.00 99.00 99.00 999 1009.8 999.0  28.5 999.0 99.0 99.00
2026 04 27 22 30  50  6.0  7.2 99.00 99.00 99.00 999 1009.8 999.0  28.4 999.0 99.0 99.00
2026 04 27 22 40  56  6.1  7.4  0.69  5.00  3.88 111 1009.9 999.0  28.4 999.0 99.0 99.00
2026 04 27 22 50  57  5.9  6.8 99.00 99.00 99.00 999 1010.0 999.0  28.4 999.0 99.0 99.00
2026 04 27 23 00  55  6.5  7.6 99.00 99.00 99.00 999 1010.1 999.0  28.4 999.0 99.0 99.00
2026 04 27 23 10  58  6.1  7.2  0.70  5.26  3.77 109 1010.2 999.0  28.4 999.0 99.0 99.00
2026 04 27 23 20  58  6.3  7.1 99.00 99.00 99.00 999 1010.4 999.0  28.3 999.0 99.0 99.00
2026 04 27 23 30  56  6.3  7.4 99.00 99.00 99.00 999 1010.5 999.0  28.4 999.0 99.0 99.00
2026 04 27 23 40  57  6.8  8.2  0.68  5.26  3.64 114 1010.5 999.0  28.4 999.0 99.0 99.00
2026 04 27 23 50  57  7.0  8.1 99.00 99.00 99.00 999 1010.6 999.0  28.4 999.0 99.0 99.00
2026 04 28 00 00  59  6.7  7.8 99.00 99.00 99.00 999 1010.8 999.0  28.4 999.0 99.0 99.00
2026 04 28 00 10  62  6.8  7.9  0.71  5.26  3.70 120 1010.8 999.0  28.4 999.0 99.0 99.00
2026 04 28 00 20  62  6.9  8.4 99.00 99.00 99.00 999 1011.1 999.0  28.4 999.0 99.0 99.00
2026 04 28 00 30  61  7.0  8.7 99.00 99.00 99.00 999 1011.2 999.0  28.4 999.0 99.0 99.00
2026 04 28 00 40  60  7.4  8.7  0.71  5.26  3.69 112 1011.3 999.0  28.4 999.0 99.0 99.00
2026 04 28 00 50  64  7.4  8.6 99.00 99.00 99.00 999 1011.4 999.0  28.3 999.0 99.0 99.00
2026 04 28 01 00  64  7.5  8.7 99.00 99.00 99.00 999 1011.4 999.0  28.3 999.0 99.0 99.00
2026 04 28 01 10  64  7.0  8.1  0.81  5.26  3.73 109 1011.6 999.0  28.3 999.0 99.0 99.00
2026 04 28 01 20  61  7.0  8.5 99.00 99.00 99.00 999 1011.7 999.0  28.3 999.0 99.0 99.00
2026 04 28 01 30  57  7.1  8.4 99.00 99.00 99.00 999 1011.7 999.0  28.3 999.0 99.0 99.00
2026 04 28 01 40  57  7.2  9.0  0.82  5.26  3.70 114 1011.7 999.0  28.3 999.0 99.0 99.00
2026 04 28 01 50  61  8.1  9.4 99.00 99.00 99.00 999 1011.9 999.0  28.3 999.0 99.0 99.00
2026 04 28 02 00  63  8.2  9.1 99.00 99.00 99.00 999 1012.0 999.0  28.3 999.0 99.0 99.00
2026 04 28 02 10  64  7.6  9.1  0.86  5.26  3.63 110 1012.2 999.0  28.3 999.0 99.0 99.00
2026 04 28 02 20  69  7.9  9.0 99.00 99.00 99.00 999 1012.2 999.0  28.3 999.0 99.0 99.00
2026 04 28 02 30  67  7.8  9.1 99.00 99.00 99.00 999 1012.4 999.0  28.3 999.0 99.0 99.00
2026 04 28 02 40  70  8.0  9.1  0.91  5.26  3.77 115 1012.6 999.0  28.3 999.0 99.0 99.00
2026 04 28 02 50  66  7.7  9.2 99.00 99.00 99.00 999 1012.6 999.0  28.3 999.0 99.0 99.00
2026 04 28 03 00  64  7.4  8.5 99.00 99.00 99.00 999 1012.8 999.0  28.2 999.0 99.0 99.00
2026 04 28 03 10  65  7.3  8.8  0.97  5.26  3.80 106 1012.7 999.0  28.2 999.0 99.0 99.00
2026 04 28 03 20  66  8.1  9.8 99.00 99.00 99.00 999 1012.8 999.0  28.2 999.0 99.0 99.00
2026 04 28 03 30  68  8.2  9.6 99.00 99.00 99.00 999 1012.7 999.0  28.2 999.0 99.0 99.00
2026 04 28 03 40  63  7.8  9.1  0.98  5.56  3.81 115 1012.7 999.0  28.2 999.0 99.0 99.00
2026 04 28 03 50  61  8.1  9.5 99.00 99.00 99.00 999 1012.6 999.0  28.2 999.0 99.0 99.00
2026 04 28 04 00  60  7.5  8.8 99.00 99.00 99.00 999 1012.6 999.0  28.2 999.0 99.0 99.00
2026 04 28 04 10  63  7.7  9.4  1.01  5.26  3.85 107 1012.5 999.0  28.2 999.0 99.0 99.00
2026 04 28 04 20  62  8.0  9.4 99.00 99.00 99.00 999 1012.6 999.0  28.2 999.0 99.0 99.00
2026 04 28 04 30  63  8.2  9.4 99.00 99.00 99.00 999 1012.5 999.0  28.2 999.0 99.0 99.00
2026 04 28 04 40  59  7.8  9.2  1.00  5.56  3.90 116 1012.4 999.0  28.2 999.0 99.0 99.00
2026 04 28 04 50  57  8.1  9.6 99.00 99.00 99.00 999 1012.3 999.0  28.2 999.0 99.0 99.00
2026 04 28 05 00  61  7.9  9.4 99.00 99.00 99.00 999 1012.2 999.0  28.2 999.0 99.0 99.00
2026 04 28 05 10  59  8.0  9.3  1.03  5.26  3.90 111 1012.0 999.0  28.2 999.0 99.0 99.00
2026 04 28 05 20  62  8.7 10.1 99.00 99.00 99.00 999 1012.0 999.0  28.2 999.0 99.0 99.00
2026 04 28 05 30  63  7.9 10.0 99.00 99.00 99.00 999 1011.9 999.0  28.2 999.0 99.0 99.00
2026 04 28 05 40  66  8.3  9.6  1.09  4.17  3.88  90 1011.8 999.0  28.2 999.0 99.0 99.00
2026 04 28 05 50  65  7.9  9.4 99.00 99.00 99.00 999 1011.8 999.0  28.2 999.0 99.0 99.00
2026 04 28 06 00  67  8.1 10.0 99.00 99.00 99.00 999 1011.7 999.0  28.2 999.0 99.0 99.00
2026 04 28 06 10  63  8.3  9.4  1.04  5.26  3.91 109 1011.5 999.0  28.2 999.0 99.0 99.00
2026 04 28 06 20  63  7.9  9.4 99.00 99.00 99.00 999 1011.4 999.0  28.2 999.0 99.0 99.00
2026 04 28 06 30  62  8.1  9.7 99.00 99.00 99.00 999 1011.4 999.0  28.2 999.0 99.0 99.00
2026 04 28 06 40  63  8.4  9.7  1.01  4.17  3.89  97 1011.4 999.0  28.2 999.0 99.0 99.00
2026 04 28 06 50  69  8.2  9.8 99.00 99.00 99.00 999 1011.3 999.0  28.2 999.0 99.0 99.00
2026 04 28 07 00  67  8.4 10.0 99.00 99.00 99.00 999 1011.1 999.0  28.2 999.0 99.0 99.00
2026 04 28 07 10  67  8.1  9.7  1.19  4.17  4.00  83 1011.0 999.0  28.2 999.0 99.0 99.00
2026 04 28 07 20  63  8.3  9.9 99.00 99.00 99.00 999 1010.9 999.0  28.2 999.0 99.0 99.00
2026 04 28 07 30  65  8.3  9.5 99.00 99.00 99.00 999 1010.8 999.0  28.2 999.0 99.0 99.00
2026 04 28 07 40  67  8.0  9.9  1.14  4.76  4.03  92 1010.7 999.0  28.2 999.0 99.0 99.00
2026 04 28 07 50  68  7.9  9.1 99.00 99.00 99.00 999 1010.6 999.0  28.2 999.0 99.0 99.00
2026 04 28 08 00  63  8.0  9.5 99.00 99.00 99.00 999 1010.6 999.0  28.2 999.0 99.0 99.00
2026 04 28 08 10  67  8.0 10.0  1.22  5.26  4.17 103 1010.4 999.0  28.2 999.0 99.0 99.00
2026 04 28 08 20  66  8.0  9.2 99.00 99.00 99.00 999 1010.4 999.0  28.2 999.0 99.0 99.00
2026 04 28 08 30  67  8.1  9.4 99.00 99.00 99.00 999 1010.3 999.0  28.2 999.0 99.0 99.00
2026 04 28 08 40  67  7.8  9.5  1.15  5.56  4.06 102 1010.3 999.0  28.2 999.0 99.0 99.00
2026 04 28 08 50  66  7.8  9.4 99.00 99.00 99.00 999 1010.4 999.0  28.2 999.0 99.0 99.00
2026 04 28 09 00  66  7.9  9.3 99.00 99.00 99.00 999 1010.4 999.0  28.2 999.0 99.0 99.00
2026 04 28 09 10  64  8.3  9.8  1.18  4.76  4.06  87 1010.5 999.0  28.2 999.0 99.0 99.00
2026 04 28 09 20  64  8.1  9.4 99.00 99.00 99.00 999 1010.5 999.0  28.2 999.0 99.0 99.00
2026 04 28 09 30  64  8.7 10.2 99.00 99.00 99.00 999 1010.6 999.0  28.2 999.0 99.0 99.00
2026 04 28 09 40  63  8.1 10.0  1.14  5.26  4.12  97 1010.7 999.0  28.2 999.0 99.0 99.00
2026 04 28 09 50  62  8.0  9.5 99.00 99.00 99.00 999 1010.8 999.0  28.2 999.0 99.0 99.00
2026 04 28 10 00  63  8.1  9.6 99.00 99.00 99.00 999 1010.9 999.0  28.2 999.0 99.0 99.00
2026 04 28 10 10  66  8.1  9.5  1.21  5.26  4.11  93 1010.9 999.0  28.2 999.0 99.0 99.00
2026 04 28 10 20  68  8.1  9.4 99.00 99.00 99.00 999 1011.0 999.0  28.2 999.0 99.0 99.00
2026 04 28 10 30  63  7.6  9.0 99.00 99.00 99.00 999 1011.0 999.0  28.2 999.0 99.0 99.00
2026 04 28 10 40  68  7.8  9.3  1.23  5.88  4.25 101 1011.0 999.0  28.2 999.0 99.0 99.00
2026 04 28 10 50  68  7.9  8.9 99.00 99.00 99.00 999 1011.0 999.0  28.2 999.0 99.0 99.00
2026 04 28 11 00  68  7.8  9.5 99.00 99.00 99.00 999 1011.2 999.0  28.2 999.0 99.0 99.00
2026 04 28 11 10  65  7.9  9.4  1.21  5.26  4.22 101 1011.3 999.0  28.2 999.0 99.0 99.00
2026 04 28 11 20  63  8.1  9.2 99.00 99.00 99.00 999 1011.3 999.0  28.2 999.0 99.0 99.00
2026 04 28 11 30  63  8.2 10.1 99.00 99.00 99.00 999 1011.5 999.0  28.2 999.0 99.0 99.00
2026 04 28 11 40  67  8.5  9.9  1.22  5.26  4.27  97 1011.6 999.0  28.2 999.0 99.0 99.00
2026 04 28 11 50  79  9.3 11.5 99.00 99.00 99.00 999 1011.6 999.0  28.2 999.0 99.0 99.00
2026 04 28 12 00  74  8.2  9.6 99.00 99.00 99.00 999 1011.7 999.0  28.2 999.0 99.0 99.00
2026 04 28 12 10  74  7.8  9.4  1.27  5.00  4.24  93 1012.0 999.0  28.2 999.0 99.0 99.00
2026 04 28 12 20  73  6.9  8.3 99.00 99.00 99.00 999 1012.2 999.0  28.2 999.0 99.0 99.00
2026 04 28 12 30  67  6.8  8.4 99.00 99.00 99.00 999 1012.3 999.0  28.2 999.0 99.0 99.00
2026 04 28 12 40  64  7.1  8.5  1.23  5.88  4.39 104 1012.3 999.0  28.2 999.0 99.0 99.00
2026 04 28 12 50  67  7.7  9.8 99.00 99.00 99.00 999 1012.4 999.0  28.2 999.0 99.0 99.00
2026 04 28 13 00  69  8.1  9.7 99.00 99.00 99.00 999 1012.5 999.0  28.2 999.0 99.0 99.00
2026 04 28 13 10  64  8.2 10.4  1.18  5.88  4.31  97 1012.5 999.0  28.2 999.0 99.0 99.00
2026 04 28 13 20  68  8.0  9.7 99.00 99.00 99.00 999 1012.5 999.0  28.2 999.0 99.0 99.00
2026 04 28 13 30  67  8.2  9.9 99.00 99.00 99.00 999 1012.7 999.0  28.2 999.0 99.0 99.00
2026 04 28 13 40  67  8.3  9.9  1.23  5.88  4.17 103 1012.8 999.0  28.2 999.0 99.0 99.00
2026 04 28 13 50  69  8.0 10.0 99.00 99.00 99.00 999 1012.9 999.0  28.2 999.0 99.0 99.00
2026 04 28 14 00  68  8.1  9.4 99.00 99.00 99.00 999 1012.9 999.0  28.2 999.0 99.0 99.00
2026 04 28 14 10  70  7.8  9.4  1.30  5.88  4.27 107 1012.9 999.0  28.2 999.0 99.0 99.00
2026 04 28 14 20  73  8.1  9.5 99.00 99.00 99.00 999 1012.8 999.0  28.2 999.0 99.0 99.00
2026 04 28 14 30  71  7.7  9.3 99.00 99.00 99.00 999 1012.9 999.0  28.2 999.0 99.0 99.00
2026 04 28 14 40  73  7.5  8.8  1.35  5.88  4.41  97 1012.9 999.0  28.2 999.0 99.0 99.00
2026 04 28 14 50  72  7.3  8.7 99.00 99.00 99.00 999 1012.9 999.0  28.2 999.0 99.0 99.00
2026 04 28 15 00  68  7.1  8.7 99.00 99.00 99.00 999 1013.0 999.0  28.2 999.0 99.0 99.00
2026 04 28 15 10  70  7.8  9.2  1.38  5.56  4.39  94 1013.0 999.0  28.2 999.0 99.0 99.00
2026 04 28 15 20  72  7.8  9.1 99.00 99.00 99.00 999 1013.0 999.0  28.2 999.0 99.0 99.00
2026 04 28 15 30  71  8.0  9.8 99.00 99.00 99.00 999 1013.0 999.0  28.2 999.0 99.0 99.00
2026 04 28 15 40  73  8.3  9.5  1.37  5.88  4.42  94 1013.1 999.0  28.2 999.0 99.0 99.00
2026 04 28 15 50  71  7.3  9.1 99.00 99.00 99.00 999 1013.0 999.0  28.2 999.0 99.0 99.00
2026 04 28 16 00  69  7.5  8.7 99.00 99.00 99.00 999 1012.8 999.0  28.3 999.0 99.0 99.00
2026 04 28 16 10  72  6.9 11.9  1.21  5.56  4.24  99 1012.8 999.0  28.2 999.0 99.0 99.00
2026 04 28 16 20  94 10.8 12.7 99.00 99.00 99.00 999 1012.7 999.0  28.3 999.0 99.0 99.00
2026 04 28 16 30  89  9.0 11.0 99.00 99.00 99.00 999 1012.7 999.0  28.3 999.0 99.0 99.00
2026 04 28 16 40  89  8.9 10.7  1.35  5.88  4.33  93 1012.5 999.0  28.3 999.0 99.0 99.00
2026 04 28 16 50  85  7.9  9.3 99.00 99.00 99.00 999 1012.5 999.0  28.3 999.0 99.0 99.00
2026 04 28 17 00  78  8.2  9.5 99.00 99.00 99.00 999 1012.2 999.0  28.2 999.0 99.0 99.00
2026 04 28 17 10  72  7.4  8.8  1.30  5.88  4.28 100 1012.1 999.0  28.3 999.0 99.0 99.00
2026 04 28 17 20  68  7.3  8.8 99.00 99.00 99.00 999 1012.0 999.0  28.2 999.0 99.0 99.00
2026 04 28 17 30  67  6.8  8.1 99.00 99.00 99.00 999 1011.9 999.0  28.3 999.0 99.0 99.00
2026 04 28 17 40  64  6.4  8.1  1.34  5.88  4.38 102 1011.7 999.0  28.3 999.0 99.0 99.00
2026 04 28 17 50  65  6.6  8.1 99.00 99.00 99.00 999 1011.6 999.0  28.3 999.0 99.0 99.00
2026 04 28 18 00  67  7.0  8.2 99.00 99.00 99.00 999 1011.3 999.0  28.3 999.0 99.0 99.00
2026 04 28 18 10  72  7.2  8.4  1.24  5.88  4.28 100 1011.2 999.0  28.3 999.0 99.0 99.00
2026 04 28 18 20  71  7.1  8.5 99.00 99.00 99.00 999 1011.0 999.0  28.4 999.0 99.0 99.00
2026 04 28 18 30  72  7.3  8.5 99.00 99.00 99.00 999 1010.9 999.0  28.4 999.0 99.0 99.00
2026 04 28 18 40  72  7.5  8.7  1.24  5.88  4.41  98 1010.7 999.0  28.4 999.0 99.0 99.00
2026 04 28 18 50  75  7.7  9.1 99.00 99.00 99.00 999 1010.7 999.0  28.4 999.0 99.0 99.00
2026 04 28 19 00  71  7.6  9.0 99.00 99.00 99.00 999 1010.6 999.0  28.4 999.0 99.0 99.00
2026 04 28 19 10  67  7.4  8.9  1.23  6.25  4.39 106 1010.4 999.0  28.4 999.0 99.0 99.00
2026 04 28 19 20  69  7.7  8.9 99.00 99.00 99.00 999 1010.4 999.0  28.4 999.0 99.0 99.00
2026 04 28 19 30  69  8.0  9.6 99.00 99.00 99.00 999 1010.4 999.0  28.4 999.0 99.0 99.00
2026 04 28 19 40  66  7.8  9.3  1.35  5.88  4.47 102 1010.4 999.0  28.5 999.0 99.0 99.00
2026 04 28 19 50  70  7.9  9.0 99.00 99.00 99.00 999 1010.3 999.0  28.5 999.0 99.0 99.00
2026 04 28 20 00  69  7.7  9.1 99.00 99.00 99.00 999 1010.3 999.0  28.4 999.0 99.0 99.00
2026 04 28 20 10  67  7.6  8.9  1.30  5.56  4.42  93 1010.2 999.0  28.5 999.0 99.0 99.00
2026 04 28 20 20  62  7.5 10.1 99.00 99.00 99.00 999 1010.2 999.0  28.5 999.0 99.0 99.00
2026 04 28 20 30  60  7.8  9.9 99.00 99.00 99.00 999 1010.1 999.0  28.4 999.0 99.0 99.00
2026 04 28 20 40  62  7.9  9.5  1.26  5.88  4.35 102 1010.0 999.0  28.5 999.0 99.0 99.00
2026 04 28 20 50  63  7.9  9.5 99.00 99.00 99.00 999 1009.9 999.0  28.5 999.0 99.0 99.00
2026 04 28 21 00  62  7.6  9.0 99.00 99.00 99.00 999 1009.8 999.0  28.5 999.0 99.0 99.00
2026 04 28 21 10  61  8.1  9.8  1.25  6.25  4.38 100 1009.8 999.0  28.4 999.0 99.0 99.00
2026 04 28 21 20  61  7.7  9.7 99.00 99.00 99.00 999 1009.6 999.0  28.4 999.0 99.0 99.00
2026 04 28 21 30  61  7.8  9.9 99.00 99.00 99.00 999 1009.6 999.0  28.5 999.0 99.0 99.00
2026 04 28 21 40  61  8.3  9.9  1.34  6.25  4.50 104 1009.6 999.0  28.4 999.0 99.0 99.00
2026 04 28 21 50  58  8.0  9.4 99.00 99.00 99.00 999 1009.6 999.0  28.4 999.0 99.0 99.00
2026 04 28 22 00  63  8.2  9.7 99.00 99.00 99.00 999 1009.6 999.0  28.4 999.0 99.0 99.00
2026 04 28 22 10  60  8.1  9.6  1.42  6.25  4.50  96 1009.7 999.0  28.4 999.0 99.0 99.00
2026 04 28 22 20  59  8.2  9.8 99.00 99.00 99.00 999 1009.7 999.0  28.4 999.0 99.0 99.00
2026 04 28 22 30  59  8.5  9.9 99.00 99.00 99.00 999 1009.7 999.0  28.4 999.0 99.0 99.00
2026 04 28 22 40  59  8.6 10.1  1.35  6.25  4.48  96 1009.8 999.0  28.4 999.0 99.0 99.00
2026 04 28 22 50  59  8.7 10.4 99.00 99.00 99.00 999 1009.8 999.0  28.4 999.0 99.0 99.00
2026 04 28 23 00  61  8.3 10.1 99.00 99.00 99.00 999 1009.9 999.0  28.4 999.0 99.0 99.00
2026 04 28 23 10  57  8.7 11.0  1.37  5.88  4.55 106 1010.1 999.0  28.4 999.0 99.0 99.00
2026 04 28 23 20  58  8.8 10.4 99.00 99.00 99.00 999 1010.1 999.0  28.4 999.0 99.0 99.00
2026 04 28 23 30  59  8.6 10.0 99.00 99.00 99.00 999 1010.3 999.0  28.4 999.0 99.0 99.00
2026 04 28 23 40  60  8.4 10.1  1.26  5.88  4.33  94 1010.3 999.0  28.4 999.0 99.0 99.00
2026 04 28 23 50  61  8.8 10.4 99.00 99.00 99.00 999 1010.4 999.0  28.4 999.0 99.0 99.00
2026 04 29 00 00  57  8.7 10.4 99.00 99.00 99.00 999 1010.6 999.0  28.4 999.0 99.0 99.00
2026 04 29 00 10  57  8.6 10.0  1.33  6.25  4.40 101 1010.7 999.0  28.4 999.0 99.0 99.00
2026 04 29 00 20  55  8.4 10.1 99.00 99.00 99.00 999 1010.7 999.0  28.4 999.0 99.0 99.00
2026 04 29 00 30  57  8.4 10.2 99.00 99.00 99.00 999 1010.8 999.0  28.4 999.0 99.0 99.00
2026 04 29 00 40  56  7.7  9.5  1.43  6.67  4.53  89 1010.8 999.0  28.4 999.0 99.0 99.00
2026 04 29 00 50  54  7.8  9.5 99.00 99.00 99.00 999 1010.8 999.0  28.4 999.0 99.0 99.00
2026 04 29 01 00  52  7.9  9.3 99.00 99.00 99.00 999 1010.9 999.0  28.4 999.0 99.0 99.00
2026 04 29 01 10  54  8.1  9.9  1.41  6.67  4.51 101 1011.0 999.0  28.3 999.0 99.0 99.00
2026 04 29 01 20  55  8.3  9.9 99.00 99.00 99.00 999 1011.2 999.0  28.3 999.0 99.0 99.00
2026 04 29 01 30  53  9.1 10.8 99.00 99.00 99.00 999 1011.3 999.0  28.3 999.0 99.0 99.00
2026 04 29 01 40  59  8.9 11.0  1.48  6.25  4.63  92 1011.4 999.0  28.3 999.0 99.0 99.00
2026 04 29 01 50  59  9.3 11.2 99.00 99.00 99.00 999 1011.4 999.0  28.3 999.0 99.0 99.00
2026 04 29 02 00  60  9.6 11.1 99.00 99.00 99.00 999 1011.5 999.0  28.3 999.0 99.0 99.00
2026 04 29 02 10  60  8.8 10.7  1.48  6.25  4.55  92 1011.6 999.0  28.3 999.0 99.0 99.00
2026 04 29 02 20  55  8.2 10.3 99.00 99.00 99.00 999 1011.6 999.0  28.3 999.0 99.0 99.00
2026 04 29 02 30  60  9.0 11.1 99.00 99.00 99.00 999 1011.7 999.0  28.3 999.0 99.0 99.00
2026 04 29 02 40  62  9.3 11.2  1.54  6.67  4.62 102 1011.8 999.0  28.3 999.0 99.0 99.00
2026 04 29 02 50  65  9.1 10.8 99.00 99.00 99.00 999 1011.9 999.0  28.3 999.0 99.0 99.00
2026 04 29 03 00  63  8.3  9.8 99.00 99.00 99.00 999 1011.9 999.0  28.3 999.0 99.0 99.00
2026 04 29 03 10  59  8.6 10.4  1.48  6.67  4.59 100 1011.9 999.0  28.3 999.0 99.0 99.00
2026 04 29 03 20  64  8.8 10.8 99.00 99.00 99.00 999 1012.0 999.0  28.3 999.0 99.0 99.00
2026 04 29 03 30  67  8.5 10.1 99.00 99.00 99.00 999 1011.9 999.0  28.3 999.0 99.0 99.00
2026 04 29 03 40  62  8.3  9.9  1.38  5.88  4.53  96 1011.8 999.0  28.3 999.0 99.0 99.00
2026 04 29 03 50  61  8.5 10.2 99.00 99.00 99.00 999 1011.7 999.0  28.3 999.0 99.0 99.00
2026 04 29 04 00  65  8.6 10.1 99.00 99.00 99.00 999 1011.6 999.0  28.3 999.0 99.0 99.00
2026 04 29 04 10  65  8.1 10.4  1.52  6.67  4.76 101 1011.6 999.0  28.3 999.0 99.0 99.00
2026 04 29 04 20  63  9.0 10.4 99.00 99.00 99.00 999 1011.4 999.0  28.3 999.0 99.0 99.00
2026 04 29 04 30  65  8.7 10.4 99.00 99.00 99.00 999 1011.3 999.0  28.3 999.0 99.0 99.00
2026 04 29 04 40  64  8.6 10.3  1.54  7.14  4.61 104 1011.2 999.0  28.3 999.0 99.0 99.00
2026 04 29 04 50  60  8.5 10.6 99.00 99.00 99.00 999 1010.9 999.0  28.3 999.0 99.0 99.00
2026 04 29 05 00  60  8.4 10.6 99.00 99.00 99.00 999 1010.8 999.0  28.3 999.0 99.0 99.00
2026 04 29 05 10  61  8.5 10.3  1.58  6.67  4.72  99 1010.6 999.0  28.3 999.0 99.0 99.00
2026 04 29 05 20  63  9.1 11.2 99.00 99.00 99.00 999 1010.5 999.0  28.3 999.0 99.0 99.00
2026 04 29 05 30  61  8.6 10.5 99.00 99.00 99.00 999 1010.3 999.0  28.3 999.0 99.0 99.00
2026 04 29 05 40  61  8.9 10.9  1.47  6.25  4.44 102 1010.2 999.0  28.3 999.0 99.0 99.00
2026 04 29 05 50  56  8.6 10.1 99.00 99.00 99.00 999 1010.1 999.0  28.3 999.0 99.0 99.00
2026 04 29 06 00  60  8.4 10.0 99.00 99.00 99.00 999 1010.0 999.0  28.3 999.0 99.0 99.00
2026 04 29 06 10  64  7.9  9.8  1.60  7.14  4.69 100 1009.9 999.0  28.3 999.0 99.0 99.00
2026 04 29 06 20  65  8.8 10.1 99.00 99.00 99.00 999 1009.8 999.0  28.3 999.0 99.0 99.00
2026 04 29 06 30  65  8.9 10.6 99.00 99.00 99.00 999 1009.8 999.0  28.3 999.0 99.0 99.00
2026 04 29 06 40  71  9.0 10.8  1.70  6.67  4.71  97 1009.7 999.0  28.3 999.0 99.0 99.00
2026 04 29 06 50  70  9.6 11.1 99.00 99.00 99.00 999 1009.6 999.0  28.3 999.0 99.0 99.00
2026 04 29 07 00  70  9.2 10.6 99.00 99.00 99.00 999 1009.6 999.0  28.3 999.0 99.0 99.00
2026 04 29 07 10  69  9.0 10.7  1.70  6.67  4.87 101 1009.5 999.0  28.3 999.0 99.0 99.00
2026 04 29 07 20  70  9.2 11.0 99.00 99.00 99.00 999 1009.3 999.0  28.3 999.0 99.0 99.00
2026 04 29 07 30  71  9.1 11.2 99.00 99.00 99.00 999 1009.2 999.0  28.2 999.0 99.0 99.00
2026 04 29 07 40  77  8.5 10.4  1.64  7.14  4.75  99 1009.2 999.0  28.2 999.0 99.0 99.00
2026 04 29 07 50  78  9.5 11.3 99.00 99.00 99.00 999 1009.1 999.0  28.2 999.0 99.0 99.00
2026 04 29 08 00  78  8.8 10.7 99.00 99.00 99.00 999 1009.2 999.0  28.2 999.0 99.0 99.00
2026 04 29 08 10  76  9.0 10.7  1.63  6.67  4.77  98 1009.2 999.0  28.2 999.0 99.0 99.00
2026 04 29 08 20  74  9.2 11.3 99.00 99.00 99.00 999 1009.1 999.0  28.2 999.0 99.0 99.00
2026 04 29 08 30  76  9.1 11.2 99.00 99.00 99.00 999 1009.1 999.0  28.2 999.0 99.0 99.00
2026 04 29 08 40  77  9.2 11.0  1.73  7.14  4.89  97 1009.0 999.0  28.2 999.0 99.0 99.00
2026 04 29 08 50  73  8.6 10.5 99.00 99.00 99.00 999 1009.0 999.0  28.2 999.0 99.0 99.00
2026 04 29 09 00  71  9.3 11.1 99.00 99.00 99.00 999 1009.0 999.0  28.2 999.0 99.0 99.00
2026 04 29 09 10  74  9.1 10.4  1.68  6.67  4.82 102 1009.0 999.0  28.2 999.0 99.0 99.00
2026 04 29 09 20  73  9.2 10.8 99.00 99.00 99.00 999 1009.1 999.0  28.2 999.0 99.0 99.00
2026 04 29 09 30  75  8.8 10.7 99.00 99.00 99.00 999 1009.2 999.0  28.2 999.0 99.0 99.00
2026 04 29 09 40  74  8.4 10.0  1.70  6.67  4.85 105 1009.3 999.0  28.2 999.0 99.0 99.00
2026 04 29 09 50  72  9.0 10.8 99.00 99.00 99.00 999 1009.3 999.0  28.2 999.0 99.0 99.00
2026 04 29 10 00  71  8.7 10.1 99.00 99.00 99.00 999 1009.3 999.0  28.2 999.0 99.0 99.00
2026 04 29 10 10  69  8.3 10.1  1.74  7.14  4.95 103 1009.3 999.0  28.2 999.0 99.0 99.00
2026 04 29 10 20  67  8.4 10.1 99.00 99.00 99.00 999 1009.3 999.0  28.2 999.0 99.0 99.00
2026 04 29 10 30  71  9.1 10.8 99.00 99.00 99.00 999 1009.2 999.0  28.2 999.0 99.0 99.00
2026 04 29 10 40  72  8.9 10.7  1.66  7.14  4.98 103 1009.4 999.0  28.2 999.0 99.0 99.00
2026 04 29 10 50  74  8.8 10.9 99.00 99.00 99.00 999 1009.4 999.0  28.2 999.0 99.0 99.00
2026 04 29 11 00  76  9.2 10.9 99.00 99.00 99.00 999 1009.6 999.0  28.2 999.0 99.0 99.00
2026 04 29 11 10  77  8.5 10.2  1.65  6.67  4.80 100 1009.6 999.0  28.2 999.0 99.0 99.00
2026 04 29 11 20  75  9.0 10.8 99.00 99.00 99.00 999 1009.5 999.0  28.2 999.0 99.0 99.00
2026 04 29 11 30  78  8.8 10.7 99.00 99.00 99.00 999 1009.7 999.0  28.2 999.0 99.0 99.00
2026 04 29 11 40  75  8.5 10.0  1.59  7.14  4.73  97 1009.8 999.0  28.2 999.0 99.0 99.00
2026 04 29 11 50  79  8.4 10.3 99.00 99.00 99.00 999 1009.9 999.0  28.2 999.0 99.0 99.00
2026 04 29 12 00  75  8.9 10.8 99.00 99.00 99.00 999 1010.1 999.0  28.2 999.0 99.0 99.00
2026 04 29 12 10  71  8.8 11.2  1.73  7.14  4.91 102 1010.2 999.0  28.2 999.0 99.0 99.00
2026 04 29 12 20  68  9.1 10.6 99.00 99.00 99.00 999 1010.2 999.0  28.2 999.0 99.0 99.00
2026 04 29 12 30  71  9.1 10.9 99.00 99.00 99.00 999 1010.3 999.0  28.2 999.0 99.0 99.00
2026 04 29 12 40  77  9.7 11.7  1.62  7.14  4.95 111 1010.3 999.0  28.2 999.0 99.0 99.00
2026 04 29 12 50  82  9.9 12.2 99.00 99.00 99.00 999 1010.4 999.0  28.2 999.0 99.0 99.00
2026 04 29 13 00  82  9.5 11.2 99.00 99.00 99.00 999 1010.4 999.0  28.2 999.0 99.0 99.00
2026 04 29 13 10  79  9.4 11.5  1.72  6.67  4.86 103 1010.5 999.0  28.2 999.0 99.0 99.00
2026 04 29 13 20  77  9.2 11.4 99.00 99.00 99.00 999 1010.7 999.0  28.2 999.0 99.0 99.00
2026 04 29 13 30  76  8.7 10.0 99.00 99.00 99.00 999 1010.8 999.0  28.2 999.0 99.0 99.00
2026 04 29 13 40  80  8.8 10.9  1.70  7.14  5.07 110 1010.9 999.0  28.2 999.0 99.0 99.00
2026 04 29 13 50  77  9.0 11.2 99.00 99.00 99.00 999 1011.1 999.0  28.2 999.0 99.0 99.00
2026 04 29 14 00  77  8.8 11.3 99.00 99.00 99.00 999 1011.2 999.0  28.2 999.0 99.0 99.00
2026 04 29 14 10  78  9.3 11.2  1.65  7.14  4.82 106 1011.1 999.0  28.2 999.0 99.0 99.00
2026 04 29 14 20  76  9.3 11.2 99.00 99.00 99.00 999 1011.1 999.0  28.2 999.0 99.0 99.00
2026 04 29 14 30  82  9.6 11.4 99.00 99.00 99.00 999 1011.2 999.0  28.2 999.0 99.0 99.00
2026 04 29 14 40  79  9.8 11.9  1.74  7.69  4.97 110 1011.2 999.0  28.2 999.0 99.0 99.00
2026 04 29 14 50  78  9.3 10.7 99.00 99.00 99.00 999 1011.2 999.0  28.2 999.0 99.0 99.00
2026 04 29 15 00  77  9.0 10.5 99.00 99.00 99.00 999 1011.2 999.0  28.2 999.0 99.0 99.00
2026 04 29 15 10  75  8.9 10.7  1.74  7.14  4.93 105 1011.2 999.0  28.2 999.0 99.0 99.00
2026 04 29 15 20  72  8.8 10.8 99.00 99.00 99.00 999 1011.1 999.0  28.2 999.0 99.0 99.00
2026 04 29 15 30  77  9.4 11.0 99.00 99.00 99.00 999 1011.2 999.0  28.2 999.0 99.0 99.00
2026 04 29 15 40  73  9.6 11.3  1.81  7.14  4.90 107 1011.1 999.0  28.2 999.0 99.0 99.00
2026 04 29 15 50  74  8.9 10.5 99.00 99.00 99.00 999 1011.1 999.0  28.2 999.0 99.0 99.00
2026 04 29 16 00  71  9.0 10.8 99.00 99.00 99.00 999 1011.1 999.0  28.2 999.0 99.0 99.00
2026 04 29 16 10  74  9.1 10.7  1.75  7.14  4.99 104 1011.0 999.0  28.2 999.0 99.0 99.00
2026 04 29 16 20  71  9.0 11.0 99.00 99.00 99.00 999 1010.9 999.0  28.2 999.0 99.0 99.00
2026 04 29 16 30  72  8.8 10.5 99.00 99.00 99.00 999 1010.9 999.0  28.2 999.0 99.0 99.00
2026 04 29 16 40  72  8.9 11.0  1.82  7.14  5.08 108 1010.8 999.0  28.2 999.0 99.0 99.00
2026 04 29 16 50  73  9.5 11.4 99.00 99.00 99.00 999 1010.7 999.0  28.2 999.0 99.0 99.00
2026 04 29 17 00  73  8.8 10.4 99.00 99.00 99.00 999 1010.6 999.0  28.2 999.0 99.0 99.00
2026 04 29 17 10  74  8.9 10.7  1.91  7.14  5.05 104 1010.4 999.0  28.2 999.0 99.0 99.00
2026 04 29 17 20  75  9.1 10.8 99.00 99.00 99.00 999 1010.3 999.0  28.2 999.0 99.0 99.00
2026 04 29 17 30  75  8.5 10.2 99.00 99.00 99.00 999 1010.3 999.0 999.0 999.0 99.0 99.00
2026 04 29 17 40  76  8.6 10.4  1.77  7.69  5.05 109 1010.2 999.0  28.2 999.0 99.0 99.00
2026 04 29 17 50  79  9.1 10.8 99.00 99.00 99.00 999 1010.1 999.0  28.2 999.0 99.0 99.00
2026 04 29 18 00  79  8.7 10.3 99.00 99.00 99.00 999 1010.1 999.0  28.2 999.0 99.0 99.00
2026 04 29 18 10  79  9.1 11.3  1.78  6.67  4.94 107 1010.0 999.0  28.2 999.0 99.0 99.00
2026 04 29 18 20  78  9.1 10.8 99.00 99.00 99.00 999 1009.8 999.0  28.2 999.0 99.0 99.00
2026 04 29 18 30  76  9.1 11.0 99.00 99.00 99.00 999 1009.5 999.0  28.2 999.0 99.0 99.00
2026 04 29 18 40  77  9.1 11.0  1.89  6.67  5.15 101 1009.3 999.0  28.2 999.0 99.0 99.00
2026 04 29 18 50  75  9.7 12.3 99.00 99.00 99.00 999 1009.2 999.0  28.3 999.0 99.0 99.00
2026 04 29 19 00  77  9.3 11.3 99.00 99.00 99.00 999 1009.2 999.0  28.3 999.0 99.0 99.00
2026 04 29 19 10  73  9.3 11.7  1.86  7.69  4.97  97 1009.1 999.0  28.3 999.0 99.0 99.00
2026 04 29 19 20  75  9.3 11.1 99.00 99.00 99.00 999 1009.0 999.0  28.3 999.0 99.0 99.00
2026 04 29 19 30  74  8.7 10.8 99.00 99.00 99.00 999 1009.0 999.0  28.3 999.0 99.0 99.00
2026 04 29 19 40  74  9.0 10.9  1.87  7.14  5.09 106 1008.8 999.0  28.3 999.0 99.0 99.00
2026 04 29 19 50  76  9.5 11.3 99.00 99.00 99.00 999 1008.6 999.0  28.3 999.0 99.0 99.00
2026 04 29 20 00  77  9.3 11.1 99.00 99.00 99.00 999 1008.5 999.0  28.3 999.0 99.0 99.00
2026 04 29 20 10  76  9.6 11.6  1.86  7.69  4.96 104 1008.2 999.0  28.3 999.0 99.0 99.00
2026 04 29 20 20  73  9.6 11.5 99.00 99.00 99.00 999 1008.1 999.0  28.3 999.0 99.0 99.00
2026 04 29 20 30  74  9.6 11.2 99.00 99.00 99.00 999 1007.9 999.0  28.3 999.0 99.0 99.00
2026 04 29 20 40  73  9.2 10.9  1.84  7.14  4.96 102 1007.8 999.0  28.3 999.0 99.0 99.00
2026 04 29 20 50  76  9.5 11.4 99.00 99.00 99.00 999 1007.6 999.0  28.3 999.0 99.0 99.00
2026 04 29 21 00  75  9.2 11.5 99.00 99.00 99.00 999 1007.7 999.0  28.3 999.0 99.0 99.00
2026 04 29 21 10  77  9.5 10.9  1.96  7.69  5.15 102 1007.6 999.0  28.3 999.0 99.0 99.00
2026 04 29 21 20  79  9.5 11.5 99.00 99.00 99.00 999 1007.6 999.0  28.3 999.0 99.0 99.00
2026 04 29 21 30  77  9.6 11.0 99.00 99.00 99.00 999 1007.5 999.0  28.3 999.0 99.0 99.00
2026 04 29 21 40  76  9.2 11.3  1.89  7.69  5.19 107 1007.5 999.0  28.2 999.0 99.0 99.00
2026 04 29 21 50  80  9.7 11.6 99.00 99.00 99.00 999 1007.4 999.0  28.2 999.0 99.0 99.00
2026 04 29 22 00  79  9.7 11.5 99.00 99.00 99.00 999 1007.4 999.0  28.2 999.0 99.0 99.00
2026 04 29 22 10  79  9.7 11.8  1.82  7.14  5.05 105 1007.4 999.0  28.2 999.0 99.0 99.00
2026 04 29 22 20  78  9.6 11.1 99.00 99.00 99.00 999 1007.5 999.0  28.2 999.0 99.0 99.00
2026 04 29 22 30  78  8.4 10.9 99.00 99.00 99.00 999 1007.8 999.0  28.2 999.0 99.0 99.00
2026 04 29 22 40  71  8.8 10.3  1.91  7.69  5.19 106 1007.8 999.0  28.2 999.0 99.0 99.00
2026 04 29 22 50  77  8.3 10.1 99.00 99.00 99.00 999 1007.9 999.0  28.2 999.0 99.0 99.00
2026 04 29 23 00  72  8.7 10.4 99.00 99.00 99.00 999 1008.0 999.0  28.2 999.0 99.0 99.00
2026 04 29 23 10  74  9.1 10.8  2.03  7.14  5.34 100 1007.9 999.0  28.2 999.0 99.0 99.00
2026 04 29 23 20  72  8.8 10.7 99.00 99.00 99.00 999 1008.1 999.0  28.2 999.0 99.0 99.00
2026 04 29 23 30  70  8.9 10.8 99.00 99.00 99.00 999 1008.1 999.0  28.2 999.0 99.0 99.00
2026 04 29 23 40  75  8.8 10.2  1.83  6.67  5.01 101 1008.3 999.0  28.2 999.0 99.0 99.00
2026 04 29 23 50  72  8.7 10.4 99.00 99.00 99.00 999 1008.4 999.0  28.2 999.0 99.0 99.00
2026 04 30 00 00  72  8.6 10.3 99.00 99.00 99.00 999 1008.6 999.0  28.2 999.0 99.0 99.00
2026 04 30 00 10  70  8.6 10.4  1.97  7.69  5.16 103 1008.8 999.0  28.2 999.0 99.0 99.00
2026 04 30 00 20  69  8.8 10.4 99.00 99.00 99.00 999 1009.0 999.0  28.2 999.0 99.0 99.00
2026 04 30 00 30  68  8.7 10.2 99.00 99.00 99.00 999 1009.0 999.0  28.1 999.0 99.0 99.00
2026 04 30 00 40  72  8.3 10.4  1.97  7.14  5.26  99 1009.2 999.0  28.1 999.0 99.0 99.00
2026 04 30 00 50  70  8.9 10.5 99.00 99.00 99.00 999 1009.2 999.0  28.1 999.0 99.0 99.00
2026 04 30 01 00  73  8.6 10.4 99.00 99.00 99.00 999 1009.3 999.0  28.1 999.0 99.0 99.00
2026 04 30 01 10  69  9.0 11.1  1.97  7.14  5.34 107 1009.2 999.0  28.1 999.0 99.0 99.00
2026 04 30 01 20  69  9.4 11.5 99.00 99.00 99.00 999 1009.2 999.0  28.1 999.0 99.0 99.00
2026 04 30 01 30  72  8.8 10.3 99.00 99.00 99.00 999 1009.4 999.0  28.1 999.0 99.0 99.00
2026 04 30 01 40  69  8.6 10.4  1.99  7.69  5.21 100 1009.3 999.0  28.1 999.0 99.0 99.00
2026 04 30 01 50  64  8.9 10.8 99.00 99.00 99.00 999 1009.5 999.0  28.1 999.0 99.0 99.00
2026 04 30 02 00  60  8.6 10.4 99.00 99.00 99.00 999 1009.6 999.0  28.1 999.0 99.0 99.00
2026 04 30 02 10  60  8.5  9.8  1.97  7.69  5.25 111 1009.8 999.0  28.1 999.0 99.0 99.00
2026 04 30 02 20  61  8.5 10.2 99.00 99.00 99.00 999 1009.6 999.0  28.1 999.0 99.0 99.00
2026 04 30 02 30  60  8.8 10.6 99.00 99.00 99.00 999 1009.7 999.0  28.1 999.0 99.0 99.00
2026 04 30 02 40  61  8.5 10.0  1.92  7.14  5.27 101 1009.7 999.0  28.1 999.0 99.0 99.00
2026 04 30 02 50  59  8.9 10.8 99.00 99.00 99.00 999 1009.8 999.0  28.1 999.0 99.0 99.00
2026 04 30 03 00  59  8.9 10.7 99.00 99.00 99.00 999 1010.0 999.0  28.1 999.0 99.0 99.00
2026 04 30 03 10  60  9.0 11.0  1.95  7.69  5.30 110 1010.0 999.0  28.1 999.0 99.0 99.00
2026 04 30 03 20  57  8.9 10.7 99.00 99.00 99.00 999 1010.1 999.0  28.1 999.0 99.0 99.00
2026 04 30 03 30  55  9.2 11.0 99.00 99.00 99.00 999 1010.0 999.0  28.1 999.0 99.0 99.00
2026 04 30 03 40  60  8.8 10.5  2.05  7.69  5.34 105 1010.0 999.0  28.1 999.0 99.0 99.00
2026 04 30 03 50  56  8.8 10.9 99.00 99.00 99.00 999 1009.8 999.0  28.1 999.0 99.0 99.00
2026 04 30 04 00  55  9.2 11.3 99.00 99.00 99.00 999 1009.9 999.0  28.1 999.0 99.0 99.00
2026 04 30 04 10  59  9.6 11.4  2.04  7.69  5.44 107 1009.6 999.0  28.1 999.0 99.0 99.00
2026 04 30 04 20  52  9.0 10.5 99.00 99.00 99.00 999 1009.6 999.0  28.1 999.0 99.0 99.00
2026 04 30 04 30  58  8.7 11.2 99.00 99.00 99.00 999 1009.4 999.0  28.1 999.0 99.0 99.00
2026 04 30 04 40  61  9.2 11.0  1.96  6.67  5.23 102 1009.3 999.0  28.1 999.0 99.0 99.00
2026 04 30 04 50  62  9.1 10.5 99.00 99.00 99.00 999 1009.1 999.0  28.1 999.0 99.0 99.00
2026 04 30 05 00  63  8.2 10.1 99.00 99.00 99.00 999 1009.0 999.0  28.1 999.0 99.0 99.00
2026 04 30 05 10  64  8.7 10.4  1.94  7.69  5.25 101 1008.8 999.0  28.1 999.0 99.0 99.00
2026 04 30 05 20  65  8.8 10.3 99.00 99.00 99.00 999 1008.7 999.0  28.1 999.0 99.0 99.00
2026 04 30 05 30  66  9.2 10.7 99.00 99.00 99.00 999 1008.4 999.0  28.1 999.0 99.0 99.00
2026 04 30 05 40  70  9.1 11.1  1.98  7.14  5.20 104 1008.2 999.0  28.1 999.0 99.0 99.00
2026 04 30 05 50  68  9.2 11.3 99.00 99.00 99.00 999 1008.1 999.0  28.1 999.0 99.0 99.00
2026 04 30 06 00  69  9.2 10.7 99.00 99.00 99.00 999 1008.0 999.0  28.1 999.0 99.0 99.00
2026 04 30 06 10  69  9.4 10.7  2.05  7.14  5.21 102 1007.9 999.0  28.1 999.0 99.0 99.00
2026 04 30 06 20  64  9.3 11.1 99.00 99.00 99.00 999 1007.8 999.0  28.1 999.0 99.0 99.00
2026 04 30 06 30  64  9.4 11.3 99.00 99.00 99.00 999 1007.6 999.0  28.1 999.0 99.0 99.00
2026 04 30 06 40  66  9.1 10.8  2.00  7.69  5.17 110 1007.6 999.0  28.1 999.0 99.0 99.00
2026 04 30 06 50  68  8.7 10.6 99.00 99.00 99.00 999 1007.5 999.0  28.1 999.0 99.0 99.00
2026 04 30 07 00  64  9.3 11.4 99.00 99.00 99.00 999 1007.5 999.0  28.1 999.0 99.0 99.00
2026 04 30 07 10  62  9.1 10.8  1.93  7.69  5.20 105 1007.5 999.0  28.1 999.0 99.0 99.00
2026 04 30 07 20  68  8.7 11.0 99.00 99.00 99.00 999 1007.6 999.0  28.1 999.0 99.0 99.00
2026 04 30 07 30  66  8.6 10.8 99.00 99.00 99.00 999 1007.4 999.0  28.1 999.0 99.0 99.00
2026 04 30 07 40  64  9.5 10.9  1.94  7.69  5.21  99 1007.3 999.0  28.1 999.0 99.0 99.00
2026 04 30 07 50  66  9.1 11.6 99.00 99.00 99.00 999 1007.3 999.0  28.1 999.0 99.0 99.00
2026 04 30 08 00  64  9.2 11.0 99.00 99.00 99.00 999 1007.3 999.0  28.1 999.0 99.0 99.00
2026 04 30 08 10  65  9.2 11.7  2.03  7.69  5.26  98 1007.4 999.0  28.1 999.0 99.0 99.00
2026 04 30 08 20  61  9.4 11.5 99.00 99.00 99.00 999 1007.3 999.0  28.1 999.0 99.0 99.00
2026 04 30 08 30  65  9.2 11.5 99.00 99.00 99.00 999 1007.3 999.0  28.1 999.0 99.0 99.00
2026 04 30 08 40  67  9.4 11.0  1.99  7.69  5.18  98 1007.3 999.0  28.1 999.0 99.0 99.00
2026 04 30 08 50  63  9.2 11.1 99.00 99.00 99.00 999 1007.5 999.0  28.1 999.0 99.0 99.00
2026 04 30 09 00  61  8.9 10.8 99.00 99.00 99.00 999 1007.4 999.0  28.1 999.0 99.0 99.00
2026 04 30 09 10  60  9.3 11.1  1.82  7.14  4.97  98 1007.6 999.0  28.1 999.0 99.0 99.00
2026 04 30 09 20  61  8.9 10.8 99.00 99.00 99.00 999 1007.6 999.0  28.1 999.0 99.0 99.00
2026 04 30 09 30  64  9.5 11.3 99.00 99.00 99.00 999 1007.7 999.0  28.1 999.0 99.0 99.00
2026 04 30 09 40  62  9.8 12.1  1.90  7.14  4.99 101 1007.8 999.0  28.1 999.0 99.0 99.00
2026 04 30 09 50  67  9.2 11.5 99.00 99.00 99.00 999 1007.9 999.0  28.1 999.0 99.0 99.00
2026 04 30 10 00  66  9.1 11.3 99.00 99.00 99.00 999 1007.9 999.0  28.1 999.0 99.0 99.00
2026 04 30 10 10  67  9.5 11.5  1.86  7.14  5.03 105 1007.8 999.0  28.1 999.0 99.0 99.00
2026 04 30 10 20  67  9.3 11.1 99.00 99.00 99.00 999 1007.9 999.0  28.1 999.0 99.0 99.00
2026 04 30 10 30  63  9.2 10.8 99.00 99.00 99.00 999 1007.9 999.0  28.1 999.0 99.0 99.00
2026 04 30 10 40  64  9.2 11.2  1.91  7.14  5.04  98 1008.0 999.0  28.1 999.0 99.0 99.00
2026 04 30 10 50  66  9.7 11.3 99.00 99.00 99.00 999 1008.0 999.0  28.1 999.0 99.0 99.00
2026 04 30 11 00  63  9.1 11.1 99.00 99.00 99.00 999 1008.2 999.0  28.1 999.0 99.0 99.00
2026 04 30 11 10  64  8.9 10.9  2.02  7.14  5.26 103 1008.4 999.0  28.1 999.0 99.0 99.00
2026 04 30 11 20  69  9.1 11.0 99.00 99.00 99.00 999 1008.4 999.0  28.1 999.0 99.0 99.00
2026 04 30 11 30  71  9.6 11.3 99.00 99.00 99.00 999 1008.6 999.0  28.1 999.0 99.0 99.00
2026 04 30 11 40  69  8.9 10.8  1.89  7.14  5.11 102 1008.8 999.0  28.1 999.0 99.0 99.00
2026 04 30 11 50  69  9.1 11.1 99.00 99.00 99.00 999 1008.9 999.0  28.1 999.0 99.0 99.00
2026 04 30 12 00  70  9.1 10.6 99.00 99.00 99.00 999 1009.0 999.0  28.1 999.0 99.0 99.00
2026 04 30 12 10  72  8.8 10.6  1.89  7.14  4.99  97 1009.0 999.0  28.1 999.0 99.0 99.00
2026 04 30 12 20  72  9.1 10.9 99.00 99.00 99.00 999 1009.1 999.0  28.1 999.0 99.0 99.00
2026 04 30 12 30  75  9.1 10.8 99.00 99.00 99.00 999 1009.0 999.0  28.1 999.0 99.0 99.00
2026 04 30 12 40  72  9.2 10.7  1.78  7.69  5.00 105 1009.1 999.0  28.1 999.0 99.0 99.00
2026 04 30 12 50  72  9.3 11.1 99.00 99.00 99.00 999 1009.2 999.0  28.1 999.0 99.0 99.00
2026 04 30 13 00  73  8.1 10.7 99.00 99.00 99.00 999 1009.3 999.0  28.1 999.0 99.0 99.00
2026 04 30 13 10  70  9.3 11.0  1.81  7.14  4.90 102 1009.3 999.0  28.1 999.0 99.0 99.00
2026 04 30 13 20  73  8.9 11.2 99.00 99.00 99.00 999 1009.6 999.0  28.1 999.0 99.0 99.00
2026 04 30 13 30  75  8.7 10.3 99.00 99.00 99.00 999 1009.5 999.0  28.1 999.0 99.0 99.00
2026 04 30 13 40  76  9.1 10.9  1.74  7.69  5.00 101 1009.6 999.0  28.1 999.0 99.0 99.00
2026 04 30 13 50  77  8.9 10.3 99.00 99.00 99.00 999 1009.5 999.0  28.1 999.0 99.0 99.00
2026 04 30 14 00  77  9.0 10.6 99.00 99.00 99.00 999 1009.5 999.0  28.1 999.0 99.0 99.00
2026 04 30 14 10  74  9.5 11.6  1.97  7.14  5.12 101 1009.7 999.0  28.1 999.0 99.0 99.00
2026 04 30 14 20  75  9.2 10.9 99.00 99.00 99.00 999 1009.8 999.0 999.0 999.0 99.0 99.00
2026 04 30 14 30  79  9.3 11.0 99.00 99.00 99.00 999 1009.6 999.0  28.1 999.0 99.0 99.00
2026 04 30 14 40  78  9.0 10.7  1.92  7.69  5.11 107 1009.6 999.0  28.1 999.0 99.0 99.00
2026 04 30 14 50  78  8.8 10.7 99.00 99.00 99.00 999 1009.8 999.0  28.1 999.0 99.0 99.00
2026 04 30 15 00  77  8.8 10.4 99.00 99.00 99.00 999 1009.8 999.0  28.1 999.0 99.0 99.00
2026 04 30 15 10  73  9.2 10.9  1.90  7.14  5.17 102 1009.7 999.0  28.1 999.0 99.0 99.00
2026 04 30 15 20  78  8.6 11.1 99.00 99.00 99.00 999 1009.7 999.0  28.1 999.0 99.0 99.00
2026 04 30 15 30  82  8.8 10.6 99.00 99.00 99.00 999 1009.6 999.0  28.1 999.0 99.0 99.00
2026 04 30 15 40  80  9.1 10.9  1.85  7.69  5.04 104 1009.6 999.0  28.1 999.0 99.0 99.00
2026 04 30 15 50  77  9.2 11.4 99.00 99.00 99.00 999 1009.7 999.0  28.1 999.0 99.0 99.00
2026 04 30 16 00  78  8.6  9.9 99.00 99.00 99.00 999 1009.8 999.0  28.1 999.0 99.0 99.00
2026 04 30 16 10  78  8.6 10.1  1.88  7.14  5.01 100 1009.8 999.0  28.1 999.0 99.0 99.00
2026 04 30 16 20  72  8.5 10.2 99.00 99.00 99.00 999 1009.7 999.0  28.1 999.0 99.0 99.00
2026 04 30 16 30  74  8.4 10.6 99.00 99.00 99.00 999 1009.6 999.0  28.1 999.0 99.0 99.00
2026 04 30 16 40  78  8.5 10.1  1.82  7.14  5.08 105 1009.5 999.0  28.1 999.0 99.0 99.00
2026 04 30 16 50  78  8.9 10.7 99.00 99.00 99.00 999 1009.4 999.0  28.1 999.0 99.0 99.00
2026 04 30 17 00  76  8.8 10.4 99.00 99.00 99.00 999 1009.5 999.0  28.2 999.0 99.0 99.00
2026 04 30 17 10  75  8.8 10.4  1.90  6.67  5.15  97 1009.3 999.0  28.2 999.0 99.0 99.00
2026 04 30 17 20  74  8.8 10.9 99.00 99.00 99.00 999 1009.2 999.0  28.2 999.0 99.0 99.00
2026 04 30 17 30  74  8.9 10.6 99.00 99.00 99.00 999 1009.2 999.0  28.2 999.0 99.0 99.00
2026 04 30 17 40  76  9.1 11.0  1.82  7.14  5.08 101 1009.1 999.0  28.2 999.0 99.0 99.00
2026 04 30 17 50  78  8.3 10.2 99.00 99.00 99.00 999 1009.0 999.0  28.2 999.0 99.0 99.00
2026 04 30 18 00  75  8.2  9.7 99.00 99.00 99.00 999 1008.9 999.0  28.2 999.0 99.0 99.00
2026 04 30 18 10  73  8.5  9.9  1.78  7.69  5.03 106 1008.8 999.0  28.2 999.0 99.0 99.00
2026 04 30 18 20  71  8.1  9.9 99.00 99.00 99.00 999 1008.5 999.0  28.2 999.0 99.0 99.00
2026 04 30 18 30  71  8.7 11.1 99.00 99.00 99.00 999 1008.4 999.0  28.2 999.0 99.0 99.00
2026 04 30 18 40  72  7.3  9.2  1.85  7.14  5.03 100 1008.2 999.0  28.2 999.0 99.0 99.00
2026 04 30 18 50  85  8.0 10.8 99.00 99.00 99.00 999 1007.9 999.0  28.2 999.0 99.0 99.00
2026 04 30 19 00  86  8.5 11.0 99.00 99.00 99.00 999 1007.8 999.0  28.2 999.0 99.0 99.00
2026 04 30 19 10  84  7.7  9.1  1.91  7.14  5.17 107 1007.8 999.0  28.2 999.0 99.0 99.00
2026 04 30 19 20  72  8.9 10.4 99.00 99.00 99.00 999 1007.6 999.0  28.2 999.0 99.0 99.00
2026 04 30 19 30  69  8.7 10.7 99.00 99.00 99.00 999 1007.6 999.0  28.2 999.0 99.0 99.00
2026 04 30 19 40  72  8.8 10.3  1.82  7.14  5.10 104 1007.4 999.0  28.2 999.0 99.0 99.00
2026 04 30 19 50  73  8.9 10.6 99.00 99.00 99.00 999 1007.3 999.0  28.2 999.0 99.0 99.00
2026 04 30 20 00  73  8.8 10.3 99.00 99.00 99.00 999 1007.3 999.0  28.2 999.0 99.0 99.00
2026 04 30 20 10  74  9.0 11.0  1.81  7.14  5.11 103 1007.1 999.0  28.2 999.0 99.0 99.00
2026 04 30 20 20  77  9.0 10.3 99.00 99.00 99.00 999 1006.9 999.0  28.2 999.0 99.0 99.00
2026 04 30 20 30  79  8.8 10.4 99.00 99.00 99.00 999 1006.9 999.0  28.2 999.0 99.0 99.00
2026 04 30 20 40  76  8.9 10.6  1.66  7.14  4.87  94 1006.9 999.0  28.2 999.0 99.0 99.00
2026 04 30 20 50  71  8.5  9.9 99.00 99.00 99.00 999 1007.0 999.0  28.2 999.0 99.0 99.00
2026 04 30 21 00  70  8.5 10.2 99.00 99.00 99.00 999 1006.8 999.0  28.2 999.0 99.0 99.00
2026 04 30 21 10  70  8.8 10.2  1.69  7.14  4.98 100 1006.9 999.0  28.2 999.0 99.0 99.00
2026 04 30 21 20  72  8.3 10.6 99.00 99.00 99.00 999 1007.0 999.0  28.2 999.0 99.0 99.00
2026 04 30 21 30  74  9.0 10.7 99.00 99.00 99.00 999 1007.1 999.0  28.2 999.0 99.0 99.00
2026 04 30 21 40  71  8.7  9.9  1.90  7.14  5.19  95 1006.9 999.0  28.2 999.0 99.0 99.00
2026 04 30 21 50  70  8.5 10.2 99.00 99.00 99.00 999 1006.8 999.0  28.2 999.0 99.0 99.00
2026 04 30 22 00  71  8.8 10.6 99.00 99.00 99.00 999 1006.9 999.0  28.2 999.0 99.0 99.00
2026 04 30 22 10  71  9.1 10.9  1.79  7.14  5.07  98 1006.9 999.0  28.2 999.0 99.0 99.00
2026 04 30 22 20  74  8.9 10.5 99.00 99.00 99.00 999 1007.0 999.0  28.2 999.0 99.0 99.00
2026 04 30 22 30  72  8.7 10.5 99.00 99.00 99.00 999 1006.9 999.0  28.2 999.0 99.0 99.00
2026 04 30 22 40  73  8.9 10.4  1.84  7.14  4.94 101 1007.0 999.0  28.2 999.0 99.0 99.00
2026 04 30 22 50  73  8.6 10.1 99.00 99.00 99.00 999 1007.2 999.0  28.2 999.0 99.0 99.00
2026 04 30 23 00  75  8.5 10.0 99.00 99.00 99.00 999 1007.1 999.0  28.1 999.0 99.0 99.00
2026 04 30 23 10  73  8.2  9.4  1.76  7.14  5.02 103 1007.3 999.0  28.1 999.0 99.0 99.00
2026 04 30 23 20  72  8.4 10.1 99.00 99.00 99.00 999 1007.4 999.0  28.1 999.0 99.0 99.00
2026 04 30 23 30  72  8.5  9.8 99.00 99.00 99.00 999 1007.5 999.0  28.1 999.0 99.0 99.00
2026 04 30 23 40  71  8.5 10.1  1.72  7.14  4.97  95 1007.7 999.0  28.1 999.0 99.0 99.00
2026 04 30 23 50  68  7.8  9.2 99.00 99.00 99.00 999 1007.7 999.0  28.1 999.0 99.0 99.00
