#YY  MM DD hh mm WDIR WSPD GST  WVHT   DPD   APD MWD   PRES  ATMP  WTMP  DEWP  VIS  TIDE
#yr  mo dy hr mn degT m/s  m/s     m   sec   sec deg    hPa  degC  degC  degC  nmi    ft
2026 01 01 00 00  38  7.3  8.7 99.00 99.00 99.00 999 1011.6  27.3  27.8  25.2 99.0 99.00
2026 01 01 00 10  35  7.2  8.7  1.36  7.14  4.83  95 1011.5  27.2  27.8  25.3 99.0 99.00
2026 01 01 00 20  26  7.4  8.4 99.00 99.00 99.00 999 1011.8  27.1  27.8  25.4 99.0 99.00
2026 01 01 00 30  30  7.8  9.1 99.00 99.00 99.00 999 1012.1  27.0  27.7  25.3 99.0 99.00
2026 01 01 00 40  34  7.9  9.3  1.42  7.14  4.75  84 1012.1  27.0  27.7  25.0 99.0 99.00
2026 01 01 00 50  36  7.5  8.8 99.00 99.00 99.00 999 1012.3  27.1  27.7  25.2 99.0 99.00
2026 01 01 01 00  36  8.3  9.7 99.00 99.00 99.00 999 1012.4  27.0  27.7  25.0 99.0 99.00
2026 01 01 01 10  35  8.3  9.5  1.36  6.67  4.68  78 1012.4  27.0  27.7  24.9 99.0 99.00
2026 01 01 01 20  36  8.3  9.9 99.00 99.00 99.00 999 1012.4  27.1  27.8  25.0 99.0 99.00
2026 01 01 01 30  32  8.2  9.5 99.00 99.00 99.00 999 1012.5  27.2  27.8  25.1 99.0 99.00
2026 01 01 01 40  35  8.5 10.4  1.35  7.14  4.71  86 1012.4  27.1  27.8  25.1 99.0 99.00
2026 01 01 01 50  41  8.3  9.7 99.00 99.00 99.00 999 1012.5  27.0  27.7  24.8 99.0 99.00
2026 01 01 02 00  37  8.3  9.5 99.00 99.00 99.00 999 1012.6  27.2  27.7  25.0 99.0 99.00
2026 01 01 02 10  37  7.9  9.6  1.52  7.14  4.77  92 1012.7  27.0  27.7  24.9 99.0 99.00
2026 01 01 02 20  36  7.5  8.5 99.00 99.00 99.00 999 1012.7  27.0  27.7  24.9 99.0 99.00
2026 01 01 02 30  31  7.6  9.6 99.00 99.00 99.00 999 1012.9  27.1  27.7  25.0 99.0 99.00
2026 01 01 02 40  36  8.1  9.3  1.43  6.67  4.71  91 1012.8  26.9  27.7  24.6 99.0 99.00
2026 01 01 02 50  32  8.3  9.5 99.00 99.00 99.00 999 1012.8  26.8  27.7  24.3 99.0 99.00
2026 01 01 03 00  31  7.9  9.4 99.00 99.00 99.00 999 1012.8  26.8  27.7  24.6 99.0 99.00
2026 01 01 03 10  35  7.2  8.8  1.44  7.14  4.72  94 1012.8  26.7  27.7  24.7 99.0 99.00
2026 01 01 03 20  19  6.9  9.3 99.00 99.00 99.00 999 1012.6  26.6  27.7  25.0 99.0 99.00
2026 01 01 03 30  35  7.5  9.3 99.00 99.00 99.00 999 1012.6  26.8  27.7  25.4 99.0 99.00
2026 01 01 03 40  48  7.4  9.0  1.36  7.14  5.00  88 1012.6  26.9  27.7  25.2 99.0 99.00
2026 01 01 03 50  44  7.9  9.2 99.00 99.00 99.00 999 1012.7  27.1  27.7  25.2 99.0 99.00
2026 01 01 04 00  44  7.7  8.9 99.00 99.00 99.00 999 1012.6  27.2  27.7  25.3 99.0 99.00
2026 01 01 04 10  47  7.5  9.0  1.28  7.14  4.81  82 1012.5  27.1  27.7  25.2 99.0 99.00
2026 01 01 04 20  51  7.0  8.5 99.00 99.00 99.00 999 1012.6  27.2  27.7  25.3 99.0 99.00
2026 01 01 04 30  47  7.1  8.3 99.00 99.00 99.00 999 1012.4  27.2  27.7  25.2 99.0 99.00
2026 01 01 04 40  49  7.0  8.6  1.29  7.14  4.69  83 1012.3  27.2  27.7  25.2 99.0 99.00
2026 01 01 04 50  46  7.1  8.6 99.00 99.00 99.00 999 1012.1  27.2  27.7  25.3 99.0 99.00
2026 01 01 05 00  54  6.9  7.9 99.00 99.00 99.00 999 1011.9  27.1  27.7  25.2 99.0 99.00
2026 01 01 05 10  54  6.5  7.7  1.30  6.67  4.74  85 1011.8  27.1  27.7  25.2 99.0 99.00
2026 01 01 05 20  54  6.6  7.6 99.00 99.00 99.00 999 1011.5  27.1  27.7  25.2 99.0 99.00
2026 01 01 05 30  55  6.7  7.7 99.00 99.00 99.00 999 1011.3  27.1  27.7  25.3 99.0 99.00
2026 01 01 05 40  57  6.9  8.3  1.22  6.67  4.73  84 1011.3  27.1  27.7  25.3 99.0 99.00
2026 01 01 05 50  53  7.2  8.9 99.00 99.00 99.00 999 1011.2  27.1  27.7  25.2 99.0 99.00
2026 01 01 06 00  49  7.2  8.3 99.00 99.00 99.00 999 1011.1  27.1  27.7  25.2 99.0 99.00
2026 01 01 06 10  49  7.1  8.1  1.41  7.14  4.76  90 1010.9  27.1  27.7  25.2 99.0 99.00
2026 01 01 06 20  50  6.7  8.0 99.00 99.00 99.00 999 1010.8  27.1  27.7  25.2 99.0 99.00
2026 01 01 06 30  51  6.2  7.2 99.00 99.00 99.00 999 1010.7  27.1  27.7  25.2 99.0 99.00
2026 01 01 06 40  52  5.8  6.8 99.00 99.00 99.00 999 1010.6  27.1  27.7  25.2 99.0 99.00
2026 01 01 06 50  47  6.0  7.7 99.00 99.00 99.00 999 1010.6  26.9  27.7  25.1 99.0 99.00
2026 01 01 07 00  54  5.1  7.3 99.00 99.00 99.00 999 1010.6  26.8  27.7  25.0 99.0 99.00
2026 01 01 07 10  62  5.0  6.6  1.26  7.14  4.74  90 1010.5  27.1  27.7  25.3 99.0 99.00
2026 01 01 07 20  60  6.2  8.7 99.00 99.00 99.00 999 1010.4  27.1  27.6  25.2 99.0 99.00
2026 01 01 07 30  55  7.5  8.8 99.00 99.00 99.00 999 1010.3  27.0  27.6  25.0 99.0 99.00
2026 01 01 07 40  54  7.1  8.5  1.29  7.14  4.88  88 1010.2  27.0  27.6  25.0 99.0 99.00
2026 01 01 07 50  50  6.8  8.0 99.00 99.00 99.00 999 1010.3  27.0  27.6  25.0 99.0 99.00
2026 01 01 08 00  50  6.7  7.6 99.00 99.00 99.00 999 1010.3  27.1 999.0  25.2 99.0 99.00
2026 01 01 08 10  53  6.5  7.6  1.34  7.14  5.06  88 1010.3  27.0  27.7  25.1 99.0 99.00
2026 01 01 08 20  54  6.7  7.6 99.00 99.00 99.00 999 1010.3  26.9  27.6  25.0 99.0 99.00
2026 01 01 08 30  54  6.9  8.2 99.00 99.00 99.00 999 1010.2  26.8  27.6  24.9 99.0 99.00
2026 01 01 08 40  55  6.5  7.7  1.32  7.14  5.01  81 1010.4  26.9  27.6  25.0 99.0 99.00
2026 01 01 08 50  55  5.8  7.1 99.00 99.00 99.00 999 1010.3  26.9  27.6  25.0 99.0 99.00
2026 01 01 09 00  59  5.8  6.7 99.00 99.00 99.00 999 1010.4  27.0  27.6  25.1 99.0 99.00
2026 01 01 09 10  58  6.4  7.6  1.25  7.14  4.88  92 1010.5  27.0  27.6  25.0 99.0 99.00
2026 01 01 09 20  61  5.7  6.9 99.00 99.00 99.00 999 1010.5  27.0  27.6  25.0 99.0 99.00
2026 01 01 09 30  66  5.7  6.9 99.00 99.00 99.00 999 1010.5  27.1  27.6  25.0 99.0 99.00
2026 01 01 09 40  70  6.1  7.0  1.30  7.14  5.07  89 1010.5  27.1  27.6  24.8 99.0 99.00
2026 01 01 09 50  66  5.8  7.3 99.00 99.00 99.00 999 1010.6  27.1  27.6  24.8 99.0 99.00
2026 01 01 10 00  65  5.6  6.6 99.00 99.00 99.00 999 1010.7  27.1  27.6  24.7 99.0 99.00
2026 01 01 10 10  68  5.6  6.4  1.25  6.67  5.01  91 1010.7  27.2  27.6  24.8 99.0 99.00
2026 01 01 10 20  65  5.7  6.4 99.00 99.00 99.00 999 1010.7  27.2  27.6  24.8 99.0 99.00
2026 01 01 10 30  67  5.4  6.6 99.00 99.00 99.00 999 1010.8  27.2  27.6  24.9 99.0 99.00
2026 01 01 10 40  68  5.6  6.4  1.30  7.14  5.14  87 1010.7  27.2  27.6  24.8 99.0 99.00
2026 01 01 10 50  68  5.6  6.7 99.00 99.00 99.00 999 1010.9  27.2  27.6  24.9 99.0 99.00
2026 01 01 11 00  66  5.5  6.4 99.00 99.00 99.00 999 1011.0  27.0  27.6  24.5 99.0 99.00
2026 01 01 11 10  69  5.7  6.8  1.26  7.69  5.18  95 1011.1  27.1  27.6  24.6 99.0 99.00
2026 01 01 11 20  65  5.2  6.2 99.00 99.00 99.00 999 1011.2  27.2  27.6  24.8 99.0 99.00
2026 01 01 11 30  69  5.1  6.1 99.00 99.00 99.00 999 1011.3  27.2  27.6  24.9 99.0 99.00
2026 01 01 11 40  72  5.5  6.6  1.34  7.14  5.37  84 1011.5  27.2  27.6  24.9 99.0 99.00
2026 01 01 11 50  72  5.6  6.9 99.00 99.00 99.00 999 1011.6  27.2  27.6  24.9 99.0 99.00
2026 01 01 12 00  72  5.5  6.6 99.00 99.00 99.00 999 1011.7  27.2  27.6  24.9 99.0 99.00
2026 01 01 12 10  70  5.6  6.5  1.20  7.14  5.11  85 1011.9  27.3  27.6  25.0 99.0 99.00
2026 01 01 12 20  81  6.1  8.2 99.00 99.00 99.00 999 1011.9  27.2  27.6  24.9 99.0 99.00
2026 01 01 12 30  82  5.4  7.0 99.00 99.00 99.00 999 1012.0  27.0  27.6  24.7 99.0 99.00
2026 01 01 12 40  77  5.6  6.7  1.29  7.14  5.26  97 1012.1  27.3  27.6  24.9 99.0 99.00
2026 01 01 12 50  80  5.8  6.9 99.00 99.00 99.00 999 1012.2  27.3  27.6  24.7 99.0 99.00
2026 01 01 13 00  80  5.8  6.8 99.00 99.00 99.00 999 1012.3  27.3  27.6  24.5 99.0 99.00
2026 01 01 13 10  77  5.2  6.1  1.28  6.67  5.16  86 1012.4  27.5  27.6  24.8 99.0 99.00
2026 01 01 13 20  79  5.3  6.2 99.00 99.00 99.00 999 1012.4  27.5  27.6  24.8 99.0 99.00
2026 01 01 13 30  76  5.4  6.5 99.00 99.00 99.00 999 1012.4  27.5  27.6  24.9 99.0 99.00
2026 01 01 13 40  77  5.4  6.4  1.27  7.14  5.33  97 1012.5  27.4  27.6  24.8 99.0 99.00
2026 01 01 13 50  78  5.6  6.5 99.00 99.00 99.00 999 1012.6  27.4  27.6  24.8 99.0 99.00
2026 01 01 14 00  77  5.5  6.8 99.00 99.00 99.00 999 1012.6  27.5  27.6  25.0 99.0 99.00
2026 01 01 14 10  79  6.1  7.1  1.34  7.14  5.46  87 1012.6  27.4  27.5  24.8 99.0 99.00
2026 01 01 14 20  82  5.6  6.8 99.00 99.00 99.00 999 1012.7  27.5  27.6  24.9 99.0 99.00
2026 01 01 14 30  82  6.1  8.0 99.00 99.00 99.00 999 1012.9  27.4  27.6  24.9 99.0 99.00
2026 01 01 14 40  79  5.8  6.8  1.37  7.14  5.30  98 1013.0  26.8  27.6  24.3 99.0 99.00
2026 01 01 14 50  79  5.5  6.7 99.00 99.00 99.00 999 1013.0  26.9  27.6  24.1 99.0 99.00
2026 01 01 15 00  77  4.9  5.7 99.00 99.00 99.00 999 1013.0  27.1  27.6  24.4 99.0 99.00
2026 01 01 15 10  68  4.8  6.2  1.35  7.14  5.34  86 1013.0  27.2  27.6  24.5 99.0 99.00
2026 01 01 15 20  69  5.5  6.6 99.00 99.00 99.00 999 1012.8  27.1  27.6  24.3 99.0 99.00
2026 01 01 15 30  67  5.2  6.2 99.00 99.00 99.00 999 1012.7  27.3  27.6  24.5 99.0 99.00
2026 01 01 15 40  63  5.0  5.9  1.39  7.14  5.45  88 1012.6  27.2  27.6  24.5 99.0 99.00
2026 01 01 15 50  60  4.6  5.5 99.00 99.00 99.00 999 1012.4  27.3  27.6  24.7 99.0 99.00
2026 01 01 16 00  57  4.6  5.3 99.00 99.00 99.00 999 1012.5  27.3  27.6  24.8 99.0 99.00
2026 01 01 16 10  60  4.2  5.1  1.39  7.14  5.53  90 1012.4  27.4  27.6  25.0 99.0 99.00
2026 01 01 16 20  59  3.8  4.7 99.00 99.00 99.00 999 1012.3  27.3  27.6  25.0 99.0 99.00
2026 01 01 16 30  63  4.1  4.8 99.00 99.00 99.00 999 1012.0  27.3  27.7  24.9 99.0 99.00
2026 01 01 16 40  60  4.2  5.0  1.38  7.69  5.57  98 1012.0  27.3  27.6  24.8 99.0 99.00
2026 01 01 16 50  54  4.2  5.0 99.00 99.00 99.00 999 1012.0  27.4  27.7  24.9 99.0 99.00
2026 01 01 17 00  50  4.4  5.1 99.00 99.00 99.00 999 1011.8  27.4  27.7  24.9 99.0 99.00
2026 01 01 17 10  47  4.5  5.3  1.32  7.69  5.53  94 1011.8  27.3  27.7  24.7 99.0 99.00
2026 01 01 17 20  43  4.6  5.5 99.00 99.00 99.00 999 1011.9  27.4  27.7  24.8 99.0 99.00
2026 01 01 17 30  38  4.9  5.5 99.00 99.00 99.00 999 1011.7  27.4  27.7  24.9 99.0 99.00
2026 01 01 17 40  34  4.9  5.6  1.44  7.14  5.55 100 1011.6  27.3  27.7  24.7 99.0 99.00
2026 01 01 17 50  36  4.7  5.6 99.00 99.00 99.00 999 1011.5  27.4  27.7  24.8 99.0 99.00
2026 01 01 18 00  30  4.7  5.6 99.00 99.00 99.00 999 1011.4  27.4  27.8  24.9 99.0 99.00
2026 01 01 18 10  29  5.0  5.8  1.41  7.14  5.54  93 1011.3  27.4  27.7  25.0 99.0 99.00
2026 01 01 18 20  27  4.9  5.4 99.00 99.00 99.00 999 1011.1  27.3  27.7  24.9 99.0 99.00
2026 01 01 18 30  23  4.8  5.7 99.00 99.00 99.00 999 1011.0  27.3  27.8  24.9 99.0 99.00
2026 01 01 18 40  26  4.5  5.1  1.40  7.69  5.69  95 1010.8  27.4  27.7  25.0 99.0 99.00
2026 01 01 18 50  22  4.2  5.4 99.00 99.00 99.00 999 1010.7  27.3  27.8  24.8 99.0 99.00
2026 01 01 19 00  25  4.2  4.9 99.00 99.00 99.00 999 1010.5  27.3  27.8  24.9 99.0 99.00
2026 01 01 19 10  19  4.7  5.6  1.46  7.69  5.66 102 1010.3  27.4  27.8  25.0 99.0 99.00
2026 01 01 19 20  20  4.8  5.5 99.00 99.00 99.00 999 1010.3  27.3  27.8  24.8 99.0 99.00
2026 01 01 19 30  23  4.6  5.0 99.00 99.00 99.00 999 1010.1  27.2  27.8  24.5 99.0 99.00
2026 01 01 19 40  26  4.4  5.0  1.50  7.69  5.73  95 1010.1  27.4  27.7  24.6 99.0 99.00
2026 01 01 19 50  23  4.8  5.5 99.00 99.00 99.00 999 1010.0  27.5  27.6  24.8 99.0 99.00
2026 01 01 20 00   8  6.0  8.1 99.00 99.00 99.00 999 1010.0  27.3  27.5  24.9 99.0 99.00
2026 01 01 20 10  12  7.4  8.7  1.55  7.69  5.66  88 1009.8  26.8  27.4  24.7 99.0 99.00
2026 01 01 20 20  10  7.7  8.8 99.00 99.00 99.00 999 1009.7  26.5  27.3  24.4 99.0 99.00
2026 01 01 20 30  10  7.9  9.3 99.00 99.00 99.00 999 1009.7  26.5  27.3  24.3 99.0 99.00
2026 01 01 20 40  16  8.1  9.3  1.42  7.69  5.24  80 1009.7  26.6  27.3  24.4 99.0 99.00
2026 01 01 20 50  18  8.3  9.5 99.00 99.00 99.00 999 1009.7  26.4  27.4  24.4 99.0 99.00
2026 01 01 21 00  11  8.6 10.4 99.00 99.00 99.00 999 1009.6  26.4  27.4  24.3 99.0 99.00
2026 01 01 21 10   8  8.7 10.3  1.64  7.69  5.27  92 1009.5  26.4  27.4  24.1 99.0 99.00
2026 01 01 21 20  10  8.5 10.1 99.00 99.00 99.00 999 1009.4  26.5  27.3  24.2 99.0 99.00
2026 01 01 21 30  10  8.5 10.0 99.00 99.00 99.00 999 1009.6  26.4  27.3  24.2 99.0 99.00
2026 01 01 21 40  12  8.0 10.0  1.68  7.69  5.01  87 1009.6  26.6  27.2  24.5 99.0 99.00
2026 01 01 21 50  17  8.7 10.5 99.00 99.00 99.00 999 1009.6  26.5  27.2  24.4 99.0 99.00
2026 01 01 22 00  16  9.4 10.7 99.00 99.00 99.00 999 1009.7  26.4 999.0  24.4 99.0 99.00
2026 01 01 22 10  16  9.7 11.0  1.68  7.14  5.05  80 1009.6  26.4  27.2  24.4 99.0 99.00
2026 01 01 22 20  17  9.8 11.6 99.00 99.00 99.00 999 1009.6  26.3  27.2  24.4 99.0 99.00
2026 01 01 22 30  17  9.5 11.5 99.00 99.00 99.00 999 1009.8  26.2  27.2  24.3 99.0 99.00
2026 01 01 22 40  16  9.7 11.5  1.77  7.69  4.98  94 1009.9  26.0  27.1  24.0 99.0 99.00
2026 01 01 22 50  17  9.1 10.4 99.00 99.00 99.00 999 1010.0  26.2  27.1  24.0 99.0 99.00
2026 01 01 23 00  20  9.2 10.9 99.00 99.00 99.00 999 1010.0  26.3 999.0  23.9 99.0 99.00
2026 01 01 23 10  21  8.3 10.1  1.97  7.69  5.19  89 1010.1  26.4  27.1  24.1 99.0 99.00
2026 01 01 23 20  22  9.0 10.5 99.00 99.00 99.00 999 1010.0  26.3  27.1  23.7 99.0 99.00
2026 01 01 23 30  22  8.3  9.9 99.00 99.00 99.00 999 1010.2  26.5  27.1  23.8 99.0 99.00
2026 01 01 23 40  21  8.3 10.0  1.84  8.33  5.09  91 1010.2  26.5  27.1  23.8 99.0 99.00
2026 01 01 23 50  24  8.5 10.2 99.00 99.00 99.00 999 1010.5  26.6  27.0  23.9 99.0 99.00
2026 01 02 00 00  24  8.5 10.1 99.00 99.00 99.00 999 1010.5  26.5  27.0  23.9 99.0 99.00
2026 01 02 00 10  26  8.5 10.0  1.80  7.69  5.21  96 1010.7  26.5  27.0  23.9 99.0 99.00
2026 01 02 00 20  29  8.1 10.0 99.00 99.00 99.00 999 1010.9  26.6  27.0  23.7 99.0 99.00
2026 01 02 00 30  35  8.3  9.7 99.00 99.00 99.00 999 1011.0  26.6  27.0  23.7 99.0 99.00
2026 01 02 00 40  39  8.5  9.8  1.73  7.14  5.15  78 1011.1  26.6  27.1  23.8 99.0 99.00
2026 01 02 00 50  42  7.9  9.7 99.00 99.00 99.00 999 1011.3  26.7  27.1  24.1 99.0 99.00
2026 01 02 01 00  42  8.0  9.7 99.00 99.00 99.00 999 1011.3  26.6  27.1  24.0 99.0 99.00
2026 01 02 01 10  47  7.7  9.4  1.83  7.69  5.28  95 1011.4  26.7  27.1  24.2 99.0 99.00
2026 01 02 01 20  49  8.0  9.3 99.00 99.00 99.00 999 1011.6  26.8  27.0  24.3 99.0 99.00
2026 01 02 01 30  53  8.1  9.7 99.00 99.00 99.00 999 1011.6  26.7  27.1  24.2 99.0 99.00
2026 01 02 01 40  59  7.8  9.4  1.87  7.69  5.31 103 1011.7  26.8  27.1  24.2 99.0 99.00
2026 01 02 01 50  62  7.8  9.1 99.00 99.00 99.00 999 1011.9  26.8  27.1  24.2 99.0 99.00
2026 01 02 02 00  59  7.9  9.5 99.00 99.00 99.00 999 1012.0  26.8  27.1  24.1 99.0 99.00
2026 01 02 02 10  58  7.5  9.0  1.91  7.69  5.44  93 1012.0  26.9  27.1  24.4 99.0 99.00
2026 01 02 02 20  56  7.3  9.2 99.00 99.00 99.00 999 1012.0  26.8  27.1  24.2 99.0 99.00
2026 01 02 02 30  69  7.5  8.8 99.00 99.00 99.00 999 1011.9  26.8  27.0  24.3 99.0 99.00
2026 01 02 02 40  65  6.9  8.4  1.94  7.69  5.50  87 1011.9  26.7  27.0  24.1 99.0 99.00
2026 01 02 02 50  66  7.0  7.9 99.00 99.00 99.00 999 1011.9  26.8  27.0  24.1 99.0 99.00
2026 01 02 03 00  65  6.6  8.2 99.00 99.00 99.00 999 1012.0  26.8  27.0  24.3 99.0 99.00
2026 01 02 03 10  56  6.3  8.2  1.97  7.69  5.40  88 1012.1  26.7  27.0  24.3 99.0 99.00
2026 01 02 03 20  56  5.6  6.8 99.00 99.00 99.00 999 1012.1  26.7  27.0  24.3 99.0 99.00
2026 01 02 03 30  59  5.5  6.8 99.00 99.00 99.00 999 1012.1  26.6  27.0  24.2 99.0 99.00
2026 01 02 03 40  58  5.4  6.4  2.00  7.14  5.52  71 1012.1  26.6  27.0  24.1 99.0 99.00
2026 01 02 03 50  64  5.9  7.2 99.00 99.00 99.00 999 1012.1  26.5  27.0  24.0 99.0 99.00
2026 01 02 04 00  59  5.4  6.9 99.00 99.00 99.00 999 1012.0  26.5  27.0  24.0 99.0 99.00
2026 01 02 04 10  60  5.4  6.3  1.99  7.69  5.56  96 1012.0  26.4  27.0  23.8 99.0 99.00
2026 01 02 04 20  62  5.1  6.2 99.00 99.00 99.00 999 1011.9  26.5  27.0  23.8 99.0 99.00
2026 01 02 04 30  70  4.7  5.6 99.00 99.00 99.00 999 1011.8  26.5  27.0  23.9 99.0 99.00
2026 01 02 04 40  67  4.9  5.8  2.02  8.33  5.77  93 1011.6  26.6  27.0  24.0 99.0 99.00
2026 01 02 04 50  69  4.8  6.0 99.00 99.00 99.00 999 1011.6  26.6  27.0  24.1 99.0 99.00
2026 01 02 05 00  68  4.6  5.5 99.00 99.00 99.00 999 1011.6  26.6  27.0  24.1 99.0 99.00
2026 01 02 05 10  67  4.9  6.0  1.98  7.69  5.64  86 1011.6  26.6  26.9  24.1 99.0 99.00
2026 01 02 05 20  63  4.2  5.1 99.00 99.00 99.00 999 1011.4  26.7  26.9  24.3 99.0 99.00
2026 01 02 05 30  60  4.4  5.2 99.00 99.00 99.00 999 1011.3  26.7  26.9  24.3 99.0 99.00
2026 01 02 05 40  56  4.1  4.8  2.06  7.69  5.73  79 1011.2  26.8  26.9  24.5 99.0 99.00
2026 01 02 05 50  60  3.8  4.8 99.00 99.00 99.00 999 1011.0  26.8  26.9  24.5 99.0 99.00
2026 01 02 06 00  38  4.9  6.1 99.00 99.00 99.00 999 1010.9  26.8  26.9  24.6 99.0 99.00
2026 01 02 06 10  43  5.3  6.3  2.04  7.69  5.79  91 1010.7  26.7  26.9  24.6 99.0 99.00
2026 01 02 06 20  37  5.2  6.1 99.00 99.00 99.00 999 1010.7  26.6  26.9  24.6 99.0 99.00
2026 01 02 06 30  40  5.1  5.9 99.00 99.00 99.00 999 1010.5  26.5  26.9  24.5 99.0 99.00
2026 01 02 06 40  41  4.9  5.7  1.97  7.69  5.70  84 1010.2  26.4  26.9  24.4 99.0 99.00
2026 01 02 06 50  45  5.0  5.7 99.00 99.00 99.00 999 1010.0  26.5  26.9  24.5 99.0 99.00
2026 01 02 07 00  43  4.9  6.1 99.00 99.00 99.00 999 1010.0  26.6  26.9  24.6 99.0 99.00
2026 01 02 07 10  48  4.7  5.6  2.09  7.14  5.72  59 1009.8  26.5  26.9  24.4 99.0 99.00
2026 01 02 07 20  45  4.3  5.4 99.00 99.00 99.00 999 1009.7  26.6  26.9  24.6 99.0 99.00
2026 01 02 07 30  52  4.7  6.3 99.00 99.00 99.00 999 1009.6  26.7  26.9  24.8 99.0 99.00
2026 01 02 07 40  73  5.1  6.4  1.85  7.69  5.80  78 1009.6  26.6  26.9  24.6 99.0 99.00
2026 01 02 07 50  74  5.1  6.0 99.00 99.00 99.00 999 1009.6  26.6  26.9  24.5 99.0 99.00
2026 01 02 08 00  63  4.9  5.8 99.00 99.00 99.00 999 1009.5  26.6  26.9  24.5 99.0 99.00
2026 01 02 08 10  64  4.8  5.8  2.09  7.69  6.12  87 1009.4  26.6  26.9  24.5 99.0 99.00
2026 01 02 08 20  59  4.7  5.7 99.00 99.00 99.00 999 1009.4  26.6  26.9  24.5 99.0 99.00
2026 01 02 08 30  59  4.7  5.5 99.00 99.00 99.00 999 1009.3  26.7  26.9  24.7 99.0 99.00
2026 01 02 08 40  59  4.5  5.3  2.03  8.33  5.96  85 1009.3  26.7  26.9  24.7 99.0 99.00
2026 01 02 08 50  59  4.4  5.4 99.00 99.00 99.00 999 1009.2  26.7  26.9  24.7 99.0 99.00
2026 01 02 09 00  50  4.5  5.7 99.00 99.00 99.00 999 1009.2  26.7  26.9  24.7 99.0 99.00
2026 01 02 09 10  46  7.3 10.4  2.09  8.33  6.19  75 1009.2  26.5  26.9  24.4 99.0 99.00
2026 01 02 09 20  46  7.3  8.9 99.00 99.00 99.00 999 1009.4  26.2  26.9  24.7 99.0 99.00
2026 01 02 09 30  54  6.3  7.7 99.00 99.00 99.00 999 1009.4  26.3  26.9  24.9 99.0 99.00
2026 01 02 09 40  68  6.2  7.7  1.96  7.69  5.95  77 1009.5  26.4  26.9  24.7 99.0 99.00
2026 01 02 09 50  70  6.4  7.7 99.00 99.00 99.00 999 1009.5  26.5  26.9  24.6 99.0 99.00
2026 01 02 10 00  67  6.2  7.5 99.00 99.00 99.00 999 1009.5  26.7  26.9  24.6 99.0 99.00
2026 01 02 10 10  68  6.1  7.2  2.10  7.69  6.07  74 1009.6  26.8  26.9  24.7 99.0 99.00
2026 01 02 10 20  65  5.8  6.7 99.00 99.00 99.00 999 1009.7  26.8  26.9  24.7 99.0 99.00
2026 01 02 10 30  65  5.3  6.2 99.00 99.00 99.00 999 1009.8  26.9  27.0  24.8 99.0 99.00
2026 01 02 10 40  71  6.4  8.9  1.94  8.33  5.90  91 1009.8  26.9  26.9  24.7 99.0 99.00
2026 01 02 10 50  73  8.4 10.8 99.00 99.00 99.00 999 1009.7  26.6  26.9  24.3 99.0 99.00
2026 01 02 11 00  74  7.3 10.3 99.00 99.00 99.00 999 1009.8  26.2  26.9  24.3 99.0 99.00
2026 01 02 11 10  65  7.9 10.7  2.01  8.33  5.96  81 1009.8  26.3  26.9  24.2 99.0 99.00
2026 01 02 11 20  80  6.0  8.2 99.00 99.00 99.00 999 1010.0  26.8  27.0  24.8 99.0 99.00
2026 01 02 11 30  95  6.6  8.2 99.00 99.00 99.00 999 1010.1  26.8  27.0  24.6 99.0 99.00
2026 01 02 11 40  83  6.7  8.3  2.10  8.33  6.05  76 1010.1  26.9  27.0  24.8 99.0 99.00
2026 01 02 11 50  77  7.3  9.3 99.00 99.00 99.00 999 1010.3  27.0  27.0  24.7 99.0 99.00
2026 01 02 12 00  79  6.8  7.7 99.00 99.00 99.00 999 1010.4  27.1  27.0  24.7 99.0 99.00
2026 01 02 12 10  81  6.4  7.8  2.06  7.69  5.87  82 1010.5  27.2  27.0  24.8 99.0 99.00
2026 01 02 12 20  82  6.2  7.7 99.00 99.00 99.00 999 1010.5  27.2  27.0  24.8 99.0 99.00
2026 01 02 12 30  79  6.3  7.5 99.00 99.00 99.00 999 1010.5  27.2  27.0  24.8 99.0 99.00
2026 01 02 12 40  81  8.1 11.2  1.95  8.33  5.78  53 1010.6  27.1  27.0  24.6 99.0 99.00
2026 01 02 12 50  84  8.9 11.0 99.00 99.00 99.00 999 1010.9  27.0  27.0  24.5 99.0 99.00
2026 01 02 13 00  87  8.3  9.9 99.00 99.00 99.00 999 1011.0  27.0  27.0  24.6 99.0 99.00
2026 01 02 13 10  86  7.7  9.7  2.07  7.69  5.67  78 1011.0  27.0  27.0  24.8 99.0 99.00
2026 01 02 13 20  85  7.6  9.1 99.00 99.00 99.00 999 1011.2  27.0  27.0  24.8 99.0 99.00
2026 01 02 13 30  83  8.1 10.0 99.00 99.00 99.00 999 1011.3  27.1  27.0  24.7 99.0 99.00
2026 01 02 13 40  90  8.2 10.0  2.18  8.33  5.76  67 1011.3  27.2  27.0  24.6 99.0 99.00
2026 01 02 13 50  90  7.5  9.7 99.00 99.00 99.00 999 1011.4  27.1  27.0  24.7 99.0 99.00
2026 01 02 14 00  84  8.2 10.4 99.00 99.00 99.00 999 1011.4  27.2  27.0  24.5 99.0 99.00
2026 01 02 14 10  84  8.3 10.0  2.06  8.33  5.57  77 1011.4  27.3  27.0  24.5 99.0 99.00
2026 01 02 14 20  95  8.9 12.7 99.00 99.00 99.00 999 1011.6  27.1  27.0  24.2 99.0 99.00
2026 01 02 14 30 108  8.6 10.2 99.00 99.00 99.00 999 1011.8  26.3  27.0  23.8 99.0 99.00
2026 01 02 14 40  98  8.0  9.6  2.25  8.33  5.73  82 1011.9  26.1  27.0  23.8 99.0 99.00
2026 01 02 14 50 104  7.9  9.7 99.00 99.00 99.00 999 1011.9  26.1  27.0  23.7 99.0 99.00
2026 01 02 15 00 102  8.4 10.1 99.00 99.00 99.00 999 1011.9  26.5  27.0  23.9 99.0 99.00
2026 01 02 15 10  97  8.4  9.8  2.13  7.69  5.66  91 1011.9  26.5  27.0  23.6 99.0 99.00
2026 01 02 15 20  89  8.2  9.6 99.00 99.00 99.00 999 1011.9  26.7  27.0  23.8 99.0 99.00
2026 01 02 15 30  84  7.6  9.3 99.00 99.00 99.00 999 1011.7  26.6  27.0  24.2 99.0 99.00
2026 01 02 15 40  85  7.5  9.3  2.26  7.14  5.77  80 1011.8  26.5  27.0  24.4 99.0 99.00
2026 01 02 15 50  94  9.2 11.0 99.00 99.00 99.00 999 1011.6  25.8  26.9  24.1 99.0 99.00
2026 01 02 16 00  83  9.6 11.5 99.00 99.00 99.00 999 1011.6  25.1  27.0  23.8 99.0 99.00
2026 01 02 16 10  80  9.2 11.0  2.58  8.33  5.97  69 1011.6  25.1  26.9  23.9 99.0 99.00
2026 01 02 16 20  80  9.5 11.5 99.00 99.00 99.00 999 1011.4  25.1  27.0  23.7 99.0 99.00
2026 01 02 16 30  87  9.5 11.7 99.00 99.00 99.00 999 1011.4  24.8  27.0  23.3 99.0 99.00
2026 01 02 16 40  99  9.3 11.4  2.43  7.69  5.69  92 1011.3  24.8  27.0  23.6 99.0 99.00
2026 01 02 16 50 102  8.3 10.6 99.00 99.00 99.00 999 1011.3  24.7  27.0  23.9 99.0 99.00
2026 01 02 17 00  94  8.0  9.8 99.00 99.00 99.00 999 1011.1  24.4  27.0  23.7 99.0 99.00
2026 01 02 17 10  98  7.5  9.6  2.38  7.69  5.64  86 1011.0  24.7  27.0  23.9 99.0 99.00
2026 01 02 17 20 107  4.9  6.5 99.00 99.00 99.00 999 1010.8  24.5  27.0  23.7 99.0 99.00
2026 01 02 17 30 131  4.6  6.3 99.00 99.00 99.00 999 1010.5  24.4  27.0  23.6 99.0 99.00
2026 01 02 17 40 134  6.4  8.6  2.26  7.69  5.82  85 1010.2  25.1  27.0  24.2 99.0 99.00
2026 01 02 17 50 131  5.9  7.8 99.00 99.00 99.00 999 1010.2  25.6  27.0  24.5 99.0 99.00
2026 01 02 18 00  99  4.9  7.5 99.00 99.00 99.00 999 1009.8  25.9  27.0  24.7 99.0 99.00
2026 01 02 18 10  77  7.3  9.0  2.21  7.69  5.94  96 1009.6  26.8  27.0  24.7 99.0 99.00
2026 01 02 18 20  81  7.6  9.6 99.00 99.00 99.00 999 1009.5  27.2  27.0  24.4 99.0 99.00
2026 01 02 18 30  83  8.0  9.9 99.00 99.00 99.00 999 1009.3  27.4  27.0  24.2 99.0 99.00
2026 01 02 18 40  80  8.5 10.4  2.50  7.69  5.93  94 1009.1  27.5  27.0  24.3 99.0 99.00
2026 01 02 18 50  84  9.1 11.1 99.00 99.00 99.00 999 1009.0  27.5  27.0  24.1 99.0 99.00
2026 01 02 19 00  82  8.6 10.6 99.00 99.00 99.00 999 1008.8  27.5  27.0  24.2 99.0 99.00
2026 01 02 19 10  78  9.0 11.4  2.10  7.69  5.51  90 1008.9  27.4  27.0  24.2 99.0 99.00
2026 01 02 19 20  82  7.6  9.7 99.00 99.00 99.00 999 1008.8  27.3  27.0  24.4 99.0 99.00
2026 01 02 19 30  82  8.2  9.8 99.00 99.00 99.00 999 1008.8  27.4  27.0  24.4 99.0 99.00
2026 01 02 19 40  83  8.2 10.8  2.42  7.69  5.71 105 1008.6  27.5  27.0  24.4 99.0 99.00
2026 01 02 19 50  83  8.8 10.8 99.00 99.00 99.00 999 1008.4  27.5  27.0  24.3 99.0 99.00
2026 01 02 20 00  84  9.0 11.0 99.00 99.00 99.00 999 1008.3  27.5  27.1  24.2 99.0 99.00
2026 01 02 20 10  82  8.3 10.0  2.35  6.67  5.62  90 1008.2  27.5  27.1  24.4 99.0 99.00
2026 01 02 20 20  85  8.4 10.8 99.00 99.00 99.00 999 1008.3  27.5  27.1  24.2 99.0 99.00
2026 01 02 20 30  87  8.0  9.5 99.00 99.00 99.00 999 1008.3  27.5  27.1  24.1 99.0 99.00
2026 01 02 20 40  87  7.8 10.0  2.25  6.25  5.54  82 1008.2  27.5  27.1  24.3 99.0 99.00
2026 01 02 20 50  86  7.7  9.6 99.00 99.00 99.00 999 1008.1  27.5  27.1  24.3 99.0 99.00
2026 01 02 21 00  89  8.1 10.0 99.00 99.00 99.00 999 1008.1  27.5  27.1  24.2 99.0 99.00
2026 01 02 21 10  91  8.6 10.7  2.48  7.69  5.77  87 1008.1  27.6  27.1  24.1 99.0 99.00
2026 01 02 21 20  85  7.9  9.8 99.00 99.00 99.00 999 1008.2  27.5  27.1  24.3 99.0 99.00
2026 01 02 21 30  84  7.7  9.4 99.00 99.00 99.00 999 1008.2  27.5  27.1  24.4 99.0 99.00
2026 01 02 21 40  80  7.7  9.3  2.25  7.69  5.61  96 1008.2  27.4  27.1  24.5 99.0 99.00
2026 01 02 21 50  83  8.4 10.1 99.00 99.00 99.00 999 1008.3  27.4  27.1  24.2 99.0 99.00
2026 01 02 22 00  86  8.2 10.3 99.00 99.00 99.00 999 1008.4  27.5  27.1  24.2 99.0 99.00
2026 01 02 22 10  85  8.2 10.0  2.30  7.14  5.68  97 1008.4  27.5  27.1  24.3 99.0 99.00
2026 01 02 22 20  83  8.6 10.8 99.00 99.00 99.00 999 1008.6  27.5  27.1  24.3 99.0 99.00
2026 01 02 22 30  83  8.3 10.6 99.00 99.00 99.00 999 1008.6  27.4  27.1  24.2 99.0 99.00
2026 01 02 22 40  83  7.9  9.7  2.11  7.69  5.48  93 1008.8  27.5  27.1  24.3 99.0 99.00
2026 01 02 22 50  83  8.4 10.4 99.00 99.00 99.00 999 1008.8  27.4  27.1  24.1 99.0 99.00
2026 01 02 23 00  83  8.2  9.8 99.00 99.00 99.00 999 1008.9  27.5  27.1  24.0 99.0 99.00
2026 01 02 23 10  83  8.2 10.3  2.42  7.14  5.82 101 1009.1  27.5  27.1  23.9 99.0 99.00
2026 01 02 23 20  87  8.3 10.5 99.00 99.00 99.00 999 1009.2  27.6  27.1  23.8 99.0 99.00
2026 01 02 23 30  89  8.0 10.0 99.00 99.00 99.00 999 1009.3  27.6  27.1  23.9 99.0 99.00
2026 01 02 23 40  84  7.6  9.3  2.21  7.69  5.63 104 1009.4  27.5  27.1  24.0 99.0 99.00
2026 01 02 23 50  82  8.3 10.8 99.00 99.00 99.00 999 1009.6  26.9  27.1  23.9 99.0 99.00
2026 01 03 00 00  82  6.9  9.2 99.00 99.00 99.00 999 1009.7  27.0  27.1  24.0 99.0 99.00
2026 01 03 00 10  78  7.2  8.7  2.21  7.14  5.65  95 1009.9  27.4  27.0  24.2 99.0 99.00
2026 01 03 00 20  74  7.6  9.7 99.00 99.00 99.00 999 1009.9  27.4  27.1  24.2 99.0 99.00
2026 01 03 00 30  75  7.9  9.6 99.00 99.00 99.00 999 1010.0  27.4  27.1  24.2 99.0 99.00
2026 01 03 00 40  75  7.8  9.5  2.04  7.14  5.38  97 1010.2  27.4  27.1  24.1 99.0 99.00
2026 01 03 00 50  74  7.4  9.8 99.00 99.00 99.00 999 1010.3  27.4  27.1  24.1 99.0 99.00
2026 01 03 01 00  71  8.1  9.8 99.00 99.00 99.00 999 1010.4  27.5  27.1  24.1 99.0 99.00
2026 01 03 01 10  71  7.7  9.4  2.31  7.69  5.93  93 1010.5  27.5  27.1  24.2 99.0 99.00
2026 01 03 01 20  71  7.0  9.0 99.00 99.00 99.00 999 1010.5  27.4  27.0  24.4 99.0 99.00
2026 01 03 01 30  74  7.6  9.2 99.00 99.00 99.00 999 1010.6  27.4  27.0  24.3 99.0 99.00
2026 01 03 01 40  73  7.9  9.5  2.09  7.69  5.59  89 1010.8  27.4  27.0  24.3 99.0 99.00
2026 01 03 01 50  71  8.2  9.6 99.00 99.00 99.00 999 1011.0  27.5  27.0  24.1 99.0 99.00
2026 01 03 02 00  72  8.4  9.8 99.00 99.00 99.00 999 1011.1  27.5  27.0  23.9 99.0 99.00
2026 01 03 02 10  72  8.1  9.8  2.19  7.14  5.72  90 1011.2  27.5  27.0  24.0 99.0 99.00
2026 01 03 02 20  69  7.9  9.8 99.00 99.00 99.00 999 1011.2  27.5  27.0  24.2 99.0 99.00
2026 01 03 02 30  73  8.3  9.8 99.00 99.00 99.00 999 1011.2  27.5  27.0  24.1 99.0 99.00
2026 01 03 02 40  73  8.3 10.1  2.23  7.69  5.81  84 1011.2  27.5  27.0  24.0 99.0 99.00
2026 01 03 02 50  71  7.6  9.4 99.00 99.00 99.00 999 1011.3  27.5  27.0  24.2 99.0 99.00
2026 01 03 03 00  71  8.5 10.1 99.00 99.00 99.00 999 1011.3  27.4  27.0  24.0 99.0 99.00
2026 01 03 03 10  75  7.7  9.1  2.10  7.69  5.58 101 1011.4  27.5  27.0  24.1 99.0 99.00
2026 01 03 03 20  75  7.8  9.9 99.00 99.00 99.00 999 1011.4  27.4  27.0  24.1 99.0 99.00
2026 01 03 03 30  73  8.0  9.8 99.00 99.00 99.00 999 1011.5  27.4  27.0  24.0 99.0 99.00
2026 01 03 03 40  75  7.9  9.7  2.10  7.69  5.56  90 1011.6  27.5  27.0  23.8 99.0 99.00
2026 01 03 03 50  74  7.5  9.3 99.00 99.00 99.00 999 1011.4  27.5  27.0  24.0 99.0 99.00
2026 01 03 04 00  77  7.9  9.5 99.00 99.00 99.00 999 1011.4  27.4  27.0  24.0 99.0 99.00
2026 01 03 04 10  73  7.9  9.2  2.26  7.69  5.90  97 1011.5  27.5  27.0  24.1 99.0 99.00
2026 01 03 04 20  72  7.4  9.1 99.00 99.00 99.00 999 1011.4  27.5  27.0  24.3 99.0 99.00
2026 01 03 04 30  74  7.5  9.1 99.00 99.00 99.00 999 1011.3  27.4  27.0  24.2 99.0 99.00
2026 01 03 04 40  74  7.8  9.6  1.93  7.69  5.57  87 1011.1  27.4  27.0  24.2 99.0 99.00
2026 01 03 04 50  73  8.2  9.9 99.00 99.00 99.00 999 1011.0  27.4  27.0  24.0 99.0 99.00
2026 01 03 05 00  74  7.2  8.7 99.00 99.00 99.00 999 1010.9  27.4  27.0  24.1 99.0 99.00
2026 01 03 05 10  74  7.3  8.6  2.00  7.14  5.65  86 1010.8  27.4  27.0  24.3 99.0 99.00
2026 01 03 05 20  74  7.8  9.7 99.00 99.00 99.00 999 1010.7  27.4  27.0  24.2 99.0 99.00
2026 01 03 05 30  79  7.4  9.5 99.00 99.00 99.00 999 1010.7  27.4  27.0  24.2 99.0 99.00
2026 01 03 05 40  78  7.8  9.6  2.19  7.14  5.81  92 1010.6  27.4  27.0  24.0 99.0 99.00
2026 01 03 05 50  80  8.2 10.2 99.00 99.00 99.00 999 1010.5  27.3  27.0  24.2 99.0 99.00
2026 01 03 06 00  76  7.6  9.2 99.00 99.00 99.00 999 1010.4  27.3  27.0  24.4 99.0 99.00
2026 01 03 06 10  75  7.4  8.9  1.89  7.69  5.52  89 1010.2  27.4  27.0  24.4 99.0 99.00
2026 01 03 06 20  77  8.0  9.5 99.00 99.00 99.00 999 1010.1  27.3  27.0  24.0 99.0 99.00
2026 01 03 06 30  79  7.8  9.8 99.00 99.00 99.00 999 1010.1  27.4  27.0  24.2 99.0 99.00
2026 01 03 06 40  78  7.9  9.7  1.92  7.69  5.56 100 1009.9  27.4  27.0  24.0 99.0 99.00
2026 01 03 06 50  80  7.3  9.4 99.00 99.00 99.00 999 1009.8  27.4  27.0  24.2 99.0 99.00
2026 01 03 07 00  79  7.4  9.1 99.00 99.00 99.00 999 1009.7  27.3  27.0  24.2 99.0 99.00
2026 01 03 07 10  78  7.1  8.4  2.05  7.14  5.72  92 1009.5  27.3  27.0  24.3 99.0 99.00
2026 01 03 07 20  76  7.3  8.6 99.00 99.00 99.00 999 1009.5  27.3  27.0  24.3 99.0 99.00
2026 01 03 07 30  73  7.2  8.8 99.00 99.00 99.00 999 1009.4  27.3  27.0  24.4 99.0 99.00
2026 01 03 07 40  78  7.5  8.9  1.92  7.69  5.67  91 1009.4  27.3  27.0  24.2 99.0 99.00
2026 01 03 07 50  79  7.2  8.8 99.00 99.00 99.00 999 1009.3  27.3  27.0  24.3 99.0 99.00
2026 01 03 08 00  75  7.6  9.3 99.00 99.00 99.00 999 1009.3  27.3  27.0  24.3 99.0 99.00
2026 01 03 08 10  76  7.9  9.4  1.77  7.69  5.45  80 1009.1  27.3  27.0  24.1 99.0 99.00
2026 01 03 08 20  76  7.6  8.9 99.00 99.00 99.00 999 1009.1  27.3  27.0  24.2 99.0 99.00
2026 01 03 08 30  76  7.3  8.4 99.00 99.00 99.00 999 1009.3  27.3  27.0  24.2 99.0 99.00
2026 01 03 08 40  75  7.2  8.6  1.97  7.69  5.56  73 1009.4  27.3  27.0  24.1 99.0 99.00
2026 01 03 08 50  77  6.7  8.2 99.00 99.00 99.00 999 1009.4  27.3  27.0  24.2 99.0 99.00
2026 01 03 09 00  78  6.0  7.0 99.00 99.00 99.00 999 1009.4  27.3  27.0  24.4 99.0 99.00
2026 01 03 09 10  80  7.7  9.5  1.80  7.69  5.37  99 1009.4  27.2  27.0  24.2 99.0 99.00
2026 01 03 09 20  78  7.3  9.2 99.00 99.00 99.00 999 1009.5  27.2  27.0  24.3 99.0 99.00
2026 01 03 09 30  75  7.0  8.3 99.00 99.00 99.00 999 1009.5  27.3  27.0  24.4 99.0 99.00
2026 01 03 09 40  77  7.5  9.1  1.99  7.69  5.66  83 1009.5  27.2  27.0  24.2 99.0 99.00
2026 01 03 09 50  77  7.3  8.7 99.00 99.00 99.00 999 1009.6  27.2  27.0  24.1 99.0 99.00
2026 01 03 10 00  80  7.6  9.6 99.00 99.00 99.00 999 1009.6  27.3  27.0  24.0 99.0 99.00
2026 01 03 10 10  79  7.4  8.5  1.69  7.69  5.33  87 1009.5  27.3  27.0  24.1 99.0 99.00
2026 01 03 10 20  77  6.7  8.2 99.00 99.00 99.00 999 1009.6  27.3  27.0  24.4 99.0 99.00
2026 01 03 10 30  75  7.7  9.5 99.00 99.00 99.00 999 1009.7  27.2  27.0  24.1 99.0 99.00
2026 01 03 10 40  81  7.9  9.6  1.77  7.14  5.31  91 1009.9  27.3  27.0  23.8 99.0 99.00
2026 01 03 10 50  77  7.3  9.3 99.00 99.00 99.00 999 1010.0  27.3  27.0  23.9 99.0 99.00
2026 01 03 11 00  80  7.2  8.9 99.00 99.00 99.00 999 1009.9  27.3  27.0  23.9 99.0 99.00
2026 01 03 11 10  85  7.9  9.6  1.85  7.14  5.39  79 1010.0  27.3  26.9  23.9 99.0 99.00
2026 01 03 11 20  86  7.8  9.7 99.00 99.00 99.00 999 1010.1  27.3  27.0  24.0 99.0 99.00
2026 01 03 11 30  81  7.1  8.8 99.00 99.00 99.00 999 1010.2  27.3  27.0  24.1 99.0 99.00
2026 01 03 11 40  79  7.4  9.1  1.90  7.69  5.42  90 1010.2  27.3  27.0  24.2 99.0 99.00
2026 01 03 11 50  81  7.5  8.9 99.00 99.00 99.00 999 1010.4  27.3  27.0  24.3 99.0 99.00
2026 01 03 12 00  78  7.1  8.1 99.00 99.00 99.00 999 1010.5  27.3  27.0  24.4 99.0 99.00
2026 01 03 12 10  84  7.2  8.9  1.83  7.69  5.25  72 1010.6  27.3  27.0  24.3 99.0 99.00
2026 01 03 12 20  80  6.9  9.0 99.00 99.00 99.00 999 1010.7  27.3  27.0  24.3 99.0 99.00
2026 01 03 12 30  77  7.1  8.5 99.00 99.00 99.00 999 1011.0  27.4  27.0  24.3 99.0 99.00
2026 01 03 12 40  78  7.4  9.3  1.83  7.14  5.41  92 1011.1  27.3  27.0  24.3 99.0 99.00
2026 01 03 12 50  75  7.2  8.7 99.00 99.00 99.00 999 1011.3  27.1  27.0  24.2 99.0 99.00
2026 01 03 13 00  78  7.3  9.0 99.00 99.00 99.00 999 1011.5  27.3  27.0  24.2 99.0 99.00
2026 01 03 13 10  76  6.5  8.0  1.78  7.14  5.27  86 1011.6  27.4  27.0  24.4 99.0 99.00
2026 01 03 13 20  76  8.2 11.0 99.00 99.00 99.00 999 1011.9  27.0  27.0  24.0 99.0 99.00
2026 01 03 13 30  77  7.0  8.2 99.00 99.00 99.00 999 1011.9  26.9  27.0  24.2 99.0 99.00
2026 01 03 13 40  85  6.9  9.4  1.84  7.14  5.36  97 1012.0  27.4  27.0  24.6 99.0 99.00
2026 01 03 13 50  85  6.8  8.2 99.00 99.00 99.00 999 1012.0  27.4  27.0  24.6 99.0 99.00
2026 01 03 14 00  87  6.9  8.1 99.00 99.00 99.00 999 1012.0  27.5  27.0  24.6 99.0 99.00
2026 01 03 14 10  83  6.8  8.5  1.78  7.69  5.30  99 1012.1  27.5 999.0  24.6 99.0 99.00
2026 01 03 14 20  78  7.4  9.3 99.00 99.00 99.00 999 1012.1  27.4  27.0  24.6 99.0 99.00
2026 01 03 14 30  80  7.8  9.0 99.00 99.00 99.00 999 1012.1  27.4  27.0  24.5 99.0 99.00
2026 01 03 14 40  83  7.5  8.9  1.88  7.14  5.21  93 1012.1  27.4  27.0  24.5 99.0 99.00
2026 01 03 14 50  84  7.3  8.8 99.00 99.00 99.00 999 1012.1  27.5  27.0  24.6 99.0 99.00
2026 01 03 15 00  86  6.5  7.8 99.00 99.00 99.00 999 1012.2  27.5  27.0  24.9 99.0 99.00
2026 01 03 15 10  85  6.4  7.7  1.87  6.67  5.32  94 1012.2  27.4  27.0  24.9 99.0 99.00
2026 01 03 15 20  85  6.5  8.8 99.00 99.00 99.00 999 1012.1  27.4  27.0  24.9 99.0 99.00
2026 01 03 15 30  90  7.2  9.2 99.00 99.00 99.00 999 1012.1  27.5  27.0  24.7 99.0 99.00
2026 01 03 15 40  93  7.2  8.9  1.93  7.14  5.44  86 1012.0  27.5  27.1  24.6 99.0 99.00
2026 01 03 15 50  94  7.1  8.4 99.00 99.00 99.00 999 1011.9  27.5  27.1  24.7 99.0 99.00
2026 01 03 16 00  90  6.9  8.6 99.00 99.00 99.00 999 1011.8  27.5  27.1  24.9 99.0 99.00
2026 01 03 16 10  83  6.5  8.3  1.72  6.67  5.27  90 1011.6  27.4  27.1  24.8 99.0 99.00
2026 01 03 16 20  92  7.0  8.5 99.00 99.00 99.00 999 1011.5  27.4  27.1  24.6 99.0 99.00
2026 01 03 16 30  93  6.7  7.8 99.00 99.00 99.00 999 1011.4  27.6  27.1  24.8 99.0 99.00
2026 01 03 16 40  93  6.5  8.2  2.06  7.14  5.57  92 1011.3  27.5  27.1  24.8 99.0 99.00
2026 01 03 16 50  92  6.5  7.9 99.00 99.00 99.00 999 1011.2  27.5  27.1  24.8 99.0 99.00
2026 01 03 17 00  90  6.3  7.7 99.00 99.00 99.00 999 1011.1  27.5  27.1  24.9 99.0 99.00
2026 01 03 17 10  90  6.4  8.4  1.88  7.14  5.38  95 1011.0  27.4  27.1  24.8 99.0 99.00
2026 01 03 17 20  86  7.8  9.7 99.00 99.00 99.00 999 1010.9  27.4  27.2  24.3 99.0 99.00
2026 01 03 17 30  86  7.3  8.8 99.00 99.00 99.00 999 1010.8  27.2  27.2  24.4 99.0 99.00
2026 01 03 17 40  91  8.0  9.2  1.89  7.14  5.30 117 1010.6  27.3  27.2  24.6 99.0 99.00
2026 01 03 17 50  91  7.1  8.6 99.00 99.00 99.00 999 1010.4  27.4  27.2  24.8 99.0 99.00
2026 01 03 18 00  91  6.3  7.6 99.00 99.00 99.00 999 1010.3  27.3  27.2  24.8 99.0 99.00
2026 01 03 18 10  88  6.5  7.8  1.76  7.14  5.19  91 1010.2  27.3  27.2  24.7 99.0 99.00
2026 01 03 18 20  91  6.4  7.3 99.00 99.00 99.00 999 1010.2  27.4  27.2  24.6 99.0 99.00
2026 01 03 18 30  92  7.0  8.7 99.00 99.00 99.00 999 1010.1  27.3  27.2  24.5 99.0 99.00
2026 01 03 18 40  95  6.2  7.8  1.85  7.14  5.42  93 1010.0  26.8  27.2  24.6 99.0 99.00
2026 01 03 18 50  98  5.6  7.3 99.00 99.00 99.00 999 1009.7  27.0  27.2  25.0 99.0 99.00
2026 01 03 19 00 102  6.6  8.1 99.00 99.00 99.00 999 1009.7  27.2  27.2  24.8 99.0 99.00
2026 01 03 19 10  87  7.0  8.4  1.87  7.14  5.44 100 1009.5  27.1  27.2  24.9 99.0 99.00
2026 01 03 19 20  83  7.0  8.3 99.00 99.00 99.00 999 1009.3  26.9  27.2  24.8 99.0 99.00
2026 01 03 19 30  86  6.6  7.5 99.00 99.00 99.00 999 1009.2  27.1  27.3  24.9 99.0 99.00
2026 01 03 19 40  86  6.5  8.0  1.82  6.67  5.40  87 1009.2  27.1  27.2  24.8 99.0 99.00
2026 01 03 19 50  85  6.3  8.1 99.00 99.00 99.00 999 1009.3  27.1  27.2  24.8 99.0 99.00
2026 01 03 20 00  88  6.2  7.5 99.00 99.00 99.00 999 1009.2  27.2  27.2  24.8 99.0 99.00
2026 01 03 20 10  86  6.9  8.1  1.82  7.14  5.30  97 1009.2  27.3  27.2  24.8 99.0 99.00
2026 01 03 20 20  89  7.5  8.8 99.00 99.00 99.00 999 1009.3  27.2  27.3  24.6 99.0 99.00
2026 01 03 20 30  93  7.7  9.0 99.00 99.00 99.00 999 1009.2  27.3  27.3  24.3 99.0 99.00
2026 01 03 20 40  93  6.8  8.4  1.64  6.67  5.20  98 1009.1  27.4  27.2  24.5 99.0 99.00
2026 01 03 20 50  95  6.4  7.9 99.00 99.00 99.00 999 1009.1  27.4  27.3  24.8 99.0 99.00
2026 01 03 21 00  95  6.6  7.8 99.00 99.00 99.00 999 1009.1  27.3  27.2  24.7 99.0 99.00
2026 01 03 21 10  91  6.5  7.7  1.85  7.14  5.45  88 1009.1  27.3  27.3  24.6 99.0 99.00
2026 01 03 21 20  90  6.7  8.3 99.00 99.00 99.00 999 1008.9  27.4  27.2  24.7 99.0 99.00
2026 01 03 21 30  94  7.1  8.2 99.00 99.00 99.00 999 1008.9  27.4  27.2  24.7 99.0 99.00
2026 01 03 21 40  94  7.1  8.6  1.79  7.14  5.29 101 1009.1  27.4  27.2  24.5 99.0 99.00
2026 01 03 21 50  93  7.6  9.3 99.00 99.00 99.00 999 1009.2  27.6  27.2  24.5 99.0 99.00
2026 01 03 22 00  87  7.8  9.3 99.00 99.00 99.00 999 1009.2  27.6  27.2  24.3 99.0 99.00
2026 01 03 22 10  86  7.3  9.3  1.81  7.14  5.26  91 1009.1  27.6  27.2  24.4 99.0 99.00
2026 01 03 22 20  84  7.4  9.3 99.00 99.00 99.00 999 1009.2  27.6  27.2  24.4 99.0 99.00
2026 01 03 22 30  83  7.4  8.8 99.00 99.00 99.00 999 1009.2  27.6  27.2  24.4 99.0 99.00
2026 01 03 22 40  83  7.8  9.2  1.64  7.14  5.23 117 1009.3  27.6  27.2  24.2 99.0 99.00
2026 01 03 22 50  83  7.2  8.8 99.00 99.00 99.00 999 1009.4  27.6  27.2  24.3 99.0 99.00
2026 01 03 23 00  84  7.2  8.7 99.00 99.00 99.00 999 1009.4  27.6  27.2  24.4 99.0 99.00
2026 01 03 23 10  84  7.6  8.9  1.71  7.14  5.33 103 1009.3  27.6  27.2  24.3 99.0 99.00
2026 01 03 23 20  85  7.6  9.3 99.00 99.00 99.00 999 1009.4  27.6  27.2  24.3 99.0 99.00
2026 01 03 23 30  85  7.6  9.0 99.00 99.00 99.00 999 1009.4  27.6  27.2  24.2 99.0 99.00
2026 01 03 23 40  87  7.5  8.8  1.83  7.69  5.48  97 1009.4  27.6  27.2  24.4 99.0 99.00
2026 01 03 23 50  84  7.5  8.9 99.00 99.00 99.00 999 1009.4  27.6  27.2  24.5 99.0 99.00
2026 01 04 00 00  79  7.4  9.0 99.00 99.00 99.00 999 1009.7  27.6  27.2  24.6 99.0 99.00
2026 01 04 00 10  79  7.6  9.6  1.83  7.14  5.33 108 1009.9  27.5  27.2  24.4 99.0 99.00
2026 01 04 00 20  84  7.6  9.6 99.00 99.00 99.00 999 1010.0  27.6  27.2  24.3 99.0 99.00
2026 01 04 00 30  79  7.5  8.7 99.00 99.00 99.00 999 1010.2  27.6  27.3  24.3 99.0 99.00
2026 01 04 00 40  84  7.2  8.8  1.71  7.14  5.36 120 1010.5  27.6  27.3  24.2 99.0 99.00
2026 01 04 00 50  82  7.3  8.7 99.00 99.00 99.00 999 1010.7  27.6  27.3  24.3 99.0 99.00
2026 01 04 01 00  81  7.2  8.6 99.00 99.00 99.00 999 1010.8  27.7  27.3  24.3 99.0 99.00
2026 01 04 01 10  82  6.8  8.1  1.62  7.14  5.20  98 1010.9  27.6  27.3  24.4 99.0 99.00
2026 01 04 01 20  84  6.8  8.0 99.00 99.00 99.00 999 1010.9  27.6  27.3  24.4 99.0 99.00
2026 01 04 01 30  86  6.6  7.9 99.00 99.00 99.00 999 1011.0  27.6  27.4  24.4 99.0 99.00
2026 01 04 01 40  84  6.8  8.0  1.68  7.14  5.25 103 1011.0  27.6  27.4  24.3 99.0 99.00
2026 01 04 01 50  82  6.4  8.0 99.00 99.00 99.00 999 1011.0  27.6  27.4  24.6 99.0 99.00
2026 01 04 02 00  81  7.7  9.2 99.00 99.00 99.00 999 1011.1  27.5  27.4  24.3 99.0 99.00
2026 01 04 02 10  82  7.1  8.6  1.65  7.14  5.32 107 1011.2  27.6  27.4  24.2 99.0 99.00
2026 01 04 02 20  79  7.1  8.7 99.00 99.00 99.00 999 1011.3  27.5  27.4  24.1 99.0 99.00
2026 01 04 02 30  81  7.6  9.1 99.00 99.00 99.00 999 1011.2  27.6  27.4  23.9 99.0 99.00
2026 01 04 02 40  81  7.1  8.4  1.81  7.14  5.40  97 1011.2  27.6  27.4  24.0 99.0 99.00
2026 01 04 02 50  83  7.1  8.7 99.00 99.00 99.00 999 1011.2  27.6  27.4  24.1 99.0 99.00
2026 01 04 03 00  86  7.1  8.5 99.00 99.00 99.00 999 1011.3  27.6  27.4  24.1 99.0 99.00
2026 01 04 03 10  91  7.2  8.9  1.57  6.67  5.18  56 1011.2  27.6  27.4  24.2 99.0 99.00
2026 01 04 03 20  92  7.0  8.5 99.00 99.00 99.00 999 1011.3  27.6  27.4  24.2 99.0 99.00
2026 01 04 03 30  92  6.8  8.2 99.00 99.00 99.00 999 1011.4  27.6  27.4  24.3 99.0 99.00
2026 01 04 03 40  88  6.8  7.8  1.88  7.14  5.54  56 1011.3  27.5  27.5  24.3 99.0 99.00
2026 01 04 03 50  88  6.8  8.1 99.00 99.00 99.00 999 1011.4  27.5  27.5  24.3 99.0 99.00
2026 01 04 04 00  86  6.3  7.4 99.00 99.00 99.00 999 1011.4  27.5  27.5  24.4 99.0 99.00
2026 01 04 04 10  87  6.8  8.5  1.63  6.67  5.28  68 1011.4  27.5  27.5  24.0 99.0 99.00
2026 01 04 04 20  86  6.2  8.4 99.00 99.00 99.00 999 1011.5  27.5  27.5  24.3 99.0 99.00
2026 01 04 04 30  97  6.7  8.3 99.00 99.00 99.00 999 1011.4  27.4  27.5  24.0 99.0 99.00
2026 01 04 04 40  97  6.8  8.4  1.60  6.67  5.30  97 1011.3  27.6  27.5  24.2 99.0 99.00
2026 01 04 04 50 101  6.9  8.4 99.00 99.00 99.00 999 1011.3  27.5  27.5  24.2 99.0 99.00
2026 01 04 05 00 101  7.3  8.9 99.00 99.00 99.00 999 1011.3  27.5  27.5  24.2 99.0 99.00
2026 01 04 05 10 102  7.0  8.3  1.64  7.14  5.31 107 1011.2  27.5  27.5  24.3 99.0 99.00
2026 01 04 05 20 100  6.8  8.3 99.00 99.00 99.00 999 1011.1  27.5  27.5  24.4 99.0 99.00
2026 01 04 05 30  99  7.4  8.7 99.00 99.00 99.00 999 1011.0  27.5  27.5  24.4 99.0 99.00
2026 01 04 05 40 101  7.5  8.7  1.56  7.14  5.11  63 1010.8  27.5  27.5  24.4 99.0 99.00
2026 01 04 05 50 104  8.5 10.2 99.00 99.00 99.00 999 1010.7  27.4  27.5  24.0 99.0 99.00
2026 01 04 06 00 103  8.3 10.3 99.00 99.00 99.00 999 1010.7  27.5  27.5  24.0 99.0 99.00
2026 01 04 06 10 100  7.9  9.8  1.72  6.67  5.31 107 1010.7  27.5  27.5  24.2 99.0 99.00
2026 01 04 06 20 103  8.1  9.6 99.00 99.00 99.00 999 1010.6  27.4  27.5  24.0 99.0 99.00
2026 01 04 06 30 101  7.7  9.6 99.00 99.00 99.00 999 1010.4  27.4  27.5  24.0 99.0 99.00
2026 01 04 06 40 100  8.6  9.8  1.71  7.14  5.17 110 1010.2  27.4  27.5  23.7 99.0 99.00
2026 01 04 06 50 106  8.5 10.8 99.00 99.00 99.00 999 1010.2  27.4  27.4  23.6 99.0 99.00
2026 01 04 07 00 106  8.0  9.7 99.00 99.00 99.00 999 1010.0  27.5  27.4  23.7 99.0 99.00
2026 01 04 07 10 104  8.4  9.9  1.87  6.25  5.16  65 1010.0  27.4  27.4  23.5 99.0 99.00
2026 01 04 07 20 101  8.3 10.0 99.00 99.00 99.00 999 1010.0  27.5  27.4  23.5 99.0 99.00
2026 01 04 07 30  95  7.9  9.2 99.00 99.00 99.00 999 1009.9  27.4  27.4  23.7 99.0 99.00
2026 01 04 07 40  98  7.9  9.3  1.80  6.67  5.20  89 1009.9  27.4  27.4  23.7 99.0 99.00
2026 01 04 07 50  99  7.7  9.6 99.00 99.00 99.00 999 1009.7  27.4  27.5  23.8 99.0 99.00
2026 01 04 08 00  98  7.9  9.8 99.00 99.00 99.00 999 1009.8  27.4  27.5  23.6 99.0 99.00
2026 01 04 08 10 102  7.7  9.0  1.59  6.67  5.01  77 1009.8  27.4  27.5  23.7 99.0 99.00
2026 01 04 08 20 100  7.3  8.5 99.00 99.00 99.00 999 1009.7  27.4  27.5  23.7 99.0 99.00
2026 01 04 08 30 100  7.1  9.0 99.00 99.00 99.00 999 1009.9  27.4  27.5  23.8 99.0 99.00
2026 01 04 08 40  95  7.0  8.4  1.81  7.14  5.38  76 1009.8  27.4  27.5  23.9 99.0 99.00
2026 01 04 08 50 103  6.9  8.5 99.00 99.00 99.00 999 1009.7  27.4  27.5  23.9 99.0 99.00
2026 01 04 09 00 102  6.8  8.2 99.00 99.00 99.00 999 1009.7  27.4  27.5  24.0 99.0 99.00
2026 01 04 09 10 100  6.8  8.1  1.69  6.67  5.16  97 1009.7  27.3  27.5  23.9 99.0 99.00
2026 01 04 09 20  98  6.8  8.1 99.00 99.00 99.00 999 1009.7  27.3  27.5  23.9 99.0 99.00
2026 01 04 09 30  98  7.3  8.6 99.00 99.00 99.00 999 1009.9  27.4  27.5  23.8 99.0 99.00
2026 01 04 09 40  94  7.0  8.6  1.65  7.14  5.22  92 1009.9  27.4  27.5  24.0 99.0 99.00
2026 01 04 09 50  87  7.1  9.2 99.00 99.00 99.00 999 1010.0  27.2  27.6  23.7 99.0 99.00
2026 01 04 10 00  94  6.9  8.5 99.00 99.00 99.00 999 1010.0  27.3  27.6  23.9 99.0 99.00
2026 01 04 10 10  96  7.5  8.8  1.76  7.14  5.29  76 1010.0  27.3  27.6  23.9 99.0 99.00
2026 01 04 10 20  95  7.0  8.4 99.00 99.00 99.00 999 1010.1  27.2  27.6  24.0 99.0 99.00
2026 01 04 10 30  95  6.5  8.2 99.00 99.00 99.00 999 1010.2  27.3  27.6  24.1 99.0 99.00
2026 01 04 10 40  93  6.7  7.9  1.69  6.67  5.28  87 1010.4  27.3  27.6  24.1 99.0 99.00
2026 01 04 10 50  93  7.2  9.2 99.00 99.00 99.00 999 1010.5  27.3  27.6  23.7 99.0 99.00
2026 01 04 11 00  90  7.3  8.6 99.00 99.00 99.00 999 1010.6  27.4  27.6  23.7 99.0 99.00
2026 01 04 11 10  89  6.8  8.1  1.66  6.67  5.19  78 1010.5  27.4  27.6  23.6 99.0 99.00
2026 01 04 11 20  89  6.7  7.8 99.00 99.00 99.00 999 1010.5  27.4  27.6  23.9 99.0 99.00
2026 01 04 11 30  88  6.7  7.9 99.00 99.00 99.00 999 1010.5  27.4  27.6  24.1 99.0 99.00
2026 01 04 11 40  88  7.2  9.0  1.75  7.14  5.32  95 1010.5  27.4  27.6  23.9 99.0 99.00
2026 01 04 11 50  90  7.1  8.3 99.00 99.00 99.00 999 1010.7  27.4  27.6  24.0 99.0 99.00
2026 01 04 12 00  90  7.4  8.9 99.00 99.00 99.00 999 1011.0  27.4  27.6  23.9 99.0 99.00
2026 01 04 12 10  92  7.3  8.8  1.73  6.67  5.27  76 1011.1  27.4  27.6  23.8 99.0 99.00
2026 01 04 12 20  93  7.0  8.0 99.00 99.00 99.00 999 1011.2  27.5  27.6  24.0 99.0 99.00
2026 01 04 12 30  97  7.5  8.8 99.00 99.00 99.00 999 1011.2  27.5  27.7  23.9 99.0 99.00
2026 01 04 12 40 101  7.7  9.7  1.66  6.67  5.25  95 1011.4  27.5  27.7  24.0 99.0 99.00
2026 01 04 12 50 100  7.4  9.2 99.00 99.00 99.00 999 1011.5  27.5  27.7  24.1 99.0 99.00
2026 01 04 13 00 101  7.7  9.4 99.00 99.00 99.00 999 1011.6  27.6  27.7  24.1 99.0 99.00
2026 01 04 13 10 100  8.1  9.9  1.70  7.14  5.25 100 1011.6  27.5  27.7  24.1 99.0 99.00
2026 01 04 13 20 100  8.3 10.2 99.00 99.00 99.00 999 1011.6  27.5  27.7  24.1 99.0 99.00
2026 01 04 13 30 100  8.5 10.1 99.00 99.00 99.00 999 1011.7  27.5  27.7  24.0 99.0 99.00
2026 01 04 13 40 103  8.1  9.8  1.65  7.14  5.10  73 1011.9  27.6  27.7  24.1 99.0 99.00
2026 01 04 13 50 104  8.0 10.0 99.00 99.00 99.00 999 1012.1  27.6  27.7  24.2 99.0 99.00
2026 01 04 14 00 101  7.9  9.1 99.00 99.00 99.00 999 1012.2  27.6  27.7  24.2 99.0 99.00
2026 01 04 14 10  99  7.8  9.3  1.63  6.25  5.08  84 1012.4  27.6  27.7  24.2 99.0 99.00
2026 01 04 14 20 103  7.7  9.5 99.00 99.00 99.00 999 1012.4  27.6  27.7  24.2 99.0 99.00
2026 01 04 14 30 101  7.4  8.7 99.00 99.00 99.00 999 1012.6  27.6  27.8  24.3 99.0 99.00
2026 01 04 14 40  99  7.2  8.5  1.64  6.67  5.10  94 1012.7  27.6  27.7  24.3 99.0 99.00
2026 01 04 14 50  98  6.9  8.1 99.00 99.00 99.00 999 1012.8  27.7  27.8  24.4 99.0 99.00
2026 01 04 15 00 100  7.1  8.2 99.00 99.00 99.00 999 1012.8  27.7  27.8  24.3 99.0 99.00
2026 01 04 15 10 101  7.3  8.7  1.66  7.14  5.19  77 1012.7  27.7  27.8  24.2 99.0 99.00
2026 01 04 15 20  94  6.9  8.5 99.00 99.00 99.00 999 1012.7  27.8  27.8  24.5 99.0 99.00
2026 01 04 15 30  95  7.2  8.5 99.00 99.00 99.00 999 1012.7  27.7  27.8  24.2 99.0 99.00
2026 01 04 15 40 100  7.0  8.2  1.51  7.14  5.01  99 1012.6  27.8  27.8  24.2 99.0 99.00
2026 01 04 15 50 101  7.0  8.3 99.00 99.00 99.00 999 1012.5  27.7  27.8  24.2 99.0 99.00
2026 01 04 16 00  98  6.9  8.0 99.00 99.00 99.00 999 1012.4  27.7  27.9  24.3 99.0 99.00
2026 01 04 16 10  98  6.9  8.0  1.52  6.67  5.03  93 1012.4  27.7  27.9  24.3 99.0 99.00
2026 01 04 16 20  95  6.8  8.3 99.00 99.00 99.00 999 1012.1  27.7  27.9  24.3 99.0 99.00
2026 01 04 16 30  96  6.1  7.2 99.00 99.00 99.00 999 1012.1  27.7  27.9  24.3 99.0 99.00
2026 01 04 16 40  98  6.3  7.9  1.55  6.67  5.10  65 1012.2  27.6  27.9  24.1 99.0 99.00
2026 01 04 16 50 100  6.4  7.4 99.00 99.00 99.00 999 1011.9  27.7  28.0  24.0 99.0 99.00
2026 01 04 17 00 102  6.3  7.8 99.00 99.00 99.00 999 1011.8  27.7  28.0  24.1 99.0 99.00
2026 01 04 17 10 101  6.2  7.5  1.58  6.67  5.13  93 1011.6  27.6  28.0  24.0 99.0 99.00
2026 01 04 17 20 104  6.3  7.6 99.00 99.00 99.00 999 1011.6  27.6  28.0  24.0 99.0 99.00
2026 01 04 17 30 102  6.4  7.4 99.00 99.00 99.00 999 1011.3  27.6  28.0  24.0 99.0 99.00
2026 01 04 17 40 103  6.2  7.1  1.36  6.25  5.00  97 1011.3  27.7  28.0  24.1 99.0 99.00
2026 01 04 17 50 105  6.0  7.0 99.00 99.00 99.00 999 1011.1  27.7  28.0  24.1 99.0 99.00
2026 01 04 18 00 105  6.5  7.9 99.00 99.00 99.00 999 1011.0  27.7  28.0  24.1 99.0 99.00
2026 01 04 18 10 108  6.6  7.5  1.44  7.14  5.05  89 1010.7  27.7  28.0  24.0 99.0 99.00
2026 01 04 18 20 112  6.5  7.6 99.00 99.00 99.00 999 1010.7  27.7  28.0  24.0 99.0 99.00
2026 01 04 18 30 110  6.2  7.3 99.00 99.00 99.00 999 1010.6  27.6  28.0  23.9 99.0 99.00
2026 01 04 18 40 109  5.7  6.6  1.39  6.67  4.92 112 1010.4  27.7  28.1  24.1 99.0 99.00
2026 01 04 18 50 108  5.4  6.3 99.00 99.00 99.00 999 1010.4  27.6  28.1  24.0 99.0 99.00
2026 01 04 19 00  99  5.0  5.9 99.00 99.00 99.00 999 1010.3  27.6  28.1  24.1 99.0 99.00
2026 01 04 19 10 104  5.3  6.1  1.53  7.14  5.28  95 1010.2  27.6  28.1  24.0 99.0 99.00
2026 01 04 19 20 107  5.0  5.7 99.00 99.00 99.00 999 1010.1  27.6  28.1  23.9 99.0 99.00
2026 01 04 19 30 107  4.8  5.7 99.00 99.00 99.00 999 1010.0  27.6  28.1  24.0 99.0 99.00
2026 01 04 19 40 107  4.6  5.3  1.35  7.14  5.00  93 1010.0  27.6  28.2  24.0 99.0 99.00
2026 01 04 19 50 100  4.6  5.5 99.00 99.00 99.00 999 1010.0  27.7  28.2  24.1 99.0 99.00
2026 01 04 20 00  98  4.8  5.6 99.00 99.00 99.00 999 1010.0  27.7  28.2  23.9 99.0 99.00
2026 01 04 20 10  98  4.7  5.7  1.49  6.67  5.24  76 1010.0  27.7  28.2  24.0 99.0 99.00
2026 01 04 20 20  93  4.7  5.4 99.00 99.00 99.00 999 1010.0  27.7  28.2  24.1 99.0 99.00
2026 01 04 20 30  94  4.3  5.2 99.00 99.00 99.00 999 1010.0  27.7  28.2  24.1 99.0 99.00
2026 01 04 20 40  94  4.1  5.0  1.36  7.14  5.15  85 1010.0  27.8  28.2  24.0 99.0 99.00
2026 01 04 20 50  83  4.2  5.1 99.00 99.00 99.00 999 1010.0  27.8  28.2  24.2 99.0 99.00
2026 01 04 21 00  88  4.2  5.2 99.00 99.00 99.00 999 1010.0  27.7  28.2  24.2 99.0 99.00
2026 01 04 21 10  91  4.1  4.9  1.46  7.14  5.23  86 1010.1  27.6  28.2  23.9 99.0 99.00
2026 01 04 21 20  86  4.0  4.8 99.00 99.00 99.00 999 1010.1  27.7  28.1  23.9 99.0 99.00
2026 01 04 21 30  88  3.9  5.0 99.00 99.00 99.00 999 1010.1  27.7  28.1  23.9 99.0 99.00
2026 01 04 21 40  88  3.8  4.6  1.44  6.67  5.22  72 1010.2  27.7  28.1  23.9 99.0 99.00
2026 01 04 21 50  82  4.0  4.9 99.00 99.00 99.00 999 1010.2  27.7  28.1  23.8 99.0 99.00
2026 01 04 22 00  81  4.2  5.1 99.00 99.00 99.00 999 1010.2  27.7  28.1  23.9 99.0 99.00
2026 01 04 22 10  74  4.0  4.8  1.33  6.67  5.11  97 1010.3  27.7  28.1  24.0 99.0 99.00
2026 01 04 22 20  72  4.2  4.9 99.00 99.00 99.00 999 1010.4  27.6  28.1  24.1 99.0 99.00
2026 01 04 22 30  70  4.4  5.1 99.00 99.00 99.00 999 1010.3  27.5  28.1  24.1 99.0 99.00
2026 01 04 22 40  76  4.5  5.3  1.30  6.67  5.14 102 1010.4  27.5  28.1  23.9 99.0 99.00
2026 01 04 22 50  77  4.5  5.3 99.00 99.00 99.00 999 1010.4  27.6  28.1  24.0 99.0 99.00
2026 01 04 23 00  81  4.3  5.1 99.00 99.00 99.00 999 1010.4  27.5  28.1  23.9 99.0 99.00
2026 01 04 23 10  71  4.4  5.2  1.35  7.14  5.25  86 1010.4  27.5  28.1  23.9 99.0 99.00
2026 01 04 23 20  75  4.2  4.9 99.00 99.00 99.00 999 1010.5  27.6  28.1  24.1 99.0 99.00
2026 01 04 23 30  75  4.0  5.0 99.00 99.00 99.00 999 1010.6  27.6  28.1  24.1 99.0 99.00
2026 01 04 23 40  75  3.9  4.9  1.39  6.67  5.24 100 1010.7  27.6  28.1  24.1 99.0 99.00
2026 01 04 23 50  76  3.9  4.6 99.00 99.00 99.00 999 1010.9  27.6  28.1  24.0 99.0 99.00
2026 01 05 00 00  73  3.9  4.5 99.00 99.00 99.00 999 1011.0  27.6  28.1  24.2 99.0 99.00
2026 01 05 00 10  77  4.2  5.2  1.33  6.67  5.24  81 1011.1  27.6  28.1  24.1 99.0 99.00
2026 01 05 00 20  76  4.1  4.9 99.00 99.00 99.00 999 1011.3  27.6  28.1  24.2 99.0 99.00
2026 01 05 00 30  71  4.3  5.2 99.00 99.00 99.00 999 1011.3  27.6  28.1  24.2 99.0 99.00
2026 01 05 00 40  71  4.5  5.4  1.29  6.67  5.19  95 1011.6  27.6  28.1  24.3 99.0 99.00
2026 01 05 00 50  69  4.5  5.5 99.00 99.00 99.00 999 1011.7  27.5  28.0  24.1 99.0 99.00
2026 01 05 01 00  64  4.5  5.4 99.00 99.00 99.00 999 1011.8  27.5  28.0  24.1 99.0 99.00
2026 01 05 01 10  62  4.4  5.4  1.26  6.25  5.09  91 1011.9  27.5  28.0  24.2 99.0 99.00
2026 01 05 01 20  61  4.8  5.9 99.00 99.00 99.00 999 1011.9  27.5  28.0  24.3 99.0 99.00
2026 01 05 01 30  58  4.7  5.7 99.00 99.00 99.00 999 1012.1  27.5  28.0  24.3 99.0 99.00
2026 01 05 01 40  60  4.8  5.6  1.30  6.67  5.20 128 1012.1  27.5  28.0  24.3 99.0 99.00
2026 01 05 01 50  62  4.8  5.8 99.00 99.00 99.00 999 1012.2  27.5  28.0  24.2 99.0 99.00
2026 01 05 02 00  59  4.8  5.8 99.00 99.00 99.00 999 1012.3  27.5  28.0  24.3 99.0 99.00
2026 01 05 02 10  55  4.8  5.6  1.20  6.67  5.10  88 1012.3  27.5  28.0  24.3 99.0 99.00
2026 01 05 02 20  61  4.8  5.8 99.00 99.00 99.00 999 1012.2  27.5  28.0  24.3 99.0 99.00
2026 01 05 02 30  63  4.8  5.5 99.00 99.00 99.00 999 1012.3  27.5  28.0  24.3 99.0 99.00
2026 01 05 02 40  64  5.0  5.9  1.32  6.67  5.32  95 1012.2  27.5  28.0  24.4 99.0 99.00
2026 01 05 02 50  75  4.9  6.1 99.00 99.00 99.00 999 1012.3  27.4  27.9  24.4 99.0 99.00
2026 01 05 03 00  71  4.8  5.6 99.00 99.00 99.00 999 1012.3  27.4  27.9  24.4 99.0 99.00
2026 01 05 03 10  64  4.6  5.6  1.17  6.67  5.00  62 1012.3  27.3  27.9  24.3 99.0 99.00
2026 01 05 03 20  58  4.7  5.3 99.00 99.00 99.00 999 1012.3  27.2  27.9  24.1 99.0 99.00
2026 01 05 03 30  60  4.6  5.4 99.00 99.00 99.00 999 1012.3  27.4  27.9  24.3 99.0 99.00
2026 01 05 03 40  67  4.3  5.1  1.13  6.67  5.06 111 1012.3  27.4  27.9  24.3 99.0 99.00
2026 01 05 03 50  66  4.4  5.3 99.00 99.00 99.00 999 1012.2  27.3  27.9  24.1 99.0 99.00
2026 01 05 04 00  55  4.0  4.8 99.00 99.00 99.00 999 1012.2  27.4  27.9  24.2 99.0 99.00
2026 01 05 04 10  63  4.4  5.1  1.17  6.67  5.05  97 1012.1  27.3  27.9  24.2 99.0 99.00
2026 01 05 04 20  64  4.4  5.1 99.00 99.00 99.00 999 1012.1  27.3  27.9  24.1 99.0 99.00
2026 01 05 04 30  65  4.5  5.3 99.00 99.00 99.00 999 1012.0  27.3  27.9  24.1 99.0 99.00
2026 01 05 04 40  66  4.2  5.0  1.13  6.25  5.14  95 1012.0  27.3  27.9  24.1 99.0 99.00
2026 01 05 04 50  70  4.1  5.0 99.00 99.00 99.00 999 1012.0  27.4  27.9  24.2 99.0 99.00
2026 01 05 05 00  66  4.0  4.6 99.00 99.00 99.00 999 1011.9  27.4  27.9  24.2 99.0 99.00
2026 01 05 05 10  68  3.8  4.6  1.09  6.67  5.04 106 1011.8  27.4  27.9  24.1 99.0 99.00
2026 01 05 05 20  61  3.7  4.6 99.00 99.00 99.00 999 1011.7  27.4  27.9  24.3 99.0 99.00
2026 01 05 05 30  54  3.7  4.6 99.00 99.00 99.00 999 1011.7  27.3  27.9  24.1 99.0 99.00
2026 01 05 05 40  70  4.1  4.6  1.07  6.25  5.11  88 1011.6  27.4  27.9  24.3 99.0 99.00
2026 01 05 05 50  74  3.8  4.5 99.00 99.00 99.00 999 1011.5  27.3  27.9  24.2 99.0 99.00
2026 01 05 06 00  66  4.0  5.0 99.00 99.00 99.00 999 1011.2  27.3  27.9  24.2 99.0 99.00
2026 01 05 06 10  64  4.4  5.3  1.08  7.14  5.14 100 1011.1  27.3  27.9  24.1 99.0 99.00
2026 01 05 06 20  63  4.2  5.0 99.00 99.00 99.00 999 1011.0  27.3  27.9  23.9 99.0 99.00
2026 01 05 06 30  64  4.2  5.1 99.00 99.00 99.00 999 1010.9  27.3  27.9  23.9 99.0 99.00
2026 01 05 06 40  63  4.3  5.0  1.07  6.67  5.13 104 1010.7  27.3  27.9  24.1 99.0 99.00
2026 01 05 06 50  60  4.3  5.2 99.00 99.00 99.00 999 1010.5  27.2  27.9  24.1 99.0 99.00
2026 01 05 07 00  63  4.5  5.2 99.00 99.00 99.00 999 1010.4  27.3  27.9  24.3 99.0 99.00
2026 01 05 07 10  56  4.5  5.5  1.06  6.25  4.95  67 1010.2  27.2  27.9  24.3 99.0 99.00
2026 01 05 07 20  62  4.7  5.2 99.00 99.00 99.00 999 1010.2  27.2  27.9  24.2 99.0 99.00
2026 01 05 07 30  60  4.6  5.6 99.00 99.00 99.00 999 1010.2  27.2  27.9  24.2 99.0 99.00
2026 01 05 07 40  59  3.9  4.8  1.15  6.67  5.17 107 1010.2  27.2  27.9  24.2 99.0 99.00
2026 01 05 07 50  59  4.1  5.3 99.00 99.00 99.00 999 1010.0  27.2  27.9  24.3 99.0 99.00
2026 01 05 08 00  56  4.5  5.3 99.00 99.00 99.00 999 1010.0  27.0  27.9  24.2 99.0 99.00
2026 01 05 08 10  57  4.7  5.6  1.06  5.88  4.95  54 1010.0  27.2  27.9  24.2 99.0 99.00
2026 01 05 08 20  55  4.7  5.6 99.00 99.00 99.00 999 1010.0  27.2  27.9  24.2 99.0 99.00
2026 01 05 08 30  47  4.7  5.7 99.00 99.00 99.00 999 1009.8  27.2  27.9  24.2 99.0 99.00
2026 01 05 08 40  50  4.8  5.7  1.11  6.25  4.90  84 1009.9  27.2  27.9  24.3 99.0 99.00
2026 01 05 08 50  50  4.8  5.6 99.00 99.00 99.00 999 1010.0  27.1 999.0  24.1 99.0 99.00
2026 01 05 09 00  58  5.0  6.1 99.00 99.00 99.00 999 1010.0  27.1  27.9  24.0 99.0 99.00
2026 01 05 09 10  62  4.9  5.8  1.12  6.67  5.01 103 1010.0  27.1  27.9  23.8 99.0 99.00
2026 01 05 09 20  61  4.9  5.7 99.00 99.00 99.00 999 1010.0  27.2  27.9  23.8 99.0 99.00
2026 01 05 09 30  67  4.7  5.5 99.00 99.00 99.00 999 1010.1  27.2  27.9  23.7 99.0 99.00
2026 01 05 09 40  68  5.0  5.9  1.10  7.14  4.86  94 1010.1  27.2 999.0  23.7 99.0 99.00
2026 01 05 09 50  63  4.7  5.7 99.00 99.00 99.00 999 1010.2  27.2  27.9  23.6 99.0 99.00
2026 01 05 10 00  60  4.5  5.5 99.00 99.00 99.00 999 1010.3  27.3  27.9  23.8 99.0 99.00
2026 01 05 10 10  52  4.7  5.4  1.07  6.67  4.79 116 1010.3  27.2  27.9  23.9 99.0 99.00
2026 01 05 10 20  55  4.2  5.2 99.00 99.00 99.00 999 1010.3  27.2  27.9  24.0 99.0 99.00
2026 01 05 10 30  60  4.2  5.2 99.00 99.00 99.00 999 1010.2  27.2  27.9  24.1 99.0 99.00
2026 01 05 10 40  63  4.6  5.2  1.04  6.67  4.85  89 1010.2  27.2  27.9  24.3 99.0 99.00
2026 01 05 10 50  77  5.2  6.2 99.00 99.00 99.00 999 1010.2  27.1  27.9  24.1 99.0 99.00
2026 01 05 11 00  79  5.1  6.1 99.00 99.00 99.00 999 1010.2  27.2  27.9  24.0 99.0 99.00
2026 01 05 11 10  81  5.3  6.2  1.08  6.67  4.95  99 1010.3  27.2  27.9  23.6 99.0 99.00
2026 01 05 11 20  83  5.1  5.9 99.00 99.00 99.00 999 1010.5  27.2  28.0  23.7 99.0 99.00
2026 01 05 11 30  79  5.0  6.1 99.00 99.00 99.00 999 1010.5  27.2  28.0  23.6 99.0 99.00
2026 01 05 11 40  77  4.7  5.7  1.03  6.67  4.85 117 1010.7  27.3  28.0  23.9 99.0 99.00
2026 01 05 11 50  77  4.9  5.7 99.00 99.00 99.00 999 1010.7  27.2  28.0  23.8 99.0 99.00
2026 01 05 12 00  76  4.8  5.8 99.00 99.00 99.00 999 1010.9  27.3  28.0  23.7 99.0 99.00
2026 01 05 12 10  79  5.0  5.8  0.99  6.67  4.69 113 1011.0  27.3  28.0  23.6 99.0 99.00
2026 01 05 12 20  78  5.1  6.0 99.00 99.00 99.00 999 1011.0  27.4  27.9  23.9 99.0 99.00
2026 01 05 12 30  71  5.3  6.2 99.00 99.00 99.00 999 1011.1  27.4  27.9  23.9 99.0 99.00
2026 01 05 12 40  72  5.2  6.2  1.04  6.67  4.75 119 1011.2  27.4  27.9  23.8 99.0 99.00
2026 01 05 12 50  69  5.3  6.1 99.00 99.00 99.00 999 1011.5  27.4  28.0  23.9 99.0 99.00
2026 01 05 13 00  69  5.0  6.2 99.00 99.00 99.00 999 1011.6  27.4  28.0  24.0 99.0 99.00
2026 01 05 13 10  71  5.3  6.3  1.10  6.67  4.83 108 1011.6  27.4  28.0  24.0 99.0 99.00
2026 01 05 13 20  78  5.5  6.8 99.00 99.00 99.00 999 1011.7  27.4  28.0  23.8 99.0 99.00
2026 01 05 13 30  78  5.7  6.8 99.00 99.00 99.00 999 1011.9  27.5  28.0  23.6 99.0 99.00
2026 01 05 13 40  80  5.6  6.6  1.10  6.67  4.89 114 1012.0  27.5  28.0  23.7 99.0 99.00
2026 01 05 13 50  78  5.4  6.5 99.00 99.00 99.00 999 1012.0  27.5  28.0  23.8 99.0 99.00
2026 01 05 14 00  75  5.5  6.6 99.00 99.00 99.00 999 1012.1  27.5  28.0  23.9 99.0 99.00
2026 01 05 14 10  74  5.4  6.4  1.04  6.25  4.76 106 1012.1  27.5  28.0  24.2 99.0 99.00
2026 01 05 14 20  68  5.2  6.3 99.00 99.00 99.00 999 1012.2  27.4  28.1  24.2 99.0 99.00
2026 01 05 14 30  70  5.9  6.9 99.00 99.00 99.00 999 1012.2  27.4  28.1  24.0 99.0 99.00
2026 01 05 14 40  70  5.3  6.2  1.00  5.88  4.65  92 1012.3  27.5  28.1  24.1 99.0 99.00
2026 01 05 14 50  66  5.3  6.4 99.00 99.00 99.00 999 1012.3  27.5  28.1  24.1 99.0 99.00
2026 01 05 15 00  62  5.0  5.9 99.00 99.00 99.00 999 1012.3  27.5  28.1  24.1 99.0 99.00
2026 01 05 15 10  59  5.1  6.1  0.95  6.25  4.54  96 1012.3  27.5  28.1  24.1 99.0 99.00
2026 01 05 15 20  61  5.3  6.4 99.00 99.00 99.00 999 1012.3  27.5  28.1  24.1 99.0 99.00
2026 01 05 15 30  67  5.1  6.1 99.00 99.00 99.00 999 1012.1  27.6  28.2  24.3 99.0 99.00
2026 01 05 15 40  68  5.1  6.4  0.97  6.25  4.68  96 1012.0  27.6  28.2  24.3 99.0 99.00
2026 01 05 15 50  76  5.4  6.6 99.00 99.00 99.00 999 1011.9  27.5  28.2  24.0 99.0 99.00
2026 01 05 16 00  78  5.4  6.2 99.00 99.00 99.00 999 1012.0  27.5  28.2  23.8 99.0 99.00
2026 01 05 16 10  83  5.2  6.0  0.92  6.67  4.50 103 1011.9  27.5  28.2  23.7 99.0 99.00
2026 01 05 16 20  83  5.1  5.9 99.00 99.00 99.00 999 1012.0  27.6  28.2  23.9 99.0 99.00
2026 01 05 16 30  79  4.8  5.8 99.00 99.00 99.00 999 1011.9  27.6  28.2  24.1 99.0 99.00
2026 01 05 16 40  84  4.9  5.7  0.93  6.67  4.56  95 1011.8  27.6  28.2  24.0 99.0 99.00
2026 01 05 16 50  88  4.8  5.5 99.00 99.00 99.00 999 1011.6  27.6  28.2  24.2 99.0 99.00
2026 01 05 17 00  97  5.1  6.3 99.00 99.00 99.00 999 1011.6  27.6  28.2  24.2 99.0 99.00
2026 01 05 17 10 100  5.3  6.6  0.96  6.67  4.72  98 1011.4  27.6  28.2  24.1 99.0 99.00
2026 01 05 17 20 103  5.5  6.3 99.00 99.00 99.00 999 1011.3  27.6  28.2  23.8 99.0 99.00
2026 01 05 17 30 102  5.4  6.4 99.00 99.00 99.00 999 1011.1  27.6  28.2  23.9 99.0 99.00
2026 01 05 17 40  96  5.2  6.1  1.00  6.67  4.71 104 1011.0  27.6  28.3  24.0 99.0 99.00
2026 01 05 17 50  95  5.0  5.8 99.00 99.00 99.00 999 1011.0  27.5  28.3  24.1 99.0 99.00
2026 01 05 18 00  93  4.9  6.0 99.00 99.00 99.00 999 1010.8  27.5  28.1  24.2 99.0 99.00
2026 01 05 18 10  96  5.0  6.0  1.00  6.67  4.51 103 1010.7  27.5  28.1  24.2 99.0 99.00
2026 01 05 18 20  90  5.0  5.7 99.00 99.00 99.00 999 1010.6  27.5  28.1  24.2 99.0 99.00
2026 01 05 18 30  91  5.0  5.9 99.00 99.00 99.00 999 1010.5  27.5  28.2  24.1 99.0 99.00
2026 01 05 18 40  90  4.8  5.7  1.04  6.25  4.62  91 1010.3  27.5  28.2  23.9 99.0 99.00
2026 01 05 18 50  94  4.7  5.5 99.00 99.00 99.00 999 1010.1  27.6  28.2  24.1 99.0 99.00
2026 01 05 19 00  91  4.6  5.6 99.00 99.00 99.00 999 1009.9  27.5  28.3  24.1 99.0 99.00
2026 01 05 19 10  94  4.2  5.3  1.00  6.25  4.52 117 1009.9  27.5  28.3  24.2 99.0 99.00
2026 01 05 19 20  91  4.4  5.3 99.00 99.00 99.00 999 1009.9  27.5  28.3  24.1 99.0 99.00
2026 01 05 19 30  90  4.3  5.1 99.00 99.00 99.00 999 1010.0  27.6  28.3  24.3 99.0 99.00
2026 01 05 19 40  86  4.2  5.1  0.96  4.76  4.53  89 1009.9  27.5  28.3  24.1 99.0 99.00
2026 01 05 19 50  89  4.2  5.3 99.00 99.00 99.00 999 1009.8  27.6  28.3  24.2 99.0 99.00
2026 01 05 20 00  82  3.8  5.0 99.00 99.00 99.00 999 1009.9  27.6  28.3  24.3 99.0 99.00
2026 01 05 20 10  78  3.9  5.2  0.95  6.25  4.65 114 1009.8  27.6  28.2  24.3 99.0 99.00
2026 01 05 20 20  75  3.8  4.6 99.00 99.00 99.00 999 1009.8  27.6  28.3  24.2 99.0 99.00
2026 01 05 20 30  73  4.4  5.3 99.00 99.00 99.00 999 1009.8  27.6  28.2  24.2 99.0 99.00
2026 01 05 20 40  79  4.6  5.3  0.91  5.88  4.44 113 1009.8  27.5  28.2  23.9 99.0 99.00
2026 01 05 20 50  83  4.6  5.3 99.00 99.00 99.00 999 1009.9  27.6  28.2  23.9 99.0 99.00
2026 01 05 21 00  86  4.6  5.5 99.00 99.00 99.00 999 1009.9  27.6  28.2  24.1 99.0 99.00
2026 01 05 21 10  85  4.5  5.6  1.00  6.67  4.58 115 1009.9  27.6  28.2  24.2 99.0 99.00
2026 01 05 21 20  93  4.7  5.6 99.00 99.00 99.00 999 1009.9  27.6  28.2  24.1 99.0 99.00
2026 01 05 21 30  86  4.4  5.6 99.00 99.00 99.00 999 1010.0  27.6  28.1  24.0 99.0 99.00
2026 01 05 21 40  86  4.4  5.5  1.04  6.25  4.62 111 1010.2  27.6  28.2  23.8 99.0 99.00
2026 01 05 21 50  83  4.3  5.2 99.00 99.00 99.00 999 1010.2  27.6  28.1  23.9 99.0 99.00
2026 01 05 22 00  83  4.0  4.6 99.00 99.00 99.00 999 1010.4  27.6  28.1  23.9 99.0 99.00
2026 01 05 22 10  80  3.7  4.3  1.02  6.25  4.56 102 1010.4  27.6  28.1  24.1 99.0 99.00
2026 01 05 22 20  73  4.0  4.9 99.00 99.00 99.00 999 1010.5  27.6  28.1  24.3 99.0 99.00
2026 01 05 22 30  75  4.3  5.0 99.00 99.00 99.00 999 1010.4  27.5  28.1  24.1 99.0 99.00
2026 01 05 22 40  75  4.3  5.4  0.99  6.25  4.54 108 1010.5  27.5  28.1  24.2 99.0 99.00
2026 01 05 22 50  76  4.4  5.3 99.00 99.00 99.00 999 1010.6  27.5  28.1  24.3 99.0 99.00
2026 01 05 23 00  78  4.7  5.5 99.00 99.00 99.00 999 1010.7  27.5  28.1  24.2 99.0 99.00
2026 01 05 23 10  82  4.6  5.5  1.01  6.25  4.53 117 1010.7  27.5  28.1  24.1 99.0 99.00
2026 01 05 23 20  87  4.8  5.8 99.00 99.00 99.00 999 1010.7  27.5  28.1  24.3 99.0 99.00
2026 01 05 23 30  88  5.4  6.4 99.00 99.00 99.00 999 1010.7  27.4  28.0  23.9 99.0 99.00
2026 01 05 23 40  84  5.0  5.8  0.94  6.25  4.51 101 1010.8  27.5  28.0  24.1 99.0 99.00
2026 01 05 23 50  86  5.0  6.4 99.00 99.00 99.00 999 1010.8  27.5  28.0  24.1 99.0 99.00
2026 01 06 00 00  84  5.0  5.7 99.00 99.00 99.00 999 1010.9  27.5  28.0  24.1 99.0 99.00
2026 01 06 00 10  90  5.0  5.9  0.91  6.25  4.36 111 1011.0  27.5  28.0  24.0 99.0 99.00
2026 01 06 00 20  89  5.0  5.9 99.00 99.00 99.00 999 1011.0  27.5  28.0  24.2 99.0 99.00
2026 01 06 00 30  85  4.9  5.8 99.00 99.00 99.00 999 1011.1  27.4  28.0  24.0 99.0 99.00
2026 01 06 00 40  84  4.5  5.3  0.93  6.67  4.45 105 1011.1  27.5  28.0  24.1 99.0 99.00
2026 01 06 00 50  82  4.2  4.8 99.00 99.00 99.00 999 1011.3  27.5  28.0  24.0 99.0 99.00
2026 01 06 01 00  78  4.0  4.9 99.00 99.00 99.00 999 1011.3  27.4  27.9  24.1 99.0 99.00
2026 01 06 01 10  74  4.2  5.4  0.90  6.25  4.46 105 1011.4  27.4  27.9  24.2 99.0 99.00
2026 01 06 01 20  69  4.4  5.2 99.00 99.00 99.00 999 1011.5  27.4  27.9  24.3 99.0 99.00
2026 01 06 01 30  72  4.6  5.6 99.00 99.00 99.00 999 1011.6  27.4  27.9  24.3 99.0 99.00
2026 01 06 01 40  67  4.6  5.3  0.89  6.25  4.41 102 1011.7  27.4  27.9  24.3 99.0 99.00
2026 01 06 01 50  63  4.7  5.6 99.00 99.00 99.00 999 1011.8  27.4  27.9  24.2 99.0 99.00
2026 01 06 02 00  61  5.1  6.1 99.00 99.00 99.00 999 1011.9  27.4  27.9  24.2 99.0 99.00
2026 01 06 02 10  60  4.8  5.9  0.86  6.67  4.35 110 1011.9  27.4  27.9  24.3 99.0 99.00
2026 01 06 02 20  62  5.1  5.9 99.00 99.00 99.00 999 1012.0  27.4 999.0  24.2 99.0 99.00
2026 01 06 02 30  63  4.9  5.9 99.00 99.00 99.00 999 1011.9  27.4  27.9  24.2 99.0 99.00
2026 01 06 02 40  60  5.2  6.1  0.80  6.25  4.22 110 1012.0  27.4  27.9  24.1 99.0 99.00
2026 01 06 02 50  60  4.9  5.8 99.00 99.00 99.00 999 1012.1  27.4  27.9  24.1 99.0 99.00
2026 01 06 03 00  65  4.7  5.6 99.00 99.00 99.00 999 1012.0  27.4  27.9  24.1 99.0 99.00
2026 01 06 03 10  64  4.9  5.8  0.84  6.25  4.26 108 1011.9  27.4  27.9  24.0 99.0 99.00
2026 01 06 03 20  55  5.1  6.3 99.00 99.00 99.00 999 1012.1  27.4  27.9  24.1 99.0 99.00
2026 01 06 03 30  60  5.0  5.9 99.00 99.00 99.00 999 1012.0  27.4  27.9  24.1 99.0 99.00
2026 01 06 03 40  58  5.2  6.1  0.81  6.25  4.24 113 1012.1  27.3  27.9  23.9 99.0 99.00
2026 01 06 03 50  55  5.1  6.3 99.00 99.00 99.00 999 1012.0  27.4  27.9  24.0 99.0 99.00
2026 01 06 04 00  50  5.0  6.6 99.00 99.00 99.00 999 1012.0  27.4  27.9  24.2 99.0 99.00
2026 01 06 04 10  61  4.9  6.0  0.82  6.25  4.23  91 1011.9  27.3  27.9  24.2 99.0 99.00
2026 01 06 04 20  62  5.3  6.6 99.00 99.00 99.00 999 1011.8  27.3  27.9  24.1 99.0 99.00
2026 01 06 04 30  64  5.1  6.2 99.00 99.00 99.00 999 1011.7  27.3  27.9  23.9 99.0 99.00
2026 01 06 04 40  60  5.0  6.0  0.83  6.25  4.29 107 1011.7  27.4  27.9  23.9 99.0 99.00
2026 01 06 04 50  65  4.7  5.7 99.00 99.00 99.00 999 1011.7  27.3  27.9  24.0 99.0 99.00
2026 01 06 05 00  65  5.0  6.0 99.00 99.00 99.00 999 1011.8  27.2  27.9  23.7 99.0 99.00
2026 01 06 05 10  62  5.0  5.8  0.88  6.25  4.40  96 1011.7  27.3  27.9  23.8 99.0 99.00
2026 01 06 05 20  64  4.8  5.8 99.00 99.00 99.00 999 1011.6  27.3  27.9  23.9 99.0 99.00
2026 01 06 05 30  71  4.7  5.8 99.00 99.00 99.00 999 1011.6  27.3  27.8  24.0 99.0 99.00
2026 01 06 05 40  65  4.7  5.5  0.85  5.56  4.34  88 1011.4  27.3  27.8  24.1 99.0 99.00
2026 01 06 05 50  70  5.3  6.2 99.00 99.00 99.00 999 1011.3  27.2  27.9  23.8 99.0 99.00
2026 01 06 06 00  69  4.8  5.7 99.00 99.00 99.00 999 1011.4  27.2  27.9  23.8 99.0 99.00
2026 01 06 06 10  67  4.7  5.6  0.83  5.88  4.34 106 1011.2  27.2  27.9  23.7 99.0 99.00
2026 01 06 06 20  69  5.0  5.9 99.00 99.00 99.00 999 1011.2  27.2  27.9  23.8 99.0 99.00
2026 01 06 06 30  66  4.8  5.7 99.00 99.00 99.00 999 1011.0  27.2  27.9  23.8 99.0 99.00
2026 01 06 06 40  66  5.0  5.9  0.86  5.56  4.34  97 1011.0  27.1  27.8  23.7 99.0 99.00
2026 01 06 06 50  59  4.8  6.2 99.00 99.00 99.00 999 1010.9  27.2  27.9  23.9 99.0 99.00
2026 01 06 07 00  60  5.0  5.8 99.00 99.00 99.00 999 1010.8  27.1  27.8  23.5 99.0 99.00
2026 01 06 07 10  61  4.8  5.6  0.86  5.88  4.39 109 1010.7  27.2  27.8  23.7 99.0 99.00
2026 01 06 07 20  63  4.4  5.4 99.00 99.00 99.00 999 1010.7  27.2  27.8  23.8 99.0 99.00
2026 01 06 07 30  72  4.3  5.2 99.00 99.00 99.00 999 1010.6  27.1  27.8  23.9 99.0 99.00
2026 01 06 07 40  76  4.8  5.5  0.84  6.25  4.30 133 1010.5  27.0  27.8  23.6 99.0 99.00
2026 01 06 07 50  67  4.6  5.5 99.00 99.00 99.00 999 1010.4  27.1  27.8  23.6 99.0 99.00
2026 01 06 08 00  70  4.5  5.3 99.00 99.00 99.00 999 1010.5  27.1  27.8  23.7 99.0 99.00
2026 01 06 08 10  66  4.6  5.5  0.82  6.67  4.35  77 1010.5  27.1  27.8  23.6 99.0 99.00
2026 01 06 08 20  65  4.8  5.6 99.00 99.00 99.00 999 1010.5  27.1  27.8  23.6 99.0 99.00
2026 01 06 08 30  64  4.8  6.2 99.00 99.00 99.00 999 1010.4  27.1  27.8  23.7 99.0 99.00
2026 01 06 08 40  64  4.9  6.0  0.84  6.25  4.35 101 1010.4  27.1  27.8  23.6 99.0 99.00
2026 01 06 08 50  74  4.8  5.7 99.00 99.00 99.00 999 1010.4  27.1  27.8  23.8 99.0 99.00
2026 01 06 09 00  75  5.2  6.3 99.00 99.00 99.00 999 1010.5  27.1  27.8  23.7 99.0 99.00
2026 01 06 09 10  69  5.4  6.1  0.92  5.88  4.42  78 1010.6  27.1  27.8  23.6 99.0 99.00
2026 01 06 09 20  65  5.3  6.1 99.00 99.00 99.00 999 1010.7  27.1  27.8  23.7 99.0 99.00
2026 01 06 09 30  67  5.8  6.7 99.00 99.00 99.00 999 1010.7  27.1  27.8  23.7 99.0 99.00
2026 01 06 09 40  68  5.8  6.8  0.92  5.00  4.40  96 1010.7  27.1  27.8  23.6 99.0 99.00
2026 01 06 09 50  67  5.7  6.9 99.00 99.00 99.00 999 1010.8  27.2  27.8  23.7 99.0 99.00
2026 01 06 10 00  70  5.6  6.5 99.00 99.00 99.00 999 1010.8  27.1  27.8  23.6 99.0 99.00
2026 01 06 10 10  67  6.0  7.0  0.90  6.25  4.45  70 1010.8  27.1  27.8  23.7 99.0 99.00
2026 01 06 10 20  68  5.8  7.2 99.00 99.00 99.00 999 1010.8  27.2  27.8  23.9 99.0 99.00
2026 01 06 10 30  67  6.0  7.1 99.00 99.00 99.00 999 1010.8  27.1  27.8  23.7 99.0 99.00
2026 01 06 10 40  65  5.7  6.7  0.95  7.69  4.50 355 1011.0  27.2  27.8  23.8 99.0 99.00
2026 01 06 10 50  65  5.9  6.9 99.00 99.00 99.00 999 1011.0  27.1  27.8  23.7 99.0 99.00
2026 01 06 11 00  63  5.9  6.9 99.00 99.00 99.00 999 1011.2  27.2  27.8  23.7 99.0 99.00
2026 01 06 11 10  61  6.2  7.4  0.95  6.25  4.37  94 1011.3  27.1  27.8  23.5 99.0 99.00
2026 01 06 11 20  64  6.0  7.2 99.00 99.00 99.00 999 1011.4  27.2  27.8  23.5 99.0 99.00
2026 01 06 11 30  65  5.9  7.1 99.00 99.00 99.00 999 1011.4  27.2  27.8  23.5 99.0 99.00
2026 01 06 11 40  64  6.0  7.2  0.97  6.25  4.19  54 1011.5  27.3  27.8  24.1 99.0 99.00
2026 01 06 11 50  62  6.5  7.6 99.00 99.00 99.00 999 1011.6  27.1  27.8  23.7 99.0 99.00
2026 01 06 12 00  66  6.3  7.5 99.00 99.00 99.00 999 1011.6  27.3  27.8  24.0 99.0 99.00
2026 01 06 12 10  67  6.6  8.1  1.04  6.25  4.26  87 1011.7  27.2  27.8  23.8 99.0 99.00
2026 01 06 12 20  65  6.8  8.4 99.00 99.00 99.00 999 1011.7  27.2  27.8  23.5 99.0 99.00
2026 01 06 12 30  68  7.6  9.1 99.00 99.00 99.00 999 1011.9  27.3  27.8  23.9 99.0 99.00
2026 01 06 12 40  67  7.6  8.9  1.01  6.25  4.38 117 1012.1  27.2  27.8  23.8 99.0 99.00
2026 01 06 12 50  68  7.5  9.5 99.00 99.00 99.00 999 1012.2  27.2  27.8  23.6 99.0 99.00
2026 01 06 13 00  69  7.7  9.4 99.00 99.00 99.00 999 1012.4  27.3  27.8  23.2 99.0 99.00
2026 01 06 13 10  70  7.6  9.0  1.03  6.67  4.26  32 1012.4  27.4  27.8  23.3 99.0 99.00
2026 01 06 13 20  67  7.6  8.8 99.00 99.00 99.00 999 1012.6  27.3  27.8  23.4 99.0 99.00
2026 01 06 13 30  66  7.9  9.2 99.00 99.00 99.00 999 1012.5  27.3  27.8  23.0 99.0 99.00
2026 01 06 13 40  68  8.0  9.3  1.00  6.25  4.15 100 1012.6  27.4  27.8  23.1 99.0 99.00
2026 01 06 13 50  65  7.7  9.4 99.00 99.00 99.00 999 1012.5  27.3  27.8  23.3 99.0 99.00
2026 01 06 14 00  69  8.0  9.7 99.00 99.00 99.00 999 1012.5  27.4  27.8  23.3 99.0 99.00
2026 01 06 14 10  73  8.2  9.6  1.08  4.35  4.10 102 1012.6  27.3  27.8  23.3 99.0 99.00
2026 01 06 14 20  71  7.8  9.3 99.00 99.00 99.00 999 1012.6  27.4  27.8  23.3 99.0 99.00
2026 01 06 14 30  72  7.5  9.0 99.00 99.00 99.00 999 1012.6  27.4  27.8  23.4 99.0 99.00
2026 01 06 14 40  77  7.6  9.4  1.04  7.14  4.13 359 1012.6  27.4  27.8  23.2 99.0 99.00
2026 01 06 14 50  75  7.6  9.1 99.00 99.00 99.00 999 1012.5  27.4  27.8  22.8 99.0 99.00
2026 01 06 15 00  78  7.7  9.0 99.00 99.00 99.00 999 1012.5  27.4  27.8  22.9 99.0 99.00
2026 01 06 15 10  84  7.7  9.1  1.03  4.55  4.08  88 1012.6  27.4  27.8  23.2 99.0 99.00
2026 01 06 15 20  79  8.2  9.5 99.00 99.00 99.00 999 1012.5  27.3  27.8  23.2 99.0 99.00
2026 01 06 15 30  79  8.1  9.5 99.00 99.00 99.00 999 1012.4  27.3  27.8  23.3 99.0 99.00
2026 01 06 15 40  79  8.3  9.9  1.09  7.14  4.16 358 1012.4  27.4  27.8  23.3 99.0 99.00
2026 01 06 15 50  82  8.6  9.9 99.00 99.00 99.00 999 1012.2  27.4  27.8  23.2 99.0 99.00
2026 01 06 16 00  82  8.3 10.0 99.00 99.00 99.00 999 1012.1  27.4  27.8  23.1 99.0 99.00
2026 01 06 16 10  89  8.4  9.9  1.07  4.55  4.16 103 1012.0  27.4  27.8  23.1 99.0 99.00
2026 01 06 16 20  83  8.0  9.4 99.00 99.00 99.00 999 1011.9  27.4  27.8  23.3 99.0 99.00
2026 01 06 16 30  89  8.0  9.4 99.00 99.00 99.00 999 1011.8  27.4  27.8  23.3 99.0 99.00
2026 01 06 16 40  87  8.1  9.8  1.12  4.55  4.15  95 1011.6  27.3  27.8  22.9 99.0 99.00
2026 01 06 16 50  83  7.8  9.0 99.00 99.00 99.00 999 1011.5  27.4  27.8  23.2 99.0 99.00
2026 01 06 17 00  85  7.8  9.2 99.00 99.00 99.00 999 1011.5  27.4  27.8  23.2 99.0 99.00
2026 01 06 17 10  88  7.5  8.7  1.17  4.55  4.27 105 1011.4  27.4  27.9  23.4 99.0 99.00
2026 01 06 17 20  83  7.7  8.8 99.00 99.00 99.00 999 1011.3  27.3  27.9  23.1 99.0 99.00
2026 01 06 17 30  82  7.5  9.3 99.00 99.00 99.00 999 1011.1  27.3  27.8  23.2 99.0 99.00
2026 01 06 17 40  80  7.1  8.8  1.15  5.00  4.19  97 1010.9  27.3  27.9  23.4 99.0 99.00
2026 01 06 17 50  86  7.1  8.3 99.00 99.00 99.00 999 1010.7  27.3  27.9  23.3 99.0 99.00
2026 01 06 18 00  81  7.3  8.4 99.00 99.00 99.00 999 1010.7  27.3  27.9  23.3 99.0 99.00
2026 01 06 18 10  85  7.1  8.7  1.14  5.00  4.30  74 1010.6  27.4  27.9  23.5 99.0 99.00
2026 01 06 18 20  80  7.3  8.8 99.00 99.00 99.00 999 1010.6  27.3  27.9  23.3 99.0 99.00
2026 01 06 18 30  82  7.4  8.6 99.00 99.00 99.00 999 1010.5  27.4  27.9  23.2 99.0 99.00
2026 01 06 18 40  78  7.4  8.4  1.13  5.56  4.33  86 1010.4  27.4  27.9  23.3 99.0 99.00
2026 01 06 18 50  78  7.6  8.7 99.00 99.00 99.00 999 1010.4  27.4  27.9  23.2 99.0 99.00
2026 01 06 19 00  77  7.3  8.8 99.00 99.00 99.00 999 1010.3  27.5  27.9  23.4 99.0 99.00
2026 01 06 19 10  75  7.5  8.6  1.18  5.00  4.41  99 1010.2  27.4  27.9  23.2 99.0 99.00
2026 01 06 19 20  75  7.3  8.6 99.00 99.00 99.00 999 1010.0  27.5  27.9  23.2 99.0 99.00
2026 01 06 19 30  72  7.5  8.7 99.00 99.00 99.00 999 1010.0  27.4  27.9  23.0 99.0 99.00
2026 01 06 19 40  78  7.4  8.8  1.19  4.76  4.28 111 1010.0  27.5  27.9  23.1 99.0 99.00
2026 01 06 19 50  78  7.2  8.5 99.00 99.00 99.00 999 1010.0  27.5  27.9  23.3 99.0 99.00
2026 01 06 20 00  79  7.5  9.0 99.00 99.00 99.00 999 1010.0  27.4  27.9  23.1 99.0 99.00
2026 01 06 20 10  77  7.7  9.6  1.16  5.88  4.32  82 1010.0  27.5  27.9  23.1 99.0 99.00
2026 01 06 20 20  76  7.8  9.1 99.00 99.00 99.00 999 1010.0  27.5  27.9  23.0 99.0 99.00
2026 01 06 20 30  76  7.8  9.3 99.00 99.00 99.00 999 1010.0  27.5  27.9  23.0 99.0 99.00
2026 01 06 20 40  73  7.3  9.2  1.27  5.00  4.35  97 1010.0  27.5  27.9  23.1 99.0 99.00
2026 01 06 20 50  78  7.5  8.6 99.00 99.00 99.00 999 1009.9  27.5  27.9  23.0 99.0 99.00
2026 01 06 21 00  81  7.3  8.6 99.00 99.00 99.00 999 1009.9  27.5  27.9  23.1 99.0 99.00
2026 01 06 21 10  83  7.5  8.7  1.19  4.76  4.31 101 1010.0  27.5  27.9  23.1 99.0 99.00
2026 01 06 21 20  87  7.4  8.6 99.00 99.00 99.00 999 1010.0  27.5  27.9  23.3 99.0 99.00
2026 01 06 21 30  85  7.6  8.8 99.00 99.00 99.00 999 1010.1  27.5  27.9  23.2 99.0 99.00
2026 01 06 21 40  78  8.0  9.4  1.20  4.76  4.31 103 1010.1  27.5  27.9  23.1 99.0 99.00
2026 01 06 21 50  81  7.3  9.0 99.00 99.00 99.00 999 1010.2  27.5  27.9  23.5 99.0 99.00
2026 01 06 22 00  83  7.7  9.3 99.00 99.00 99.00 999 1010.2  27.4  27.9  23.3 99.0 99.00
2026 01 06 22 10  85  7.7  9.2  1.17  5.26  4.28  98 1010.2  27.5  27.9  23.4 99.0 99.00
2026 01 06 22 20  84  7.7  9.2 99.00 99.00 99.00 999 1010.2  27.4  27.9  23.3 99.0 99.00
2026 01 06 22 30  84  7.8  9.0 99.00 99.00 99.00 999 1010.4  27.4  27.9  23.4 99.0 99.00
2026 01 06 22 40  80  7.5  9.0  1.25  5.00  4.37 106 1010.5  27.4  27.9  23.5 99.0 99.00
2026 01 06 22 50  77  7.5  8.7 99.00 99.00 99.00 999 1010.5  27.4  27.9  23.4 99.0 99.00
2026 01 06 23 00  79  7.2  8.8 99.00 99.00 99.00 999 1010.5  27.4  27.9  23.5 99.0 99.00
2026 01 06 23 10  84  7.3  8.6  1.17  4.76  4.28 104 1010.6  27.4  27.9  23.3 99.0 99.00
2026 01 06 23 20  80  7.1  8.4 99.00 99.00 99.00 999 1010.7  27.5  27.9  23.3 99.0 99.00
2026 01 06 23 30  81  7.5  9.0 99.00 99.00 99.00 999 1010.8  27.5  27.9  23.1 99.0 99.00
2026 01 06 23 40  79  7.6  9.1  1.16  4.76  4.25  92 1011.0  27.5  27.9  22.9 99.0 99.00
2026 01 06 23 50  80  7.6  9.2 99.00 99.00 99.00 999 1011.0  27.6  27.9  22.7 99.0 99.00
2026 01 07 00 00  77  7.6  8.7 99.00 99.00 99.00 999 1011.2  27.6  27.8  22.7 99.0 99.00
2026 01 07 00 10  79  7.5  8.5  1.25  4.76  4.41  98 1011.2  27.6  27.8  22.9 99.0 99.00
2026 01 07 00 20  79  7.3  8.8 99.00 99.00 99.00 999 1011.2  27.5  27.9  23.1 99.0 99.00
2026 01 07 00 30  79  7.3  8.7 99.00 99.00 99.00 999 1011.3  27.5  27.9  23.1 99.0 99.00
2026 01 07 00 40  77  7.2  8.6  1.21  5.00  4.35  89 1011.5  27.5  27.9  23.1 99.0 99.00
2026 01 07 00 50  79  7.3  8.8 99.00 99.00 99.00 999 1011.6  27.5  27.9  23.3 99.0 99.00
2026 01 07 01 00  85  7.3  8.7 99.00 99.00 99.00 999 1011.5  27.4  27.8  23.1 99.0 99.00
2026 01 07 01 10  83  7.3  8.5  1.19  4.76  4.32 105 1011.8  27.4  27.8  23.2 99.0 99.00
2026 01 07 01 20  82  7.4  8.5 99.00 99.00 99.00 999 1011.9  27.4  27.8  23.2 99.0 99.00
2026 01 07 01 30  88  7.2  8.6 99.00 99.00 99.00 999 1011.9  27.4  27.8  23.3 99.0 99.00
2026 01 07 01 40  85  7.0  8.5  1.25  5.26  4.35  97 1012.0  27.4  27.9  23.5 99.0 99.00
2026 01 07 01 50  83  7.4  8.7 99.00 99.00 99.00 999 1012.1  27.4  27.9  23.4 99.0 99.00
2026 01 07 02 00  83  7.4  8.6 99.00 99.00 99.00 999 1012.2  27.4  27.9  23.5 99.0 99.00
2026 01 07 02 10  84  7.1  8.8  1.22  5.00  4.27 103 1012.4  27.4  27.9  23.5 99.0 99.00
2026 01 07 02 20  81  7.7  9.2 99.00 99.00 99.00 999 1012.4  27.4  27.8  23.4 99.0 99.00
2026 01 07 02 30  77  7.8  9.3 99.00 99.00 99.00 999 1012.5  27.4  27.8  23.3 99.0 99.00
2026 01 07 02 40  78  7.7  9.6  1.21  5.00  4.29 102 1012.6  27.4  27.8  23.3 99.0 99.00
2026 01 07 02 50  77  7.7  9.5 99.00 99.00 99.00 999 1012.5  27.4  27.8  23.3 99.0 99.00
2026 01 07 03 00  77  7.7  9.1 99.00 99.00 99.00 999 1012.4  27.4  27.8  23.3 99.0 99.00
2026 01 07 03 10  75  7.5  8.7  1.22  5.00  4.35 113 1012.4  27.4  27.8  23.5 99.0 99.00
2026 01 07 03 20  82  7.1  8.4 99.00 99.00 99.00 999 1012.3  27.4  27.8  23.8 99.0 99.00
2026 01 07 03 30  84  7.8  9.3 99.00 99.00 99.00 999 1012.1  27.3  27.8  23.2 99.0 99.00
2026 01 07 03 40  82  7.7  9.0  1.25  5.26  4.40 111 1012.0  27.4  27.8  23.3 99.0 99.00
2026 01 07 03 50  83  7.8  8.8 99.00 99.00 99.00 999 1012.0  27.4  27.8  23.3 99.0 99.00
2026 01 07 04 00  85  7.6  8.7 99.00 99.00 99.00 999 1011.9  27.4  27.8  23.2 99.0 99.00
2026 01 07 04 10  79  7.0  8.2  1.24  5.26  4.38 108 1011.9  27.4  27.8  23.4 99.0 99.00
2026 01 07 04 20  90  7.3  8.6 99.00 99.00 99.00 999 1011.8  27.3  27.8  23.4 99.0 99.00
2026 01 07 04 30  81  7.4  8.5 99.00 99.00 99.00 999 1011.7  27.3  27.8  23.5 99.0 99.00
2026 01 07 04 40  82  7.2  8.8  1.17  5.56  4.36  97 1011.6  27.3  27.8  23.5 99.0 99.00
2026 01 07 04 50  87  7.7  9.1 99.00 99.00 99.00 999 1011.6  27.3  27.8  23.3 99.0 99.00
2026 01 07 05 00  85  7.9  9.3 99.00 99.00 99.00 999 1011.6  27.3  27.8  23.4 99.0 99.00
2026 01 07 05 10  81  7.8  9.1  1.22  6.25  4.33  66 1011.7  27.3  27.8  23.4 99.0 99.00
2026 01 07 05 20  83  7.4  8.4 99.00 99.00 99.00 999 1011.8  27.3  27.8  23.6 99.0 99.00
2026 01 07 05 30  86  7.7  9.0 99.00 99.00 99.00 999 1011.8  27.3  27.8  23.6 99.0 99.00
2026 01 07 05 40  85  7.6  8.9  1.28  5.56  4.47 104 1011.8  27.3  27.8  23.5 99.0 99.00
2026 01 07 05 50  86  7.6  9.3 99.00 99.00 99.00 999 1011.8  27.3  27.8  23.5 99.0 99.00
2026 01 07 06 00  86  7.7  9.5 99.00 99.00 99.00 999 1011.7  27.3  27.8  23.4 99.0 99.00
2026 01 07 06 10  94  7.5  9.0  1.15  5.56  4.27  92 1011.5  27.3  27.8  23.7 99.0 99.00
2026 01 07 06 20 100  7.8  9.4 99.00 99.00 99.00 999 1011.4  27.3  27.8  23.6 99.0 99.00
2026 01 07 06 30  96  7.7  9.3 99.00 99.00 99.00 999 1011.3  27.3  27.8  23.6 99.0 99.00
2026 01 07 06 40  91  7.7  9.7  1.25  5.26  4.40 109 1011.3  27.3  27.8  23.6 99.0 99.00
2026 01 07 06 50  93  7.8  9.4 99.00 99.00 99.00 999 1011.2  27.3  27.8  23.5 99.0 99.00
2026 01 07 07 00  90  7.5  9.1 99.00 99.00 99.00 999 1011.2  27.3  27.8  23.6 99.0 99.00
2026 01 07 07 10  89  7.1  8.4  1.28  5.56  4.50 108 1011.1  27.3  27.8  23.9 99.0 99.00
2026 01 07 07 20 100  7.8  9.0 99.00 99.00 99.00 999 1011.0  27.2  27.8  23.6 99.0 99.00
2026 01 07 07 30  95  7.8  9.0 99.00 99.00 99.00 999 1011.0  27.3  27.8  23.6 99.0 99.00
2026 01 07 07 40  93  7.9  9.4  1.31  5.88  4.50 102 1010.9  27.2  27.8  23.5 99.0 99.00
2026 01 07 07 50  94  7.2  8.9 99.00 99.00 99.00 999 1010.9  27.3  27.8  23.7 99.0 99.00
2026 01 07 08 00  91  7.3  8.4 99.00 99.00 99.00 999 1010.9  27.2  27.8  23.6 99.0 99.00
2026 01 07 08 10  88  6.6  8.2  1.37  5.56  4.60 108 1010.9  27.3  27.8  23.9 99.0 99.00
2026 01 07 08 20  83  7.1  8.9 99.00 99.00 99.00 999 1011.0  27.2  27.8  23.6 99.0 99.00
2026 01 07 08 30  84  7.5  9.2 99.00 99.00 99.00 999 1011.1  27.3  27.8  23.4 99.0 99.00
2026 01 07 08 40  86  7.7  8.9  1.36  5.56  4.58 102 1011.0  27.3  27.8  23.4 99.0 99.00
2026 01 07 08 50  89  7.7  9.0 99.00 99.00 99.00 999 1011.0  27.3  27.8  23.5 99.0 99.00
2026 01 07 09 00  85  7.9  9.2 99.00 99.00 99.00 999 1011.0  27.3  27.8  23.6 99.0 99.00
2026 01 07 09 10  84  8.0  9.7  1.30  5.88  4.50 101 1011.1  27.2  27.8  23.4 99.0 99.00
2026 01 07 09 20  82  8.1  9.3 99.00 99.00 99.00 999 1011.2  27.3  27.8  23.4 99.0 99.00
2026 01 07 09 30  82  7.8  9.0 99.00 99.00 99.00 999 1011.2  27.3  27.8  23.6 99.0 99.00
2026 01 07 09 40  81  8.1  9.5  1.37  5.56  4.60  97 1011.3  27.2  27.8  23.4 99.0 99.00
2026 01 07 09 50  80  8.2  9.6 99.00 99.00 99.00 999 1011.2  27.3  27.8  23.4 99.0 99.00
2026 01 07 10 00  87  8.4  9.8 99.00 99.00 99.00 999 1011.3  27.3  27.8  23.2 99.0 99.00
2026 01 07 10 10  86  8.5 10.0  1.37  5.88  4.57  99 1011.4  27.4  27.8  23.3 99.0 99.00
2026 01 07 10 20  87  8.0  9.8 99.00 99.00 99.00 999 1011.6  27.3  27.8  23.3 99.0 99.00
2026 01 07 10 30  88  8.1  9.5 99.00 99.00 99.00 999 1011.7  27.3  27.8  23.4 99.0 99.00
2026 01 07 10 40  90  7.9  9.1  1.32  5.56  4.48 103 1011.8  27.3  27.8  23.5 99.0 99.00
2026 01 07 10 50  90  7.4  9.6 99.00 99.00 99.00 999 1011.9  27.3  27.8  23.7 99.0 99.00
2026 01 07 11 00  89  8.0  9.4 99.00 99.00 99.00 999 1011.9  27.3  27.9  23.3 99.0 99.00
2026 01 07 11 10  88  8.1  9.4  1.52  5.88  4.72 102 1011.9  27.3  27.9  23.4 99.0 99.00
2026 01 07 11 20  88  8.3  9.8 99.00 99.00 99.00 999 1012.1  27.3  27.9  23.1 99.0 99.00
2026 01 07 11 30  86  8.1  9.7 99.00 99.00 99.00 999 1012.3  27.4  27.9  23.1 99.0 99.00
2026 01 07 11 40  81  7.9  9.1  1.43  5.88  4.61  96 1012.4  27.4  27.8  23.3 99.0 99.00
2026 01 07 11 50  83  7.7  9.4 99.00 99.00 99.00 999 1012.4  27.4  27.8  23.4 99.0 99.00
2026 01 07 12 00  85  7.9  9.9 99.00 99.00 99.00 999 1012.6  27.4  27.8  23.1 99.0 99.00
2026 01 07 12 10  86  8.1  9.6  1.47  5.56  4.69  96 1012.7  27.5  27.8  23.2 99.0 99.00
2026 01 07 12 20  84  8.3  9.4 99.00 99.00 99.00 999 1012.8  27.4  27.8  23.2 99.0 99.00
2026 01 07 12 30  80  7.9  9.1 99.00 99.00 99.00 999 1012.9  27.4  27.8  23.3 99.0 99.00
2026 01 07 12 40  80  7.9 10.0  1.70  5.88  4.90  91 1013.0  27.4  27.8  23.4 99.0 99.00
2026 01 07 12 50  82  8.0  9.6 99.00 99.00 99.00 999 1013.2  27.4  27.8  23.2 99.0 99.00
2026 01 07 13 00  79  7.6  8.9 99.00 99.00 99.00 999 1013.3  27.5  27.8  23.6 99.0 99.00
2026 01 07 13 10  75  7.6  9.2  1.55  6.25  4.83  88 1013.4  27.4  27.8  23.6 99.0 99.00
2026 01 07 13 20  74  7.4  8.8 99.00 99.00 99.00 999 1013.5  27.4  27.8  23.7 99.0 99.00
2026 01 07 13 30  77  7.9  9.5 99.00 99.00 99.00 999 1013.5  27.5  27.8  23.5 99.0 99.00
2026 01 07 13 40  79  8.2  9.9  1.49  6.67  4.82  81 1013.6  27.5  27.8  23.4 99.0 99.00
2026 01 07 13 50  76  8.3  9.4 99.00 99.00 99.00 999 1013.7  27.5  27.8  23.4 99.0 99.00
2026 01 07 14 00  75  8.0  9.4 99.00 99.00 99.00 999 1013.7  27.5  27.8  23.3 99.0 99.00
2026 01 07 14 10  76  7.8  9.0  1.55  5.88  4.86  92 1013.8  27.5  27.8  23.3 99.0 99.00
2026 01 07 14 20  74  7.7  9.3 99.00 99.00 99.00 999 1013.8  27.5  27.8  23.3 99.0 99.00
2026 01 07 14 30  76  7.9  9.0 99.00 99.00 99.00 999 1013.8  27.5  27.8  23.2 99.0 99.00
2026 01 07 14 40  78  8.1  9.8  1.46  6.67  4.79  77 1013.7  27.6  27.8  22.9 99.0 99.00
2026 01 07 14 50  77  8.1  9.6 99.00 99.00 99.00 999 1013.7  27.6  27.8  23.0 99.0 99.00
2026 01 07 15 00  74  7.6  8.9 99.00 99.00 99.00 999 1013.5  27.6  27.8  23.3 99.0 99.00
2026 01 07 15 10  73  7.7  9.1  1.55  6.67  4.87  76 1013.5  27.5  27.8  23.3 99.0 99.00
2026 01 07 15 20  71  7.8  9.2 99.00 99.00 99.00 999 1013.5  27.5  27.8  23.3 99.0 99.00
2026 01 07 15 30  79  8.0  9.5 99.00 99.00 99.00 999 1013.5  27.5  27.8  23.3 99.0 99.00
2026 01 07 15 40  78  7.7  9.1  1.44  6.67  4.83  70 1013.5  27.6  27.8  23.4 99.0 99.00
2026 01 07 15 50  77  7.9  9.2 99.00 99.00 99.00 999 1013.5  27.5  27.8  23.2 99.0 99.00
2026 01 07 16 00  79  8.1  9.4 99.00 99.00 99.00 999 1013.3  27.5  27.8  23.3 99.0 99.00
2026 01 07 16 10  77  8.0  9.7  1.39  6.67  4.57  77 1013.3  27.5  27.8  23.2 99.0 99.00
2026 01 07 16 20  81  7.8  9.3 99.00 99.00 99.00 999 1013.1  27.6  27.8  23.4 99.0 99.00
2026 01 07 16 30  84  7.8  9.0 99.00 99.00 99.00 999 1013.0  27.5  27.8  23.3 99.0 99.00
2026 01 07 16 40  81  7.7  9.4  1.39  6.25  4.73  79 1012.9  27.5  27.8  23.4 99.0 99.00
2026 01 07 16 50  80  8.4  9.4 99.00 99.00 99.00 999 1012.7  27.5  27.9  23.4 99.0 99.00
2026 01 07 17 00  79  8.2  9.7 99.00 99.00 99.00 999 1012.5  27.5  27.9  23.4 99.0 99.00
2026 01 07 17 10  77  7.5  8.9  1.34  5.56  4.55 109 1012.4  27.5  27.9  23.6 99.0 99.00
2026 01 07 17 20  74  7.7  9.1 99.00 99.00 99.00 999 1012.2  27.4  27.9  23.7 99.0 99.00
2026 01 07 17 30  74  7.8  9.0 99.00 99.00 99.00 999 1012.0  27.4  27.8  23.8 99.0 99.00
2026 01 07 17 40  71  7.7  9.3  1.39  6.67  4.74  80 1011.8  27.4  27.9  23.8 99.0 99.00
2026 01 07 17 50  77  7.4  9.2 99.00 99.00 99.00 999 1011.7  27.4  27.9  23.5 99.0 99.00
2026 01 07 18 00  78  8.0  9.4 99.00 99.00 99.00 999 1011.5  27.4  27.8  23.2 99.0 99.00
2026 01 07 18 10  75  7.4  8.8  1.44  6.25  4.83  81 1011.4  27.5  27.8  23.5 99.0 99.00
2026 01 07 18 20  82  7.5  8.8 99.00 99.00 99.00 999 1011.4  27.4  27.8  23.3 99.0 99.00
2026 01 07 18 30  79  7.5  9.2 99.00 99.00 99.00 999 1011.1  27.5  27.8  23.3 99.0 99.00
2026 01 07 18 40  76  8.0  9.4  1.48  5.88  4.88  99 1011.0  27.5  27.8  23.3 99.0 99.00
2026 01 07 18 50  69  7.2  8.7 99.00 99.00 99.00 999 1010.7  27.3  27.8  23.9 99.0 99.00
2026 01 07 19 00  76  7.8  9.3 99.00 99.00 99.00 999 1010.6  27.3  27.8  23.7 99.0 99.00
2026 01 07 19 10  75  8.0  9.7  1.50  6.67  5.05  80 1010.6  27.5  27.8  23.8 99.0 99.00
2026 01 07 19 20  67  7.8  9.0 99.00 99.00 99.00 999 1010.6  27.4  27.8  23.7 99.0 99.00
2026 01 07 19 30  70  8.1  9.4 99.00 99.00 99.00 999 1010.6  27.4  27.8  23.4 99.0 99.00
2026 01 07 19 40  73  7.9  9.2  1.49  6.67  4.93  64 1010.5  27.5  27.8  23.4 99.0 99.00
2026 01 07 19 50  79  8.0  9.3 99.00 99.00 99.00 999 1010.4  27.5  27.8  23.4 99.0 99.00
2026 01 07 20 00  75  7.4  8.6 99.00 99.00 99.00 999 1010.4  27.5  27.8  23.7 99.0 99.00
2026 01 07 20 10  71  7.5  9.0  1.50  6.25  4.85  92 1010.4  27.4  27.8  23.6 99.0 99.00
2026 01 07 20 20  70  7.4  8.9 99.00 99.00 99.00 999 1010.3  27.4  27.8  23.6 99.0 99.00
2026 01 07 20 30  70  7.6  9.0 99.00 99.00 99.00 999 1010.4  27.4  27.8  23.7 99.0 99.00
2026 01 07 20 40  65  7.8  9.6  1.40  6.25  4.71  80 1010.5  27.5  27.8  23.7 99.0 99.00
2026 01 07 20 50  67  8.2  9.9 99.00 99.00 99.00 999 1010.5  27.4  27.8  23.7 99.0 99.00
2026 01 07 21 00  72  8.1  9.8 99.00 99.00 99.00 999 1010.5  27.5  27.8  23.7 99.0 99.00
2026 01 07 21 10  72  8.2 10.7  1.59  6.25  4.91  95 1010.5  27.6  27.8  23.8 99.0 99.00
2026 01 07 21 20  72  8.5 10.2 99.00 99.00 99.00 999 1010.6  27.6  27.8  23.4 99.0 99.00
2026 01 07 21 30  73  8.2  9.5 99.00 99.00 99.00 999 1010.6  27.6  27.8  23.7 99.0 99.00
2026 01 07 21 40  68  8.4 10.3  1.54  6.67  4.87  78 1010.6  27.6  27.8  23.9 99.0 99.00
2026 01 07 21 50  68  8.6 10.0 99.00 99.00 99.00 999 1010.7  27.5  27.8  23.8 99.0 99.00
2026 01 07 22 00  65  8.6 10.9 99.00 99.00 99.00 999 1010.7  27.6  27.8  24.0 99.0 99.00
2026 01 07 22 10  64  8.8 10.7  1.49  5.88  4.61 106 1010.8  27.4  27.8  23.8 99.0 99.00
2026 01 07 22 20  66  8.9 11.2 99.00 99.00 99.00 999 1010.9  27.6  27.8  23.8 99.0 99.00
2026 01 07 22 30  66  9.1 10.9 99.00 99.00 99.00 999 1010.9  27.5  27.8  23.8 99.0 99.00
2026 01 07 22 40  67  8.9 10.9  1.53  5.26  4.66  92 1010.9  27.5  27.8  23.9 99.0 99.00
2026 01 07 22 50  66  9.3 11.1 99.00 99.00 99.00 999 1010.9  27.5  27.8  23.7 99.0 99.00
2026 01 07 23 00  65  9.4 11.2 99.00 99.00 99.00 999 1010.9  27.5  27.8  23.5 99.0 99.00
2026 01 07 23 10  67  9.7 11.6  1.65  6.25  4.86  86 1010.8  27.5  27.8  23.6 99.0 99.00
2026 01 07 23 20  65  9.6 11.5 99.00 99.00 99.00 999 1010.9  27.5  27.8  23.7 99.0 99.00
2026 01 07 23 30  67  9.9 11.8 99.00 99.00 99.00 999 1011.0  27.4  27.7  23.6 99.0 99.00
2026 01 07 23 40  70  9.5 12.1  1.59  6.25  4.74  91 1011.0  27.4  27.7  23.6 99.0 99.00
2026 01 07 23 50  67 10.1 12.2 99.00 99.00 99.00 999 1011.1  27.4  27.8  23.3 99.0 99.00
2026 01 08 00 00  64  9.5 11.2 99.00 99.00 99.00 999 1011.3  27.4  27.7  23.5 99.0 99.00
2026 01 08 00 10  65 10.0 12.0  1.65  5.88  4.76  90 1011.4  27.5  27.8  23.4 99.0 99.00
2026 01 08 00 20  66 10.1 11.6 99.00 99.00 99.00 999 1011.6  27.5  27.7  23.4 99.0 99.00
2026 01 08 00 30  67  9.7 11.8 99.00 99.00 99.00 999 1011.6  27.5  27.7  23.7 99.0 99.00
2026 01 08 00 40  69 10.1 12.7  1.71  5.88  4.70  92 1011.6  27.5  27.7  23.6 99.0 99.00
2026 01 08 00 50  70  9.9 11.8 99.00 99.00 99.00 999 1011.7  27.4  27.7  23.7 99.0 99.00
2026 01 08 01 00  73 10.6 12.5 99.00 99.00 99.00 999 1011.9  27.5  27.7  23.2 99.0 99.00
2026 01 08 01 10  70  9.9 12.4  1.64  6.67  4.91  78 1012.0  27.5  27.7  23.6 99.0 99.00
2026 01 08 01 20  67 10.3 13.0 99.00 99.00 99.00 999 1012.1  27.4  27.7  23.5 99.0 99.00
2026 01 08 01 30  71  9.9 11.9 99.00 99.00 99.00 999 1012.3  27.5  27.7  23.6 99.0 99.00
2026 01 08 01 40  71 10.2 12.0  1.90  6.67  5.01  77 1012.4  27.5  27.7  23.2 99.0 99.00
2026 01 08 01 50  64 10.1 12.4 99.00 99.00 99.00 999 1012.4  27.5  27.7  23.5 99.0 99.00
2026 01 08 02 00  64 10.0 11.9 99.00 99.00 99.00 999 1012.5  27.5  27.7  23.8 99.0 99.00
2026 01 08 02 10  66 10.1 12.9  1.79  6.67  4.98  74 1012.6  27.5  27.7  23.6 99.0 99.00
2026 01 08 02 20  62  9.8 11.8 99.00 99.00 99.00 999 1012.6  27.5  27.7  23.6 99.0 99.00
2026 01 08 02 30  62  9.9 12.0 99.00 99.00 99.00 999 1012.6  27.5  27.7  23.7 99.0 99.00
2026 01 08 02 40  65  9.3 11.6  1.88  6.25  5.00  81 1012.7  27.5  27.7  23.9 99.0 99.00
2026 01 08 02 50  61 10.2 12.3 99.00 99.00 99.00 999 1012.7  27.5  27.7  23.7 99.0 99.00
2026 01 08 03 00  63 10.4 12.5 99.00 99.00 99.00 999 1012.7  27.5  27.7  23.5 99.0 99.00
2026 01 08 03 10  66 10.1 12.1  1.87  6.67  4.87  73 1012.6  27.5  27.7  23.6 99.0 99.00
2026 01 08 03 20  64 10.4 12.5 99.00 99.00 99.00 999 1012.6  27.5  27.7  23.5 99.0 99.00
2026 01 08 03 30  63 10.1 12.2 99.00 99.00 99.00 999 1012.6  27.5  27.7  23.8 99.0 99.00
2026 01 08 03 40  66 10.1 12.5  1.94  7.14  5.13  70 1012.6  27.4  27.7  23.1 99.0 99.00
2026 01 08 03 50  69 10.3 12.2 99.00 99.00 99.00 999 1012.5  27.5  27.7  23.3 99.0 99.00
2026 01 08 04 00  71  9.9 12.4 99.00 99.00 99.00 999 1012.5  27.3  27.7  23.4 99.0 99.00
2026 01 08 04 10  68  9.6 11.4  1.96  5.88  4.94  78 1012.4  27.3  27.7  23.5 99.0 99.00
2026 01 08 04 20  74  9.9 11.9 99.00 99.00 99.00 999 1012.3  27.4  27.7  23.4 99.0 99.00
2026 01 08 04 30  71 10.2 12.7 99.00 99.00 99.00 999 1012.2  27.4  27.7  23.2 99.0 99.00
2026 01 08 04 40  71  9.9 11.9  1.93  6.67  5.11  78 1012.1  27.4  27.7  23.4 99.0 99.00
2026 01 08 04 50  73  9.8 11.8 99.00 99.00 99.00 999 1012.1  27.4  27.7  23.4 99.0 99.00
2026 01 08 05 00  74  9.9 12.0 99.00 99.00 99.00 999 1012.0  27.3  27.7  23.2 99.0 99.00
2026 01 08 05 10  69  9.9 11.8  2.11  6.67  5.23  83 1012.0  27.4  27.7  23.3 99.0 99.00
2026 01 08 05 20  74  9.6 11.3 99.00 99.00 99.00 999 1011.8  27.3  27.7  23.5 99.0 99.00
2026 01 08 05 30  74  9.7 11.4 99.00 99.00 99.00 999 1011.8  27.3  27.7  23.1 99.0 99.00
2026 01 08 05 40  75  9.6 11.6  1.94  6.25  5.18  77 1011.6  27.3  27.7  23.4 99.0 99.00
2026 01 08 05 50  74 10.0 12.5 99.00 99.00 99.00 999 1011.5  27.3  27.7  23.1 99.0 99.00
2026 01 08 06 00  72 10.0 11.9 99.00 99.00 99.00 999 1011.5  27.3  27.7  23.0 99.0 99.00
2026 01 08 06 10  74  9.4 11.4  1.99  6.67  5.26  83 1011.4  27.3  27.7  23.3 99.0 99.00
2026 01 08 06 20  67  9.6 11.7 99.00 99.00 99.00 999 1011.3  27.2  27.7  23.2 99.0 99.00
2026 01 08 06 30  67  9.7 11.7 99.00 99.00 99.00 999 1011.3  27.3  27.7  23.1 99.0 99.00
2026 01 08 06 40  69  9.7 11.7  1.97  6.67  5.22  79 1011.4  27.2  27.7  23.3 99.0 99.00
2026 01 08 06 50  66  9.8 11.8 99.00 99.00 99.00 999 1011.2  27.2  27.7  23.2 99.0 99.00
2026 01 08 07 00  70  9.9 11.7 99.00 99.00 99.00 999 1011.1  27.2  27.7  23.1 99.0 99.00
2026 01 08 07 10  67  9.6 11.0  1.87  7.14  5.17  80 1011.1  27.2  27.7  23.2 99.0 99.00
2026 01 08 07 20  69  9.0 11.3 99.00 99.00 99.00 999 1011.0  27.2  27.7  23.2 99.0 99.00
2026 01 08 07 30  75  9.7 11.5 99.00 99.00 99.00 999 1011.0  27.2  27.7  23.0 99.0 99.00
2026 01 08 07 40  72  9.2 10.9  1.86  6.67  5.13  72 1010.9  27.2  27.8  22.9 99.0 99.00
2026 01 08 07 50  74  9.1 10.8 99.00 99.00 99.00 999 1010.9  27.1  27.8  23.0 99.0 99.00
2026 01 08 08 00  68  9.5 11.7 99.00 99.00 99.00 999 1010.8  27.1 999.0  22.9 99.0 99.00
2026 01 08 08 10  70  9.7 11.3  1.97  7.14  5.22  77 1010.8  27.2  27.8  22.6 99.0 99.00
2026 01 08 08 20  75  9.6 11.3 99.00 99.00 99.00 999 1010.8  27.1  27.7  22.6 99.0 99.00
2026 01 08 08 30  70  9.3 11.0 99.00 99.00 99.00 999 1010.9  27.2  27.7  22.9 99.0 99.00
2026 01 08 08 40  71  9.2 11.3  2.01  6.67  5.25  76 1011.0  27.1  27.7  23.1 99.0 99.00
2026 01 08 08 50  72  9.7 11.8 99.00 99.00 99.00 999 1011.0  27.1  27.8  22.4 99.0 99.00
2026 01 08 09 00  79  9.4 10.9 99.00 99.00 99.00 999 1011.0  27.2  27.8  22.6 99.0 99.00
2026 01 08 09 10  75  9.9 11.8  2.18  7.14  5.42  76 1011.0  27.2  27.7  22.4 99.0 99.00
2026 01 08 09 20  74  9.7 11.4 99.00 99.00 99.00 999 1011.1  27.2  27.7  22.3 99.0 99.00
2026 01 08 09 30  75  8.8 10.5 99.00 99.00 99.00 999 1011.1  27.2  27.7  22.9 99.0 99.00
2026 01 08 09 40  75  9.1 11.2  2.10  7.14  5.27  80 1011.2  27.2  27.7  23.0 99.0 99.00
2026 01 08 09 50  75  9.9 11.9 99.00 99.00 99.00 999 1011.2  27.2  27.7  22.6 99.0 99.00
2026 01 08 10 00  75  9.4 11.3 99.00 99.00 99.00 999 1011.2  27.2  27.7  22.7 99.0 99.00
2026 01 08 10 10  71  9.4 11.2  2.07  7.14  5.21  72 1011.2  27.2  27.7  23.2 99.0 99.00
2026 01 08 10 20  69  9.4 11.2 99.00 99.00 99.00 999 1011.3  27.2  27.7  23.0 99.0 99.00
2026 01 08 10 30  72  9.9 11.7 99.00 99.00 99.00 999 1011.4  27.2  27.7  22.7 99.0 99.00
2026 01 08 10 40  75  9.4 11.0  1.73  6.67  4.94  79 1011.5  27.3  27.7  23.0 99.0 99.00
2026 01 08 10 50  69  9.7 11.8 99.00 99.00 99.00 999 1011.5  27.2  27.7  23.0 99.0 99.00
2026 01 08 11 00  71  9.1 10.9 99.00 99.00 99.00 999 1011.6  27.2  27.7  23.1 99.0 99.00
2026 01 08 11 10  76  9.4 12.1  2.11  7.14  5.23  72 1011.7  27.2  27.7  23.2 99.0 99.00
2026 01 08 11 20  66  9.2 11.1 99.00 99.00 99.00 999 1011.9  27.1  27.7  23.3 99.0 99.00
2026 01 08 11 30  73  9.7 11.5 99.00 99.00 99.00 999 1011.9  27.1  27.7  23.0 99.0 99.00
2026 01 08 11 40  71  9.7 11.5  1.98  6.67  5.07  81 1012.0  27.2  27.7  23.0 99.0 99.00
2026 01 08 11 50  74  8.9 10.8 99.00 99.00 99.00 999 1012.2  27.2  27.7  23.3 99.0 99.00
2026 01 08 12 00  66  9.2 11.2 99.00 99.00 99.00 999 1012.3  27.2  27.7  23.5 99.0 99.00
2026 01 08 12 10  71  9.3 11.0  1.92  6.67  5.01  82 1012.4  27.2  27.7  23.4 99.0 99.00
2026 01 08 12 20  76  9.3 11.2 99.00 99.00 99.00 999 1012.5  27.2  27.7  23.3 99.0 99.00
2026 01 08 12 30  72  9.2 11.0 99.00 99.00 99.00 999 1012.7  27.2  27.7  23.2 99.0 99.00
2026 01 08 12 40  74  9.0 10.8  1.88  6.67  5.02  79 1012.8  27.3  27.7  23.1 99.0 99.00
2026 01 08 12 50  72  9.1 11.0 99.00 99.00 99.00 999 1012.9  27.3  27.7  23.2 99.0 99.00
2026 01 08 13 00  72  9.2 10.9 99.00 99.00 99.00 999 1013.0  27.3  27.7  23.2 99.0 99.00
2026 01 08 13 10  73  9.6 11.6  2.01  7.14  5.22  73 1013.1  27.4  27.7  23.0 99.0 99.00
2026 01 08 13 20  71  9.3 11.1 99.00 99.00 99.00 999 1013.2  27.4 999.0  23.2 99.0 99.00
2026 01 08 13 30  70  9.5 11.9 99.00 99.00 99.00 999 1013.3  27.3  27.7  23.3 99.0 99.00
2026 01 08 13 40  75  9.6 11.5  1.87  5.88  4.82  96 1013.3  27.3  27.7  23.4 99.0 99.00
2026 01 08 13 50  73 10.2 12.0 99.00 99.00 99.00 999 1013.3  27.4  27.7  23.1 99.0 99.00
2026 01 08 14 00  74 10.2 11.8 99.00 99.00 99.00 999 1013.4  27.5  27.7  23.0 99.0 99.00
2026 01 08 14 10  80  9.5 11.6  1.82  7.14  4.86  74 1013.4  27.5  27.7  23.3 99.0 99.00
2026 01 08 14 20  78  9.4 11.4 99.00 99.00 99.00 999 1013.3  27.4  27.7  23.2 99.0 99.00
2026 01 08 14 30  76  9.7 11.4 99.00 99.00 99.00 999 1013.3  27.4  27.7  23.1 99.0 99.00
2026 01 08 14 40  75  9.7 11.9  2.02  6.67  5.01  81 1013.3  27.5  27.7  23.2 99.0 99.00
2026 01 08 14 50  75  9.8 12.0 99.00 99.00 99.00 999 1013.4  27.4  27.7  23.2 99.0 99.00
2026 01 08 15 00  74  9.9 11.9 99.00 99.00 99.00 999 1013.4  27.4  27.7  23.3 99.0 99.00
2026 01 08 15 10  72  9.7 11.6  2.01  7.14  5.09  76 1013.5  27.4  27.7  23.3 99.0 99.00
2026 01 08 15 20  78  9.2 11.4 99.00 99.00 99.00 999 1013.5  27.5  27.7  23.4 99.0 99.00
2026 01 08 15 30  80  9.4 11.3 99.00 99.00 99.00 999 1013.4  27.5  27.7  23.2 99.0 99.00
2026 01 08 15 40  80  9.6 11.8  1.91  6.25  5.03  86 1013.3  27.5  27.7  23.1 99.0 99.00
2026 01 08 15 50  69  9.5 11.5 99.00 99.00 99.00 999 1013.3  27.4  27.7  23.4 99.0 99.00
2026 01 08 16 00  75  9.8 11.8 99.00 99.00 99.00 999 1013.2  27.4  27.7  23.3 99.0 99.00
2026 01 08 16 10  72  9.9 11.9  1.88  7.14  4.94  73 1013.1  27.5  27.7  23.4 99.0 99.00
2026 01 08 16 20  75  9.5 11.4 99.00 99.00 99.00 999 1012.9  27.5  27.7  23.4 99.0 99.00
2026 01 08 16 30  71 10.3 12.6 99.00 99.00 99.00 999 1012.8  27.5  27.7  23.2 99.0 99.00
2026 01 08 16 40  72 10.0 12.2  1.93  6.67  4.99  90 1012.6  27.5  27.7  23.3 99.0 99.00
2026 01 08 16 50  76 10.3 13.0 99.00 99.00 99.00 999 1012.4  27.5  27.7  23.2 99.0 99.00
2026 01 08 17 00  76  9.9 12.0 99.00 99.00 99.00 999 1012.4  27.5  27.7  23.4 99.0 99.00
2026 01 08 17 10  78 10.7 12.7  1.81  6.67  4.83  86 1012.2  27.5  27.7  23.0 99.0 99.00
2026 01 08 17 20  81  9.9 12.0 99.00 99.00 99.00 999 1012.1  27.6  27.7  23.0 99.0 99.00
2026 01 08 17 30  76  9.2 11.2 99.00 99.00 99.00 999 1012.1  27.5  27.7  23.3 99.0 99.00
2026 01 08 17 40  71  9.2 11.2  1.96  7.14  4.98  81 1011.9  27.4  27.7  23.5 99.0 99.00
2026 01 08 17 50  74  9.1 11.8 99.00 99.00 99.00 999 1011.7  27.5  27.7  23.4 99.0 99.00
2026 01 08 18 00  74  9.2 10.9 99.00 99.00 99.00 999 1011.5  27.5  27.7  23.3 99.0 99.00
2026 01 08 18 10  72  9.2 11.4  1.87  6.67  4.92  86 1011.5  27.5  27.7  23.2 99.0 99.00
2026 01 08 18 20  69  9.3 11.4 99.00 99.00 99.00 999 1011.3  27.4  27.7  23.5 99.0 99.00
2026 01 08 18 30  70  9.3 10.9 99.00 99.00 99.00 999 1011.2  27.4  27.7  23.3 99.0 99.00
2026 01 08 18 40  71  9.4 13.7  1.87  7.14  5.08  74 1011.1  27.5  27.7  23.4 99.0 99.00
2026 01 08 18 50  79  9.5 12.9 99.00 99.00 99.00 999 1011.1  26.7  27.7  22.8 99.0 99.00
2026 01 08 19 00  57  8.2 10.0 99.00 99.00 99.00 999 1011.0  26.8  27.8  23.6 99.0 99.00
2026 01 08 19 10  70  9.5 11.4  1.82  6.25  4.96  90 1010.7  27.2  27.8  23.6 99.0 99.00
2026 01 08 19 20  69 10.0 12.0 99.00 99.00 99.00 999 1010.6  27.3  27.8  23.4 99.0 99.00
2026 01 08 19 30  68  9.8 11.5 99.00 99.00 99.00 999 1010.6  27.4  27.8  23.6 99.0 99.00
2026 01 08 19 40  69 10.2 13.3  1.80  6.67  5.12  86 1010.6  27.2  27.8  23.4 99.0 99.00
2026 01 08 19 50  71  8.9 11.8 99.00 99.00 99.00 999 1010.7  26.5  27.8  23.0 99.0 99.00
2026 01 08 20 00  73  9.7 12.0 99.00 99.00 99.00 999 1010.6  27.0  27.8  23.5 99.0 99.00
2026 01 08 20 10  71  9.6 11.7  1.83  6.67  5.05  78 1010.5  27.0  27.8  23.4 99.0 99.00
2026 01 08 20 20  76  9.6 11.9 99.00 99.00 99.00 999 1010.6  27.1  27.8  23.3 99.0 99.00
2026 01 08 20 30  72  9.8 11.4 99.00 99.00 99.00 999 1010.5  27.1  27.8  23.1 99.0 99.00
2026 01 08 20 40  64  9.8 11.4  2.00  6.67  5.13  88 1010.5  27.2  27.7  23.4 99.0 99.00
2026 01 08 20 50  60  9.6 11.6 99.00 99.00 99.00 999 1010.6  27.0  27.7  23.5 99.0 99.00
2026 01 08 21 00  63  9.4 12.1 99.00 99.00 99.00 999 1010.6  26.8  27.7  23.3 99.0 99.00
2026 01 08 21 10  62  9.6 11.9  1.92  6.67  5.10  77 1010.7  27.0  27.7  23.3 99.0 99.00
2026 01 08 21 20  62  9.7 11.5 99.00 99.00 99.00 999 1010.7  27.1  27.7  23.6 99.0 99.00
2026 01 08 21 30  63  9.3 11.4 99.00 99.00 99.00 999 1010.8  27.2  27.7  23.9 99.0 99.00
2026 01 08 21 40  66  9.8 12.2  1.95  6.67  5.10  83 1011.0  27.3  27.7  23.8 99.0 99.00
2026 01 08 21 50  69 10.1 12.0 99.00 99.00 99.00 999 1011.1  27.3  27.7  23.5 99.0 99.00
2026 01 08 22 00  66 10.2 12.1 99.00 99.00 99.00 999 1011.2  27.3  27.7  23.4 99.0 99.00
2026 01 08 22 10  65  9.8 11.9  1.96  7.14  5.16  64 1011.2  27.4  27.7  23.5 99.0 99.00
2026 01 08 22 20  72 10.9 15.0 99.00 99.00 99.00 999 1011.5  27.2  27.7  23.1 99.0 99.00
2026 01 08 22 30  78  9.1 14.8 99.00 99.00 99.00 999 1011.4  24.5  27.7  22.5 99.0 99.00
2026 01 08 22 40  71  8.4 10.1  2.13  6.67  5.36  82 1011.3  25.6  27.7  23.5 99.0 99.00
2026 01 08 22 50  63  9.1 11.6 99.00 99.00 99.00 999 1011.4  27.0  27.8  23.6 99.0 99.00
2026 01 08 23 00  56  9.6 11.4 99.00 99.00 99.00 999 1011.4  27.3  27.8  23.7 99.0 99.00
2026 01 08 23 10  56  9.4 11.7  1.86  7.69  5.13  71 1011.6  27.2  27.8  23.7 99.0 99.00
2026 01 08 23 20  81  8.6 11.9 99.00 99.00 99.00 999 1011.6  26.6  27.8  23.1 99.0 99.00
2026 01 08 23 30  76 10.1 12.3 99.00 99.00 99.00 999 1011.7  26.6  27.8  22.4 99.0 99.00
2026 01 08 23 40  72 13.2 15.9  1.80  6.67  4.88  93 1011.8  25.8  27.8  21.7 99.0 99.00
2026 01 08 23 50  75 11.3 14.1 99.00 99.00 99.00 999 1011.9  26.4  27.8  20.8 99.0 99.00
2026 01 09 00 00  71  8.4 10.6 99.00 99.00 99.00 999 1012.1  26.8  27.8  22.4 99.0 99.00
2026 01 09 00 10  66 10.3 13.7  1.72  7.69  5.09  73 1012.2  26.4  27.8  23.6 99.0 99.00
2026 01 09 00 20  59 11.0 13.5 99.00 99.00 99.00 999 1012.2  25.6  27.8  23.5 99.0 99.00
2026 01 09 00 30  63  9.5 11.3 99.00 99.00 99.00 999 1012.3  25.6  27.7  23.3 99.0 99.00
2026 01 09 00 40  67  9.7 11.7  1.68  7.69  4.89  68 1012.4  26.4  27.7  23.9 99.0 99.00
2026 01 09 00 50  65 10.1 13.4 99.00 99.00 99.00 999 1012.5  26.7  27.7  23.9 99.0 99.00
2026 01 09 01 00  71  9.5 11.7 99.00 99.00 99.00 999 1012.7  26.5  27.7  22.9 99.0 99.00
2026 01 09 01 10  67  8.4 10.2  1.74  6.67  4.99  83 1012.8  26.6  27.7  23.0 99.0 99.00
2026 01 09 01 20  65  7.9  9.5 99.00 99.00 99.00 999 1012.8  26.9  27.7  23.9 99.0 99.00
2026 01 09 01 30  70  9.6 12.6 99.00 99.00 99.00 999 1012.8  27.2  27.7  24.0 99.0 99.00
2026 01 09 01 40  71 10.6 13.1  1.81  6.67  4.94  78 1012.8  27.1  27.7  23.9 99.0 99.00
2026 01 09 01 50  61 11.5 14.2 99.00 99.00 99.00 999 1012.9  27.5  27.7  23.3 99.0 99.00
2026 01 09 02 00  63 10.5 13.0 99.00 99.00 99.00 999 1013.0  27.5  27.7  23.6 99.0 99.00
2026 01 09 02 10  62 11.0 13.6  1.94  6.67  5.09  86 1013.0  27.5  27.7  23.6 99.0 99.00
2026 01 09 02 20  62 11.0 13.7 99.00 99.00 99.00 999 1013.0  27.3  27.7  23.7 99.0 99.00
2026 01 09 02 30  64 11.1 13.3 99.00 99.00 99.00 999 1013.0  26.8  27.8  23.5 99.0 99.00
2026 01 09 02 40  66 10.7 13.0  1.94  6.67  4.99  86 1012.9  27.3  27.8  23.5 99.0 99.00
2026 01 09 02 50  70 11.2 13.4 99.00 99.00 99.00 999 1012.9  27.4  27.7  22.9 99.0 99.00
2026 01 09 03 00  66 10.6 13.4 99.00 99.00 99.00 999 1013.0  27.4  27.8  23.4 99.0 99.00
2026 01 09 03 10  63 11.0 13.9  2.27  7.14  5.22  81 1012.9  27.2  27.8  23.8 99.0 99.00
2026 01 09 03 20  67 11.0 13.5 99.00 99.00 99.00 999 1013.0  27.1  27.7  23.6 99.0 99.00
2026 01 09 03 30  64  9.9 12.5 99.00 99.00 99.00 999 1013.0  27.1  27.7  23.7 99.0 99.00
2026 01 09 03 40  63  9.9 12.4  2.02  7.69  5.06  62 1012.9  27.1  27.7  23.7 99.0 99.00
2026 01 09 03 50  59 10.8 13.8 99.00 99.00 99.00 999 1012.8  27.3  27.8  23.7 99.0 99.00
2026 01 09 04 00  60 11.6 13.9 99.00 99.00 99.00 999 1012.9  27.3  27.8  23.4 99.0 99.00
2026 01 09 04 10  63 10.9 13.3  2.16  6.67  5.24  77 1013.0  27.3  27.8  23.5 99.0 99.00
2026 01 09 04 20  65 10.1 12.6 99.00 99.00 99.00 999 1012.8  27.3  27.8  23.6 99.0 99.00
2026 01 09 04 30  60 10.6 12.8 99.00 99.00 99.00 999 1012.6  27.4  27.8  23.7 99.0 99.00
2026 01 09 04 40  63 11.2 12.6  2.12  7.14  5.41  77 1012.6  27.3  27.8  23.3 99.0 99.00
2026 01 09 04 50  64 10.7 13.2 99.00 99.00 99.00 999 1012.6  27.4  27.8  23.6 99.0 99.00
2026 01 09 05 00  64 10.7 12.8 99.00 99.00 99.00 999 1012.6  27.3  27.8  23.4 99.0 99.00
2026 01 09 05 10  61 10.4 13.0  2.28  7.14  5.44  73 1012.5  27.3  27.8  23.5 99.0 99.00
2026 01 09 05 20  65 10.6 12.2 99.00 99.00 99.00 999 1012.4  27.3  27.8  23.5 99.0 99.00
2026 01 09 05 30  67 10.2 12.2 99.00 99.00 99.00 999 1012.3  27.3  27.8  23.4 99.0 99.00
2026 01 09 05 40  66 10.3 12.7  2.14  6.67  5.23  78 1012.3  27.1  27.8  23.7 99.0 99.00
2026 01 09 05 50  67 10.8 13.3 99.00 99.00 99.00 999 1012.2  27.2  27.8  23.5 99.0 99.00
2026 01 09 06 00  63 10.9 13.0 99.00 99.00 99.00 999 1012.1  27.3  27.8  23.4 99.0 99.00
2026 01 09 06 10  63 11.0 13.3  2.32  6.67  5.45  75 1012.0  27.2  27.8  23.4 99.0 99.00
2026 01 09 06 20  62 11.0 13.3 99.00 99.00 99.00 999 1011.8  27.2  27.8  23.4 99.0 99.00
2026 01 09 06 30  63 11.1 13.5 99.00 99.00 99.00 999 1011.6  27.2  27.7  23.3 99.0 99.00
2026 01 09 06 40  64 11.1 12.9  2.54  7.14  5.65  78 1011.6  27.2  27.8  23.1 99.0 99.00
2026 01 09 06 50  62 11.2 13.8 99.00 99.00 99.00 999 1011.5  27.2  27.8  23.2 99.0 99.00
2026 01 09 07 00  63 11.0 13.6 99.00 99.00 99.00 999 1011.4  27.2  27.8  23.1 99.0 99.00
2026 01 09 07 10  62 10.6 12.8  2.17  6.67  5.38  81 1011.3  27.2  27.7  23.4 99.0 99.00
2026 01 09 07 20  62 10.7 12.7 99.00 99.00 99.00 999 1011.2  27.1  27.8  23.3 99.0 99.00
2026 01 09 07 30  63 10.8 13.4 99.00 99.00 99.00 999 1011.2  27.1  27.7  23.2 99.0 99.00
2026 01 09 07 40  64 11.0 13.1  2.39  7.69  5.56  70 1011.1  27.1  27.7  23.3 99.0 99.00
2026 01 09 07 50  63 10.7 13.4 99.00 99.00 99.00 999 1011.2  27.2  27.8  23.2 99.0 99.00
2026 01 09 08 00  63 10.4 12.5 99.00 99.00 99.00 999 1011.3  27.1  27.8  23.4 99.0 99.00
2026 01 09 08 10  68 10.4 12.3  2.37  7.69  5.58  64 1011.2  27.1  27.8  23.5 99.0 99.00
2026 01 09 08 20  67 10.7 13.2 99.00 99.00 99.00 999 1011.1  27.1  27.8  23.2 99.0 99.00
2026 01 09 08 30  68 10.0 11.8 99.00 99.00 99.00 999 1011.2  27.1  27.8  23.5 99.0 99.00
2026 01 09 08 40  70 10.3 13.6  2.21  7.14  5.41  78 1011.2  27.1  27.8  23.7 99.0 99.00
2026 01 09 08 50  77 10.7 12.7 99.00 99.00 99.00 999 1011.3  27.2  27.8  23.2 99.0 99.00
2026 01 09 09 00  78 10.7 12.7 99.00 99.00 99.00 999 1011.3  27.3  27.8  23.0 99.0 99.00
2026 01 09 09 10  76  9.8 12.2  2.35  7.69  5.56  61 1011.5  27.3  27.8  23.0 99.0 99.00
2026 01 09 09 20  72 10.2 11.8 99.00 99.00 99.00 999 1011.5  27.3  27.8  23.1 99.0 99.00
2026 01 09 09 30  68 10.2 12.4 99.00 99.00 99.00 999 1011.5  27.3  27.8  23.4 99.0 99.00
2026 01 09 09 40  71 10.6 13.9  2.45  7.14  5.64  70 1011.6  27.3  27.8  23.3 99.0 99.00
2026 01 09 09 50  76 10.7 13.6 99.00 99.00 99.00 999 1011.8  27.3  27.7  23.1 99.0 99.00
2026 01 09 10 00  73 10.7 12.9 99.00 99.00 99.00 999 1011.9  27.3  27.7  22.9 99.0 99.00
2026 01 09 10 10  75 10.5 12.5  2.37  7.69  5.56  71 1011.9  27.3  27.8  23.0 99.0 99.00
2026 01 09 10 20  76 10.1 11.9 99.00 99.00 99.00 999 1012.0  27.3  27.8  23.0 99.0 99.00
2026 01 09 10 30  73  9.9 12.4 99.00 99.00 99.00 999 1012.0  27.4  27.8  23.4 99.0 99.00
2026 01 09 10 40  71 10.9 13.1  2.16  6.67  5.37  87 1012.1  27.3  27.8  23.1 99.0 99.00
2026 01 09 10 50  70 10.5 12.7 99.00 99.00 99.00 999 1012.3  27.3  27.8  23.2 99.0 99.00
2026 01 09 11 00  71 10.7 13.0 99.00 99.00 99.00 999 1012.3  27.3  27.8  23.2 99.0 99.00
2026 01 09 11 10  68 10.3 12.7  2.27  7.69  5.60  71 1012.4  27.3  27.8  23.3 99.0 99.00
2026 01 09 11 20  68 10.5 12.6 99.00 99.00 99.00 999 1012.4  27.3  27.7  23.3 99.0 99.00
2026 01 09 11 30  70 10.9 13.6 99.00 99.00 99.00 999 1012.6  27.3  27.7  23.2 99.0 99.00
2026 01 09 11 40  69 10.4 13.3  2.29  7.69  5.43  64 1012.6  27.3  27.8  23.4 99.0 99.00
2026 01 09 11 50  74 10.8 13.5 99.00 99.00 99.00 999 1012.7  27.3  27.7  23.1 99.0 99.00
2026 01 09 12 00  75 10.8 13.0 99.00 99.00 99.00 999 1012.9  27.4  27.7  23.0 99.0 99.00
2026 01 09 12 10  74 10.1 12.3  2.23  7.14  5.33  79 1012.9  27.4  27.7  23.3 99.0 99.00
2026 01 09 12 20  73 10.1 12.3 99.00 99.00 99.00 999 1012.9  27.4  27.7  23.3 99.0 99.00
2026 01 09 12 30  71 10.0 12.4 99.00 99.00 99.00 999 1013.1  27.4  27.7  23.4 99.0 99.00
2026 01 09 12 40  64 11.2 13.1  2.16  7.14  5.28  77 1013.2  27.4  27.7  23.4 99.0 99.00
2026 01 09 12 50  72 11.1 13.5 99.00 99.00 99.00 999 1013.4  27.4  27.7  23.4 99.0 99.00
2026 01 09 13 00  70 10.2 12.8 99.00 99.00 99.00 999 1013.6  27.5  27.7  23.7 99.0 99.00
2026 01 09 13 10  65 10.7 12.9  2.11  6.25  5.21  84 1013.5  27.2  27.7  23.7 99.0 99.00
2026 01 09 13 20  68 10.8 12.7 99.00 99.00 99.00 999 1013.6  27.4  27.7  23.5 99.0 99.00
2026 01 09 13 30  71 11.1 13.5 99.00 99.00 99.00 999 1013.7  27.5  27.7  23.4 99.0 99.00
2026 01 09 13 40  69 10.7 12.9  2.41  6.67  5.48  88 1013.6  27.6  27.7  23.7 99.0 99.00
2026 01 09 13 50  71 10.6 12.8 99.00 99.00 99.00 999 1013.7  27.5  27.7  23.4 99.0 99.00
2026 01 09 14 00  72 10.9 12.7 99.00 99.00 99.00 999 1013.8  27.5  27.7  23.5 99.0 99.00
2026 01 09 14 10  74 10.7 12.6  2.30  7.14  5.31  81 1013.8  27.6  27.7  23.6 99.0 99.00
2026 01 09 14 20  75 10.9 14.0 99.00 99.00 99.00 999 1013.9  27.5  27.7  23.4 99.0 99.00
2026 01 09 14 30  76 10.8 13.1 99.00 99.00 99.00 999 1013.8  27.5  27.7  23.6 99.0 99.00
2026 01 09 14 40  76 10.7 12.7  2.33  6.67  5.32  81 1013.8  27.6  27.7  23.4 99.0 99.00
2026 01 09 14 50  77 10.9 13.2 99.00 99.00 99.00 999 1013.8  27.6  27.7  23.4 99.0 99.00
2026 01 09 15 00  77 10.0 11.9 99.00 99.00 99.00 999 1014.0  27.6  27.7  23.5 99.0 99.00
2026 01 09 15 10  73 10.4 12.3  2.48  6.67  5.47  85 1013.8  27.5  27.7  23.6 99.0 99.00
2026 01 09 15 20  71 10.5 12.4 99.00 99.00 99.00 999 1013.8  27.5  27.7  23.6 99.0 99.00
2026 01 09 15 30  76  9.9 12.1 99.00 99.00 99.00 999 1013.7  27.6  27.7  23.7 99.0 99.00
2026 01 09 15 40  69 10.5 12.9  2.31  7.14  5.47  73 1013.5  27.5  27.7  23.8 99.0 99.00
2026 01 09 15 50  70 10.4 12.8 99.00 99.00 99.00 999 1013.4  27.5  27.8  23.7 99.0 99.00
2026 01 09 16 00  74 10.5 13.1 99.00 99.00 99.00 999 1013.3  27.5  27.8  23.6 99.0 99.00
2026 01 09 16 10  70 10.6 13.0  2.20  6.67  5.18  87 1013.3  27.5  27.8  23.7 99.0 99.00
2026 01 09 16 20  67 10.5 12.4 99.00 99.00 99.00 999 1013.2  27.5  27.8  23.7 99.0 99.00
2026 01 09 16 30  69  9.7 11.8 99.00 99.00 99.00 999 1013.2  27.5  27.8  23.9 99.0 99.00
2026 01 09 16 40  68 10.3 12.2  2.23  6.67  5.25  76 1013.0  27.5 999.0  23.8 99.0 99.00
2026 01 09 16 50  65 10.0 12.3 99.00 99.00 99.00 999 1013.0  27.5  27.8  23.7 99.0 99.00
2026 01 09 17 00  71 10.5 12.5 99.00 99.00 99.00 999 1012.9  27.5  27.8  23.6 99.0 99.00
2026 01 09 17 10  71 10.8 12.9  2.24  7.14  5.27  88 1012.7  27.5  27.8  23.4 99.0 99.00
2026 01 09 17 20  73 10.6 12.6 99.00 99.00 99.00 999 1012.7  27.5  27.8  23.6 99.0 99.00
2026 01 09 17 30  73 10.6 12.5 99.00 99.00 99.00 999 1012.5  27.6  27.8  23.5 99.0 99.00
2026 01 09 17 40  76 10.5 12.7  2.25  7.69  5.39  74 1012.4  27.6  27.8  23.6 99.0 99.00
2026 01 09 17 50  71 10.0 12.2 99.00 99.00 99.00 999 1012.2  27.5  27.8  23.7 99.0 99.00
2026 01 09 18 00  68 10.2 12.2 99.00 99.00 99.00 999 1011.9  27.5  27.8  23.6 99.0 99.00
2026 01 09 18 10  70 10.4 12.8  2.33  7.14  5.43  84 1011.8  27.5  27.8  23.6 99.0 99.00
2026 01 09 18 20  70 10.2 11.9 99.00 99.00 99.00 999 1011.7  27.5  27.8  23.7 99.0 99.00
2026 01 09 18 30  72 10.5 12.5 99.00 99.00 99.00 999 1011.5  27.5  27.8  23.7 99.0 99.00
2026 01 09 18 40  71 10.4 12.8  2.22  7.69  5.32  82 1011.4  27.5  27.8  23.5 99.0 99.00
2026 01 09 18 50  75 10.2 12.2 99.00 99.00 99.00 999 1011.4  27.6  27.8  23.5 99.0 99.00
2026 01 09 19 00  70 10.2 12.1 99.00 99.00 99.00 999 1011.3  27.6  27.8  23.7 99.0 99.00
2026 01 09 19 10  67 10.6 12.1  2.09  7.69  5.24  86 1011.2  27.5  27.8  23.6 99.0 99.00
2026 01 09 19 20  68 10.6 12.6 99.00 99.00 99.00 999 1011.1  27.6  27.7  23.4 99.0 99.00
2026 01 09 19 30  66 10.6 12.5 99.00 99.00 99.00 999 1011.1  27.6  27.7  23.5 99.0 99.00
2026 01 09 19 40  69 10.4 12.9  2.12  7.14  5.18  80 1011.1  27.5  27.7  23.5 99.0 99.00
2026 01 09 19 50  65 10.3 12.5 99.00 99.00 99.00 999 1011.0  27.5  27.7  23.6 99.0 99.00
2026 01 09 20 00  70 10.5 12.6 99.00 99.00 99.00 999 1011.0  27.6  27.7  23.5 99.0 99.00
2026 01 09 20 10  68 10.5 12.1  2.22  7.14  5.31  89 1011.0  27.5  27.7  23.6 99.0 99.00
2026 01 09 20 20  65 10.4 12.2 99.00 99.00 99.00 999 1010.9  27.5  27.7  23.6 99.0 99.00
2026 01 09 20 30  68 10.4 12.5 99.00 99.00 99.00 999 1010.9  27.6  27.7  23.5 99.0 99.00
2026 01 09 20 40  68 10.5 12.5  2.03  7.14  5.20  72 1011.0  27.6 999.0  23.4 99.0 99.00
2026 01 09 20 50  74 10.0 12.0 99.00 99.00 99.00 999 1010.9  27.6  27.7  23.4 99.0 99.00
2026 01 09 21 00  74 10.0 11.9 99.00 99.00 99.00 999 1011.0  27.5  27.7  23.3 99.0 99.00
2026 01 09 21 10  71 10.1 12.1  2.27  7.14  5.39  90 1011.0  27.5  27.7  23.4 99.0 99.00
2026 01 09 21 20  72 10.5 12.6 99.00 99.00 99.00 999 1011.1  27.4  27.7  23.4 99.0 99.00
2026 01 09 21 30  73 10.2 12.7 99.00 99.00 99.00 999 1011.2  27.6  27.7  23.4 99.0 99.00
2026 01 09 21 40  71 10.0 11.8  2.21  7.14  5.32  99 1011.2  27.6  27.7  23.6 99.0 99.00
2026 01 09 21 50  65 10.1 12.4 99.00 99.00 99.00 999 1011.2  27.5  27.7  23.5 99.0 99.00
2026 01 09 22 00  66  9.8 12.3 99.00 99.00 99.00 999 1011.2  27.6  27.7  23.6 99.0 99.00
2026 01 09 22 10  64 10.1 12.1  2.30  7.69  5.49  80 1011.3  27.5  27.7  23.4 99.0 99.00
2026 01 09 22 20  67 10.1 12.2 99.00 99.00 99.00 999 1011.5  27.5  27.7  23.1 99.0 99.00
2026 01 09 22 30  66  9.7 12.0 99.00 99.00 99.00 999 1011.6  27.5  27.7  23.4 99.0 99.00
2026 01 09 22 40  71 10.3 12.3  2.25  7.69  5.38  86 1011.5  27.4  27.7  23.4 99.0 99.00
2026 01 09 22 50  70 10.2 12.4 99.00 99.00 99.00 999 1011.6  27.5  27.7  23.4 99.0 99.00
2026 01 09 23 00  71  9.7 11.5 99.00 99.00 99.00 999 1011.6  27.4  27.7  23.6 99.0 99.00
2026 01 09 23 10  69  9.7 12.1  2.21  7.14  5.45  89 1011.6  27.4 999.0  23.5 99.0 99.00
2026 01 09 23 20  64  9.9 12.5 99.00 99.00 99.00 999 1011.6  27.4  27.7  23.4 99.0 99.00
2026 01 09 23 30  65 10.3 12.2 99.00 99.00 99.00 999 1011.6  27.5  27.7  23.4 99.0 99.00
2026 01 09 23 40  65 10.3 12.3  2.30  7.69  5.59  81 1011.8  27.5  27.7  23.3 99.0 99.00
2026 01 09 23 50  66 10.4 12.1 99.00 99.00 99.00 999 1011.9  27.5  27.7  23.3 99.0 99.00
2026 01 10 00 00  64 10.1 12.0 99.00 99.00 99.00 999 1012.1  27.5  27.7  23.4 99.0 99.00
2026 01 10 00 10  64 10.1 12.2  2.24  6.67  5.23  89 1012.1  27.4  27.7  23.3 99.0 99.00
2026 01 10 00 20  64 10.6 12.5 99.00 99.00 99.00 999 1012.2  27.5  27.7  23.0 99.0 99.00
2026 01 10 00 30  66  9.8 11.8 99.00 99.00 99.00 999 1012.3  27.5  27.7  23.2 99.0 99.00
2026 01 10 00 40  65 10.0 12.1 99.00 99.00 99.00 999 1012.4  27.5  27.7  23.3 99.0 99.00
2026 01 10 00 50  63  9.7 12.5 99.00 99.00 99.00 999 1012.4  27.5  27.7  23.6 99.0 99.00
2026 01 10 01 00  65  9.2 11.1 99.00 99.00 99.00 999 1012.4  27.4  27.7  23.8 99.0 99.00
2026 01 10 01 10  66 10.2 12.3  2.34  7.14  5.42  90 1012.4  27.4  27.7  23.7 99.0 99.00
2026 01 10 01 20  63  9.4 11.0 99.00 99.00 99.00 999 1012.6  27.4  27.7  23.7 99.0 99.00
2026 01 10 01 30  65  9.4 11.2 99.00 99.00 99.00 999 1012.7  27.5  27.7  23.6 99.0 99.00
2026 01 10 01 40  72  9.0 11.3  2.00  6.67  5.26 103 1012.7  27.4  27.7  23.7 99.0 99.00
2026 01 10 01 50  75  9.9 11.9 99.00 99.00 99.00 999 1012.8  27.5  27.7  23.3 99.0 99.00
2026 01 10 02 00  70  9.9 11.8 99.00 99.00 99.00 999 1013.0  27.4  27.7  23.7 99.0 99.00
2026 01 10 02 10  67 10.1 12.3  2.03  7.14  5.31  90 1013.1  27.4  27.7  23.6 99.0 99.00
2026 01 10 02 20  65  9.7 11.3 99.00 99.00 99.00 999 1013.2  27.3  27.7  23.6 99.0 99.00
2026 01 10 02 30  69  9.9 11.4 99.00 99.00 99.00 999 1013.2  27.4  27.7  23.4 99.0 99.00
2026 01 10 02 40  70 10.0 12.4  2.16  7.14  5.41  89 1013.2  27.4  27.7  23.1 99.0 99.00
2026 01 10 02 50  77 10.0 12.2 99.00 99.00 99.00 999 1013.3  27.6  27.7  22.7 99.0 99.00
2026 01 10 03 00  73  9.5 10.9 99.00 99.00 99.00 999 1013.4  27.5  27.7  23.0 99.0 99.00
2026 01 10 03 10  65  9.2 11.1  2.10  7.14  5.27  87 1013.3  27.4  27.7  23.6 99.0 99.00
2026 01 10 03 20  65  9.5 11.2 99.00 99.00 99.00 999 1013.3  27.3  27.7  23.4 99.0 99.00
2026 01 10 03 30  68  9.6 11.9 99.00 99.00 99.00 999 1013.2  27.4  27.7  23.2 99.0 99.00
2026 01 10 03 40  67  9.6 12.1  2.09  7.14  5.34  94 1013.0  27.4  27.7  23.2 99.0 99.00
2026 01 10 03 50  64  9.8 11.7 99.00 99.00 99.00 999 1012.9  27.4  27.7  23.2 99.0 99.00
2026 01 10 04 00  67  9.9 11.5 99.00 99.00 99.00 999 1012.8  27.4  27.7  23.0 99.0 99.00
2026 01 10 04 10  65  9.8 12.2  1.92  6.67  5.19  91 1012.8  27.4  27.7  23.1 99.0 99.00
2026 01 10 04 20  68  9.9 12.0 99.00 99.00 99.00 999 1012.6  27.4  27.7  23.2 99.0 99.00
2026 01 10 04 30  64  9.8 11.6 99.00 99.00 99.00 999 1012.4  27.4  27.7  23.2 99.0 99.00
2026 01 10 04 40  68  9.3 11.6  2.05  7.14  5.26  96 1012.5  27.4  27.7  23.2 99.0 99.00
2026 01 10 04 50  67  9.4 11.4 99.00 99.00 99.00 999 1012.4  27.4  27.7  23.2 99.0 99.00
2026 01 10 05 00  69  9.4 11.6 99.00 99.00 99.00 999 1012.3  27.4  27.7  23.2 99.0 99.00
2026 01 10 05 10  70  9.0 11.2  2.02  7.14  5.21  90 1012.3  27.4  27.7  23.4 99.0 99.00
2026 01 10 05 20  69  9.5 11.3 99.00 99.00 99.00 999 1012.2  27.4  27.7  23.2 99.0 99.00
2026 01 10 05 30  71  9.7 11.4 99.00 99.00 99.00 999 1012.1  27.3  27.7  23.2 99.0 99.00
2026 01 10 05 40  70  9.4 11.3  1.99  7.14  5.24  81 1012.1  27.3  27.7  23.5 99.0 99.00
2026 01 10 05 50  67  9.5 11.9 99.00 99.00 99.00 999 1012.0  27.3  27.7  23.7 99.0 99.00
2026 01 10 06 00  71 10.0 11.8 99.00 99.00 99.00 999 1012.0  27.3  27.7  23.2 99.0 99.00
2026 01 10 06 10  74 10.0 11.7  1.94  6.67  5.04  93 1011.9  27.4  27.7  23.0 99.0 99.00
2026 01 10 06 20  69  9.8 11.9 99.00 99.00 99.00 999 1011.7  27.4  27.7  23.3 99.0 99.00
2026 01 10 06 30  69  9.5 11.7 99.00 99.00 99.00 999 1011.6  27.4  27.7  23.5 99.0 99.00
2026 01 10 06 40  69  9.6 11.3  1.94  7.14  5.26  89 1011.6  27.3  27.7  23.6 99.0 99.00
2026 01 10 06 50  69  9.9 11.7 99.00 99.00 99.00 999 1011.5  27.3  27.7  23.8 99.0 99.00
2026 01 10 07 00  68  9.9 12.0 99.00 99.00 99.00 999 1011.5  27.3  27.7  23.7 99.0 99.00
2026 01 10 07 10  67  9.7 12.2  2.11  7.69  5.28  79 1011.3  27.3  27.7  23.4 99.0 99.00
2026 01 10 07 20  69  9.9 11.7 99.00 99.00 99.00 999 1011.2  27.3  27.7  23.5 99.0 99.00
2026 01 10 07 30  64 10.4 12.5 99.00 99.00 99.00 999 1011.1  27.2  27.7  23.2 99.0 99.00
2026 01 10 07 40  68  9.9 12.4  2.34  7.69  5.58  86 1011.0  27.3  27.7  23.4 99.0 99.00
2026 01 10 07 50  62  9.8 12.9 99.00 99.00 99.00 999 1011.0  27.3  27.7  23.6 99.0 99.00
2026 01 10 08 00  65 10.4 12.4 99.00 99.00 99.00 999 1010.9  27.2  27.7  23.3 99.0 99.00
2026 01 10 08 10  68 10.1 12.3  2.18  7.69  5.34  89 1011.0  27.3  27.7  23.3 99.0 99.00
2026 01 10 08 20  63 10.4 12.2 99.00 99.00 99.00 999 1010.9  27.3  27.7  23.6 99.0 99.00
2026 01 10 08 30  62 10.9 13.1 99.00 99.00 99.00 999 1010.9  27.2  27.7  23.4 99.0 99.00
2026 01 10 08 40  61 10.6 12.7  2.02  6.67  5.17  89 1010.9  27.2 999.0  23.5 99.0 99.00
2026 01 10 08 50  59 10.0 11.8 99.00 99.00 99.00 999 1010.9  27.3  27.7  23.8 99.0 99.00
2026 01 10 09 00  58 10.8 12.5 99.00 99.00 99.00 999 1010.8  27.2  27.7  23.5 99.0 99.00
2026 01 10 09 10  59 11.0 13.6  2.09  6.67  5.25  86 1010.9  27.2  27.7  23.5 99.0 99.00
2026 01 10 09 20  60 11.0 12.9 99.00 99.00 99.00 999 1011.0  27.2  27.7  23.4 99.0 99.00
2026 01 10 09 30  64 11.0 12.6 99.00 99.00 99.00 999 1010.9  27.2  27.7  23.5 99.0 99.00
2026 01 10 09 40  68 11.0 13.6  2.12  7.14  5.24  89 1011.0  27.3  27.7  23.7 99.0 99.00
2026 01 10 09 50  72 11.3 13.7 99.00 99.00 99.00 999 1011.2  27.2  27.7  23.3 99.0 99.00
2026 01 10 10 00  67 10.7 13.7 99.00 99.00 99.00 999 1011.3  27.3  27.7  23.3 99.0 99.00
2026 01 10 10 10  62 10.3 12.9  2.21  7.14  5.30  82 1011.4  27.3  27.7  23.5 99.0 99.00
2026 01 10 10 20  64 10.1 12.1 99.00 99.00 99.00 999 1011.5  27.2  27.7  23.5 99.0 99.00
2026 01 10 10 30  63 10.2 11.9 99.00 99.00 99.00 999 1011.6  27.3  27.7  23.6 99.0 99.00
2026 01 10 10 40  62 10.1 12.0  2.25  6.67  5.35  80 1011.6  27.3  27.7  23.7 99.0 99.00
2026 01 10 10 50  73 10.8 16.7 99.00 99.00 99.00 999 1011.6  26.3  27.7  23.0 99.0 99.00
2026 01 10 11 00  69 11.0 13.3 99.00 99.00 99.00 999 1011.8  26.6  27.7  22.8 99.0 99.00
2026 01 10 11 10  64 10.3 12.4  2.12  7.14  5.34  92 1011.8  26.9  27.7  23.5 99.0 99.00
2026 01 10 11 20  68  9.7 12.0 99.00 99.00 99.00 999 1012.1  26.8  27.7  23.3 99.0 99.00
2026 01 10 11 30  69  9.2 11.1 99.00 99.00 99.00 999 1012.1  27.0  27.7  23.2 99.0 99.00
2026 01 10 11 40  64 10.7 15.2  2.31  6.67  5.42  94 1012.2  26.8  27.7  23.2 99.0 99.00
2026 01 10 11 50  73 10.2 12.5 99.00 99.00 99.00 999 1012.2  26.6  27.7  23.6 99.0 99.00
2026 01 10 12 00  74 10.2 12.5 99.00 99.00 99.00 999 1012.4  27.0  27.7  23.1 99.0 99.00
2026 01 10 12 10  69 11.5 14.8  2.35  7.14  5.60  82 1012.5  27.0  27.7  23.4 99.0 99.00
2026 01 10 12 20  65 11.0 13.3 99.00 99.00 99.00 999 1012.6  26.2  27.7  23.1 99.0 99.00
2026 01 10 12 30  70 10.1 12.8 99.00 99.00 99.00 999 1012.7  26.6  27.7  23.4 99.0 99.00
2026 01 10 12 40  69  9.9 12.0  2.30  6.67  5.35  91 1012.9  27.0  27.7  23.5 99.0 99.00
2026 01 10 12 50  70  9.8 11.6 99.00 99.00 99.00 999 1013.1  27.0  27.7  23.5 99.0 99.00
2026 01 10 13 00  59  9.4 11.8 99.00 99.00 99.00 999 1013.2  26.9  27.7  23.5 99.0 99.00
2026 01 10 13 10  50  8.6 10.3  2.26  7.14  5.48  90 1013.4  26.5  27.7  23.4 99.0 99.00
2026 01 10 13 20  56  8.3 12.2 99.00 99.00 99.00 999 1013.5  26.5  27.7  23.4 99.0 99.00
2026 01 10 13 30  80 10.2 12.4 99.00 99.00 99.00 999 1013.6  27.3  27.7  22.9 99.0 99.00
2026 01 10 13 40  72 10.5 12.2  2.07  7.14  5.15  90 1013.6  27.4  27.7  23.2 99.0 99.00
2026 01 10 13 50  71 10.4 13.4 99.00 99.00 99.00 999 1013.5  27.3  27.7  23.1 99.0 99.00
2026 01 10 14 00  75 10.6 13.0 99.00 99.00 99.00 999 1013.6  27.4  27.7  23.0 99.0 99.00
2026 01 10 14 10  75 10.9 12.8  2.38  7.14  5.41  93 1013.6  27.4  27.7  23.0 99.0 99.00
2026 01 10 14 20  74 11.1 13.1 99.00 99.00 99.00 999 1013.7  27.5  27.7  22.8 99.0 99.00
2026 01 10 14 30  75 10.3 12.5 99.00 99.00 99.00 999 1013.8  27.5  27.7  23.1 99.0 99.00
2026 01 10 14 40  75 10.2 12.1  2.37  7.14  5.38 100 1013.7  27.5  27.7  23.1 99.0 99.00
2026 01 10 14 50  81 10.1 11.9 99.00 99.00 99.00 999 1013.7  27.6  27.7  23.2 99.0 99.00
2026 01 10 15 00  83 10.1 12.4 99.00 99.00 99.00 999 1013.6  27.6  27.7  23.0 99.0 99.00
2026 01 10 15 10  80 10.4 12.1  2.36  7.14  5.42  95 1013.6  27.6  27.7  22.7 99.0 99.00
2026 01 10 15 20  77  9.3 11.8 99.00 99.00 99.00 999 1013.7  27.6  27.7  23.2 99.0 99.00
2026 01 10 15 30  78  9.8 12.0 99.00 99.00 99.00 999 1013.6  27.4  27.7  23.2 99.0 99.00
2026 01 10 15 40  76  9.7 11.7  2.39  7.14  5.48  95 1013.6  27.5  27.7  23.2 99.0 99.00
2026 01 10 15 50  80 10.1 12.2 99.00 99.00 99.00 999 1013.5  27.5 999.0  22.9 99.0 99.00
2026 01 10 16 00  80  9.9 12.0 99.00 99.00 99.00 999 1013.4  27.6  27.7  23.2 99.0 99.00
2026 01 10 16 10  79  9.6 11.6  2.23  7.14  5.33  96 1013.3  27.5  27.7  23.2 99.0 99.00
2026 01 10 16 20  79 10.1 12.1 99.00 99.00 99.00 999 1013.1  27.6  27.7  22.8 99.0 99.00
2026 01 10 16 30  82  9.8 11.7 99.00 99.00 99.00 999 1013.0  27.6  27.7  23.0 99.0 99.00
2026 01 10 16 40  79  9.6 11.8 99.00 99.00 99.00 999 1012.8  27.6  27.7  22.7 99.0 99.00
2026 01 10 16 50  77  9.7 11.1 99.00 99.00 99.00 999 1012.7  27.6  27.7  22.8 99.0 99.00
2026 01 10 17 00  72  9.0 10.7 99.00 99.00 99.00 999 1012.6  27.5  27.7  23.0 99.0 99.00
2026 01 10 17 10  75  9.7 11.4  2.17  7.69  5.34  84 1012.4  27.5  27.7  23.1 99.0 99.00
2026 01 10 17 20  75  9.7 11.6 99.00 99.00 99.00 999 1012.3  27.4  27.7  23.0 99.0 99.00
2026 01 10 17 30  74  9.8 11.6 99.00 99.00 99.00 999 1012.1  27.5  27.7  23.0 99.0 99.00
2026 01 10 17 40  77  9.6 11.4  2.32  7.14  5.38  87 1012.0  27.5  27.7  22.9 99.0 99.00
2026 01 10 17 50  78  9.8 11.6 99.00 99.00 99.00 999 1011.9  27.6  27.7  22.7 99.0 99.00
2026 01 10 18 00  77  9.4 11.2 99.00 99.00 99.00 999 1011.7  27.6  27.7  22.9 99.0 99.00
2026 01 10 18 10  77  9.4 11.0  2.05  6.25  5.14  93 1011.5  27.5  27.7  23.1 99.0 99.00
2026 01 10 18 20  75  9.5 11.3 99.00 99.00 99.00 999 1011.4  27.5  27.7  23.1 99.0 99.00
2026 01 10 18 30  80  9.3 11.3 99.00 99.00 99.00 999 1011.2  27.5  27.7  23.0 99.0 99.00
2026 01 10 18 40  77  9.9 12.2  2.19  7.14  5.31  86 1011.1  27.6  27.7  22.3 99.0 99.00
2026 01 10 18 50  75  9.7 11.6 99.00 99.00 99.00 999 1011.1  27.6  27.7  22.5 99.0 99.00
2026 01 10 19 00  74  9.3 11.1 99.00 99.00 99.00 999 1011.0  27.5  27.7  22.8 99.0 99.00
2026 01 10 19 10  74  9.7 11.3  2.13  6.67  5.23  93 1010.9  27.5  27.7  22.6 99.0 99.00
2026 01 10 19 20  71  9.3 11.3 99.00 99.00 99.00 999 1010.8  27.6  27.7  22.3 99.0 99.00
2026 01 10 19 30  72  9.5 11.6 99.00 99.00 99.00 999 1010.6  27.6  27.7  22.1 99.0 99.00
2026 01 10 19 40  71  9.8 11.9  2.22  7.14  5.39  92 1010.5  27.6  27.7  21.9 99.0 99.00
2026 01 10 19 50  68  9.6 11.4 99.00 99.00 99.00 999 1010.4  27.6  27.7  22.2 99.0 99.00
2026 01 10 20 00  70  9.3 11.3 99.00 99.00 99.00 999 1010.4  27.6  27.7  22.3 99.0 99.00
2026 01 10 20 10  74  8.9 10.5  2.06  7.14  5.42  88 1010.3  27.6  27.7  22.5 99.0 99.00
2026 01 10 20 20  68  9.1 11.0 99.00 99.00 99.00 999 1010.2  27.5  27.7  22.6 99.0 99.00
2026 01 10 20 30  66  9.6 11.5 99.00 99.00 99.00 999 1010.2  27.5  27.7  22.5 99.0 99.00
2026 01 10 20 40  67  9.6 11.7  2.07  7.14  5.43  84 1010.3  27.5  27.7  22.5 99.0 99.00
2026 01 10 20 50  69  9.3 11.6 99.00 99.00 99.00 999 1010.3  27.5  27.7  22.8 99.0 99.00
2026 01 10 21 00  68  9.5 11.6 99.00 99.00 99.00 999 1010.2  27.5  27.7  22.9 99.0 99.00
2026 01 10 21 10  68  9.3 11.0  2.01  7.14  5.26  93 1010.4  27.5  27.7  23.1 99.0 99.00
2026 01 10 21 20  70  9.5 11.1 99.00 99.00 99.00 999 1010.5  27.5  27.7  23.1 99.0 99.00
2026 01 10 21 30  63  9.5 11.5 99.00 99.00 99.00 999 1010.5  27.5  27.7  23.2 99.0 99.00
2026 01 10 21 40  67  9.4 11.3  2.02  7.14  5.25  90 1010.6  27.5  27.7  23.2 99.0 99.00
2026 01 10 21 50  66 10.0 11.8 99.00 99.00 99.00 999 1010.7  27.5  27.7  23.0 99.0 99.00
2026 01 10 22 00  73  9.8 11.7 99.00 99.00 99.00 999 1010.7  27.5  27.7  22.8 99.0 99.00
2026 01 10 22 10  75 10.1 11.8  2.18  7.14  5.38  96 1010.7  27.6  27.7  22.8 99.0 99.00
2026 01 10 22 20  73 10.1 12.0 99.00 99.00 99.00 999 1010.7  27.5  27.7  22.8 99.0 99.00
2026 01 10 22 30  68 10.0 12.2 99.00 99.00 99.00 999 1010.8  27.5  27.7  23.0 99.0 99.00
2026 01 10 22 40  69  9.6 11.5  2.10  7.14  5.45 108 1010.8  27.5  27.7  23.1 99.0 99.00
2026 01 10 22 50  70  9.6 11.8 99.00 99.00 99.00 999 1010.8  27.4  27.7  23.2 99.0 99.00
2026 01 10 23 00  68 10.0 12.1 99.00 99.00 99.00 999 1011.0  27.4  27.7  23.0 99.0 99.00
2026 01 10 23 10  64  9.8 12.0  2.16  7.14  5.33  92 1011.1  27.4  27.7  23.0 99.0 99.00
2026 01 10 23 20  64  9.9 11.9 99.00 99.00 99.00 999 1011.0  27.4  27.7  22.9 99.0 99.00
2026 01 10 23 30  60  9.8 12.4 99.00 99.00 99.00 999 1011.0  27.5  27.7  23.2 99.0 99.00
2026 01 10 23 40  63 10.3 12.2  2.14  6.67  5.45  91 1011.0  27.4  27.7  22.9 99.0 99.00
2026 01 10 23 50  57 10.4 12.0 99.00 99.00 99.00 999 1011.1  27.5  27.7  23.0 99.0 99.00
2026 01 11 00 00  62 10.1 12.2 99.00 99.00 99.00 999 1011.3  27.5  27.7  23.0 99.0 99.00
2026 01 11 00 10  61  9.9 12.3  2.29  6.67  5.52  94 1011.5  27.5  27.7  23.0 99.0 99.00
2026 01 11 00 20  65  9.8 12.3 99.00 99.00 99.00 999 1011.6  27.5  27.7  23.1 99.0 99.00
2026 01 11 00 30  64  9.8 12.0 99.00 99.00 99.00 999 1011.8  27.5  27.7  23.0 99.0 99.00
2026 01 11 00 40  65  9.6 11.6  2.09  6.67  5.25  91 1011.9  27.6  27.7  23.0 99.0 99.00
2026 01 11 00 50  62  9.4 11.2 99.00 99.00 99.00 999 1012.0  27.5  27.7  23.1 99.0 99.00
2026 01 11 01 00  68  9.1 11.4 99.00 99.00 99.00 999 1012.3  27.6  27.7  23.2 99.0 99.00
2026 01 11 01 10  67  9.8 11.6  1.91  7.14  5.24  83 1012.4  27.5  27.7  23.2 99.0 99.00
2026 01 11 01 20  71  9.7 12.5 99.00 99.00 99.00 999 1012.6  27.5  27.7  23.1 99.0 99.00
2026 01 11 01 30  72  8.7 10.4 99.00 99.00 99.00 999 1012.6  27.5  27.7  23.4 99.0 99.00
2026 01 11 01 40  65  9.5 12.2  1.97  7.14  5.27  92 1012.6  27.4  27.7  23.3 99.0 99.00
2026 01 11 01 50  68 10.1 12.1 99.00 99.00 99.00 999 1012.7  27.5  27.7  23.1 99.0 99.00
2026 01 11 02 00  71 10.1 11.9 99.00 99.00 99.00 999 1012.7  27.5  27.7  23.0 99.0 99.00
2026 01 11 02 10  67 10.1 12.3  2.11  7.14  5.32  99 1012.8  27.5  27.7  23.0 99.0 99.00
2026 01 11 02 20  67  9.5 11.2 99.00 99.00 99.00 999 1012.9  27.6  27.7  23.2 99.0 99.00
2026 01 11 02 30  71 10.0 11.7 99.00 99.00 99.00 999 1013.0  27.5  27.7  23.0 99.0 99.00
2026 01 11 02 40  69  9.7 12.3  2.03  7.14  5.15  93 1012.9  27.5  27.7  22.8 99.0 99.00
2026 01 11 02 50  66  9.2 11.0 99.00 99.00 99.00 999 1012.7  27.5  27.7  22.9 99.0 99.00
2026 01 11 03 00  66  9.4 11.1 99.00 99.00 99.00 999 1012.9  27.4  27.7  22.7 99.0 99.00
2026 01 11 03 10  65  9.6 11.6  2.08  7.14  5.28  86 1012.6  27.5  27.7  23.2 99.0 99.00
2026 01 11 03 20  67 10.1 12.1 99.00 99.00 99.00 999 1012.7  27.4  27.7  22.9 99.0 99.00
2026 01 11 03 30  66 10.0 12.2 99.00 99.00 99.00 999 1012.7  27.5  27.7  22.9 99.0 99.00
2026 01 11 03 40  62 10.1 11.8  1.99  7.14  5.11  90 1012.6  27.4  27.7  23.0 99.0 99.00
2026 01 11 03 50  61  9.6 11.6 99.00 99.00 99.00 999 1012.6  27.5  27.7  23.2 99.0 99.00
2026 01 11 04 00  59  9.5 11.9 99.00 99.00 99.00 999 1012.5  27.4  27.7  23.3 99.0 99.00
2026 01 11 04 10  62  9.7 11.6  2.18  7.14  5.36  93 1012.5  27.4  27.7  23.4 99.0 99.00
2026 01 11 04 20  66 10.6 13.1 99.00 99.00 99.00 999 1012.5  27.4  27.7  22.6 99.0 99.00
2026 01 11 04 30  69 10.1 12.5 99.00 99.00 99.00 999 1012.4  27.5  27.7  22.8 99.0 99.00
2026 01 11 04 40  65  9.9 12.1  2.18  7.14  5.38  97 1012.4  27.4  27.7  22.8 99.0 99.00
2026 01 11 04 50  66  9.5 12.0 99.00 99.00 99.00 999 1012.3  27.4  27.7  23.1 99.0 99.00
2026 01 11 05 00  65  9.8 11.7 99.00 99.00 99.00 999 1012.3  27.4  27.7  23.3 99.0 99.00
2026 01 11 05 10  66  9.5 11.9  2.06  7.14  5.30  95 1012.4  27.4  27.7  23.4 99.0 99.00
2026 01 11 05 20  67 10.3 13.1 99.00 99.00 99.00 999 1012.3  27.3  27.7  23.0 99.0 99.00
2026 01 11 05 30  66 10.0 12.5 99.00 99.00 99.00 999 1012.3  27.4  27.7  22.9 99.0 99.00
2026 01 11 05 40  69  9.3 11.9  2.02  7.14  5.35  92 1012.4  27.4  27.7  23.0 99.0 99.00
2026 01 11 05 50  73  9.7 11.7 99.00 99.00 99.00 999 1012.3  27.4  27.7  22.9 99.0 99.00
2026 01 11 06 00  73  9.5 11.3 99.00 99.00 99.00 999 1012.4  27.4  27.7  22.9 99.0 99.00
2026 01 11 06 10  71  8.8 10.5  2.22  7.14  5.40  92 1012.3  27.4  27.7  23.2 99.0 99.00
2026 01 11 06 20  69  9.2 11.2 99.00 99.00 99.00 999 1012.2  27.3  27.7  23.1 99.0 99.00
2026 01 11 06 30  69  8.9 10.6 99.00 99.00 99.00 999 1012.1  27.4  27.7  23.0 99.0 99.00
2026 01 11 06 40  62  9.4 11.5  2.05  7.14  5.23  98 1011.9  27.3  27.7  23.2 99.0 99.00
2026 01 11 06 50  62  9.5 11.6 99.00 99.00 99.00 999 1011.9  27.3  27.7  23.3 99.0 99.00
2026 01 11 07 00  63  9.5 11.3 99.00 99.00 99.00 999 1011.7  27.3  27.7  23.4 99.0 99.00
2026 01 11 07 10  64  9.5 11.4  2.03  6.67  5.30  86 1011.7  27.3  27.7  23.4 99.0 99.00
2026 01 11 07 20  64  9.4 11.3 99.00 99.00 99.00 999 1011.6  27.3  27.7  23.4 99.0 99.00
2026 01 11 07 30  67 10.1 11.9 99.00 99.00 99.00 999 1011.3  27.3  27.7  23.2 99.0 99.00
2026 01 11 07 40  65  9.9 12.1  2.08  7.14  5.33  90 1011.4  27.4  27.7  23.2 99.0 99.00
2026 01 11 07 50  64 10.4 12.5 99.00 99.00 99.00 999 1011.3  27.3  27.7  23.1 99.0 99.00
2026 01 11 08 00  65  9.9 12.0 99.00 99.00 99.00 999 1011.3  27.3  27.7  23.1 99.0 99.00
2026 01 11 08 10  68  9.7 11.9  2.17  6.67  5.29  91 1011.3  27.3  27.7  23.1 99.0 99.00
2026 01 11 08 20  71  9.2 11.6 99.00 99.00 99.00 999 1011.4  27.3  27.7  23.1 99.0 99.00
2026 01 11 08 30  64  9.5 12.0 99.00 99.00 99.00 999 1011.3  27.2  27.7  23.2 99.0 99.00
2026 01 11 08 40  70  9.8 12.3  2.17  7.14  5.34  92 1011.4  27.3  27.7  23.1 99.0 99.00
2026 01 11 08 50  69  9.6 11.3 99.00 99.00 99.00 999 1011.6  27.3  27.7  23.0 99.0 99.00
2026 01 11 09 00  68  9.4 11.5 99.00 99.00 99.00 999 1011.6  27.3  27.7  22.9 99.0 99.00
2026 01 11 09 10  66  9.0 10.6  1.98  6.67  5.14  96 1011.6  27.3  27.7  23.1 99.0 99.00
2026 01 11 09 20  63  9.4 11.0 99.00 99.00 99.00 999 1011.7  27.3  27.7  23.0 99.0 99.00
2026 01 11 09 30  67  9.4 11.3 99.00 99.00 99.00 999 1011.7  27.3  27.7  23.2 99.0 99.00
2026 01 11 09 40  66  9.5 11.7  2.00  7.14  5.35  89 1011.6  27.3  27.7  23.2 99.0 99.00
2026 01 11 09 50  63  9.7 11.5 99.00 99.00 99.00 999 1011.6  27.2  27.7  23.2 99.0 99.00
2026 01 11 10 00  64  9.4 11.0 99.00 99.00 99.00 999 1011.8  27.3  27.7  23.3 99.0 99.00
2026 01 11 10 10  69  9.8 12.1  2.01  7.69  5.20  80 1011.9  27.3  27.7  23.1 99.0 99.00
2026 01 11 10 20  71  9.8 11.5 99.00 99.00 99.00 999 1011.9  27.4  27.7  22.8 99.0 99.00
2026 01 11 10 30  74  9.7 11.5 99.00 99.00 99.00 999 1011.9  27.4  27.6  22.8 99.0 99.00
2026 01 11 10 40  70 10.3 12.6  2.00  7.14  5.21  93 1011.7  27.3  27.7  23.0 99.0 99.00
2026 01 11 10 50  70 10.0 12.0 99.00 99.00 99.00 999 1011.8  27.3  27.7  23.1 99.0 99.00
2026 01 11 11 00  75 10.8 13.2 99.00 99.00 99.00 999 1011.8  27.2  27.7  22.8 99.0 99.00
2026 01 11 11 10  71 10.3 12.9  2.14  7.14  5.36  93 1011.9  27.3  27.6  22.8 99.0 99.00
2026 01 11 11 20  74  9.5 11.9 99.00 99.00 99.00 999 1012.1  27.3  27.6  23.1 99.0 99.00
2026 01 11 11 30  70  9.9 11.7 99.00 99.00 99.00 999 1011.9  27.3  27.6  23.0 99.0 99.00
2026 01 11 11 40  67  9.9 12.0  2.08  7.14  5.32  97 1012.2  27.3  27.6  23.1 99.0 99.00
2026 01 11 11 50  70 10.4 12.4 99.00 99.00 99.00 999 1012.3  27.2  27.6  22.8 99.0 99.00
2026 01 11 12 00  69 10.9 12.6 99.00 99.00 99.00 999 1012.2  27.3  27.7  22.5 99.0 99.00
2026 01 11 12 10  74 10.6 13.1  2.08  7.14  5.22 100 1012.2  27.4  27.6  22.5 99.0 99.00
2026 01 11 12 20  70 10.3 12.1 99.00 99.00 99.00 999 1012.5  27.4  27.7  22.6 99.0 99.00
2026 01 11 12 30  70  9.7 12.3 99.00 99.00 99.00 999 1012.6  27.5  27.6  22.9 99.0 99.00
2026 01 11 12 40  67  9.8 12.6  2.19  7.14  5.38  96 1012.7  27.4  27.6  23.3 99.0 99.00
2026 01 11 12 50  69 10.2 12.4 99.00 99.00 99.00 999 1012.9  27.4  27.6  23.1 99.0 99.00
2026 01 11 13 00  74  9.8 12.0 99.00 99.00 99.00 999 1013.0  27.4  27.6  23.0 99.0 99.00
2026 01 11 13 10  68 10.0 11.7  2.08  6.67  5.22  99 1013.4  27.4  27.6  23.0 99.0 99.00
2026 01 11 13 20  74  9.6 11.6 99.00 99.00 99.00 999 1013.5  27.4  27.6  23.1 99.0 99.00
2026 01 11 13 30  72 10.0 11.8 99.00 99.00 99.00 999 1013.5  27.4  27.6  22.9 99.0 99.00
2026 01 11 13 40  74 10.4 12.5  2.13  7.14  5.16  95 1013.5  27.5  27.6  22.3 99.0 99.00
2026 01 11 13 50  71 10.0 11.6 99.00 99.00 99.00 999 1013.5  27.5  27.6  22.7 99.0 99.00
2026 01 11 14 00  75  9.8 11.8 99.00 99.00 99.00 999 1013.6  27.5  27.7  22.7 99.0 99.00
2026 01 11 14 10  80  9.9 12.1  2.09  7.14  5.13  95 1013.6  27.6  27.6  22.5 99.0 99.00
2026 01 11 14 20  75  9.9 11.6 99.00 99.00 99.00 999 1013.8  27.5  27.7  22.5 99.0 99.00
2026 01 11 14 30  75  9.9 11.7 99.00 99.00 99.00 999 1013.7  27.6  27.7  22.6 99.0 99.00
2026 01 11 14 40  77  9.5 11.4  2.20  7.14  5.31  94 1013.6  27.6  27.7  22.8 99.0 99.00
2026 01 11 14 50  79  9.2 10.9 99.00 99.00 99.00 999 1013.8  27.5  27.7  23.0 99.0 99.00
2026 01 11 15 00  78  9.2 11.2 99.00 99.00 99.00 999 1013.7  27.5  27.7  23.1 99.0 99.00
2026 01 11 15 10  72  9.6 11.5  2.28  7.14  5.36 102 1013.7  27.5  27.7  22.8 99.0 99.00
2026 01 11 15 20  79  9.7 11.9 99.00 99.00 99.00 999 1013.7  27.5  27.7  22.8 99.0 99.00
2026 01 11 15 30  80 10.6 12.4 99.00 99.00 99.00 999 1013.6  27.6  27.7  22.5 99.0 99.00
2026 01 11 15 40  84  9.8 11.8  1.97  6.67  5.15  97 1013.5  27.5  27.7  22.6 99.0 99.00
2026 01 11 15 50  82  9.3 11.6 99.00 99.00 99.00 999 1013.5  27.5  27.7  22.9 99.0 99.00
2026 01 11 16 00  79  9.3 11.2 99.00 99.00 99.00 999 1013.3  27.5  27.7  23.0 99.0 99.00
2026 01 11 16 10  79  9.3 11.2  2.08  6.67  5.24  95 1013.3  27.5  27.7  22.9 99.0 99.00
2026 01 11 16 20  78  9.4 11.2 99.00 99.00 99.00 999 1013.3  27.5  27.7  23.1 99.0 99.00
2026 01 11 16 30  80  9.2 10.7 99.00 99.00 99.00 999 1013.1  27.5  27.7  23.0 99.0 99.00
2026 01 11 16 40  81  9.1 11.2  2.13  6.67  5.34 107 1013.0  27.5  27.7  23.1 99.0 99.00
2026 01 11 16 50  83  9.2 11.0 99.00 99.00 99.00 999 1012.8  27.5  27.7  23.1 99.0 99.00
2026 01 11 17 00  77  9.4 10.9 99.00 99.00 99.00 999 1012.7  27.5  27.7  23.1 99.0 99.00
2026 01 11 17 10  79  9.3 11.1  2.04  7.14  5.29  91 1012.5  27.5  27.7  23.2 99.0 99.00
2026 01 11 17 20  80  8.8 10.6 99.00 99.00 99.00 999 1012.4  27.6  27.7  23.5 99.0 99.00
2026 01 11 17 30  78  9.7 11.2 99.00 99.00 99.00 999 1012.3  27.5  27.7  23.1 99.0 99.00
2026 01 11 17 40  76  9.6 12.6  2.04  6.67  5.05  98 1012.1  27.5  27.7  23.0 99.0 99.00
2026 01 11 17 50  83  9.8 11.7 99.00 99.00 99.00 999 1011.9  27.6  27.7  22.6 99.0 99.00
2026 01 11 18 00  81  9.3 11.2 99.00 99.00 99.00 999 1011.7  27.5  27.7  22.9 99.0 99.00
2026 01 11 18 10  76  9.5 11.3  1.83  7.69  4.97  94 1011.5  27.4  27.7  23.2 99.0 99.00
2026 01 11 18 20  78  9.6 11.3 99.00 99.00 99.00 999 1011.4  27.4  27.7  23.0 99.0 99.00
2026 01 11 18 30  79  9.7 11.3 99.00 99.00 99.00 999 1011.2  27.5  27.7  22.7 99.0 99.00
2026 01 11 18 40  76  9.1 10.9  1.87  6.67  4.99  94 1011.1  27.5  27.7  23.1 99.0 99.00
2026 01 11 18 50  74  9.1 10.9 99.00 99.00 99.00 999 1010.9  27.5  27.7  23.0 99.0 99.00
2026 01 11 19 00  76  9.8 11.6 99.00 99.00 99.00 999 1011.0  27.5  27.7  22.6 99.0 99.00
2026 01 11 19 10  80  9.8 11.5  2.07  7.14  5.32 101 1011.0  27.6  27.7  22.2 99.0 99.00
2026 01 11 19 20  80  9.5 12.0 99.00 99.00 99.00 999 1010.9  27.6  27.7  22.3 99.0 99.00
2026 01 11 19 30  80  9.5 11.5 99.00 99.00 99.00 999 1010.8  27.6  27.7  22.4 99.0 99.00
2026 01 11 19 40  80  9.3 10.9  1.96  7.14  5.15  91 1010.7  27.5  27.7  22.4 99.0 99.00
2026 01 11 19 50  80  9.1 11.1 99.00 99.00 99.00 999 1010.7  27.5  27.8  22.6 99.0 99.00
2026 01 11 20 00  78  8.7 10.2 99.00 99.00 99.00 999 1010.8  27.6  27.7  22.8 99.0 99.00
2026 01 11 20 10  74  8.9 10.4  2.04  7.14  5.15  98 1010.7  27.5  27.8  22.7 99.0 99.00
2026 01 11 20 20  72  9.1 11.0 99.00 99.00 99.00 999 1010.6  27.5  27.7  22.7 99.0 99.00
2026 01 11 20 30  72  9.3 10.9 99.00 99.00 99.00 999 1010.5  27.5  27.7  22.5 99.0 99.00
2026 01 11 20 40  68  9.1 10.6  1.86  7.14  5.17  96 1010.5  27.6  27.7  22.5 99.0 99.00
2026 01 11 20 50  71  9.2 10.7 99.00 99.00 99.00 999 1010.5  27.5  27.7  22.6 99.0 99.00
2026 01 11 21 00  68  9.1 10.6 99.00 99.00 99.00 999 1010.5  27.5  27.7  22.6 99.0 99.00
2026 01 11 21 10  64  9.3 11.1  1.88  7.14  5.12  94 1010.4  27.5  27.7  22.6 99.0 99.00
2026 01 11 21 20  67  8.9 10.7 99.00 99.00 99.00 999 1010.5  27.5  27.7  22.9 99.0 99.00
2026 01 11 21 30  64  9.3 10.7 99.00 99.00 99.00 999 1010.5  27.4  27.7  22.6 99.0 99.00
2026 01 11 21 40  65  8.9 10.4  1.86  7.14  5.07 108 1010.5  27.5  27.8  22.6 99.0 99.00
2026 01 11 21 50  65  8.9 10.7 99.00 99.00 99.00 999 1010.6  27.4  27.8  22.8 99.0 99.00
2026 01 11 22 00  65  9.2 11.2 99.00 99.00 99.00 999 1010.6  27.4  27.8  22.8 99.0 99.00
2026 01 11 22 10  69  9.0 10.6  1.93  6.67  5.28  91 1010.7  27.4  27.8  22.9 99.0 99.00
2026 01 11 22 20  68  8.8 10.4 99.00 99.00 99.00 999 1010.7  27.4  27.8  22.9 99.0 99.00
2026 01 11 22 30  65  9.0 11.2 99.00 99.00 99.00 999 1010.7  27.3  27.8  22.9 99.0 99.00
2026 01 11 22 40  67  8.8 10.7  1.90  7.14  5.12  96 1010.9  27.3  27.8  22.7 99.0 99.00
2026 01 11 22 50  64  8.7 10.3 99.00 99.00 99.00 999 1011.1  27.4  27.8  22.8 99.0 99.00
2026 01 11 23 00  62  8.4 10.2 99.00 99.00 99.00 999 1011.1  27.4  27.8  22.9 99.0 99.00
2026 01 11 23 10  62  8.4 10.1  1.73  7.69  4.99 104 1011.3  27.4  27.8  23.0 99.0 99.00
2026 01 11 23 20  59  8.4 10.4 99.00 99.00 99.00 999 1011.3  27.3  27.7  22.8 99.0 99.00
2026 01 11 23 30  66  8.5 10.6 99.00 99.00 99.00 999 1011.3  27.4  27.7  22.8 99.0 99.00
2026 01 11 23 40  64  8.3  9.8  1.81  7.14  5.10 112 1011.4  27.4  27.7  22.8 99.0 99.00
2026 01 11 23 50  60  8.3 10.1 99.00 99.00 99.00 999 1011.4  27.4  27.7  23.1 99.0 99.00
2026 01 12 00 00  58  8.2 10.3 99.00 99.00 99.00 999 1011.6  27.3  27.7  23.1 99.0 99.00
2026 01 12 00 10  57  8.0 10.1  1.80  7.14  5.10 111 1011.8  27.3  27.7  23.1 99.0 99.00
2026 01 12 00 20  53  8.3 10.0 99.00 99.00 99.00 999 1011.9  27.3  27.7  23.1 99.0 99.00
2026 01 12 00 30  56  8.7 10.4 99.00 99.00 99.00 999 1012.1  27.3  27.7  23.0 99.0 99.00
2026 01 12 00 40  54  9.0 11.0  1.75  7.14  5.00  97 1012.1  27.4  27.7  22.9 99.0 99.00
2026 01 12 00 50  58  8.7 10.6 99.00 99.00 99.00 999 1012.4  27.4  27.7  22.7 99.0 99.00
2026 01 12 01 00  56  8.3 10.0 99.00 99.00 99.00 999 1012.5  27.4  27.7  22.7 99.0 99.00
2026 01 12 01 10  56  8.4 10.1  1.89  6.67  5.24 106 1012.7  27.4  27.7  22.8 99.0 99.00
2026 01 12 01 20  57  8.2 10.0 99.00 99.00 99.00 999 1012.9  27.4  27.7  23.0 99.0 99.00
2026 01 12 01 30  57  8.5 10.3 99.00 99.00 99.00 999 1013.0  27.4  27.7  23.0 99.0 99.00
2026 01 12 01 40  62  8.9 10.2  1.79  7.14  5.23  97 1013.1  27.4  27.7  22.9 99.0 99.00
2026 01 12 01 50  57  9.1 10.7 99.00 99.00 99.00 999 1013.2  27.4  27.7  22.9 99.0 99.00
2026 01 12 02 00  55  9.0 10.4 99.00 99.00 99.00 999 1013.3  27.4  27.7  22.7 99.0 99.00
2026 01 12 02 10  59  8.9 10.5  1.80  7.14  4.99 106 1013.4  27.5  27.7  22.5 99.0 99.00
2026 01 12 02 20  62  8.8 10.9 99.00 99.00 99.00 999 1013.5  27.5  27.7  22.4 99.0 99.00
2026 01 12 02 30  67  8.9 10.7 99.00 99.00 99.00 999 1013.6  27.5  27.7  22.8 99.0 99.00
2026 01 12 02 40  65  8.7 10.5  1.83  7.14  5.07  98 1013.5  27.3  27.7  22.6 99.0 99.00
2026 01 12 02 50  61  8.7 10.3 99.00 99.00 99.00 999 1013.6  27.4  27.7  22.6 99.0 99.00
2026 01 12 03 00  66  9.0 10.6 99.00 99.00 99.00 999 1013.6  27.4  27.7  22.1 99.0 99.00
2026 01 12 03 10  71  8.4 10.4  1.84  6.67  5.11  97 1013.6  27.5  27.7  22.5 99.0 99.00
2026 01 12 03 20  64  8.1  9.9 99.00 99.00 99.00 999 1013.5  27.4  27.7  22.7 99.0 99.00
2026 01 12 03 30  71  8.8 10.6 99.00 99.00 99.00 999 1013.6  27.4  27.7  22.7 99.0 99.00
2026 01 12 03 40  69  8.0  9.6  1.89  6.67  5.21  87 1013.5  27.4  27.7  22.9 99.0 99.00
2026 01 12 03 50  69  8.1  9.7 99.00 99.00 99.00 999 1013.5  27.4  27.7  23.0 99.0 99.00
2026 01 12 04 00  57  8.7 10.5 99.00 99.00 99.00 999 1013.4  27.2  27.7  23.2 99.0 99.00
2026 01 12 04 10  54  8.4  9.8  1.89  6.67  5.23  96 1013.3  27.1  27.7  23.1 99.0 99.00
2026 01 12 04 20  61  8.0  9.5 99.00 99.00 99.00 999 1013.3  27.1  27.7  23.2 99.0 99.00
2026 01 12 04 30  67  7.9 10.3 99.00 99.00 99.00 999 1013.1  27.2  27.7  23.4 99.0 99.00
2026 01 12 04 40  66  8.7 10.2  1.91  7.14  5.30  92 1013.1  27.2  27.7  22.9 99.0 99.00
2026 01 12 04 50  70  8.7 10.6 99.00 99.00 99.00 999 1013.1  27.3  27.7  23.0 99.0 99.00
2026 01 12 05 00  69  8.7 10.8 99.00 99.00 99.00 999 1013.0  27.3  27.7  23.4 99.0 99.00
2026 01 12 05 10  67  9.0 11.1  1.93  7.14  5.18  98 1012.9  27.1  27.7  23.0 99.0 99.00
2026 01 12 05 20  70  8.6 10.1 99.00 99.00 99.00 999 1012.8  27.1  27.7  23.2 99.0 99.00
2026 01 12 05 30  63  9.1 10.7 99.00 99.00 99.00 999 1012.7  27.2  27.7  22.8 99.0 99.00
2026 01 12 05 40  65  8.8 10.3  1.76  7.14  4.98  95 1012.7  27.3  27.7  22.6 99.0 99.00
2026 01 12 05 50  66  9.1 11.2 99.00 99.00 99.00 999 1012.6  27.3  27.7  22.5 99.0 99.00
2026 01 12 06 00  66  9.0 10.7 99.00 99.00 99.00 999 1012.4  27.3  27.7  22.7 99.0 99.00
2026 01 12 06 10  66  8.5 10.1  1.73  7.14  4.94  98 1012.3  27.3  27.7  23.1 99.0 99.00
2026 01 12 06 20  63  8.6 10.1 99.00 99.00 99.00 999 1012.1  27.1  27.7  23.3 99.0 99.00
2026 01 12 06 30  64  8.7 10.4 99.00 99.00 99.00 999 1012.0  27.0  27.7  23.0 99.0 99.00
2026 01 12 06 40  66  8.7 10.2  1.74  6.67  5.07  92 1011.9  27.0  27.7  22.9 99.0 99.00
2026 01 12 06 50  64  9.1 10.7 99.00 99.00 99.00 999 1011.8  27.1  27.7  22.8 99.0 99.00
2026 01 12 07 00  63  9.1 10.4 99.00 99.00 99.00 999 1011.6  27.1  27.7  22.6 99.0 99.00
2026 01 12 07 10  67  8.3  9.9  1.68  6.67  4.90  89 1011.6  27.1  27.7  23.1 99.0 99.00
2026 01 12 07 20  64  9.0 10.4 99.00 99.00 99.00 999 1011.6  27.1  27.7  22.8 99.0 99.00
2026 01 12 07 30  67  8.9 10.7 99.00 99.00 99.00 999 1011.6  27.2  27.7  22.5 99.0 99.00
2026 01 12 07 40  66  8.6 10.3  1.63  6.67  4.80  97 1011.6  27.2  27.7  22.7 99.0 99.00
2026 01 12 07 50  65  8.5 10.2 99.00 99.00 99.00 999 1011.6  27.1  27.7  22.5 99.0 99.00
2026 01 12 08 00  70  7.9  9.2 99.00 99.00 99.00 999 1011.6  27.2  27.7  22.7 99.0 99.00
2026 01 12 08 10  65  7.9  9.4  1.71  6.67  5.09  98 1011.6  27.1  27.7  22.8 99.0 99.00
2026 01 12 08 20  67  8.3  9.9 99.00 99.00 99.00 999 1011.5  27.1  27.7  22.8 99.0 99.00
2026 01 12 08 30  72  8.5 10.3 99.00 99.00 99.00 999 1011.6  27.1  27.7  22.7 99.0 99.00
2026 01 12 08 40  74  8.7 10.3  1.81  7.69  5.18  89 1011.6  27.1  27.7  22.7 99.0 99.00
2026 01 12 08 50  52  7.8  9.3 99.00 99.00 99.00 999 1011.5  26.9  27.7  23.1 99.0 99.00
2026 01 12 09 00  60  8.3 10.1 99.00 99.00 99.00 999 1011.5  26.9  27.7  23.3 99.0 99.00
2026 01 12 09 10  65  8.4  9.9  1.71  7.14  4.98  85 1011.4  27.0  27.7  23.1 99.0 99.00
2026 01 12 09 20  66  8.5 10.0 99.00 99.00 99.00 999 1011.4  27.1  27.7  23.0 99.0 99.00
2026 01 12 09 30  68  8.2 10.4 99.00 99.00 99.00 999 1011.6  27.1  27.7  23.0 99.0 99.00
2026 01 12 09 40  74  9.1 11.1  1.64  7.14  4.87 101 1011.7  27.1  27.7  22.5 99.0 99.00
2026 01 12 09 50  72  8.7 10.7 99.00 99.00 99.00 999 1011.8  27.2  27.7  22.6 99.0 99.00
2026 01 12 10 00  61  8.4 10.2 99.00 99.00 99.00 999 1011.9  27.2  27.7  23.3 99.0 99.00
2026 01 12 10 10  61  8.6 10.3  1.72  7.14  5.01  89 1011.8  26.9  27.7  22.8 99.0 99.00
2026 01 12 10 20  63  8.9 11.1 99.00 99.00 99.00 999 1011.6  27.1  27.7  22.8 99.0 99.00
2026 01 12 10 30  60  9.1 10.9 99.00 99.00 99.00 999 1011.8  27.2  27.7  22.8 99.0 99.00
2026 01 12 10 40  66  9.1 10.8  1.72  7.14  5.07  93 1011.8  27.2  27.7  23.0 99.0 99.00
2026 01 12 10 50  63  9.4 11.3 99.00 99.00 99.00 999 1011.9  27.1  27.7  23.0 99.0 99.00
2026 01 12 11 00  60  9.6 12.3 99.00 99.00 99.00 999 1012.1  27.2  27.7  23.0 99.0 99.00
2026 01 12 11 10  66 10.0 11.9  1.73  7.14  5.01  96 1012.1  27.1  27.7  22.7 99.0 99.00
2026 01 12 11 20  61  9.3 11.5 99.00 99.00 99.00 999 1012.4  27.2  27.7  23.1 99.0 99.00
2026 01 12 11 30  62  9.2 11.0 99.00 99.00 99.00 999 1012.4  27.2  27.7  23.0 99.0 99.00
2026 01 12 11 40  62  9.4 11.3  1.75  6.67  4.90  97 1012.5  27.2  27.7  23.1 99.0 99.00
2026 01 12 11 50  63  9.7 11.8 99.00 99.00 99.00 999 1012.5  27.2  27.7  23.0 99.0 99.00
2026 01 12 12 00  66  9.3 11.5 99.00 99.00 99.00 999 1012.8  27.2  27.7  22.9 99.0 99.00
2026 01 12 12 10  72  9.4 11.1  1.77  6.67  4.94  91 1013.0  27.2  27.7  22.6 99.0 99.00
2026 01 12 12 20  75  9.5 11.2 99.00 99.00 99.00 999 1013.0  27.2  27.7  22.3 99.0 99.00
2026 01 12 12 30  72  8.5 10.3 99.00 99.00 99.00 999 1013.2  27.3  27.7  22.9 99.0 99.00
2026 01 12 12 40  67  8.5 10.0  1.89  6.67  4.99  91 1013.3  27.2  27.7  23.0 99.0 99.00
2026 01 12 12 50  68  9.1 10.8 99.00 99.00 99.00 999 1013.5  27.2  27.7  22.9 99.0 99.00
2026 01 12 13 00  72  8.8 10.4 99.00 99.00 99.00 999 1013.6  27.2  27.7  23.0 99.0 99.00
2026 01 12 13 10  74  8.9 10.7  1.84  7.14  5.04  90 1013.7  27.2  27.7  22.9 99.0 99.00
2026 01 12 13 20  71  9.2 11.2 99.00 99.00 99.00 999 1013.7  27.2  27.6  23.0 99.0 99.00
2026 01 12 13 30  74  9.2 10.9 99.00 99.00 99.00 999 1014.0  27.3  27.7  22.9 99.0 99.00
2026 01 12 13 40 999 99.0 99.0 99.00 99.00 99.00 999 1014.1 999.0  27.7 999.0 99.0 99.00
2026 01 12 13 50  78  9.5 11.4 99.00 99.00 99.00 999 1014.1  27.4  27.7  22.9 99.0 99.00
2026 01 12 14 00  78  9.3 11.1 99.00 99.00 99.00 999 1014.2  27.4  27.7  22.9 99.0 99.00
2026 01 12 14 10  79 10.6 14.2  1.81  7.14  5.07  99 1014.3  27.2  27.7  22.9 99.0 99.00
2026 01 12 14 20  70  9.2 14.1 99.00 99.00 99.00 999 1014.4  25.6  27.7  21.4 99.0 99.00
2026 01 12 14 30  73  7.3  9.0 99.00 99.00 99.00 999 1014.3  26.3  27.7  22.1 99.0 99.00
2026 01 12 14 40  77  8.0  9.5  1.93  6.67  5.19  98 1014.2  27.0  27.7  22.7 99.0 99.00
2026 01 12 14 50  79  8.3 10.1 99.00 99.00 99.00 999 1014.3  27.2  27.7  22.9 99.0 99.00
2026 01 12 15 00  78  9.0 10.2 99.00 99.00 99.00 999 1014.2  27.4  27.7  22.8 99.0 99.00
2026 01 12 15 10  79  9.2 10.6  1.86  6.67  5.00  96 1014.1  27.4  27.7  22.8 99.0 99.00
2026 01 12 15 20  84  9.4 11.6 99.00 99.00 99.00 999 1014.2  27.3  27.7  22.7 99.0 99.00
2026 01 12 15 30  87  8.8 10.5 99.00 99.00 99.00 999 1014.2  27.2  27.7  22.9 99.0 99.00
2026 01 12 15 40  83  8.5 10.3  1.95  7.14  5.17 104 1014.1  27.2  27.7  23.0 99.0 99.00
2026 01 12 15 50  82  9.0 11.0 99.00 99.00 99.00 999 1014.0  27.3  27.7  23.1 99.0 99.00
2026 01 12 16 00  71  8.9 10.5 99.00 99.00 99.00 999 1013.8  27.1  27.7  23.2 99.0 99.00
2026 01 12 16 10  78  8.7 10.5  1.73  6.25  4.88 101 1013.8  27.1  27.7  22.8 99.0 99.00
2026 01 12 16 20  77  8.7 10.3 99.00 99.00 99.00 999 1013.8  27.3  27.7  23.3 99.0 99.00
2026 01 12 16 30  82  9.4 12.7 99.00 99.00 99.00 999 1013.9  26.7  27.7  22.7 99.0 99.00
2026 01 12 16 40  77  7.2  9.1  1.88  6.67  5.02  95 1013.8  25.8  27.7  22.5 99.0 99.00
2026 01 12 16 50  84  7.9  9.3 99.00 99.00 99.00 999 1013.8  26.8  27.7  23.1 99.0 99.00
2026 01 12 17 00  81  8.3 10.0 99.00 99.00 99.00 999 1013.6  27.1  27.7  23.0 99.0 99.00
2026 01 12 17 10  77  8.3  9.6  1.85  6.67  5.17  97 1013.5  27.3  27.7  23.3 99.0 99.00
2026 01 12 17 20  74  8.3 10.3 99.00 99.00 99.00 999 1013.3  27.3 999.0  23.3 99.0 99.00
2026 01 12 17 30  76  8.9 10.6 99.00 99.00 99.00 999 1013.1  27.4  27.7  22.9 99.0 99.00
2026 01 12 17 40  74  9.0 10.4  1.94  6.67  5.08 103 1013.0  27.4  27.7  22.7 99.0 99.00
2026 01 12 17 50  75  8.6 10.5 99.00 99.00 99.00 999 1013.0  27.4  27.7  22.9 99.0 99.00
2026 01 12 18 00  84  8.1 10.2 99.00 99.00 99.00 999 1012.8  27.2  27.7  23.1 99.0 99.00
2026 01 12 18 10  79  8.1  9.9  1.80  6.67  4.96  96 1012.7  27.3  27.7  23.1 99.0 99.00
2026 01 12 18 20  75  8.7 10.2 99.00 99.00 99.00 999 1012.4  27.4  27.7  22.8 99.0 99.00
2026 01 12 18 30  78  8.6 10.0 99.00 99.00 99.00 999 1012.4  27.4  27.7  22.8 99.0 99.00
2026 01 12 18 40  74  8.0  9.6  1.77  7.14  4.99  95 1012.2  27.3  27.7  23.1 99.0 99.00
2026 01 12 18 50  76  8.6 10.1 99.00 99.00 99.00 999 1012.0  27.3  27.7  22.8 99.0 99.00
2026 01 12 19 00  76  8.0  9.1 99.00 99.00 99.00 999 1011.7  27.4  27.7  23.2 99.0 99.00
2026 01 12 19 10  76  8.4 10.1  1.74  6.67  5.02  96 1011.6  27.3  27.7  23.2 99.0 99.00
2026 01 12 19 20  73  8.7 10.0 99.00 99.00 99.00 999 1011.5  27.2  27.7  23.0 99.0 99.00
2026 01 12 19 30  74  8.5 10.1 99.00 99.00 99.00 999 1011.4  27.3  27.7  23.2 99.0 99.00
2026 01 12 19 40  77  8.9 10.2  1.73  6.67  4.99  98 1011.4  27.3  27.7  23.1 99.0 99.00
2026 01 12 19 50  83  9.1 10.5 99.00 99.00 99.00 999 1011.4  27.4  27.7  23.0 99.0 99.00
2026 01 12 20 00  96  7.6  9.2 99.00 99.00 99.00 999 1011.3  26.8  27.7  22.8 99.0 99.00
2026 01 12 20 10  89  7.7  9.0  1.79  6.67  5.11  99 1011.1  26.8  27.7  23.1 99.0 99.00
2026 01 12 20 20  76  8.7 10.6 99.00 99.00 99.00 999 1011.1  27.2  27.7  23.1 99.0 99.00
2026 01 12 20 30  73  8.6 10.2 99.00 99.00 99.00 999 1011.0  27.4  27.7  23.0 99.0 99.00
2026 01 12 20 40  75  8.4  9.9  1.83  6.67  5.01  97 1010.9  27.3  27.7  23.2 99.0 99.00
2026 01 12 20 50  70  8.6 10.2 99.00 99.00 99.00 999 1010.9  27.3  27.7  23.0 99.0 99.00
2026 01 12 21 00  74  8.4 10.0 99.00 99.00 99.00 999 1010.9  27.3  27.7  23.1 99.0 99.00
2026 01 12 21 10  69  8.5 10.3  1.58  6.67  4.65  95 1010.9  27.3  27.7  23.2 99.0 99.00
2026 01 12 21 20  69  9.5 10.8 99.00 99.00 99.00 999 1010.8  27.3  27.7  23.0 99.0 99.00
2026 01 12 21 30  70  9.4 11.1 99.00 99.00 99.00 999 1010.8  27.3  27.7  22.6 99.0 99.00
2026 01 12 21 40  71  9.1 10.8  1.66  6.67  4.92  85 1010.8  27.4  27.7  22.9 99.0 99.00
2026 01 12 21 50  69  8.7 10.2 99.00 99.00 99.00 999 1010.8  27.3  27.7  22.9 99.0 99.00
2026 01 12 22 00  69  8.7 10.3 99.00 99.00 99.00 999 1010.8  27.3  27.7  23.1 99.0 99.00
2026 01 12 22 10  72  8.6 10.4  1.61  7.14  4.99  91 1011.1  27.3  27.7  22.9 99.0 99.00
2026 01 12 22 20  73  8.6  9.8 99.00 99.00 99.00 999 1011.0  27.3  27.7  22.9 99.0 99.00
2026 01 12 22 30  68  8.8 10.2 99.00 99.00 99.00 999 1011.1  27.3  27.7  23.0 99.0 99.00
2026 01 12 22 40  68  8.7 10.1  1.70  6.67  5.01  91 1011.1  27.3  27.7  23.1 99.0 99.00
2026 01 12 22 50  69  8.9 10.8 99.00 99.00 99.00 999 1011.0  27.3  27.7  23.1 99.0 99.00
2026 01 12 23 00  68  9.0 11.1 99.00 99.00 99.00 999 1011.2  27.3  27.7  23.0 99.0 99.00
2026 01 12 23 10  68  8.7 10.7  1.64  6.67  4.90  87 1011.3  27.3  27.7  23.0 99.0 99.00
2026 01 12 23 20  61  9.1 11.3 99.00 99.00 99.00 999 1011.2  27.3  27.7  22.9 99.0 99.00
2026 01 12 23 30  64  8.8 10.5 99.00 99.00 99.00 999 1011.3  27.3  27.7  23.2 99.0 99.00
2026 01 12 23 40  65  8.7 10.4  1.74  7.14  5.05  93 1011.4  27.2  27.7  23.2 99.0 99.00
2026 01 12 23 50  70  8.8 10.6 99.00 99.00 99.00 999 1011.6  27.3  27.7  22.7 99.0 99.00
2026 01 13 00 00  70  8.3 10.1 99.00 99.00 99.00 999 1011.6  27.4  27.7  22.9 99.0 99.00
2026 01 13 00 10  70  8.4 10.0  1.68  6.67  4.96  90 1011.6  27.3  27.7  23.1 99.0 99.00
2026 01 13 00 20  63  8.3  9.8 99.00 99.00 99.00 999 1011.9  27.3  27.7  23.3 99.0 99.00
2026 01 13 00 30  64  8.6 10.1 99.00 99.00 99.00 999 1012.0  27.3  27.7  23.3 99.0 99.00
2026 01 13 00 40  65  9.0 10.7  1.54  6.25  4.77  91 1012.1  27.3  27.7  23.1 99.0 99.00
2026 01 13 00 50  67  8.6 10.5 99.00 99.00 99.00 999 1012.3  27.3  27.7  23.3 99.0 99.00
2026 01 13 01 00  69  8.8 10.5 99.00 99.00 99.00 999 1012.5  27.3  27.7  23.1 99.0 99.00
2026 01 13 01 10  75  8.0  9.5  1.60  6.25  4.88  88 1012.8  27.3  27.7  23.1 99.0 99.00
2026 01 13 01 20  71  8.3 10.2 99.00 99.00 99.00 999 1012.8  27.3  27.7  22.9 99.0 99.00
2026 01 13 01 30  71  8.2  9.6 99.00 99.00 99.00 999 1012.8  27.3  27.7  23.0 99.0 99.00
2026 01 13 01 40  70  8.0  9.5  1.61  7.14  4.76  82 1013.1  27.3  27.7  23.1 99.0 99.00
2026 01 13 01 50  69  8.2  9.8 99.00 99.00 99.00 999 1013.2  27.3  27.7  23.0 99.0 99.00
2026 01 13 02 00  66  8.1  9.5 99.00 99.00 99.00 999 1013.2  27.3  27.7  23.2 99.0 99.00
2026 01 13 02 10  65  8.6  9.9  1.58  6.67  4.95  90 1013.3  27.3 999.0  23.2 99.0 99.00
2026 01 13 02 20  67  8.0  9.9 99.00 99.00 99.00 999 1013.2  27.3  27.7  23.3 99.0 99.00
2026 01 13 02 30  66  8.6 10.4 99.00 99.00 99.00 999 1013.2  27.3  27.7  23.4 99.0 99.00
2026 01 13 02 40  67  9.2 10.8  1.67  6.67  4.94  92 1013.1  27.3  27.7  23.4 99.0 99.00
2026 01 13 02 50  73  9.2 11.0 99.00 99.00 99.00 999 1013.2  27.3  27.7  23.3 99.0 99.00
2026 01 13 03 00  72  9.1 10.9 99.00 99.00 99.00 999 1013.2  27.3  27.7  23.2 99.0 99.00
2026 01 13 03 10  68  8.9 10.5  1.56  7.14  4.84  83 1013.2  27.3  27.6  23.3 99.0 99.00
2026 01 13 03 20  65  8.9 11.0 99.00 99.00 99.00 999 1013.2  27.3  27.6  23.3 99.0 99.00
2026 01 13 03 30  67  9.1 11.1 99.00 99.00 99.00 999 1013.0  27.3  27.6  23.3 99.0 99.00
2026 01 13 03 40  64  9.3 11.0  1.76  6.25  5.03  84 1012.9  27.3  27.6  23.2 99.0 99.00
2026 01 13 03 50  60  9.5 11.4 99.00 99.00 99.00 999 1012.9  27.3  27.6  23.1 99.0 99.00
2026 01 13 04 00  64  9.4 11.3 99.00 99.00 99.00 999 1012.9  27.3  27.6  23.2 99.0 99.00
2026 01 13 04 10  62  9.4 10.7  1.82  7.14  5.10  86 1012.7  27.3  27.6  23.5 99.0 99.00
2026 01 13 04 20  60  9.9 11.9 99.00 99.00 99.00 999 1012.7  27.3  27.6  23.0 99.0 99.00
2026 01 13 04 30  64  9.6 11.7 99.00 99.00 99.00 999 1012.6  27.3  27.6  23.1 99.0 99.00
2026 01 13 04 40  64  9.6 11.2  1.72  6.67  4.85  82 1012.7  27.3  27.6  23.0 99.0 99.00
2026 01 13 04 50  64  9.1 10.6 99.00 99.00 99.00 999 1012.7  27.3  27.6  23.1 99.0 99.00
2026 01 13 05 00  58  9.2 10.7 99.00 99.00 99.00 999 1012.7  27.3  27.6  23.2 99.0 99.00
2026 01 13 05 10  63  8.9 10.8  1.79  6.25  4.90  82 1012.6  27.3  27.6  23.2 99.0 99.00
2026 01 13 05 20  68  9.3 10.9 99.00 99.00 99.00 999 1012.6  27.3  27.6  22.9 99.0 99.00
2026 01 13 05 30  66  8.8 10.8 99.00 99.00 99.00 999 1012.5  27.3  27.6  23.4 99.0 99.00
2026 01 13 05 40  67  9.5 11.3  1.72  7.14  4.89  90 1012.4  27.2  27.6  23.2 99.0 99.00
2026 01 13 05 50  62  9.3 11.3 99.00 99.00 99.00 999 1012.3  27.2  27.6  23.1 99.0 99.00
2026 01 13 06 00  65  9.0 10.7 99.00 99.00 99.00 999 1012.3  27.2  27.6  23.1 99.0 99.00
2026 01 13 06 10  63  8.5 10.0  1.70  6.67  4.83  84 1012.3  27.3  27.6  23.4 99.0 99.00
2026 01 13 06 20  62  8.8 10.6 99.00 99.00 99.00 999 1012.3  27.1  27.6  23.2 99.0 99.00
2026 01 13 06 30  62  8.7 10.2 99.00 99.00 99.00 999 1012.3  27.1  27.6  23.0 99.0 99.00
2026 01 13 06 40  58  8.2  9.9  1.71  6.67  4.96  99 1012.2  27.2  27.6  23.3 99.0 99.00
2026 01 13 06 50  60  8.1  9.7 99.00 99.00 99.00 999 1012.1  27.2  27.5  23.3 99.0 99.00
2026 01 13 07 00  62  8.1  9.6 99.00 99.00 99.00 999 1012.1  27.2  27.5  23.3 99.0 99.00
2026 01 13 07 10  62  8.4 10.5  1.67  6.25  4.90  80 1012.0  27.2 999.0  23.5 99.0 99.00
2026 01 13 07 20  68  9.2 11.0 99.00 99.00 99.00 999 1011.9  27.1  27.6  23.1 99.0 99.00
2026 01 13 07 30  63  9.0 10.8 99.00 99.00 99.00 999 1011.8  27.2  27.6  23.3 99.0 99.00
2026 01 13 07 40  63  8.7 10.3  1.64  6.67  4.95  86 1011.9  27.1  27.6  22.9 99.0 99.00
2026 01 13 07 50  68  8.5 10.2 99.00 99.00 99.00 999 1011.7  27.2  27.5  22.8 99.0 99.00
2026 01 13 08 00  63  8.0  9.5 99.00 99.00 99.00 999 1011.9  27.2  27.5  23.1 99.0 99.00
2026 01 13 08 10  64  8.5 10.0  1.85  6.67  5.05  90 1011.9  27.1  27.5  23.0 99.0 99.00
2026 01 13 08 20  62  8.8 11.3 99.00 99.00 99.00 999 1011.8  27.1  27.5  22.7 99.0 99.00
2026 01 13 08 30  67  8.9 10.5 99.00 99.00 99.00 999 1011.7  27.2  27.5  22.7 99.0 99.00
2026 01 13 08 40  69  8.8 10.3  1.77  6.25  4.97  93 1011.7  27.1  27.5  22.7 99.0 99.00
2026 01 13 08 50  64  8.5 10.4 99.00 99.00 99.00 999 1011.8  27.2  27.5  23.0 99.0 99.00
2026 01 13 09 00  59  8.3 10.5 99.00 99.00 99.00 999 1011.8  27.1  27.5  23.0 99.0 99.00
2026 01 13 09 10  59  7.0  8.5  1.70  6.25  4.96  91 1012.0  27.0  27.5  23.0 99.0 99.00
2026 01 13 09 20  45  5.7  7.0 99.00 99.00 99.00 999 1012.1  26.9  27.5  23.3 99.0 99.00
2026 01 13 09 30  52  6.0  7.8 99.00 99.00 99.00 999 1011.9  26.8  27.5  23.5 99.0 99.00
2026 01 13 09 40  65  7.3  8.5  1.72  6.67  5.13  86 1011.9  27.0  27.5  23.3 99.0 99.00
2026 01 13 09 50  67  7.1  8.6 99.00 99.00 99.00 999 1011.8  27.1  27.5  23.2 99.0 99.00
2026 01 13 10 00  64  7.2  8.6 99.00 99.00 99.00 999 1011.9  27.1  27.5  23.4 99.0 99.00
2026 01 13 10 10  65  7.0  8.4  1.68  6.67  5.00  89 1012.0  27.1  27.5  23.5 99.0 99.00
2026 01 13 10 20  64  7.2  8.6 99.00 99.00 99.00 999 1012.1  27.1  27.5  23.6 99.0 99.00
2026 01 13 10 30  56  8.3 11.9 99.00 99.00 99.00 999 1012.0  26.8  27.5  23.0 99.0 99.00
2026 01 13 10 40  59  8.5 10.7  1.64  6.67  4.97  94 1012.1  26.9  27.5  23.5 99.0 99.00
2026 01 13 10 50  67  8.0 10.0 99.00 99.00 99.00 999 1012.1  26.8  27.5  23.2 99.0 99.00
2026 01 13 11 00  75  8.6 10.4 99.00 99.00 99.00 999 1012.2  27.1  27.5  22.6 99.0 99.00
2026 01 13 11 10  73  8.2  9.5  1.64  6.25  4.94  88 1012.4  27.2  27.5  22.4 99.0 99.00
2026 01 13 11 20  72  7.9  9.4 99.00 99.00 99.00 999 1012.5  27.2  27.5  22.4 99.0 99.00
2026 01 13 11 30  65  7.6  9.4 99.00 99.00 99.00 999 1012.7  27.2  27.5  22.5 99.0 99.00
2026 01 13 11 40  72  7.9  9.5  1.62  6.25  4.96  89 1012.7  27.2  27.5  22.4 99.0 99.00
2026 01 13 11 50  69  7.8  9.2 99.00 99.00 99.00 999 1012.8  27.2  27.5  22.6 99.0 99.00
2026 01 13 12 00  66  7.4  8.8 99.00 99.00 99.00 999 1013.0  27.2  27.5  22.8 99.0 99.00
2026 01 13 12 10  63  7.3  8.8  1.60  5.56  4.85  84 1013.0  27.1  27.5  22.8 99.0 99.00
2026 01 13 12 20  62  7.4  8.6 99.00 99.00 99.00 999 1013.2  27.1  27.5  22.9 99.0 99.00
2026 01 13 12 30  62  7.2  9.0 99.00 99.00 99.00 999 1013.3  27.1  27.5  22.8 99.0 99.00
2026 01 13 12 40  62  7.1  9.3  1.71  6.25  4.96  92 1013.5  27.2  27.5  22.9 99.0 99.00
2026 01 13 12 50  62  7.3  9.5 99.00 99.00 99.00 999 1013.5  27.2  27.5  23.0 99.0 99.00
2026 01 13 13 00  64  8.0  9.4 99.00 99.00 99.00 999 1013.6  27.2  27.5  22.7 99.0 99.00
2026 01 13 13 10  62  7.8  9.3  1.63  6.25  5.04  87 1013.8  27.3  27.5  23.1 99.0 99.00
2026 01 13 13 20  64  8.3  9.6 99.00 99.00 99.00 999 1013.8  27.2  27.5  22.8 99.0 99.00
2026 01 13 13 30  68  7.9  9.4 99.00 99.00 99.00 999 1014.0  27.3  27.5  23.0 99.0 99.00
2026 01 13 13 40  62  7.9  9.7  1.66  6.25  4.95  82 1014.1  27.2  27.5  23.0 99.0 99.00
2026 01 13 13 50  61  8.0  9.3 99.00 99.00 99.00 999 1014.2  27.2  27.5  23.0 99.0 99.00
2026 01 13 14 00  62  8.0  9.2 99.00 99.00 99.00 999 1014.2  27.2  27.5  23.0 99.0 99.00
2026 01 13 14 10  62  8.4  9.8  1.65  6.67  4.99  89 1014.1  27.2  27.6  23.2 99.0 99.00
2026 01 13 14 20  53  7.9 10.0 99.00 99.00 99.00 999 1014.0  27.1  27.6  23.3 99.0 99.00
2026 01 13 14 30  57  8.5 10.1 99.00 99.00 99.00 999 1014.1  27.1  27.6  23.2 99.0 99.00
2026 01 13 14 40  65  8.3  9.9  1.46  6.67  4.85  81 1014.3  27.3  27.6  23.4 99.0 99.00
2026 01 13 14 50  68  9.0 10.9 99.00 99.00 99.00 999 1014.3  27.3  27.6  23.0 99.0 99.00
2026 01 13 15 00  72  8.6 10.2 99.00 99.00 99.00 999 1014.3  27.4  27.6  23.2 99.0 99.00
2026 01 13 15 10  65  8.9 10.3  1.60  6.67  4.90  88 1014.2  27.3  27.6  22.9 99.0 99.00
2026 01 13 15 20  67  8.1 10.3 99.00 99.00 99.00 999 1014.1  27.4  27.6  23.1 99.0 99.00
2026 01 13 15 30  74  9.2 11.7 99.00 99.00 99.00 999 1014.0  27.2  27.6  22.9 99.0 99.00
2026 01 13 15 40  77  8.9 11.1  1.55  6.25  4.83 100 1013.9  26.4  27.6  22.4 99.0 99.00
2026 01 13 15 50  76  8.0 10.0 99.00 99.00 99.00 999 1014.0  26.7  27.6  22.2 99.0 99.00
2026 01 13 16 00  73  7.6  9.4 99.00 99.00 99.00 999 1014.0  26.6  27.6  22.7 99.0 99.00
2026 01 13 16 10  74  7.5  9.1  1.75  5.88  5.01  90 1014.0  26.6  27.6  22.6 99.0 99.00
2026 01 13 16 20  70  7.3  8.8 99.00 99.00 99.00 999 1013.8  27.0  27.6  23.3 99.0 99.00
2026 01 13 16 30  70  7.6  9.4 99.00 99.00 99.00 999 1013.8  27.1  27.6  23.0 99.0 99.00
2026 01 13 16 40  70  7.2  8.4  1.77  6.25  5.15  86 1013.7  27.0  27.6  23.3 99.0 99.00
2026 01 13 16 50  65  6.9  8.3 99.00 99.00 99.00 999 1013.5  26.9  27.6  23.3 99.0 99.00
2026 01 13 17 00  64  6.8  7.9 99.00 99.00 99.00 999 1013.3  26.9  27.6  23.2 99.0 99.00
2026 01 13 17 10  56  6.8  8.0  1.59  6.25  4.86 103 1013.2  27.1  27.7  23.3 99.0 99.00
2026 01 13 17 20  56  7.3  8.8 99.00 99.00 99.00 999 1012.9  27.1  27.7  23.2 99.0 99.00
2026 01 13 17 30  57  8.3 10.6 99.00 99.00 99.00 999 1012.6  27.2  27.7  23.1 99.0 99.00
2026 01 13 17 40  70  8.5 10.2  1.66  6.25  4.86 101 1012.4  27.3  27.7  23.0 99.0 99.00
2026 01 13 17 50  68  8.3  9.7 99.00 99.00 99.00 999 1012.4  27.3  27.7  22.8 99.0 99.00
2026 01 13 18 00  62  8.3 10.3 99.00 99.00 99.00 999 1012.3  27.4  27.7  22.9 99.0 99.00
2026 01 13 18 10  47  7.1  8.8  1.73  6.25  4.89 105 1012.1  27.1  27.7  23.3 99.0 99.00
2026 01 13 18 20  49  7.5  8.8 99.00 99.00 99.00 999 1012.0  27.1  27.7  23.6 99.0 99.00
2026 01 13 18 30  56  7.4  8.8 99.00 99.00 99.00 999 1011.9  27.1  27.7  23.6 99.0 99.00
2026 01 13 18 40  60  7.5  8.8  1.57  6.67  4.83  83 1011.6  27.1  27.6  23.5 99.0 99.00
2026 01 13 18 50  56  7.9 10.9 99.00 99.00 99.00 999 1011.6  27.1  27.6  23.5 99.0 99.00
2026 01 13 19 00  62  8.1 10.2 99.00 99.00 99.00 999 1011.5  26.7  27.5  22.5 99.0 99.00
2026 01 13 19 10  57  7.6  9.4  1.54  5.88  4.78  90 1011.3  27.2  27.5  23.4 99.0 99.00
2026 01 13 19 20  60  8.4 10.0 99.00 99.00 99.00 999 1011.1  27.2  27.5  23.1 99.0 99.00
2026 01 13 19 30  62  8.0 10.2 99.00 99.00 99.00 999 1010.9  27.3  27.5  23.2 99.0 99.00
2026 01 13 19 40  64  8.8 10.3  1.59  6.67  4.82  84 1010.7  27.3  27.5  23.1 99.0 99.00
2026 01 13 19 50  63  9.2 11.6 99.00 99.00 99.00 999 1010.7  27.3  27.5  22.9 99.0 99.00
2026 01 13 20 00  55  8.2 10.1 99.00 99.00 99.00 999 1010.5  27.3  27.5  23.3 99.0 99.00
2026 01 13 20 10  55  7.9  9.4  1.49  6.25  4.79  83 1010.4  27.2  27.5  23.5 99.0 99.00
2026 01 13 20 20  58  8.6 10.2 99.00 99.00 99.00 999 1010.2  27.2  27.5  23.2 99.0 99.00
2026 01 13 20 30  57  8.3 10.3 99.00 99.00 99.00 999 1010.4  27.3  27.5  23.2 99.0 99.00
2026 01 13 20 40  51  7.7  9.4  1.62  6.25  4.80  95 1010.4  27.3  27.5  23.8 99.0 99.00
2026 01 13 20 50  52  7.5  9.0 99.00 99.00 99.00 999 1010.5  27.1  27.5  23.8 99.0 99.00
2026 01 13 21 00  55  7.6  9.0 99.00 99.00 99.00 999 1010.5  27.0  27.5  23.6 99.0 99.00
2026 01 13 21 10  55  7.7  9.8  1.60  6.67  4.97  88 1010.4  27.1  27.5  23.7 99.0 99.00
2026 01 13 21 20  58  8.5 10.1 99.00 99.00 99.00 999 1010.4  27.1  27.5  23.3 99.0 99.00
2026 01 13 21 30  61  8.4 10.4 99.00 99.00 99.00 999 1010.4  27.2  27.5  23.2 99.0 99.00
2026 01 13 21 40  55  8.8 10.3  1.59  5.88  4.92  86 1010.4  27.2  27.5  23.3 99.0 99.00
2026 01 13 21 50  58  8.7 10.4 99.00 99.00 99.00 999 1010.4  27.2  27.5  23.2 99.0 99.00
2026 01 13 22 00  58  8.9 10.5 99.00 99.00 99.00 999 1010.4  27.2  27.5  23.1 99.0 99.00
2026 01 13 22 10  59  8.8 10.5  1.62  5.26  4.92  80 1010.4  27.3  27.5  23.3 99.0 99.00
2026 01 13 22 20  56  9.4 10.9 99.00 99.00 99.00 999 1010.3  27.2  27.5  23.2 99.0 99.00
2026 01 13 22 30  60  8.7 10.8 99.00 99.00 99.00 999 1010.3  27.2  27.5  23.4 99.0 99.00
2026 01 13 22 40  57  9.1 11.3  1.60  6.67  4.88  96 1010.3  27.1  27.5  23.3 99.0 99.00
2026 01 13 22 50  57  9.2 11.2 99.00 99.00 99.00 999 1010.5  27.1  27.5  23.3 99.0 99.00
2026 01 13 23 00  56  9.7 11.6 99.00 99.00 99.00 999 1010.4  27.2  27.5  23.4 99.0 99.00
2026 01 13 23 10  60  9.5 11.3  1.55  5.88  4.84  79 1010.4  27.2  27.5  23.3 99.0 99.00
2026 01 13 23 20  60 10.0 11.8 99.00 99.00 99.00 999 1010.5  27.2  27.5  23.1 99.0 99.00
2026 01 13 23 30  60  9.5 11.4 99.00 99.00 99.00 999 1010.5  27.2  27.5  23.1 99.0 99.00
2026 01 13 23 40  60  9.8 12.0  1.68  6.25  4.97  77 1010.5  27.2  27.5  22.9 99.0 99.00
2026 01 13 23 50  63  9.9 11.8 99.00 99.00 99.00 999 1010.7  27.3  27.5  22.9 99.0 99.00
2026 01 14 00 00  63  9.0 11.0 99.00 99.00 99.00 999 1010.7  27.3  27.5  23.2 99.0 99.00
2026 01 14 00 10  63  9.3 12.2  1.57  5.88  4.94  85 1010.8  27.2  27.5  23.1 99.0 99.00
2026 01 14 00 20  64  9.7 12.1 99.00 99.00 99.00 999 1010.9  27.2  27.5  22.8 99.0 99.00
2026 01 14 00 30  66 10.0 12.6 99.00 99.00 99.00 999 1010.9  27.4  27.5  23.0 99.0 99.00
2026 01 14 00 40  61  9.4 11.6  1.61  6.25  4.91  79 1011.1  27.3  27.5  23.2 99.0 99.00
2026 01 14 00 50  62  9.9 12.3 99.00 99.00 99.00 999 1011.2  27.2  27.5  22.9 99.0 99.00
2026 01 14 01 00  65 10.0 12.2 99.00 99.00 99.00 999 1011.2  27.3  27.5  22.8 99.0 99.00
2026 01 14 01 10  63  9.9 11.6  1.70  5.56  4.90  76 1011.4  27.3  27.5  23.0 99.0 99.00
2026 01 14 01 20  66  8.9 10.6 99.00 99.00 99.00 999 1011.6  27.3  27.5  23.3 99.0 99.00
2026 01 14 01 30  60  9.3 11.4 99.00 99.00 99.00 999 1011.6  27.2  27.5  23.3 99.0 99.00
2026 01 14 01 40  62  8.8 10.7  1.73  5.88  4.97  66 1011.6  27.2  27.5  23.4 99.0 99.00
2026 01 14 01 50  66  9.3 11.3 99.00 99.00 99.00 999 1011.7  27.2  27.5  23.3 99.0 99.00
2026 01 14 02 00  68  9.2 11.4 99.00 99.00 99.00 999 1011.9  27.3  27.6  23.3 99.0 99.00
2026 01 14 02 10  66  9.2 10.8  1.68  6.25  4.95  86 1012.0  27.3  27.6  23.3 99.0 99.00
2026 01 14 02 20  69  9.5 11.3 99.00 99.00 99.00 999 1012.1  27.3  27.6  22.9 99.0 99.00
2026 01 14 02 30  69  8.9 10.6 99.00 99.00 99.00 999 1012.1  27.4  27.6  23.0 99.0 99.00
2026 01 14 02 40  74  8.8 10.5  1.70  5.56  4.96  89 1012.2  27.4  27.6  23.3 99.0 99.00
2026 01 14 02 50  76  8.9 10.8 99.00 99.00 99.00 999 1012.2  27.3  27.5  22.8 99.0 99.00
2026 01 14 03 00  75  8.3 10.2 99.00 99.00 99.00 999 1012.2  27.4  27.5  23.1 99.0 99.00
2026 01 14 03 10  74  8.1  9.9  1.73  5.88  4.98  84 1012.3  27.4  27.5  23.2 99.0 99.00
2026 01 14 03 20  79  8.8 10.4 99.00 99.00 99.00 999 1012.3  27.3  27.5  23.0 99.0 99.00
2026 01 14 03 30  75  8.2 10.2 99.00 99.00 99.00 999 1012.3  27.4  27.6  23.5 99.0 99.00
2026 01 14 03 40  74  9.5 11.2  1.71  6.25  5.07  65 1012.1  27.3  27.6  23.1 99.0 99.00
2026 01 14 03 50  75  9.1 11.0 99.00 99.00 99.00 999 1012.1  27.4  27.6  23.3 99.0 99.00
2026 01 14 04 00  76  8.9 10.5 99.00 99.00 99.00 999 1012.1  27.3  27.6  23.0 99.0 99.00
2026 01 14 04 10  75  8.9 10.7  1.78  6.25  5.02  91 1012.0  27.4  27.6  23.2 99.0 99.00
2026 01 14 04 20  71  8.4 10.6 99.00 99.00 99.00 999 1012.0  27.4  27.6  23.2 99.0 99.00
2026 01 14 04 30  75  8.0  9.8 99.00 99.00 99.00 999 1011.9  27.4  27.6  23.5 99.0 99.00
2026 01 14 04 40  74  8.4 10.1  1.63  6.67  4.95  76 1011.8  27.3  27.6  23.4 99.0 99.00
2026 01 14 04 50  77  8.9 10.6 99.00 99.00 99.00 999 1011.8  27.3  27.6  23.2 99.0 99.00
2026 01 14 05 00  80  8.8 10.2 99.00 99.00 99.00 999 1011.6  27.3  27.6  23.6 99.0 99.00
2026 01 14 05 10  72  8.9 10.9  1.77  5.88  5.00  68 1011.6  27.2  27.6  23.1 99.0 99.00
2026 01 14 05 20  75  9.1 11.0 99.00 99.00 99.00 999 1011.5  27.2  27.6  22.9 99.0 99.00
2026 01 14 05 30  73  9.1 11.1 99.00 99.00 99.00 999 1011.4  27.3  27.6  23.1 99.0 99.00
2026 01 14 05 40  76  9.2 10.8  1.62  6.25  4.85  91 1011.3  27.2  27.6  22.8 99.0 99.00
2026 01 14 05 50  79  9.0 11.2 99.00 99.00 99.00 999 1011.2  27.2  27.6  23.0 99.0 99.00
2026 01 14 06 00  79  8.9 10.9 99.00 99.00 99.00 999 1011.1  27.2  27.6  23.1 99.0 99.00
2026 01 14 06 10  75  8.9 10.7  1.72  6.25  4.86 101 1011.0  27.1  27.6  23.0 99.0 99.00
2026 01 14 06 20  77  8.9 10.7 99.00 99.00 99.00 999 1010.8  27.1  27.6  22.8 99.0 99.00
2026 01 14 06 30  77  8.8 10.8 99.00 99.00 99.00 999 1010.7  27.1  27.6  22.7 99.0 99.00
2026 01 14 06 40  82  9.0 10.5  1.79  6.67  5.04  87 1010.6  27.1  27.6  22.6 99.0 99.00
2026 01 14 06 50  78  9.1 11.0 99.00 99.00 99.00 999 1010.5  27.2  27.6  22.7 99.0 99.00
2026 01 14 07 00  75  8.4  9.9 99.00 99.00 99.00 999 1010.3  27.1  27.6  22.9 99.0 99.00
2026 01 14 07 10  77  8.5 10.0  1.76  6.67  4.99  89 1010.2  27.1  27.6  22.9 99.0 99.00
2026 01 14 07 20  78  8.4 10.2 99.00 99.00 99.00 999 1010.1  27.1  27.6  22.8 99.0 99.00
2026 01 14 07 30  83  9.0 10.7 99.00 99.00 99.00 999 1010.0  27.1  27.6  22.5 99.0 99.00
2026 01 14 07 40  81  8.5 10.1  1.67  5.88  4.76  83 1009.8  27.2  27.6  22.9 99.0 99.00
2026 01 14 07 50  80  8.6 10.3 99.00 99.00 99.00 999 1009.7  27.1  27.6  23.0 99.0 99.00
2026 01 14 08 00  78  8.1  9.8 99.00 99.00 99.00 999 1009.7  27.1  27.6  23.2 99.0 99.00
2026 01 14 08 10  76  8.2  9.5  1.70  6.25  4.96  93 1009.7  27.0  27.6  23.0 99.0 99.00
2026 01 14 08 20  74  8.3 10.5 99.00 99.00 99.00 999 1009.7  27.0  27.6  22.9 99.0 99.00
2026 01 14 08 30  75  8.1  9.9 99.00 99.00 99.00 999 1009.6  27.1  27.6  23.0 99.0 99.00
2026 01 14 08 40  74  8.6 10.4  1.60  5.88  4.81  84 1009.6  27.1  27.6  23.1 99.0 99.00
2026 01 14 08 50  73  8.6 10.5 99.00 99.00 99.00 999 1009.6  27.0  27.5  23.0 99.0 99.00
2026 01 14 09 00  72  8.5 10.2 99.00 99.00 99.00 999 1009.6  27.1  27.6  23.3 99.0 99.00
2026 01 14 09 10  69  8.8 10.6  1.49  5.56  4.68  87 1009.7  27.1  27.5  23.3 99.0 99.00
2026 01 14 09 20  75  8.8 11.2 99.00 99.00 99.00 999 1009.7  27.1  27.5  23.2 99.0 99.00
2026 01 14 09 30  75  9.2 11.2 99.00 99.00 99.00 999 1009.8  27.1  27.5  22.8 99.0 99.00
2026 01 14 09 40  76  9.2 11.7  1.67  6.67  4.91  90 1009.8  27.2  27.5  22.7 99.0 99.00
2026 01 14 09 50  75  9.2 11.5 99.00 99.00 99.00 999 1010.0  27.3  27.5  22.7 99.0 99.00
2026 01 14 10 00  78  8.5 10.3 99.00 99.00 99.00 999 1010.1  27.3  27.5  22.8 99.0 99.00
2026 01 14 10 10  73  8.5 11.1  1.62  5.56  4.79 103 1010.1  27.2  27.5  23.1 99.0 99.00
2026 01 14 10 20  73  9.3 11.3 99.00 99.00 99.00 999 1010.2  27.2  27.5  22.8 99.0 99.00
2026 01 14 10 30  73  8.7 10.7 99.00 99.00 99.00 999 1010.4  27.3  27.5  22.9 99.0 99.00
2026 01 14 10 40  73  8.5 10.5  1.65  6.67  4.81 100 1010.5  27.2  27.5  22.9 99.0 99.00
2026 01 14 10 50  77  8.6 10.4 99.00 99.00 99.00 999 1010.5  27.3  27.5  22.8 99.0 99.00
2026 01 14 11 00  76  8.0  9.9 99.00 99.00 99.00 999 1010.6  27.3  27.5  23.2 99.0 99.00
2026 01 14 11 10  81  9.0 11.0  1.66  6.67  4.81  89 1010.6  27.2  27.5  22.6 99.0 99.00
2026 01 14 11 20  76  8.2 10.5 99.00 99.00 99.00 999 1010.7  27.3  27.5  23.2 99.0 99.00
2026 01 14 11 30  77  8.0 10.2 99.00 99.00 99.00 999 1010.6  27.1  27.5  23.5 99.0 99.00
2026 01 14 11 40  77  9.3 10.9  1.62  6.25  4.77  96 1010.6  27.2  27.5  23.1 99.0 99.00
2026 01 14 11 50  78  9.2 11.3 99.00 99.00 99.00 999 1010.7  27.3  27.5  23.3 99.0 99.00
2026 01 14 12 00  79  9.6 11.1 99.00 99.00 99.00 999 1010.8  27.2  27.5  23.1 99.0 99.00
2026 01 14 12 10  82  9.6 11.4  1.61  6.25  4.72  96 1010.9  27.3  27.5  23.2 99.0 99.00
2026 01 14 12 20  84  9.4 11.1 99.00 99.00 99.00 999 1011.0  27.3  27.5  23.2 99.0 99.00
2026 01 14 12 30  83  9.1 11.5 99.00 99.00 99.00 999 1011.1  27.3  27.5  23.4 99.0 99.00
2026 01 14 12 40  80  9.9 12.2  1.76  6.67  4.93 101 1011.1  27.3  27.5  23.0 99.0 99.00
2026 01 14 12 50  77  9.4 11.2 99.00 99.00 99.00 999 1011.2  27.4  27.5  23.1 99.0 99.00
2026 01 14 13 00  79  9.6 11.4 99.00 99.00 99.00 999 1011.4  27.4  27.5  23.0 99.0 99.00
2026 01 14 13 10  78  9.4 11.5  1.69  6.67  4.83 101 1011.6  27.4  27.5  23.2 99.0 99.00
2026 01 14 13 20  74  9.2 10.9 99.00 99.00 99.00 999 1011.8  27.4  27.5  23.3 99.0 99.00
2026 01 14 13 30  72  9.7 11.4 99.00 99.00 99.00 999 1011.8  27.3  27.5  23.2 99.0 99.00
2026 01 14 13 40  74  9.3 11.2  1.81  6.67  4.97  98 1012.0  27.4  27.5  23.3 99.0 99.00
2026 01 14 13 50  79  9.4 11.5 99.00 99.00 99.00 999 1012.1  27.4  27.5  23.3 99.0 99.00
2026 01 14 14 00  89  8.9 11.1 99.00 99.00 99.00 999 1012.1  27.2  27.5  23.4 99.0 99.00
2026 01 14 14 10  82  8.5 10.2  1.74  6.67  4.83 100 1012.0  27.1  27.5  23.5 99.0 99.00
2026 01 14 14 20  83  8.3  9.8 99.00 99.00 99.00 999 1011.9  27.2  27.5  23.6 99.0 99.00
2026 01 14 14 30  84  8.4 10.7 99.00 99.00 99.00 999 1011.9  27.3  27.5  23.7 99.0 99.00
2026 01 14 14 40  83  9.7 12.0 99.00 99.00 99.00 999 1011.8  27.4  27.5  23.3 99.0 99.00
2026 01 14 15 00  81  9.4 11.4 99.00 99.00 99.00 999 1011.9  27.5  27.5  23.2 99.0 99.00
2026 01 14 15 10  82  9.0 10.7  1.68  6.25  4.80 103 1012.0  27.4  27.5  23.3 99.0 99.00
2026 01 14 15 20  81  8.5 10.2 99.00 99.00 99.00 999 1011.9  27.4  27.5  23.6 99.0 99.00
2026 01 14 15 30  76  7.4  9.3 99.00 99.00 99.00 999 1011.9  27.4  27.5  24.0 99.0 99.00
2026 01 14 15 40  73  7.9  9.3  1.69  5.88  4.88  93 1011.8  27.2  27.5  24.0 99.0 99.00
2026 01 14 15 50  77  8.5 10.7 99.00 99.00 99.00 999 1011.6  27.3  27.5  23.8 99.0 99.00
2026 01 14 16 00  79  8.9 10.7 99.00 99.00 99.00 999 1011.6  27.4  27.5  23.5 99.0 99.00
2026 01 14 16 10  82  9.4 11.8  1.80  6.67  4.90  96 1011.3  27.4  27.5  23.0 99.0 99.00
2026 01 14 16 20  85  8.9 10.5 99.00 99.00 99.00 999 1011.3  27.5  27.5  23.1 99.0 99.00
2026 01 14 16 30  81  8.8 10.9 99.00 99.00 99.00 999 1011.1  27.4  27.5  23.2 99.0 99.00
2026 01 14 16 40  80  8.8 10.5  1.72  6.67  4.91  92 1011.0  27.4  27.5  23.5 99.0 99.00
2026 01 14 16 50  75  8.6 10.1 99.00 99.00 99.00 999 1011.0  27.2  27.5  23.5 99.0 99.00
2026 01 14 17 00  78  8.4  9.8 99.00 99.00 99.00 999 1010.8  27.2  27.5  23.6 99.0 99.00
2026 01 14 17 10  80  8.7 10.6  1.78  6.25  4.84 102 1010.6  27.2  27.5  23.4 99.0 99.00
2026 01 14 17 20  82  8.4 10.1 99.00 99.00 99.00 999 1010.5  27.3  27.5  23.3 99.0 99.00
2026 01 14 17 30  79  7.8  9.9 99.00 99.00 99.00 999 1010.4  27.3  27.5  23.5 99.0 99.00
2026 01 14 17 40  77  8.2  9.6  1.76  5.88  4.92 101 1010.2  27.3  27.5  23.5 99.0 99.00
2026 01 14 17 50  83  7.9 10.0 99.00 99.00 99.00 999 1010.0  27.4  27.5  23.5 99.0 99.00
2026 01 14 18 00  85  8.1  9.8 99.00 99.00 99.00 999 1009.8  27.3  27.5  23.3 99.0 99.00
2026 01 14 18 10  90  9.0 10.7  1.74  7.14  4.82 114 1009.6  27.4  27.5  22.9 99.0 99.00
2026 01 14 18 20  88  8.7 10.5 99.00 99.00 99.00 999 1009.5  27.5  27.5  23.2 99.0 99.00
2026 01 14 18 30  89  9.1 10.9 99.00 99.00 99.00 999 1009.3  27.4  27.5  23.1 99.0 99.00
2026 01 14 18 40  87  8.9 11.3  1.74  6.67  4.83 106 1009.2  27.4  27.6  23.1 99.0 99.00
2026 01 14 18 50  89  9.2 10.8 99.00 99.00 99.00 999 1009.1  27.4  27.6  23.1 99.0 99.00
2026 01 14 19 00  86  8.6 10.2 99.00 99.00 99.00 999 1008.9  27.4  27.6  23.4 99.0 99.00
2026 01 14 19 10  88  8.4  9.8  1.87  6.67  4.97  97 1008.9  27.3  27.6  23.4 99.0 99.00
2026 01 14 19 20  93  8.3  9.8 99.00 99.00 99.00 999 1008.7  27.3  27.6  23.3 99.0 99.00
2026 01 14 19 30  94  8.6 10.6 99.00 99.00 99.00 999 1008.6  27.4  27.6  23.3 99.0 99.00
2026 01 14 19 40  93  9.1 11.1  1.84  6.25  5.01  94 1008.4  27.4  27.6  23.0 99.0 99.00
2026 01 14 19 50  90  8.7 10.1 99.00 99.00 99.00 999 1008.4  27.4  27.6  23.3 99.0 99.00
2026 01 14 20 00  90  9.2 11.0 99.00 99.00 99.00 999 1008.3  27.4  27.6  23.0 99.0 99.00
2026 01 14 20 10  89  9.0 10.4  1.77  6.67  4.87  99 1008.3  27.5  27.6  22.9 99.0 99.00
2026 01 14 20 20  91  8.9 10.3 99.00 99.00 99.00 999 1008.3  27.5  27.6  22.8 99.0 99.00
2026 01 14 20 30  80  8.3 10.0 99.00 99.00 99.00 999 1008.3  27.5  27.6  23.3 99.0 99.00
2026 01 14 20 40  80  8.1  9.4  1.65  7.14  4.84  98 1008.4  27.4  27.6  23.5 99.0 99.00
2026 01 14 20 50  87  8.3 10.5 99.00 99.00 99.00 999 1008.4  27.4  27.6  23.4 99.0 99.00
2026 01 14 21 00  81  8.4  9.9 99.00 99.00 99.00 999 1008.4  27.4  27.6  23.4 99.0 99.00
2026 01 14 21 10  84  8.3  9.9  1.73  6.25  4.88  87 1008.5  27.4  27.6  23.2 99.0 99.00
2026 01 14 21 20  92  8.1  9.3 99.00 99.00 99.00 999 1008.6  27.5  27.6  23.4 99.0 99.00
2026 01 14 21 30  88  8.3  9.8 99.00 99.00 99.00 999 1008.6  27.4  27.6  23.3 99.0 99.00
2026 01 14 21 40  88  8.5 10.0  1.71  6.67  5.06  96 1008.7  27.5  27.6  23.2 99.0 99.00
2026 01 14 21 50  86  8.8 10.3 99.00 99.00 99.00 999 1008.7  27.4  27.6  22.9 99.0 99.00
2026 01 14 22 00  87  8.4 10.2 99.00 99.00 99.00 999 1008.9  27.5  27.6  23.1 99.0 99.00
2026 01 14 22 10  84  8.5 10.6  1.74  6.67  4.88 118 1009.0  27.4  27.6  23.0 99.0 99.00
2026 01 14 22 20  85  8.2  9.9 99.00 99.00 99.00 999 1009.0  27.4  27.6  23.2 99.0 99.00
2026 01 14 22 30  82  8.5 10.3 99.00 99.00 99.00 999 1009.1  27.4  27.6  23.0 99.0 99.00
2026 01 14 22 40  82  8.3  9.5  1.84  6.67  5.05 109 1009.2  27.4  27.6  23.3 99.0 99.00
2026 01 14 22 50  80  8.6 10.0 99.00 99.00 99.00 999 1009.2  27.3  27.6  23.1 99.0 99.00
2026 01 14 23 00  88  8.5 10.2 99.00 99.00 99.00 999 1009.2  27.3  27.6  23.1 99.0 99.00
2026 01 14 23 10  84  8.2  9.9  1.72  7.14  4.95 101 1009.4  27.4  27.6  23.3 99.0 99.00
2026 01 14 23 20  79  8.6 10.1 99.00 99.00 99.00 999 1009.4  27.3  27.6  23.1 99.0 99.00
2026 01 14 23 30  83  8.7 10.5 99.00 99.00 99.00 999 1009.4  27.3  27.6  22.7 99.0 99.00
2026 01 14 23 40  85  8.9 10.7  1.73  6.67  4.78  97 1009.4  27.4  27.6  22.8 99.0 99.00
2026 01 14 23 50  81  8.6 10.0 99.00 99.00 99.00 999 1009.5  27.4  27.6  23.1 99.0 99.00
2026 01 15 00 00  73  8.9 10.4 99.00 99.00 99.00 999 1009.5  27.3  27.6  23.0 99.0 99.00
2026 01 15 00 10  79  8.5 10.4  1.75  6.67  4.86 107 1009.7  27.4  27.6  23.0 99.0 99.00
2026 01 15 00 20  71  8.4 10.1 99.00 99.00 99.00 999 1009.7  27.3  27.6  23.1 99.0 99.00
2026 01 15 00 30  71  8.6 10.1 99.00 99.00 99.00 999 1009.8  27.3  27.6  23.2 99.0 99.00
2026 01 15 00 40  74  8.7 10.5  1.68  7.14  4.92 100 1009.9  27.3  27.6  23.2 99.0 99.00
2026 01 15 00 50  70  8.7 10.3 99.00 99.00 99.00 999 1010.0  27.3  27.6  23.2 99.0 99.00
2026 01 15 01 00  71  8.6 10.0 99.00 99.00 99.00 999 1010.0  27.4  27.6  23.5 99.0 99.00
2026 01 15 01 10  68  9.1 10.8  1.74  7.14  4.98  97 1010.1  27.3  27.6  23.2 99.0 99.00
2026 01 15 01 20  65  8.9 10.9 99.00 99.00 99.00 999 1010.1  27.4  27.6  23.4 99.0 99.00
2026 01 15 01 30  65  8.9 10.8 99.00 99.00 99.00 999 1010.2  27.3  27.6  23.4 99.0 99.00
2026 01 15 01 40  66  8.8 10.3  1.61  5.56  4.66  96 1010.3  27.3  27.6  23.3 99.0 99.00
2026 01 15 01 50  63  8.1 10.0 99.00 99.00 99.00 999 1010.4  27.4  27.6  23.7 99.0 99.00
2026 01 15 02 00  61  8.4 10.0 99.00 99.00 99.00 999 1010.4  27.3  27.6  23.5 99.0 99.00
2026 01 15 02 10  63  9.0 11.0  1.81  6.67  5.09  99 1010.5  27.3  27.6  23.4 99.0 99.00
2026 01 15 02 20  61  8.4 10.0 99.00 99.00 99.00 999 1010.5  27.3  27.6  23.5 99.0 99.00
2026 01 15 02 30  60  8.7 10.3 99.00 99.00 99.00 999 1010.5  27.3  27.6  23.5 99.0 99.00
2026 01 15 02 40  59  8.8 10.8  1.79  6.67  5.07  94 1010.6  27.4  27.6  23.6 99.0 99.00
2026 01 15 02 50  55  8.6 10.4 99.00 99.00 99.00 999 1010.7  27.4  27.6  23.7 99.0 99.00
2026 01 15 03 00  61  8.6 10.2 99.00 99.00 99.00 999 1010.7  27.4  27.6  23.8 99.0 99.00
2026 01 15 03 10  62  8.6 11.1  1.76  6.67  5.08  98 1010.7  27.4  27.6  23.7 99.0 99.00
2026 01 15 03 20  63  8.5 10.6 99.00 99.00 99.00 999 1010.6  27.4  27.6  23.7 99.0 99.00
2026 01 15 03 30  61  8.1  9.7 99.00 99.00 99.00 999 1010.6  27.4  27.6  23.9 99.0 99.00
2026 01 15 03 40  57  8.6 10.6  1.88  7.14  5.22 102 1010.6  27.3  27.6  23.7 99.0 99.00
2026 01 15 03 50  62  8.4 10.3 99.00 99.00 99.00 999 1010.6  27.4  27.6  23.8 99.0 99.00
2026 01 15 04 00  59  8.8 10.1 99.00 99.00 99.00 999 1010.5  27.4  27.6  23.8 99.0 99.00
2026 01 15 04 10  66  9.0 10.8  1.82  6.67  5.19  97 1010.5  27.4  27.6  23.7 99.0 99.00
2026 01 15 04 20  64  8.7 10.5 99.00 99.00 99.00 999 1010.5  27.4  27.6  23.8 99.0 99.00
2026 01 15 04 30  64  8.9 10.5 99.00 99.00 99.00 999 1010.5  27.4  27.6  23.7 99.0 99.00
2026 01 15 04 40  61  8.3 10.0  1.80  6.25  5.00 108 1010.5  27.4  27.6  23.8 99.0 99.00
2026 01 15 04 50  63  8.4 10.5 99.00 99.00 99.00 999 1010.4  27.3  27.6  23.8 99.0 99.00
2026 01 15 05 00  60  8.5 10.1 99.00 99.00 99.00 999 1010.4  27.3  27.6  23.9 99.0 99.00
2026 01 15 05 10  63  8.2 11.6  1.77  6.67  5.03  91 1010.5  27.0  27.6  23.9 99.0 99.00
2026 01 15 05 20  64  7.3  9.7 99.00 99.00 99.00 999 1010.3  26.7  27.6  24.0 99.0 99.00
2026 01 15 05 30  63  8.3 10.9 99.00 99.00 99.00 999 1010.2  27.1  27.6  23.8 99.0 99.00
2026 01 15 05 40  68  8.8 10.7  1.90  6.67  5.21 112 1010.0  27.3  27.6  23.6 99.0 99.00
2026 01 15 05 50  67  8.4 10.1 99.00 99.00 99.00 999 1010.0  27.4  27.6  23.9 99.0 99.00
2026 01 15 06 00  69  8.8 10.2 99.00 99.00 99.00 999 1009.9  27.3  27.6  23.7 99.0 99.00
2026 01 15 06 10  69  9.0 11.3  1.77  6.67  5.07  95 1009.7  27.3  27.6  23.8 99.0 99.00
2026 01 15 06 20  64  8.8 10.6 99.00 99.00 99.00 999 1009.5  27.3  27.6  23.9 99.0 99.00
2026 01 15 06 30  65  8.5 10.9 99.00 99.00 99.00 999 1009.4  27.3  27.6  24.0 99.0 99.00
2026 01 15 06 40  69  9.3 10.7  1.82  7.14  5.11 101 1009.2  27.2  27.6  23.6 99.0 99.00
2026 01 15 06 50  71  9.0 10.8 99.00 99.00 99.00 999 1009.1  27.3  27.6  23.6 99.0 99.00
2026 01 15 07 00  65  8.4  9.9 99.00 99.00 99.00 999 1009.1  27.3  27.6  23.9 99.0 99.00
2026 01 15 07 10  65  9.3 10.9  1.86  7.14  5.15  99 1008.9  27.2  27.6  23.7 99.0 99.00
2026 01 15 07 20  67  9.3 10.7 99.00 99.00 99.00 999 1008.9  27.3  27.6  23.6 99.0 99.00
2026 01 15 07 30  65  9.1 10.8 99.00 99.00 99.00 999 1008.9  27.3  27.6  23.8 99.0 99.00
2026 01 15 07 40  61  8.8 10.7  1.73  7.14  4.96  99 1008.8  27.3  27.6  24.1 99.0 99.00
2026 01 15 07 50  68  8.2  9.9 99.00 99.00 99.00 999 1008.9  27.2  27.6  24.1 99.0 99.00
2026 01 15 08 00  65  8.8 12.5 99.00 99.00 99.00 999 1008.8  27.2  27.6  24.0 99.0 99.00
2026 01 15 08 10  60  8.8 11.6  1.88  7.14  5.19  88 1008.7  26.5  27.5  23.7 99.0 99.00
2026 01 15 08 20  60  7.2  9.0 99.00 99.00 99.00 999 1008.8  26.6  27.5  24.1 99.0 99.00
2026 01 15 08 30  64  8.2 10.7 99.00 99.00 99.00 999 1008.7  26.9  27.5  24.2 99.0 99.00
2026 01 15 08 40  64  9.2 10.7  1.90  7.14  5.21  96 1008.7  27.1  27.5  23.9 99.0 99.00
2026 01 15 08 50  68  8.9 11.1 99.00 99.00 99.00 999 1008.7  27.2  27.5  23.8 99.0 99.00
2026 01 15 09 00  68  9.1 10.7 99.00 99.00 99.00 999 1008.8  27.3  27.5  23.8 99.0 99.00
2026 01 15 09 10  68  8.9 10.6  1.77  7.14  5.15  95 1008.9  27.3  27.5  23.8 99.0 99.00
2026 01 15 09 20  66  8.7 11.3 99.00 99.00 99.00 999 1008.9  27.3  27.5  24.1 99.0 99.00
2026 01 15 09 30  63  8.6 10.6 99.00 99.00 99.00 999 1008.9  27.2  27.5  24.1 99.0 99.00
2026 01 15 09 40  65  8.9 10.9  1.94  7.14  5.31  98 1009.0  27.0  27.5  24.3 99.0 99.00
2026 01 15 09 50  68  8.9 10.4 99.00 99.00 99.00 999 1009.1  27.0  27.5  24.1 99.0 99.00
2026 01 15 10 00  67  9.1 11.0 99.00 99.00 99.00 999 1009.1  27.2  27.5  23.9 99.0 99.00
2026 01 15 10 10  74  9.1 10.9  1.88  7.14  5.12  90 1009.3  27.3  27.5  23.8 99.0 99.00
2026 01 15 10 20  83  8.9 11.2 99.00 99.00 99.00 999 1009.3  27.3  27.5  23.7 99.0 99.00
2026 01 15 10 30  78  9.3 12.0 99.00 99.00 99.00 999 1009.4  27.1  27.5  23.6 99.0 99.00
2026 01 15 10 40  80  9.3 11.2  1.77  6.67  4.98 102 1009.6  27.0  27.5  23.6 99.0 99.00
2026 01 15 10 50  78  9.3 11.3 99.00 99.00 99.00 999 1009.8  27.0  27.5  23.6 99.0 99.00
2026 01 15 11 00  78  8.5 10.4 99.00 99.00 99.00 999 1009.9  27.0  27.5  23.8 99.0 99.00
2026 01 15 11 10  76  8.0  9.4  1.92  7.14  5.17  91 1010.0  27.0  27.5  24.1 99.0 99.00
2026 01 15 11 20  72  7.2  8.7 99.00 99.00 99.00 999 1010.1  27.1  27.5  24.3 99.0 99.00
2026 01 15 11 30  73  6.8  8.3 99.00 99.00 99.00 999 1010.2  27.1  27.5  24.5 99.0 99.00
2026 01 15 11 40  65  7.2  9.1  2.06  7.14  5.47  89 1010.3  27.1  27.5  24.4 99.0 99.00
2026 01 15 11 50  59  7.3  8.8 99.00 99.00 99.00 999 1010.4  27.0  27.5  24.5 99.0 99.00
2026 01 15 12 00  65  8.3 10.4 99.00 99.00 99.00 999 1010.6  27.0  27.5  24.5 99.0 99.00
2026 01 15 12 10  69  8.5 10.2  1.93  7.14  5.38  95 1010.7  27.1  27.5  24.5 99.0 99.00
2026 01 15 12 20  73  8.5 10.2 99.00 99.00 99.00 999 1010.7  27.2  27.5  24.2 99.0 99.00
2026 01 15 12 30  77  8.2  9.7 99.00 99.00 99.00 999 1011.0  27.3  27.5  24.2 99.0 99.00
2026 01 15 12 40  81  8.6 10.3  1.70  6.25  5.04  85 1010.9  27.4  27.5  24.2 99.0 99.00
2026 01 15 12 50  82  8.4 10.2 99.00 99.00 99.00 999 1011.0  27.5  27.5  24.1 99.0 99.00
2026 01 15 13 00  86  8.7 10.3 99.00 99.00 99.00 999 1011.1  27.5  27.5  24.0 99.0 99.00
2026 01 15 13 10  85  7.6  9.4  1.78  6.67  5.14 101 1011.3  27.6  27.5  24.2 99.0 99.00
2026 01 15 13 20  85  7.5  8.7 99.00 99.00 99.00 999 1011.3  27.6  27.5  24.2 99.0 99.00
2026 01 15 13 30  77  7.5  9.2 99.00 99.00 99.00 999 1011.5  27.5  27.5  24.4 99.0 99.00
2026 01 15 13 40  71  9.5 12.7  1.81  7.14  5.20  98 1011.6  27.0  27.5  24.2 99.0 99.00
2026 01 15 13 50  72  8.4 12.3 99.00 99.00 99.00 999 1011.7  26.2  27.5  23.4 99.0 99.00
2026 01 15 14 00  61  6.4  7.6 99.00 99.00 99.00 999 1011.8  26.7  27.6  24.6 99.0 99.00
2026 01 15 14 10  67  6.9  8.5  1.82  6.67  5.18 102 1011.9  26.9  27.5  24.7 99.0 99.00
2026 01 15 14 20  73  7.3  8.9 99.00 99.00 99.00 999 1012.1  27.2  27.5  24.7 99.0 99.00
2026 01 15 14 30  84  7.9  9.7 99.00 99.00 99.00 999 1011.9  27.4  27.5  24.4 99.0 99.00
2026 01 15 14 40  84  8.2 10.3  1.78  6.67  5.04 100 1011.8  27.6  27.5  24.4 99.0 99.00
2026 01 15 14 50  83  8.7 10.3 99.00 99.00 99.00 999 1011.8  27.6  27.5  24.3 99.0 99.00
2026 01 15 15 00  81  8.2 10.5 99.00 99.00 99.00 999 1011.8  27.6  27.5  24.3 99.0 99.00
2026 01 15 15 10  71  8.6 10.6  1.76  7.14  5.08  83 1011.8  27.4  27.5  24.3 99.0 99.00
2026 01 15 15 20  73  9.2 11.9 99.00 99.00 99.00 999 1011.9  26.9  27.5  24.0 99.0 99.00
2026 01 15 15 30  78  7.2  9.2 99.00 99.00 99.00 999 1011.8  26.3  27.5  23.9 99.0 99.00
2026 01 15 15 40  80  6.0  7.9  1.76  6.67  5.20 105 1011.7  26.6  27.5  24.2 99.0 99.00
2026 01 15 15 50  91  7.6  9.1 99.00 99.00 99.00 999 1011.6  26.9  27.5  24.3 99.0 99.00
2026 01 15 16 00  88  7.3  8.4 99.00 99.00 99.00 999 1011.4  27.0  27.5  24.2 99.0 99.00
2026 01 15 16 10  78  8.1 10.0  1.61  6.67  5.04  98 1011.3  27.4  27.5  24.4 99.0 99.00
2026 01 15 16 20  78  8.1  9.9 99.00 99.00 99.00 999 1011.3  27.6  27.5  24.3 99.0 99.00
2026 01 15 16 30  80  8.5 12.3 99.00 99.00 99.00 999 1011.1  27.6  27.5  24.3 99.0 99.00
2026 01 15 16 40  73  7.3 10.6  1.86  7.14  5.28  95 1011.0  26.8  27.5  24.0 99.0 99.00
2026 01 15 16 50  83  7.2  8.9 99.00 99.00 99.00 999 1010.9  27.0  27.5  24.1 99.0 99.00
2026 01 15 17 00  73  7.2  8.6 99.00 99.00 99.00 999 1010.7  27.3  27.5  24.5 99.0 99.00
2026 01 15 17 10  75  7.9  9.5  1.70  6.67  5.08 103 1010.6  27.2  27.5  24.3 99.0 99.00
2026 01 15 17 20  76  8.6 10.4 99.00 99.00 99.00 999 1010.5  27.3  27.5  24.0 99.0 99.00
2026 01 15 17 30  80  8.2  9.6 99.00 99.00 99.00 999 1010.5  27.5  27.5  24.2 99.0 99.00
2026 01 15 17 40  74  7.7  9.2  1.82  7.14  5.14  98 1010.2  27.5  27.5  24.3 99.0 99.00
2026 01 15 17 50  78  7.0  8.7 99.00 99.00 99.00 999 1010.2  27.5  27.5  24.5 99.0 99.00
2026 01 15 18 00  78  7.3  8.7 99.00 99.00 99.00 999 1010.0  27.5  27.5  24.4 99.0 99.00
2026 01 15 18 10  72  7.4  9.1  1.76  6.67  5.12  94 1009.7  27.4  27.5  24.3 99.0 99.00
2026 01 15 18 20  72  7.2  8.8 99.00 99.00 99.00 999 1009.5  27.4  27.5  24.4 99.0 99.00
2026 01 15 18 30  75  7.6  9.4 99.00 99.00 99.00 999 1009.3  27.5  27.6  24.4 99.0 99.00
2026 01 15 18 40  78  7.8  9.3  1.80  6.67  5.02  89 1009.1  27.5  27.6  24.3 99.0 99.00
2026 01 15 18 50  78  7.6  8.9 99.00 99.00 99.00 999 1009.1  27.6  27.6  24.4 99.0 99.00
2026 01 15 19 00  80  7.9  9.5 99.00 99.00 99.00 999 1009.0  27.5  27.6  24.3 99.0 99.00
2026 01 15 19 10  76  7.8  9.2  1.89  7.14  5.26  94 1008.9  27.6  27.6  24.6 99.0 99.00
2026 01 15 19 20  76  7.7  8.9 99.00 99.00 99.00 999 1008.7  27.4  27.6  24.5 99.0 99.00
2026 01 15 19 30  78  7.8  9.8 99.00 99.00 99.00 999 1008.6  27.4  27.6  24.4 99.0 99.00
2026 01 15 19 40  79  8.4  9.6  1.76  6.67  5.02  81 1008.5  27.5  27.6  24.1 99.0 99.00
2026 01 15 19 50  82  8.5  9.8 99.00 99.00 99.00 999 1008.5  27.6  27.6  24.1 99.0 99.00
2026 01 15 20 00  82  8.3 10.2 99.00 99.00 99.00 999 1008.6  27.6  27.6  24.1 99.0 99.00
2026 01 15 20 10  81  8.4  9.8  1.72  6.67  4.94  97 1008.4  27.7  27.6  24.1 99.0 99.00
2026 01 15 20 20  75  8.3  9.6 99.00 99.00 99.00 999 1008.4  27.5  27.6  24.2 99.0 99.00
2026 01 15 20 30  79  8.2  9.9 99.00 99.00 99.00 999 1008.3  27.5  27.6  24.4 99.0 99.00
2026 01 15 20 40  76  8.5  9.9  1.73  7.14  5.17  88 1008.2  27.5  27.6  24.3 99.0 99.00
2026 01 15 20 50  79  8.3  9.5 99.00 99.00 99.00 999 1008.3  27.5  27.6  24.2 99.0 99.00
2026 01 15 21 00  77  8.1  9.7 99.00 99.00 99.00 999 1008.4  27.6  27.6  24.2 99.0 99.00
2026 01 15 21 10  73  7.4  8.7  1.71  6.67  5.02  95 1008.5  27.6  27.6  24.2 99.0 99.00
2026 01 15 21 20  70  7.0  8.7 99.00 99.00 99.00 999 1008.6  27.6  27.6  24.5 99.0 99.00
2026 01 15 21 30  71  7.8  9.1 99.00 99.00 99.00 999 1008.6  27.5  27.6  24.2 99.0 99.00
2026 01 15 21 40  67  7.4  8.8  1.77  7.14  5.26  95 1008.7  27.6  27.6  24.2 99.0 99.00
2026 01 15 21 50  70  7.9 11.1 99.00 99.00 99.00 999 1008.7  27.6  27.6  24.2 99.0 99.00
2026 01 15 22 00  79  8.7 10.7 99.00 99.00 99.00 999 1008.8  27.4  27.5  24.1 99.0 99.00
2026 01 15 22 10  74  7.7  9.2  1.83  7.14  5.33  96 1008.9  27.4  27.5  24.2 99.0 99.00
2026 01 15 22 20  66  6.8  8.4 99.00 99.00 99.00 999 1008.9  27.5  27.5  24.7 99.0 99.00
2026 01 15 22 30  62  6.8  8.4 99.00 99.00 99.00 999 1009.1  27.4  27.5  24.6 99.0 99.00
2026 01 15 22 40  57  7.3  9.3  1.83  7.14  5.31  90 1009.1  27.4  27.5  24.3 99.0 99.00
2026 01 15 22 50  64  7.4  9.0 99.00 99.00 99.00 999 1009.2  27.5  27.5  24.4 99.0 99.00
2026 01 15 23 00  59  6.7  8.3 99.00 99.00 99.00 999 1009.4  27.6  27.5  24.6 99.0 99.00
2026 01 15 23 10  62  6.6  7.8  1.77  6.67  5.21 100 1009.4  27.4  27.5  24.4 99.0 99.00
2026 01 15 23 20  56  7.9 10.6 99.00 99.00 99.00 999 1009.5  27.5  27.5  24.4 99.0 99.00
2026 01 15 23 30  59  7.9 10.8 99.00 99.00 99.00 999 1009.7  26.7  27.5  24.1 99.0 99.00
2026 01 15 23 40  47  6.3  7.6  1.64  7.14  5.02 102 1009.8  26.6  27.5  24.6 99.0 99.00
2026 01 15 23 50  55  6.5  8.6 99.00 99.00 99.00 999 1009.7  26.8  27.5  24.7 99.0 99.00
2026 01 16 00 00  70  8.0  9.8 99.00 99.00 99.00 999 1009.9  27.3  27.5  24.6 99.0 99.00
2026 01 16 00 10  69  7.5  9.4  1.68  6.67  5.18  94 1010.1  27.5  27.5  24.6 99.0 99.00
2026 01 16 00 20  64  7.4  9.1 99.00 99.00 99.00 999 1010.3  27.6  27.5  24.5 99.0 99.00
2026 01 16 00 30  60  7.6  9.3 99.00 99.00 99.00 999 1010.4  27.5  27.5  24.3 99.0 99.00
2026 01 16 00 40  61  7.4  8.8  1.81  7.14  5.21 102 1010.4  27.5  27.5  24.2 99.0 99.00
2026 01 16 00 50  55  7.1  8.5 99.00 99.00 99.00 999 1010.5  27.6  27.5  24.5 99.0 99.00
2026 01 16 01 00  59  7.5  9.0 99.00 99.00 99.00 999 1010.7  27.6  27.5  24.5 99.0 99.00
2026 01 16 01 10  54  7.5  8.8  1.83  7.14  5.23  94 1010.8  27.6  27.5  24.5 99.0 99.00
2026 01 16 01 20  56  7.2  8.6 99.00 99.00 99.00 999 1010.9  27.6  27.5  24.7 99.0 99.00
2026 01 16 01 30  59  7.1  8.8 99.00 99.00 99.00 999 1011.0  27.5  27.5  24.6 99.0 99.00
2026 01 16 01 40  59  7.4  9.1  1.68  7.14  5.11  96 1011.0  27.5  27.5  24.5 99.0 99.00
2026 01 16 01 50  60  7.5  9.2 99.00 99.00 99.00 999 1011.0  27.6  27.5  24.5 99.0 99.00
2026 01 16 02 00  64  7.6  9.0 99.00 99.00 99.00 999 1011.2  27.6  27.6  24.5 99.0 99.00
2026 01 16 02 10  65  7.9  9.5  1.71  5.88  5.05  87 1011.1  27.6  27.6  24.4 99.0 99.00
2026 01 16 02 20  66  7.7  9.2 99.00 99.00 99.00 999 1011.2  27.6  27.6  24.7 99.0 99.00
2026 01 16 02 30  63  8.3  9.8 99.00 99.00 99.00 999 1011.4  27.4  27.6  24.5 99.0 99.00
2026 01 16 02 40  60  8.3 10.1  1.78  6.67  5.16  91 1011.3  27.1  27.5  24.3 99.0 99.00
2026 01 16 02 50  60  7.7  9.3 99.00 99.00 99.00 999 1011.3  27.1  27.5  24.5 99.0 99.00
2026 01 16 03 00  63  8.1 10.0 99.00 99.00 99.00 999 1011.1  27.2  27.5  24.8 99.0 99.00
2026 01 16 03 10  61  8.3 10.3  1.65  7.14  5.07 106 1011.1  27.4  27.5  25.0 99.0 99.00
2026 01 16 03 20  62  9.0 10.9 99.00 99.00 99.00 999 1011.0  27.4  27.5  24.8 99.0 99.00
2026 01 16 03 30  63  9.6 11.7 99.00 99.00 99.00 999 1011.0  27.5  27.5  24.5 99.0 99.00
2026 01 16 03 40  63  9.4 11.1  1.55  6.67  4.84  95 1010.9  27.4  27.5  24.4 99.0 99.00
2026 01 16 03 50  63  8.7 10.5 99.00 99.00 99.00 999 1010.9  27.4  27.5  24.6 99.0 99.00
2026 01 16 04 00  64  8.4 10.4 99.00 99.00 99.00 999 1010.9  27.4  27.5  24.6 99.0 99.00
2026 01 16 04 10  64  8.1  9.8  1.67  7.14  5.00 117 1010.7  27.4  27.5  24.7 99.0 99.00
2026 01 16 04 20  63  7.8  9.1 99.00 99.00 99.00 999 1010.8  27.4  27.5  24.8 99.0 99.00
2026 01 16 04 30  68  8.2  9.9 99.00 99.00 99.00 999 1010.7  27.4  27.5  24.9 99.0 99.00
2026 01 16 04 40  66  8.8 10.5  1.60  6.67  4.90  95 1010.7  27.4  27.5  24.7 99.0 99.00
2026 01 16 04 50  62  9.1 10.8 99.00 99.00 99.00 999 1010.5  27.4  27.5  24.6 99.0 99.00
2026 01 16 05 00  61  8.7 10.3 99.00 99.00 99.00 999 1010.6  27.5  27.5  24.7 99.0 99.00
2026 01 16 05 10  63  8.7 10.9  1.80  7.14  5.18 108 1010.7  27.5  27.5  24.6 99.0 99.00
2026 01 16 05 20  61  8.3 10.1 99.00 99.00 99.00 999 1010.7  27.5  27.6  24.7 99.0 99.00
2026 01 16 05 30  61  8.2  9.8 99.00 99.00 99.00 999 1010.6  27.5  27.6  24.7 99.0 99.00
2026 01 16 05 40  66  8.8 10.5  1.65  7.14  5.06 105 1010.6  27.4  27.6  24.4 99.0 99.00
2026 01 16 05 50  72  8.5 10.2 99.00 99.00 99.00 999 1010.5  27.5  27.6  24.5 99.0 99.00
2026 01 16 06 00  67  7.8  9.6 99.00 99.00 99.00 999 1010.5  27.6  27.6  24.8 99.0 99.00
2026 01 16 06 10  64  8.3 10.1  1.73  6.67  5.17 106 1010.2  27.5  27.6  24.7 99.0 99.00
2026 01 16 06 20  67  7.7  9.5 99.00 99.00 99.00 999 1010.2  27.4  27.6  24.6 99.0 99.00
2026 01 16 06 30  64  7.7  9.1 99.00 99.00 99.00 999 1009.9  27.4  27.6  24.6 99.0 99.00
2026 01 16 06 40  66  7.7  9.7  1.72  7.14  5.12 110 1009.9  27.4  27.6  24.5 99.0 99.00
2026 01 16 06 50  67  7.3  8.9 99.00 99.00 99.00 999 1009.7  27.5  27.6  24.7 99.0 99.00
2026 01 16 07 00  62  7.7  9.3 99.00 99.00 99.00 999 1009.6  27.4  27.6  24.6 99.0 99.00
2026 01 16 07 10  63  7.7  9.3  1.64  7.14  5.00 105 1009.5  27.4  27.6  24.6 99.0 99.00
2026 01 16 07 20  66  8.1  9.7 99.00 99.00 99.00 999 1009.4  27.4  27.6  24.3 99.0 99.00
2026 01 16 07 30  72  7.3  8.9 99.00 99.00 99.00 999 1009.5  27.5  27.5  24.5 99.0 99.00
2026 01 16 07 40  75  7.3  8.3  1.60  7.14  4.92 115 1009.5  27.5  27.5  24.6 99.0 99.00
2026 01 16 07 50  61  6.7  8.1 99.00 99.00 99.00 999 1009.4  27.5  27.5  24.8 99.0 99.00
2026 01 16 08 00  58  6.7  8.3 99.00 99.00 99.00 999 1009.4  27.4  27.5  24.9 99.0 99.00
2026 01 16 08 10  61  8.3 11.2  1.70  7.14  5.18 103 1009.5  26.8  27.5  24.1 99.0 99.00
2026 01 16 08 20  52  5.3  6.8 99.00 99.00 99.00 999 1009.4  26.4  27.5  24.0 99.0 99.00
2026 01 16 08 30  64  6.4  8.1 99.00 99.00 99.00 999 1009.3  27.1  27.5  24.8 99.0 99.00
2026 01 16 08 40  67  7.3  8.8  1.75  7.14  5.30 104 1009.3  27.4  27.5  24.8 99.0 99.00
2026 01 16 08 50  57  8.6 10.1 99.00 99.00 99.00 999 1009.4  27.0  27.5  24.3 99.0 99.00
2026 01 16 09 00  53  8.4 10.9 99.00 99.00 99.00 999 1009.7  26.6  27.5  23.8 99.0 99.00
2026 01 16 09 10  58  9.3 11.5  1.69  7.14  5.07 101 1009.8  26.6  27.5  24.1 99.0 99.00
2026 01 16 09 20  59  9.0 11.7 99.00 99.00 99.00 999 1009.9  25.9  27.5  23.7 99.0 99.00
2026 01 16 09 30  73  9.6 12.4 99.00 99.00 99.00 999 1010.0  26.1  27.5  23.8 99.0 99.00
2026 01 16 09 40  73  9.4 11.2  1.68  7.14  4.98 107 1010.2  26.3  27.5  24.1 99.0 99.00
2026 01 16 09 50  90 10.2 12.5 99.00 99.00 99.00 999 1010.2  25.8  27.5  23.8 99.0 99.00
2026 01 16 10 00  79  9.2 11.5 99.00 99.00 99.00 999 1009.9  25.8  27.5  24.1 99.0 99.00
2026 01 16 10 10  84  8.5 10.5  1.68  7.14  5.04 106 1009.7  26.1  27.5  24.3 99.0 99.00
2026 01 16 10 20  71  7.1  8.7 99.00 99.00 99.00 999 1009.5  26.4  27.5  24.6 99.0 99.00
2026 01 16 10 30  65  7.7  9.4 99.00 99.00 99.00 999 1009.9  26.7  27.5  24.9 99.0 99.00
2026 01 16 10 40  65  7.3  8.4  1.64  7.14  5.03 106 1010.2  26.9  27.5  24.9 99.0 99.00
2026 01 16 10 50  70  7.3  8.9 99.00 99.00 99.00 999 1010.3  27.0  27.5  24.7 99.0 99.00
2026 01 16 11 00  66  6.8  8.6 99.00 99.00 99.00 999 1010.5  27.2  27.5  24.9 99.0 99.00
2026 01 16 11 10  73  9.1 14.2  1.72  7.14  5.40 106 1010.4  27.2  27.5  24.7 99.0 99.00
2026 01 16 11 20  94 11.4 14.8 99.00 99.00 99.00 999 1010.6  26.0  27.5  23.9 99.0 99.00
2026 01 16 11 30  99 10.3 13.0 99.00 99.00 99.00 999 1010.9  25.7  27.5  24.0 99.0 99.00
2026 01 16 11 40 107  9.5 11.3  1.86  7.14  5.19 110 1011.3  25.6 999.0  23.8 99.0 99.00
2026 01 16 11 50 107  8.4 10.0 99.00 99.00 99.00 999 1011.3  25.7  27.5  24.1 99.0 99.00
2026 01 16 12 00 107  8.1  9.6 99.00 99.00 99.00 999 1011.4  25.6  27.5  23.9 99.0 99.00
2026 01 16 12 10  98  6.9  9.0  1.82  7.69  5.12 106 1011.6  25.9  27.5  24.1 99.0 99.00
2026 01 16 12 20  80  6.9  8.8 99.00 99.00 99.00 999 1011.6  26.0  27.5  24.2 99.0 99.00
2026 01 16 12 30  81  5.4  7.3 99.00 99.00 99.00 999 1012.0  26.1  27.5  24.3 99.0 99.00
2026 01 16 12 40  72  5.4  7.1  1.71  6.67  5.09  96 1011.9  26.3  27.5  24.4 99.0 99.00
2026 01 16 12 50  65  6.2  7.8 99.00 99.00 99.00 999 1012.2  26.6  27.5  24.4 99.0 99.00
2026 01 16 13 00  66  7.0  8.7 99.00 99.00 99.00 999 1012.4  26.7  27.5  24.5 99.0 99.00
2026 01 16 13 10  71  7.3  8.8  1.71  7.14  5.13 105 1012.4  26.8  27.5  24.5 99.0 99.00
2026 01 16 13 20  76  8.4  9.8 99.00 99.00 99.00 999 1012.4  27.0  27.5  24.6 99.0 99.00
2026 01 16 13 30  78  8.5  9.9 99.00 99.00 99.00 999 1012.6  27.0  27.6  24.4 99.0 99.00
2026 01 16 13 40  74  8.3  9.4  1.72  6.67  5.11  94 1013.0  26.8  27.5  24.3 99.0 99.00
2026 01 16 13 50  62  9.0 10.6 99.00 99.00 99.00 999 1013.1  26.8  27.5  24.4 99.0 99.00
2026 01 16 14 00  49 10.4 15.5 99.00 99.00 99.00 999 1012.9  26.3  27.5  23.9 99.0 99.00
2026 01 16 14 10  29 12.4 15.7  1.76  7.14  5.07 103 1012.8  25.1  27.5  23.3 99.0 99.00
2026 01 16 14 20  36 12.2 14.8 99.00 99.00 99.00 999 1012.9  25.1  27.5  23.4 99.0 99.00
2026 01 16 14 30  55 13.4 16.6 99.00 99.00 99.00 999 1012.9  25.2  27.5  23.3 99.0 99.00
2026 01 16 14 40  57 13.1 15.6  2.02  7.14  5.06  93 1012.8  24.7  27.5  23.2 99.0 99.00
2026 01 16 14 50  57 12.1 15.5 99.00 99.00 99.00 999 1012.5  24.3  27.5  23.1 99.0 99.00
2026 01 16 15 00  48 12.3 14.6 99.00 99.00 99.00 999 1012.5  24.3  27.5  22.8 99.0 99.00
2026 01 16 15 10  44 12.3 14.6  1.89  6.67  4.99  84 1012.5  24.6  27.5  22.6 99.0 99.00
2026 01 16 15 20  46 10.7 13.6 99.00 99.00 99.00 999 1012.6  25.3  27.5  23.0 99.0 99.00
2026 01 16 15 30  42 10.1 12.1 99.00 99.00 99.00 999 1012.0  25.8  27.5  23.5 99.0 99.00
2026 01 16 15 40  48  9.0 10.7  1.89  7.14  5.12  97 1012.1  26.0  27.5  23.8 99.0 99.00
2026 01 16 15 50  57  8.7 10.2 99.00 99.00 99.00 999 1011.6  26.0  27.5  23.8 99.0 99.00
2026 01 16 16 00  67  9.4 11.4 99.00 99.00 99.00 999 1011.3  26.1  27.5  24.0 99.0 99.00
2026 01 16 16 10  72  9.8 12.1  2.01  7.69  5.37  98 1011.3  26.1  27.5  23.9 99.0 99.00
2026 01 16 16 20  74 10.3 12.1 99.00 99.00 99.00 999 1011.5  26.1  27.5  23.7 99.0 99.00
2026 01 16 16 30  70 10.9 12.6 99.00 99.00 99.00 999 1011.3  26.0  27.5  23.6 99.0 99.00
2026 01 16 16 40  72 10.4 12.4  1.98  6.25  5.18  59 1011.5  25.8  27.5  23.7 99.0 99.00
2026 01 16 16 50  72  9.3 11.4 99.00 99.00 99.00 999 1011.5  25.7  27.5  23.9 99.0 99.00
2026 01 16 17 00  78  9.9 12.0 99.00 99.00 99.00 999 1011.5  25.8  27.5  24.1 99.0 99.00
2026 01 16 17 10  76 10.3 12.4  2.08  6.25  5.20  59 1011.3  25.4  27.5  23.7 99.0 99.00
2026 01 16 17 20  72 10.9 13.3 99.00 99.00 99.00 999 1011.1  25.7  27.5  23.6 99.0 99.00
2026 01 16 17 30  75 10.8 13.3 99.00 99.00 99.00 999 1010.9  25.8  27.5  23.6 99.0 99.00
2026 01 16 17 40  73 12.2 15.5  2.17  6.67  5.33  67 1010.9  25.9  27.5  23.6 99.0 99.00
2026 01 16 17 50  67 12.4 15.0 99.00 99.00 99.00 999 1010.8  25.6  27.5  23.1 99.0 99.00
2026 01 16 18 00  69 12.3 16.1 99.00 99.00 99.00 999 1010.5  26.0  27.5  23.8 99.0 99.00
2026 01 16 18 10  78 11.2 13.7  2.40  6.25  5.42  72 1010.3  26.2  27.5  24.4 99.0 99.00
2026 01 16 18 20  84 11.5 14.4 99.00 99.00 99.00 999 1010.4  26.2  27.5  23.8 99.0 99.00
2026 01 16 18 30  77 12.6 15.9 99.00 99.00 99.00 999 1010.3  25.9  27.5  23.1 99.0 99.00
2026 01 16 18 40  85 12.6 15.2  2.45  7.14  5.34  74 1010.1  25.8 999.0  23.4 99.0 99.00
2026 01 16 18 50  89 12.7 15.3 99.00 99.00 99.00 999 1010.0  25.5  27.5  23.4 99.0 99.00
2026 01 16 19 00  92 14.0 17.6 99.00 99.00 99.00 999 1009.7  25.4  27.5  23.3 99.0 99.00
2026 01 16 19 10  89 13.9 18.0  2.52  7.69  5.31  87 1009.5  24.9  27.5  22.7 99.0 99.00
2026 01 16 19 20  92 14.0 17.4 99.00 99.00 99.00 999 1009.4  25.5  27.5  22.3 99.0 99.00
2026 01 16 19 30  94 12.9 15.8 99.00 99.00 99.00 999 1009.2  25.6  27.5  23.1 99.0 99.00
2026 01 16 19 40  94 12.8 16.8  2.66  6.25  5.45  86 1008.7  25.6  27.5  23.4 99.0 99.00
2026 01 16 19 50 100 13.8 17.0 99.00 99.00 99.00 999 1008.6  25.6  27.5  23.5 99.0 99.00
2026 01 16 20 00  99 12.6 16.0 99.00 99.00 99.00 999 1008.5  25.8  27.5  23.8 99.0 99.00
2026 01 16 20 10 100 11.8 14.6  2.78  7.69  5.71  98 1008.5  26.0  27.5  24.2 99.0 99.00
2026 01 16 20 20 104 12.4 14.8 99.00 99.00 99.00 999 1008.4  26.2  27.5  24.4 99.0 99.00
2026 01 16 20 30 101 11.5 13.8 99.00 99.00 99.00 999 1008.3  26.6  27.5  24.6 99.0 99.00
2026 01 16 20 40 101 12.5 14.5  2.58  7.69  5.61  88 1008.3  27.0  27.5  24.6 99.0 99.00
2026 01 16 20 50 100 11.7 14.1 99.00 99.00 99.00 999 1008.4  27.1  27.5  24.8 99.0 99.00
2026 01 16 21 00  96 11.8 14.0 99.00 99.00 99.00 999 1008.3  27.2  27.5  25.0 99.0 99.00
2026 01 16 21 10  98 11.9 14.3  2.58  7.69  5.73 100 1008.1  27.2  27.5  25.0 99.0 99.00
2026 01 16 21 20  94 11.3 14.0 99.00 99.00 99.00 999 1008.2  27.4  27.5  25.1 99.0 99.00
2026 01 16 21 30  96 10.7 12.9 99.00 99.00 99.00 999 1008.5  27.4  27.6  25.2 99.0 99.00
2026 01 16 21 40  96 10.7 12.7  2.12  7.14  5.20 100 1008.5  27.4  27.6  25.0 99.0 99.00
2026 01 16 21 50  97 10.5 12.3 99.00 99.00 99.00 999 1008.6  27.5  27.6  25.1 99.0 99.00
2026 01 16 22 00  95 11.0 13.2 99.00 99.00 99.00 999 1008.6  27.5  27.6  25.1 99.0 99.00
2026 01 16 22 10  95 10.4 12.8  2.24  7.14  5.42  87 1008.6  27.5  27.6  25.1 99.0 99.00
2026 01 16 22 20  94 10.3 12.2 99.00 99.00 99.00 999 1008.8  27.5  27.6  25.0 99.0 99.00
2026 01 16 22 30  95 10.2 12.4 99.00 99.00 99.00 999 1009.0  27.5  27.6  24.8 99.0 99.00
2026 01 16 22 40  95  9.1 11.2  2.20  7.69  5.41 102 1009.1  27.6  27.6  25.0 99.0 99.00
2026 01 16 22 50 100  9.7 11.8 99.00 99.00 99.00 999 1009.2  27.6  27.6  24.9 99.0 99.00
2026 01 16 23 00 103  9.5 11.4 99.00 99.00 99.00 999 1009.5  27.6  27.6  24.7 99.0 99.00
2026 01 16 23 10 101  9.0 10.8  2.29  7.14  5.48  97 1009.7  27.7  27.6  24.9 99.0 99.00
2026 01 16 23 20  96  8.8 11.5 99.00 99.00 99.00 999 1009.9  27.7  27.6  25.0 99.0 99.00
2026 01 16 23 30  95  9.4 11.2 99.00 99.00 99.00 999 1009.9  27.6  27.6  24.9 99.0 99.00
2026 01 16 23 40  95  8.8 10.5  2.28  7.14  5.54  98 1010.0  27.7  27.6  25.0 99.0 99.00
2026 01 16 23 50  92  9.3 11.1 99.00 99.00 99.00 999 1010.2  27.6  27.6  24.9 99.0 99.00
2026 01 17 00 00  90  9.3 11.7 99.00 99.00 99.00 999 1010.2  27.7  27.6  25.1 99.0 99.00
2026 01 17 00 10  88  9.3 11.9  2.30  7.14  5.59 100 1010.4  27.7  27.6  25.1 99.0 99.00
2026 01 17 00 20  81  9.5 11.9 99.00 99.00 99.00 999 1010.6  27.6  27.6  25.0 99.0 99.00
2026 01 17 00 30  79 10.0 12.6 99.00 99.00 99.00 999 1010.8  27.6  27.5  24.9 99.0 99.00
2026 01 17 00 40  77 10.0 12.2  2.24  7.69  5.48 109 1011.0  27.7  27.6  25.0 99.0 99.00
2026 01 17 00 50  77  9.2 11.2 99.00 99.00 99.00 999 1011.2  27.7  27.6  25.0 99.0 99.00
2026 01 17 01 00  77  9.3 11.4 99.00 99.00 99.00 999 1011.3  27.7  27.6  25.0 99.0 99.00
2026 01 17 01 10  74  9.4 11.5  2.38  7.69  5.62 102 1011.5  27.7  27.5  24.9 99.0 99.00
2026 01 17 01 20  74  9.3 11.7 99.00 99.00 99.00 999 1011.6  27.7  27.5  25.0 99.0 99.00
2026 01 17 01 30  76  9.5 11.7 99.00 99.00 99.00 999 1011.7  27.7  27.5  24.9 99.0 99.00
2026 01 17 01 40  76  9.5 11.2  2.27  7.69  5.53 105 1011.8  27.7  27.5  24.9 99.0 99.00
2026 01 17 01 50  75  8.9 11.1 99.00 99.00 99.00 999 1011.9  27.7  27.5  25.1 99.0 99.00
2026 01 17 02 00  72  8.9 11.2 99.00 99.00 99.00 999 1011.9  27.7  27.5  25.2 99.0 99.00
2026 01 17 02 10  72  9.8 11.6  2.31  7.69  5.63 105 1012.1  27.7  27.5  25.0 99.0 99.00
2026 01 17 02 20  69 10.0 12.0 99.00 99.00 99.00 999 1012.1  27.7  27.5  25.0 99.0 99.00
2026 01 17 02 30  72  9.6 11.8 99.00 99.00 99.00 999 1012.2  27.7  27.5  25.0 99.0 99.00
2026 01 17 02 40  74  9.6 11.4  2.36  7.14  5.60 101 1012.4  27.7  27.5  24.8 99.0 99.00
2026 01 17 02 50  74  9.3 11.0 99.00 99.00 99.00 999 1012.4  27.7  27.5  24.8 99.0 99.00
2026 01 17 03 00  71  9.2 11.6 99.00 99.00 99.00 999 1012.4  27.6  27.5  25.0 99.0 99.00
2026 01 17 03 10  72  8.8 10.6  2.39  7.69  5.60 107 1012.4  27.5  27.5  25.2 99.0 99.00
2026 01 17 03 20  75  9.4 12.4 99.00 99.00 99.00 999 1012.4  27.5  27.5  25.2 99.0 99.00
2026 01 17 03 30  76  9.8 11.7 99.00 99.00 99.00 999 1012.4  27.6  27.5  25.0 99.0 99.00
2026 01 17 03 40  75  9.9 12.6  2.68  7.69  5.80 107 1012.4  27.6  27.5  25.0 99.0 99.00
2026 01 17 03 50  79 10.1 12.5 99.00 99.00 99.00 999 1012.3  27.6  27.5  25.0 99.0 99.00
2026 01 17 04 00  80 11.2 13.5 99.00 99.00 99.00 999 1012.1  27.6  27.5  24.9 99.0 99.00
2026 01 17 04 10  78 10.6 13.4  2.57  7.69  5.72 111 1012.1  27.6  27.5  24.8 99.0 99.00
2026 01 17 04 20  78 10.2 11.9 99.00 99.00 99.00 999 1011.9  27.6  27.5  24.9 99.0 99.00
2026 01 17 04 30  77 10.2 12.8 99.00 99.00 99.00 999 1011.9  27.6  27.5  24.9 99.0 99.00
2026 01 17 04 40  79 10.5 12.7  2.45  7.69  5.69 103 1011.7  27.6  27.5  24.9 99.0 99.00
2026 01 17 04 50  78 10.0 12.1 99.00 99.00 99.00 999 1011.6  27.5  27.5  24.9 99.0 99.00
2026 01 17 05 00  81 10.4 13.3 99.00 99.00 99.00 999 1011.5  27.5  27.5  24.8 99.0 99.00
2026 01 17 05 10  79 10.7 13.3  2.28  7.69  5.67 103 1011.4  27.5  27.5  24.8 99.0 99.00
2026 01 17 05 20  81 10.7 13.5 99.00 99.00 99.00 999 1011.3  27.5  27.5  24.8 99.0 99.00
2026 01 17 05 30  77 11.0 14.2 99.00 99.00 99.00 999 1011.2  27.5  27.5  24.8 99.0 99.00
2026 01 17 05 40  84 11.5 14.8  2.43  7.69  5.55 106 1011.1  27.5  27.5  24.8 99.0 99.00
2026 01 17 05 50  83 11.4 14.1 99.00 99.00 99.00 999 1011.0  27.5  27.4  24.7 99.0 99.00
2026 01 17 06 00  79 10.9 13.2 99.00 99.00 99.00 999 1010.9  27.5  27.4  24.8 99.0 99.00
2026 01 17 06 10  81 11.2 13.7  2.70  7.69  5.75 110 1010.8  27.5  27.4  24.6 99.0 99.00
2026 01 17 06 20  78 11.2 13.7 99.00 99.00 99.00 999 1010.5  27.5  27.4  24.7 99.0 99.00
2026 01 17 06 30  76 11.4 14.4 99.00 99.00 99.00 999 1010.5  27.3  27.4  24.6 99.0 99.00
2026 01 17 06 40  76 10.9 13.5  2.43  7.14  5.49 105 1010.4  27.2  27.4  24.7 99.0 99.00
2026 01 17 06 50  79 10.3 12.9 99.00 99.00 99.00 999 1010.2  27.3  27.5  24.8 99.0 99.00
2026 01 17 07 00  79 10.7 13.1 99.00 99.00 99.00 999 1010.1  27.3  27.5  24.7 99.0 99.00
2026 01 17 07 10  82 10.8 13.7  2.62  7.69  5.75 108 1010.0  27.4  27.5  24.6 99.0 99.00
2026 01 17 07 20  82 10.6 13.2 99.00 99.00 99.00 999 1010.0  27.5  27.4  24.6 99.0 99.00
2026 01 17 07 30  78 10.6 14.1 99.00 99.00 99.00 999 1010.0  27.5  27.4  24.5 99.0 99.00
2026 01 17 07 40  78 10.9 13.0  2.45  7.69  5.61 101 1010.0  27.5  27.4  24.2 99.0 99.00
2026 01 17 07 50  76 11.0 13.7 99.00 99.00 99.00 999 1010.0  27.5  27.5  24.1 99.0 99.00
2026 01 17 08 00  75 10.4 12.9 99.00 99.00 99.00 999 1010.0  27.6  27.5  24.2 99.0 99.00
2026 01 17 08 10  74 10.4 12.4  2.68  7.69  5.91 108 1010.0  27.5  27.5  24.3 99.0 99.00
2026 01 17 08 20  76 10.7 13.1 99.00 99.00 99.00 999 1010.0  27.4  27.5  24.3 99.0 99.00
2026 01 17 08 30  75 11.1 13.6 99.00 99.00 99.00 999 1010.0  27.3  27.5  24.2 99.0 99.00
2026 01 17 08 40  72 10.2 13.1  2.60  7.14  5.70 111 1010.0  27.3  27.5  24.5 99.0 99.00
2026 01 17 08 50  74 10.9 12.9 99.00 99.00 99.00 999 1010.0  27.2  27.5  24.3 99.0 99.00
2026 01 17 09 00  73 11.2 13.3 99.00 99.00 99.00 999 1010.1  27.4  27.5  24.1 99.0 99.00
2026 01 17 09 10  74 11.5 13.9  2.69  7.69  5.80 117 1010.2  27.4  27.5  23.7 99.0 99.00
2026 01 17 09 20  76 11.2 13.2 99.00 99.00 99.00 999 1010.2  27.5  27.5  23.7 99.0 99.00
2026 01 17 09 30  77 10.9 13.5 99.00 99.00 99.00 999 1010.3  27.5  27.5  23.7 99.0 99.00
2026 01 17 09 40  85 11.1 13.7  2.77  7.69  5.87 107 1010.3  27.5  27.5  23.3 99.0 99.00
2026 01 17 09 50  88 10.9 13.7 99.00 99.00 99.00 999 1010.5  27.5  27.5  23.3 99.0 99.00
2026 01 17 10 00  90 11.3 13.8 99.00 99.00 99.00 999 1010.6  27.5  27.5  23.4 99.0 99.00
2026 01 17 10 10  86 10.7 13.2  2.54  7.14  5.70 114 1010.8  27.5  27.5  23.6 99.0 99.00
2026 01 17 10 20  78 10.9 13.5 99.00 99.00 99.00 999 1011.0  27.5  27.6  23.4 99.0 99.00
2026 01 17 10 30  83 10.9 13.3 99.00 99.00 99.00 999 1011.0  27.5  27.6  23.3 99.0 99.00
2026 01 17 10 40  83 10.8 13.1  2.54  7.69  5.73 120 1011.0  27.5  27.6  23.5 99.0 99.00
2026 01 17 10 50  82 10.6 13.0 99.00 99.00 99.00 999 1011.1  27.5  27.6  23.4 99.0 99.00
2026 01 17 11 00  80 11.4 13.9 99.00 99.00 99.00 999 1011.0  27.5  27.6  23.4 99.0 99.00
2026 01 17 11 10  81 12.3 15.2  2.84  7.69  5.91 108 1011.2  27.5  27.5  23.0 99.0 99.00
2026 01 17 11 20  79 12.1 14.6 99.00 99.00 99.00 999 1011.3  27.6  27.5  23.3 99.0 99.00
2026 01 17 11 30  78 11.9 14.5 99.00 99.00 99.00 999 1011.4  27.5  27.5  23.2 99.0 99.00
2026 01 17 11 40  80 11.2 13.6  2.75  7.14  5.95 114 1011.7  27.5  27.5  23.3 99.0 99.00
2026 01 17 11 50  81 11.2 13.9 99.00 99.00 99.00 999 1011.8  27.5  27.5  23.5 99.0 99.00
2026 01 17 12 00  80 12.2 14.4 99.00 99.00 99.00 999 1011.9  27.5  27.5  23.1 99.0 99.00
2026 01 17 12 10  82 11.7 14.4  2.79  7.69  5.76 110 1012.0  27.6  27.5  23.4 99.0 99.00
2026 01 17 12 20  82 11.3 14.6 99.00 99.00 99.00 999 1012.2  27.6  27.5  23.4 99.0 99.00
2026 01 17 12 30  80 11.5 14.1 99.00 99.00 99.00 999 1012.4  27.6  27.5  23.3 99.0 99.00
2026 01 17 12 40  81 11.1 13.6  2.98  7.14  5.91 109 1012.6  27.7  27.5  23.4 99.0 99.00
2026 01 17 12 50  78 10.2 12.7 99.00 99.00 99.00 999 1012.6  27.6  27.5  23.6 99.0 99.00
2026 01 17 13 00  78 10.2 12.6 99.00 99.00 99.00 999 1012.7  27.6  27.5  23.6 99.0 99.00
2026 01 17 13 10  79 11.0 13.4  2.74  7.69  5.90 116 1012.9  27.6  27.5  23.5 99.0 99.00
2026 01 17 13 20  79 10.9 13.8 99.00 99.00 99.00 999 1013.0  27.7  27.5  23.6 99.0 99.00
2026 01 17 13 30  74 10.7 13.0 99.00 99.00 99.00 999 1013.1  27.6  27.5  23.7 99.0 99.00
2026 01 17 13 40  76 10.4 12.8  2.76  7.69  6.05 104 1013.2  27.6  27.5  24.0 99.0 99.00
2026 01 17 13 50  75 11.4 13.9 99.00 99.00 99.00 999 1013.1  27.6  27.5  23.7 99.0 99.00
2026 01 17 14 00  77 11.4 14.3 99.00 99.00 99.00 999 1013.0  27.7  27.5  23.8 99.0 99.00
2026 01 17 14 10  78 11.1 14.3  3.11  7.69  6.21 114 1013.2  27.7  27.5  23.8 99.0 99.00
2026 01 17 14 20  82 11.7 13.9 99.00 99.00 99.00 999 1013.3  27.7  27.5  23.5 99.0 99.00
2026 01 17 14 30  80 11.2 14.1 99.00 99.00 99.00 999 1013.3  27.7  27.5  23.6 99.0 99.00
2026 01 17 14 40  79 10.5 13.0  2.73  7.69  5.87 113 1013.3  27.7  27.5  23.7 99.0 99.00
2026 01 17 14 50  77 10.7 13.4 99.00 99.00 99.00 999 1013.3  27.7  27.5  23.9 99.0 99.00
2026 01 17 15 00  75 10.5 12.7 99.00 99.00 99.00 999 1013.3  27.6  27.5  23.9 99.0 99.00
2026 01 17 15 10  74 10.6 12.6  2.76  7.69  5.84 108 1013.2  27.6  27.5  23.9 99.0 99.00
2026 01 17 15 20  75 11.2 13.2 99.00 99.00 99.00 999 1013.1  27.6  27.5  23.8 99.0 99.00
2026 01 17 15 30  77 11.0 13.0 99.00 99.00 99.00 999 1013.1  27.7  27.5  23.7 99.0 99.00
2026 01 17 15 40  77 11.4 13.8  2.64  7.69  5.88 124 1013.0  27.8  27.5  23.5 99.0 99.00
2026 01 17 15 50  77 11.3 14.4 99.00 99.00 99.00 999 1012.8  27.8  27.5  23.7 99.0 99.00
2026 01 17 16 00  78 12.0 14.9 99.00 99.00 99.00 999 1012.8  27.8  27.5  23.4 99.0 99.00
2026 01 17 16 10  80 11.7 14.0  2.92  8.33  6.16 119 1012.8  27.8  27.5  23.5 99.0 99.00
2026 01 17 16 20  80 10.6 13.1 99.00 99.00 99.00 999 1012.6  27.8  27.5  24.0 99.0 99.00
2026 01 17 16 30  77 11.1 13.9 99.00 99.00 99.00 999 1012.5  27.6  27.5  23.7 99.0 99.00
2026 01 17 16 40  76 11.7 14.1  2.68  8.33  5.90 117 1012.4  27.7  27.6  23.4 99.0 99.00
2026 01 17 16 50  75 11.0 14.0 99.00 99.00 99.00 999 1012.2  27.7  27.5  23.7 99.0 99.00
2026 01 17 17 00  76 11.3 13.7 99.00 99.00 99.00 999 1012.1  27.7  27.5  23.8 99.0 99.00
2026 01 17 17 10  74 11.0 13.0  2.96  8.33  6.00 111 1012.1  27.7  27.5  23.9 99.0 99.00
2026 01 17 17 20  75 11.6 14.9 99.00 99.00 99.00 999 1012.0  27.6  27.6  23.7 99.0 99.00
2026 01 17 17 30  76 11.1 14.3 99.00 99.00 99.00 999 1011.9  27.7  27.6  23.8 99.0 99.00
2026 01 17 17 40  77 11.0 14.8  2.70  7.69  5.86 106 1011.7  27.7  27.6  23.8 99.0 99.00
2026 01 17 17 50  76 10.8 13.2 99.00 99.00 99.00 999 1011.5  27.7  27.6  23.9 99.0 99.00
2026 01 17 18 00  71 11.2 13.4 99.00 99.00 99.00 999 1011.3  27.6  27.6  23.9 99.0 99.00
2026 01 17 18 10  74 11.3 14.4  3.05  7.69  6.23 114 1011.2  27.6  27.6  23.7 99.0 99.00
2026 01 17 18 20  73 11.3 13.5 99.00 99.00 99.00 999 1011.0  27.7  27.6  23.8 99.0 99.00
2026 01 17 18 30  74 11.4 13.7 99.00 99.00 99.00 999 1010.7  27.6  27.6  23.7 99.0 99.00
2026 01 17 18 40  77 11.2 14.1  2.91  8.33  6.10 107 1010.7  27.7  27.6  23.7 99.0 99.00
2026 01 17 18 50  79 11.2 13.9 99.00 99.00 99.00 999 1010.5  27.7  27.6  23.7 99.0 99.00
2026 01 17 19 00  74 11.7 14.3 99.00 99.00 99.00 999 1010.4  27.7  27.6  23.6 99.0 99.00
2026 01 17 19 10  75 11.6 14.0  2.88  8.33  6.03 112 1010.2  27.7 999.0  23.5 99.0 99.00
2026 01 17 19 20  77 11.5 14.0 99.00 99.00 99.00 999 1010.2  27.7  27.6  23.5 99.0 99.00
2026 01 17 19 30  74 11.0 13.9 99.00 99.00 99.00 999 1010.2  27.7  27.6  23.8 99.0 99.00
2026 01 17 19 40  71 11.4 14.0  2.71  8.33  5.96 113 1010.1  27.6  27.6  23.7 99.0 99.00
2026 01 17 19 50  73 11.7 14.3 99.00 99.00 99.00 999 1010.1  27.6  27.6  23.5 99.0 99.00
2026 01 17 20 00  74 11.4 14.5 99.00 99.00 99.00 999 1010.1  27.7  27.6  23.7 99.0 99.00
2026 01 17 20 10  77 11.8 14.0  2.89  7.69  5.92 111 1009.9  27.7  27.6  23.2 99.0 99.00
2026 01 17 20 20  78 11.5 14.2 99.00 99.00 99.00 999 1010.0  27.7  27.6  23.4 99.0 99.00
2026 01 17 20 30  74 11.8 14.5 99.00 99.00 99.00 999 1009.8  27.7  27.6  23.6 99.0 99.00
2026 01 17 20 40  76 11.8 14.2  2.87  8.33  6.02 108 1009.8  27.7  27.6  23.5 99.0 99.00
2026 01 17 20 50  79 11.6 14.4 99.00 99.00 99.00 999 1009.7  27.7  27.6  23.6 99.0 99.00
2026 01 17 21 00  75 12.2 14.9 99.00 99.00 99.00 999 1009.6  27.6  27.6  23.7 99.0 99.00
2026 01 17 21 10  78 12.4 15.3  2.87  8.33  6.00 118 1009.8  27.6  27.6  23.2 99.0 99.00
2026 01 17 21 20  78 12.1 15.3 99.00 99.00 99.00 999 1009.8  27.7  27.6  23.3 99.0 99.00
2026 01 17 21 30  79 11.5 15.1 99.00 99.00 99.00 999 1009.8  27.7  27.6  23.6 99.0 99.00
2026 01 17 21 40  74 12.1 15.0  3.06  8.33  6.04 112 1009.9  27.5  27.6  23.3 99.0 99.00
2026 01 17 21 50  73 12.1 14.4 99.00 99.00 99.00 999 1009.9  27.6  27.6  22.9 99.0 99.00
2026 01 17 22 00  75 11.8 14.3 99.00 99.00 99.00 999 1009.9  27.7  27.6  22.8 99.0 99.00
2026 01 17 22 10  74 12.2 15.0  2.79  8.33  5.78 111 1010.0  27.7  27.6  22.5 99.0 99.00
2026 01 17 22 20  75 12.1 15.0 99.00 99.00 99.00 999 1010.0  27.7  27.6  22.3 99.0 99.00
2026 01 17 22 30  73 11.6 14.4 99.00 99.00 99.00 999 1010.0  27.7  27.6  22.5 99.0 99.00
2026 01 17 22 40  73 11.1 13.4  2.68  7.69  5.84 103 1010.0  27.7  27.6  22.8 99.0 99.00
2026 01 17 22 50  74 12.2 14.9 99.00 99.00 99.00 999 1010.0  27.6  27.6  22.5 99.0 99.00
2026 01 17 23 00  73 11.6 14.2 99.00 99.00 99.00 999 1010.0  27.6  27.6  22.5 99.0 99.00
2026 01 17 23 10  71 12.2 14.2  2.99  8.33  6.15 108 1010.1  27.6  27.6  22.5 99.0 99.00
2026 01 17 23 20  74 11.7 13.9 99.00 99.00 99.00 999 1010.2  27.6  27.6  22.3 99.0 99.00
2026 01 17 23 30  72 11.3 14.1 99.00 99.00 99.00 999 1010.3  27.6  27.6  22.6 99.0 99.00
2026 01 17 23 40  74 12.2 14.2  2.95  8.33  6.13 116 1010.5  27.7  27.6  22.3 99.0 99.00
2026 01 17 23 50  74 11.1 14.0 99.00 99.00 99.00 999 1010.6  27.7  27.6  22.8 99.0 99.00
2026 01 18 00 00  75 11.7 14.6 99.00 99.00 99.00 999 1010.6  27.6  27.6  22.6 99.0 99.00
2026 01 18 00 10  73 11.6 14.3  3.01  8.33  6.07 115 1010.7  27.6  27.6  22.6 99.0 99.00
2026 01 18 00 20  71 10.7 13.0 99.00 99.00 99.00 999 1010.9  27.6  27.6  23.0 99.0 99.00
2026 01 18 00 30  74 11.1 13.3 99.00 99.00 99.00 999 1011.0  27.6  27.6  22.9 99.0 99.00
2026 01 18 00 40  71 11.7 14.1  2.87  8.33  5.88 106 1010.8  27.5  27.6  22.6 99.0 99.00
2026 01 18 00 50  70 11.4 14.0 99.00 99.00 99.00 999 1011.0  27.6  27.6  22.8 99.0 99.00
2026 01 18 01 00  71 11.9 15.1 99.00 99.00 99.00 999 1011.0  27.5  27.6  22.7 99.0 99.00
2026 01 18 01 10  70 12.4 15.0  2.96  8.33  6.03 113 1011.0  27.5  27.5  22.6 99.0 99.00
2026 01 18 01 20  70 12.1 15.0 99.00 99.00 99.00 999 1011.3  27.5  27.5  22.6 99.0 99.00
2026 01 18 01 30  71 11.3 14.0 99.00 99.00 99.00 999 1011.2  27.5  27.6  23.0 99.0 99.00
2026 01 18 01 40  74 12.2 15.0  2.75  7.69  5.91 113 1011.3  27.5  27.6  22.6 99.0 99.00
2026 01 18 01 50  73 11.7 14.7 99.00 99.00 99.00 999 1011.4  27.6  27.5  22.7 99.0 99.00
2026 01 18 02 00  70 11.7 14.2 99.00 99.00 99.00 999 1011.4  27.5  27.5  22.9 99.0 99.00
2026 01 18 02 10  69 12.6 14.9  2.87  8.33  6.01 114 1011.3  27.5  27.5  22.5 99.0 99.00
2026 01 18 02 20  70 12.0 15.2 99.00 99.00 99.00 999 1011.3  27.5  27.5  22.9 99.0 99.00
2026 01 18 02 30  68 11.8 15.5 99.00 99.00 99.00 999 1011.4  27.5  27.5  23.0 99.0 99.00
2026 01 18 02 40  67 11.8 14.1  3.04  7.69  6.08 108 1011.5  27.4  27.5  22.9 99.0 99.00
2026 01 18 02 50  70 10.9 13.7 99.00 99.00 99.00 999 1011.6  27.5  27.5  23.2 99.0 99.00
2026 01 18 03 00  69 10.8 13.0 99.00 99.00 99.00 999 1011.7  27.5  27.5  23.4 99.0 99.00
2026 01 18 03 10  65 12.0 14.2  3.16  8.33  6.16 104 1011.6  27.4  27.5  23.3 99.0 99.00
2026 01 18 03 20  68 11.3 13.8 99.00 99.00 99.00 999 1011.6  27.3  27.5  23.2 99.0 99.00
2026 01 18 03 30  72 10.8 13.3 99.00 99.00 99.00 999 1011.5  27.4  27.5  23.5 99.0 99.00
2026 01 18 03 40  69 11.8 14.4  3.00  8.33  6.20 107 1011.6  27.3  27.5  22.8 99.0 99.00
2026 01 18 03 50  70 12.3 14.9 99.00 99.00 99.00 999 1011.5  27.3  27.5  22.2 99.0 99.00
2026 01 18 04 00  70 12.1 15.2 99.00 99.00 99.00 999 1011.4  27.4  27.5  22.1 99.0 99.00
2026 01 18 04 10  69 11.6 14.2  3.06  7.69  6.04 107 1011.4  27.3  27.5  22.4 99.0 99.00
2026 01 18 04 20  72 11.4 14.1 99.00 99.00 99.00 999 1011.3  27.3  27.5  22.6 99.0 99.00
2026 01 18 04 30  74 11.6 13.6 99.00 99.00 99.00 999 1011.3  27.3  27.5  22.5 99.0 99.00
2026 01 18 04 40  73 11.6 13.9  2.85  8.33  6.05 104 1011.3  27.4  27.5  22.3 99.0 99.00
2026 01 18 04 50  73 11.2 14.3 99.00 99.00 99.00 999 1011.3  27.4  27.5  22.3 99.0 99.00
2026 01 18 05 00  75 10.8 13.5 99.00 99.00 99.00 999 1011.2  27.4  27.5  22.6 99.0 99.00
2026 01 18 05 10  72 11.0 12.9  2.98  7.69  6.15 109 1011.0  27.4  27.5  22.6 99.0 99.00
2026 01 18 05 20  70 10.4 13.5 99.00 99.00 99.00 999 1010.9  27.3  27.5  22.8 99.0 99.00
2026 01 18 05 30  71 11.7 14.7 99.00 99.00 99.00 999 1010.9  27.3  27.5  22.5 99.0 99.00
2026 01 18 05 40  72 11.3 13.6  2.81  7.69  6.01 119 1010.8  27.3  27.5  22.3 99.0 99.00
2026 01 18 05 50  73 10.9 13.3 99.00 99.00 99.00 999 1010.5  27.3  27.5  22.6 99.0 99.00
2026 01 18 06 00  70 11.0 13.3 99.00 99.00 99.00 999 1010.2  27.3  27.5  22.8 99.0 99.00
2026 01 18 06 10  65 11.3 14.1  2.83  8.33  5.98 103 1010.2  27.2  27.5  22.6 99.0 99.00
2026 01 18 06 20  69 10.9 13.4 99.00 99.00 99.00 999 1010.0  27.3  27.5  22.7 99.0 99.00
2026 01 18 06 30  69 11.0 13.5 99.00 99.00 99.00 999 1009.8  27.3  27.5  22.6 99.0 99.00
2026 01 18 06 40  64 12.1 14.6  2.85  8.33  5.95 109 1009.7  27.1  27.5  22.8 99.0 99.00
2026 01 18 06 50  67 11.6 14.2 99.00 99.00 99.00 999 1009.7  27.1  27.5  22.9 99.0 99.00
2026 01 18 07 00  70 11.4 14.8 99.00 99.00 99.00 999 1009.5  27.1  27.5  22.6 99.0 99.00
2026 01 18 07 10  71 11.8 14.7  3.02  8.33  6.19 109 1009.2  27.2  27.5  22.5 99.0 99.00
2026 01 18 07 20  75 10.9 13.7 99.00 99.00 99.00 999 1009.1  27.2  27.5  22.9 99.0 99.00
2026 01 18 07 30  74 10.9 13.1 99.00 99.00 99.00 999 1009.0  27.2  27.5  23.0 99.0 99.00
2026 01 18 07 40  71 11.1 14.4  2.87  8.33  6.10  96 1008.9  27.1  27.5  22.9 99.0 99.00
2026 01 18 07 50  73 11.0 13.2 99.00 99.00 99.00 999 1008.9  27.2  27.5  22.9 99.0 99.00
2026 01 18 08 00  74 11.3 13.4 99.00 99.00 99.00 999 1008.9  27.1  27.5  22.4 99.0 99.00
2026 01 18 08 10  77 10.9 13.3  2.94  8.33  6.03 114 1008.9  27.3  27.5  22.5 99.0 99.00
2026 01 18 08 20  76 10.8 12.6 99.00 99.00 99.00 999 1008.6  27.2  27.5  22.9 99.0 99.00
2026 01 18 08 30  75 11.1 13.8 99.00 99.00 99.00 999 1008.6  27.2  27.5  23.1 99.0 99.00
2026 01 18 08 40  71 11.4 13.9  3.05  8.33  6.23 107 1008.6  27.1  27.5  22.9 99.0 99.00
2026 01 18 08 50  70 11.3 14.0 99.00 99.00 99.00 999 1008.6  27.0  27.5  22.6 99.0 99.00
2026 01 18 09 00  73 11.9 14.6 99.00 99.00 99.00 999 1008.5  27.1  27.4  22.2 99.0 99.00
2026 01 18 09 10  72 11.1 13.3  2.71  7.69  5.86 103 1008.5  27.2  27.5  22.4 99.0 99.00
2026 01 18 09 20  72 11.5 13.6 99.00 99.00 99.00 999 1008.6  27.2  27.4  22.3 99.0 99.00
2026 01 18 09 30  72 11.1 13.5 99.00 99.00 99.00 999 1008.7  27.3  27.4  22.8 99.0 99.00
2026 01 18 09 40  65 11.2 13.5  2.54  7.69  5.69 110 1008.9  27.1  27.5  22.8 99.0 99.00
2026 01 18 09 50  76 11.3 13.8 99.00 99.00 99.00 999 1008.9  27.1  27.5  22.9 99.0 99.00
2026 01 18 10 00  73 10.8 14.2 99.00 99.00 99.00 999 1009.0  27.1  27.5  23.1 99.0 99.00
2026 01 18 10 10  72 11.0 14.2  3.01  8.33  6.17  95 1009.0  27.1  27.5  23.0 99.0 99.00
2026 01 18 10 20  71 10.7 13.8 99.00 99.00 99.00 999 1009.1  27.2  27.4  23.3 99.0 99.00
2026 01 18 10 30  79 11.0 13.8 99.00 99.00 99.00 999 1009.1  27.2  27.5  23.2 99.0 99.00
2026 01 18 10 40  80 10.4 13.0  3.05  8.33  6.08 111 1009.4  27.2  27.4  23.2 99.0 99.00
2026 01 18 10 50  80 10.2 12.4 99.00 99.00 99.00 999 1009.5  27.2  27.4  23.3 99.0 99.00
2026 01 18 11 00  77 10.5 13.1 99.00 99.00 99.00 999 1009.6  27.2  27.4  23.2 99.0 99.00
2026 01 18 11 10  84 10.7 12.7  2.91  8.33  5.96  95 1009.7  27.3  27.4  23.0 99.0 99.00
2026 01 18 11 20  86  9.8 11.5 99.00 99.00 99.00 999 1010.0  27.4  27.4  23.4 99.0 99.00
2026 01 18 11 30  75 10.2 12.2 99.00 99.00 99.00 999 1010.0  27.2  27.4  23.3 99.0 99.00
2026 01 18 11 40  76 10.7 12.9  3.07  8.33  6.26 103 1010.2  27.2  27.4  23.1 99.0 99.00
2026 01 18 11 50  76 10.4 12.2 99.00 99.00 99.00 999 1010.3  27.3  27.4  23.2 99.0 99.00
2026 01 18 12 00  80 10.3 12.8 99.00 99.00 99.00 999 1010.5  27.3  27.4  23.2 99.0 99.00
2026 01 18 12 10  80 10.5 13.2  2.82  8.33  5.96 103 1010.5  27.3  27.4  23.3 99.0 99.00
2026 01 18 12 20  79 10.6 13.1 99.00 99.00 99.00 999 1010.5  27.3  27.4  23.4 99.0 99.00
2026 01 18 12 30  79 10.2 12.5 99.00 99.00 99.00 999 1010.8  27.4  27.4  23.4 99.0 99.00
2026 01 18 12 40  83 10.1 12.6  3.11  8.33  6.30 106 1010.9  27.4  27.4  23.3 99.0 99.00
2026 01 18 12 50  84  9.9 12.2 99.00 99.00 99.00 999 1011.0  27.5  27.4  23.3 99.0 99.00
2026 01 18 13 00  84  9.9 11.6 99.00 99.00 99.00 999 1011.1  27.5  27.4  23.2 99.0 99.00
2026 01 18 13 10  91 10.0 12.4  3.03  8.33  6.24 102 1011.2  27.5  27.4  23.2 99.0 99.00
2026 01 18 13 20  90 10.6 12.7 99.00 99.00 99.00 999 1011.3  27.5  27.4  22.9 99.0 99.00
2026 01 18 13 30  92 10.2 12.5 99.00 99.00 99.00 999 1011.4  27.6  27.4  23.1 99.0 99.00
2026 01 18 13 40  87 10.4 12.1  2.84  8.33  6.19  98 1011.4  27.5  27.4  23.2 99.0 99.00
2026 01 18 13 50  82 10.4 12.9 99.00 99.00 99.00 999 1011.4  27.5  27.4  23.7 99.0 99.00
2026 01 18 14 00  90  9.7 11.9 99.00 99.00 99.00 999 1011.6  27.4  27.4  23.9 99.0 99.00
2026 01 18 14 10  91 10.1 12.8  3.23  8.33  6.24 101 1011.5  27.4 999.0  23.9 99.0 99.00
2026 01 18 14 20  92 10.6 12.6 99.00 99.00 99.00 999 1011.5  27.5  27.4  23.8 99.0 99.00
2026 01 18 14 30  98 10.9 13.1 99.00 99.00 99.00 999 1011.3  27.6  27.4  23.3 99.0 99.00
2026 01 18 14 40  99 10.8 13.4  2.96  8.33  6.13  95 1011.4  27.7  27.4  23.3 99.0 99.00
2026 01 18 14 50  92 11.3 13.6 99.00 99.00 99.00 999 1011.3  27.6  27.4  23.5 99.0 99.00
2026 01 18 15 00  89 10.8 13.4 99.00 99.00 99.00 999 1011.4  27.6  27.4  23.8 99.0 99.00
2026 01 18 15 10  95 10.8 13.3  2.90  8.33  6.06  96 1011.2  27.5  27.4  23.7 99.0 99.00
2026 01 18 15 20  98 11.0 13.3 99.00 99.00 99.00 999 1011.3  27.5  27.4  23.7 99.0 99.00
2026 01 18 15 30  97 11.2 13.1 99.00 99.00 99.00 999 1011.3  27.5  27.4  23.6 99.0 99.00
2026 01 18 15 40  96 11.4 13.8  2.95  8.33  6.00 106 1011.1  27.5  27.4  23.7 99.0 99.00
2026 01 18 15 50  93 11.6 14.0 99.00 99.00 99.00 999 1011.0  27.5  27.4  23.5 99.0 99.00
2026 01 18 16 00  95 11.0 14.0 99.00 99.00 99.00 999 1011.0  27.6  27.4  23.7 99.0 99.00
2026 01 18 16 10  99 11.0 13.2  2.80  7.69  5.92 110 1010.9  27.5  27.5  23.6 99.0 99.00
2026 01 18 16 20  91 10.3 12.5 99.00 99.00 99.00 999 1010.8  27.6  27.5  23.8 99.0 99.00
2026 01 18 16 30  87 10.6 12.6 99.00 99.00 99.00 999 1010.7  27.5  27.4  23.7 99.0 99.00
2026 01 18 16 40  87 10.6 12.9  2.97  8.33  6.24 102 1010.6  27.5  27.5  23.7 99.0 99.00
2026 01 18 16 50  87 10.3 12.0 99.00 99.00 99.00 999 1010.5  27.5  27.5  23.8 99.0 99.00
2026 01 18 17 00  86 10.6 13.2 99.00 99.00 99.00 999 1010.2  27.5  27.5  23.8 99.0 99.00
2026 01 18 17 10  88 11.0 13.2  2.78  7.69  5.93 105 1010.1  27.5  27.5  23.7 99.0 99.00
2026 01 18 17 20  90 11.2 13.8 99.00 99.00 99.00 999 1010.0  27.6  27.5  23.5 99.0 99.00
2026 01 18 17 30  93 11.0 13.1 99.00 99.00 99.00 999 1010.0  27.7  27.5  23.3 99.0 99.00
2026 01 18 17 40  95 11.0 12.9  2.80  8.33  6.02  98 1009.8  27.7  27.5  23.3 99.0 99.00
2026 01 18 17 50  92 10.7 13.0 99.00 99.00 99.00 999 1009.7  27.7  27.5  23.4 99.0 99.00
2026 01 18 18 00  88 11.1 13.4 99.00 99.00 99.00 999 1009.4  27.5  27.5  23.4 99.0 99.00
2026 01 18 18 10  90 11.0 13.5  2.92  8.33  6.17 111 1009.2  27.5  27.5  23.4 99.0 99.00
2026 01 18 18 20  84  9.9 11.8 99.00 99.00 99.00 999 1009.1  27.6  27.5  23.7 99.0 99.00
2026 01 18 18 30  85 10.5 12.6 99.00 99.00 99.00 999 1008.9  27.5  27.5  23.7 99.0 99.00
2026 01 18 18 40  89 11.2 13.4  2.87  8.33  6.21 103 1008.8  27.6  27.5  23.4 99.0 99.00
2026 01 18 18 50  88 10.6 12.4 99.00 99.00 99.00 999 1008.6  27.7  27.5  23.6 99.0 99.00
2026 01 18 19 00  88 11.0 13.3 99.00 99.00 99.00 999 1008.4  27.6  27.5  23.4 99.0 99.00
2026 01 18 19 10  89 11.2 14.3  2.82  8.33  5.99 113 1008.2  27.7  27.5  23.2 99.0 99.00
2026 01 18 19 20  90 10.3 13.0 99.00 99.00 99.00 999 1008.1  27.7  27.5  23.5 99.0 99.00
2026 01 18 19 30  90 10.5 13.3 99.00 99.00 99.00 999 1007.8  27.7  27.5  23.7 99.0 99.00
2026 01 18 19 40  91 10.4 12.4  3.14  8.33  6.21 110 1007.7  27.6  27.5  23.6 99.0 99.00
2026 01 18 19 50  87 10.2 12.5 99.00 99.00 99.00 999 1007.6  27.6  27.5  23.6 99.0 99.00
2026 01 18 20 00  83  9.8 12.4 99.00 99.00 99.00 999 1007.5  27.5  27.5  23.9 99.0 99.00
2026 01 18 20 10  87 10.4 12.7  3.09  8.33  6.19  98 1007.5  27.5  27.5  23.8 99.0 99.00
2026 01 18 20 20  86 10.9 12.9 99.00 99.00 99.00 999 1007.3  27.6  27.5  23.6 99.0 99.00
2026 01 18 20 30  84 10.4 13.1 99.00 99.00 99.00 999 1007.3  27.6  27.5  23.8 99.0 99.00
2026 01 18 20 40  88 11.1 13.7  2.86  8.33  6.13 103 1007.3  27.6  27.5  23.8 99.0 99.00
2026 01 18 20 50  87 12.2 15.1 99.00 99.00 99.00 999 1007.3  27.4  27.5  23.3 99.0 99.00
2026 01 18 21 00  91 11.6 14.6 99.00 99.00 99.00 999 1007.4  27.5  27.5  23.6 99.0 99.00
2026 01 18 21 10  87 10.8 13.4  2.58  8.33  5.64 108 1007.2  27.5  27.5  24.0 99.0 99.00
2026 01 18 21 20  89 11.7 14.5 99.00 99.00 99.00 999 1007.3  27.4  27.5  23.6 99.0 99.00
2026 01 18 21 30  90 11.6 13.6 99.00 99.00 99.00 999 1007.5  27.6  27.5  23.5 99.0 99.00
2026 01 18 21 40  85 10.9 12.8  2.89  8.33  6.01 101 1007.6  27.6  27.5  23.7 99.0 99.00
2026 01 18 21 50  84 10.6 12.8 99.00 99.00 99.00 999 1007.7  27.5  27.5  23.8 99.0 99.00
2026 01 18 22 00  80 10.1 12.8 99.00 99.00 99.00 999 1007.8  27.5  27.5  24.1 99.0 99.00
2026 01 18 22 10  80 10.9 13.2  3.22  8.33  6.38 110 1007.9  27.5  27.5  23.9 99.0 99.00
2026 01 18 22 20  82 10.3 12.9 99.00 99.00 99.00 999 1008.0  27.6  27.5  23.9 99.0 99.00
2026 01 18 22 30  80 10.6 13.5 99.00 99.00 99.00 999 1008.0  27.6  27.5  24.0 99.0 99.00
2026 01 18 22 40  82 11.0 13.5  2.94  9.09  6.03 100 1008.0  27.5  27.5  23.8 99.0 99.00
2026 01 18 22 50  82 10.9 13.3 99.00 99.00 99.00 999 1008.2  27.5  27.4  23.7 99.0 99.00
2026 01 18 23 00  85 11.4 13.6 99.00 99.00 99.00 999 1008.3  27.6  27.4  23.5 99.0 99.00
2026 01 18 23 10  80 10.5 13.2  3.10  8.33  6.35 109 1008.5  27.6  27.4  23.8 99.0 99.00
2026 01 18 23 20  81 11.2 13.7 99.00 99.00 99.00 999 1008.6  27.6  27.4  23.6 99.0 99.00
2026 01 18 23 30  79 10.7 12.7 99.00 99.00 99.00 999 1008.7  27.6  27.4  23.7 99.0 99.00
2026 01 18 23 40  80 10.9 13.0  3.11  8.33  6.23 104 1008.8  27.6  27.4  23.5 99.0 99.00
2026 01 18 23 50  80 11.1 14.1 99.00 99.00 99.00 999 1008.9  27.6  27.4  23.4 99.0 99.00
2026 01 19 00 00  80 11.1 13.5 99.00 99.00 99.00 999 1009.0  27.7  27.4  23.5 99.0 99.00
2026 01 19 00 10  83 10.7 13.1  3.32  8.33  6.39 107 1009.1  27.7  27.4  23.4 99.0 99.00
2026 01 19 00 20  79 10.8 12.5 99.00 99.00 99.00 999 1009.2  27.6  27.4  23.4 99.0 99.00
2026 01 19 00 30  80 10.9 13.0 99.00 99.00 99.00 999 1009.4  27.7  27.4  23.5 99.0 99.00
2026 01 19 00 40  80 11.0 13.7  3.24  8.33  6.33 104 1009.5  27.6  27.4  23.4 99.0 99.00
2026 01 19 00 50  83 10.6 12.6 99.00 99.00 99.00 999 1009.7  27.7  27.4  23.7 99.0 99.00
2026 01 19 01 00  82 10.2 13.0 99.00 99.00 99.00 999 1009.9  27.6  27.4  23.8 99.0 99.00
2026 01 19 01 10  78 10.1 12.4  2.93  8.33  6.16 108 1010.0  27.6  27.4  23.9 99.0 99.00
2026 01 19 01 20  78 11.0 13.7 99.00 99.00 99.00 999 1010.2  27.6  27.4  23.6 99.0 99.00
2026 01 19 01 30  77  9.8 12.3 99.00 99.00 99.00 999 1010.3  27.7  27.4  24.1 99.0 99.00
2026 01 19 01 40  76  9.4 12.0  3.00  9.09  6.14 101 1010.4  27.6  27.4  24.1 99.0 99.00
2026 01 19 01 50  76 10.7 12.8 99.00 99.00 99.00 999 1010.4  27.5  27.4  23.7 99.0 99.00
2026 01 19 02 00  74 10.5 12.5 99.00 99.00 99.00 999 1010.5  27.6  27.4  23.8 99.0 99.00
2026 01 19 02 10  74 10.8 12.9  3.23  8.33  6.43 109 1010.5  27.6  27.4  24.0 99.0 99.00
2026 01 19 02 20  73 11.2 14.1 99.00 99.00 99.00 999 1010.5  27.5  27.4  23.7 99.0 99.00
2026 01 19 02 30  75 11.8 14.5 99.00 99.00 99.00 999 1010.6  27.6  27.4  23.6 99.0 99.00
2026 01 19 02 40  76 11.4 13.4  3.04  8.33  6.18 110 1010.6  27.7  27.4  23.6 99.0 99.00
2026 01 19 02 50  74 11.4 13.9 99.00 99.00 99.00 999 1010.8  27.6  27.4  23.5 99.0 99.00
2026 01 19 03 00  80 11.5 14.1 99.00 99.00 99.00 999 1011.0  27.6 999.0  23.2 99.0 99.00
2026 01 19 03 10  79 10.5 13.4  3.14  9.09  6.14 101 1011.1  27.7  27.4  23.6 99.0 99.00
2026 01 19 03 20  74 10.4 13.5 99.00 99.00 99.00 999 1011.1  27.6  27.4  23.7 99.0 99.00
2026 01 19 03 30  75 11.0 13.7 99.00 99.00 99.00 999 1011.1  27.5  27.4  23.4 99.0 99.00
2026 01 19 03 40  79 10.4 12.9  3.21  8.33  6.26  99 1011.0  27.7  27.5  23.5 99.0 99.00
2026 01 19 03 50  78 10.8 13.2 99.00 99.00 99.00 999 1010.9  27.6  27.5  23.3 99.0 99.00
2026 01 19 04 00  75 10.5 12.9 99.00 99.00 99.00 999 1010.9  27.6  27.5  23.5 99.0 99.00
2026 01 19 04 10  73 11.0 13.9  3.43  8.33  6.41 105 1010.7  27.5  27.5  23.5 99.0 99.00
2026 01 19 04 20  75 11.5 13.8 99.00 99.00 99.00 999 1010.7  27.5  27.5  23.2 99.0 99.00
2026 01 19 04 30  78 11.0 13.4 99.00 99.00 99.00 999 1010.6  27.6  27.5  23.3 99.0 99.00
2026 01 19 04 40  74 10.5 13.4  2.94  8.33  6.08 107 1010.6  27.5  27.5  23.4 99.0 99.00
2026 01 19 04 50  76 11.0 13.3 99.00 99.00 99.00 999 1010.6  27.5  27.5  23.2 99.0 99.00
2026 01 19 05 00  75 11.0 13.4 99.00 99.00 99.00 999 1010.6  27.6  27.5  23.2 99.0 99.00
2026 01 19 05 10  75 10.3 12.7  3.02  8.33  6.06 103 1010.5  27.6  27.6  23.5 99.0 99.00
2026 01 19 05 20  71 10.5 12.7 99.00 99.00 99.00 999 1010.4  27.5  27.6  23.6 99.0 99.00
2026 01 19 05 30  75 11.3 13.9 99.00 99.00 99.00 999 1010.4  27.4  27.6  23.3 99.0 99.00
2026 01 19 05 40  79 10.7 13.5  3.11  9.09  6.35 103 1010.4  27.6  27.6  23.3 99.0 99.00
2026 01 19 05 50  72 10.7 12.6 99.00 99.00 99.00 999 1010.3  27.5  27.6  23.4 99.0 99.00
2026 01 19 06 00  71 10.7 13.1 99.00 99.00 99.00 999 1010.2  27.4  27.6  23.2 99.0 99.00
2026 01 19 06 10  72 10.9 13.6  2.85  9.09  5.89 100 1010.1  27.5  27.6  23.2 99.0 99.00
2026 01 19 06 20  73 10.8 14.2 99.00 99.00 99.00 999 1009.9  27.5  27.6  23.4 99.0 99.00
2026 01 19 06 30  71 10.5 12.6 99.00 99.00 99.00 999 1009.8  27.4  27.6  23.4 99.0 99.00
2026 01 19 06 40  66 11.3 14.0  3.29  9.09  6.21 105 1009.7  27.4  27.6  23.5 99.0 99.00
2026 01 19 06 50  71 11.0 14.0 99.00 99.00 99.00 999 1009.5  27.4  27.6  23.3 99.0 99.00
2026 01 19 07 00  70 10.7 13.8 99.00 99.00 99.00 999 1009.5  27.4  27.6  23.3 99.0 99.00
2026 01 19 07 10  74 10.9 13.8  3.40  9.09  6.40 100 1009.5  27.4  27.6  23.2 99.0 99.00
2026 01 19 07 20  79 10.8 13.7 99.00 99.00 99.00 999 1009.4  27.4  27.6  23.1 99.0 99.00
2026 01 19 07 30  77 11.0 13.7 99.00 99.00 99.00 999 1009.5  27.4  27.6  23.1 99.0 99.00
2026 01 19 07 40  76 11.1 13.5  3.23  9.09  6.30 100 1009.6  27.5  27.6  23.1 99.0 99.00
2026 01 19 07 50  80 11.3 13.7 99.00 99.00 99.00 999 1009.6  27.4  27.6  22.8 99.0 99.00
2026 01 19 08 00  79 10.9 13.0 99.00 99.00 99.00 999 1009.7  27.5  27.6  23.0 99.0 99.00
2026 01 19 08 10  80 11.2 13.5  3.14  8.33  6.11 103 1009.6  27.5  27.6  22.8 99.0 99.00
2026 01 19 08 20  80 10.4 12.5 99.00 99.00 99.00 999 1009.7  27.5  27.6  23.3 99.0 99.00
2026 01 19 08 30  75 10.6 13.5 99.00 99.00 99.00 999 1009.5  27.4  27.6  23.2 99.0 99.00
2026 01 19 08 40  79 10.3 12.4  3.02  9.09  6.07 109 1009.4  27.5  27.6  23.3 99.0 99.00
2026 01 19 08 50  79 10.5 13.0 99.00 99.00 99.00 999 1009.4  27.4  27.5  23.6 99.0 99.00
2026 01 19 09 00  81 10.7 12.8 99.00 99.00 99.00 999 1009.5  27.3  27.5  23.2 99.0 99.00
2026 01 19 09 10  80  9.9 12.2  2.72  8.33  5.75 100 1009.5  27.4  27.5  23.7 99.0 99.00
2026 01 19 09 20  75 10.9 13.3 99.00 99.00 99.00 999 1009.6  27.3  27.5  23.2 99.0 99.00
2026 01 19 09 30  76 11.2 13.4 99.00 99.00 99.00 999 1009.7  27.3  27.5  23.2 99.0 99.00
2026 01 19 09 40  76 10.2 12.3  3.36  9.09  6.50 104 1009.8  27.4  27.5  23.7 99.0 99.00
2026 01 19 09 50  77 11.1 13.4 99.00 99.00 99.00 999 1009.8  27.3  27.5  23.4 99.0 99.00
2026 01 19 10 00  74 11.2 13.9 99.00 99.00 99.00 999 1009.9  27.4  27.5  23.3 99.0 99.00
2026 01 19 10 10  71 11.0 13.4  2.90  7.69  5.88 102 1010.0  27.4  27.5  23.4 99.0 99.00
2026 01 19 10 20  72 11.0 13.7 99.00 99.00 99.00 999 1010.1  27.4  27.5  23.4 99.0 99.00
2026 01 19 10 30  72 10.9 13.7 99.00 99.00 99.00 999 1010.2  27.4  27.5  23.4 99.0 99.00
2026 01 19 10 40  73 10.7 13.9  3.10  9.09  6.10 101 1010.4  27.3  27.5  23.4 99.0 99.00
2026 01 19 10 50  75 11.9 14.5 99.00 99.00 99.00 999 1010.5  27.3  27.5  23.0 99.0 99.00
2026 01 19 11 00  78 11.1 13.6 99.00 99.00 99.00 999 1010.7  27.4  27.5  23.0 99.0 99.00
2026 01 19 11 10  75 10.3 12.5  2.89  8.33  5.95  99 1010.7  27.5  27.5  23.3 99.0 99.00
2026 01 19 11 20  76 10.6 13.0 99.00 99.00 99.00 999 1010.9  27.4  27.5  23.2 99.0 99.00
2026 01 19 11 30  74 10.9 13.2 99.00 99.00 99.00 999 1011.0  27.4  27.5  23.2 99.0 99.00
2026 01 19 11 40  70 10.4 12.5  3.09  9.09  6.10  95 1011.1  27.4  27.5  23.4 99.0 99.00
2026 01 19 11 50  73 11.1 13.5 99.00 99.00 99.00 999 1011.3  27.4  27.5  23.1 99.0 99.00
2026 01 19 12 00  74 10.4 12.5 99.00 99.00 99.00 999 1011.5  27.5  27.5  23.1 99.0 99.00
2026 01 19 12 10  76 10.4 12.2  2.85  7.69  5.83  97 1011.6  27.4  27.5  23.1 99.0 99.00
2026 01 19 12 20  72 10.8 13.5 99.00 99.00 99.00 999 1011.9  27.5  27.5  22.8 99.0 99.00
2026 01 19 12 30  72 10.6 12.8 99.00 99.00 99.00 999 1011.9  27.5 999.0  23.1 99.0 99.00
2026 01 19 12 40  70 10.5 12.2  2.94  9.09  6.13 102 1012.0  27.5  27.5  23.3 99.0 99.00
2026 01 19 12 50  74 10.1 13.1 99.00 99.00 99.00 999 1012.1  27.5  27.5  23.3 99.0 99.00
2026 01 19 13 00  74 10.5 12.3 99.00 99.00 99.00 999 1012.3  27.5  27.5  23.1 99.0 99.00
2026 01 19 13 10  71 10.3 12.5  2.96  8.33  6.03 105 1012.5  27.5  27.5  23.3 99.0 99.00
2026 01 19 13 20  72 10.9 13.1 99.00 99.00 99.00 999 1012.4  27.5  27.5  23.2 99.0 99.00
2026 01 19 13 30  71 10.8 13.4 99.00 99.00 99.00 999 1012.6  27.5  27.5  23.2 99.0 99.00
2026 01 19 13 40  71 10.9 13.5  2.86  7.69  5.92 103 1012.7  27.4  27.5  23.1 99.0 99.00
2026 01 19 13 50  74 11.1 13.6 99.00 99.00 99.00 999 1012.6  27.2  27.5  23.1 99.0 99.00
2026 01 19 14 00  72 10.9 12.9 99.00 99.00 99.00 999 1012.7  27.6  27.5  23.1 99.0 99.00
2026 01 19 14 10  75 11.1 12.9  3.19  8.33  6.17 107 1012.7  27.6  27.5  23.0 99.0 99.00
2026 01 19 14 20  75 10.5 12.8 99.00 99.00 99.00 999 1012.7  27.7  27.5  23.3 99.0 99.00
2026 01 19 14 30  75 11.4 13.9 99.00 99.00 99.00 999 1012.7  27.6  27.5  23.1 99.0 99.00
2026 01 19 14 40  70 11.0 13.5  2.98  9.09  6.23  97 1012.7  27.6  27.5  23.3 99.0 99.00
2026 01 19 14 50  70 10.4 12.8 99.00 99.00 99.00 999 1012.7  27.6  27.5  23.4 99.0 99.00
2026 01 19 15 00  71 10.3 13.4 99.00 99.00 99.00 999 1012.7  27.6  27.5  23.4 99.0 99.00
2026 01 19 15 10  69 11.0 13.5  2.90  9.09  6.02 103 1012.7  27.5  27.5  23.3 99.0 99.00
2026 01 19 15 20  71 10.7 12.3 99.00 99.00 99.00 999 1012.6  27.6  27.5  23.5 99.0 99.00
2026 01 19 15 30  68 10.8 12.8 99.00 99.00 99.00 999 1012.6  27.6  27.5  23.4 99.0 99.00
2026 01 19 15 40  70 10.8 13.5  2.83  9.09  5.74 112 1012.5  27.6  27.5  23.3 99.0 99.00
2026 01 19 15 50  75 11.1 12.9 99.00 99.00 99.00 999 1012.4  27.6  27.5  23.2 99.0 99.00
2026 01 19 16 00  74 10.7 12.7 99.00 99.00 99.00 999 1012.4  27.7  27.5  23.4 99.0 99.00
2026 01 19 16 10  70 10.6 12.5  2.89  9.09  6.12 103 1012.2  27.6  27.5  23.5 99.0 99.00
2026 01 19 16 20  74 11.5 13.6 99.00 99.00 99.00 999 1012.1  27.6  27.5  23.2 99.0 99.00
2026 01 19 16 30  72 10.8 13.3 99.00 99.00 99.00 999 1012.1  27.7  27.5  23.4 99.0 99.00
2026 01 19 16 40  76 10.6 12.9  2.85  9.09  6.05  97 1012.0  27.6  27.5  23.4 99.0 99.00
2026 01 19 16 50  74 10.3 12.5 99.00 99.00 99.00 999 1011.9  27.7  27.6  23.6 99.0 99.00
2026 01 19 17 00  73 10.4 12.6 99.00 99.00 99.00 999 1011.7  27.6  27.5  23.4 99.0 99.00
2026 01 19 17 10  69 10.0 11.8  2.87  8.33  6.01 102 1011.6  27.6  27.6  23.6 99.0 99.00
2026 01 19 17 20  69 10.2 12.2 99.00 99.00 99.00 999 1011.5  27.6  27.6  23.7 99.0 99.00
2026 01 19 17 30  73 10.4 12.6 99.00 99.00 99.00 999 1011.2  27.5  27.6  23.6 99.0 99.00
2026 01 19 17 40  71 10.5 12.9  2.84  9.09  6.11  99 1011.0  27.6  27.6  23.7 99.0 99.00
2026 01 19 17 50  70 10.7 12.9 99.00 99.00 99.00 999 1010.8  27.6  27.6  23.7 99.0 99.00
2026 01 19 18 00  72 10.6 12.9 99.00 99.00 99.00 999 1010.7  27.6  27.6  23.6 99.0 99.00
2026 01 19 18 10  70 10.5 12.3  2.65  9.09  5.99 109 1010.6  27.6  27.6  23.6 99.0 99.00
2026 01 19 18 20  72 10.3 12.3 99.00 99.00 99.00 999 1010.5  27.6  27.6  23.7 99.0 99.00
2026 01 19 18 30  70  9.7 12.0 99.00 99.00 99.00 999 1010.5  27.6  27.6  23.8 99.0 99.00
2026 01 19 18 40  70 10.2 12.7  2.74  9.09  5.89  94 1010.3  27.5  27.6  23.6 99.0 99.00
2026 01 19 18 50  74  9.3 11.2 99.00 99.00 99.00 999 1010.1  27.6  27.6  23.8 99.0 99.00
2026 01 19 19 00  73 10.1 11.7 99.00 99.00 99.00 999 1010.0  27.6  27.6  23.7 99.0 99.00
2026 01 19 19 10  72 10.6 13.2  2.74  9.09  5.93 102 1009.8  27.4  27.6  23.6 99.0 99.00
2026 01 19 19 20  72 10.5 13.1 99.00 99.00 99.00 999 1009.7  27.6  27.7  23.6 99.0 99.00
2026 01 19 19 30  70 10.5 12.8 99.00 99.00 99.00 999 1009.5  27.6  27.6  23.7 99.0 99.00
2026 01 19 19 40  73 10.5 12.9  2.62  9.09  5.88  97 1009.4  27.6  27.6  23.7 99.0 99.00
2026 01 19 19 50  69 10.5 13.2 99.00 99.00 99.00 999 1009.4  27.6  27.7  23.8 99.0 99.00
2026 01 19 20 00  71 10.7 13.9 99.00 99.00 99.00 999 1009.4  27.6  27.7  23.7 99.0 99.00
2026 01 19 20 10  73 10.0 12.4  2.65  9.09  5.95 104 1009.4  27.7  27.7  23.9 99.0 99.00
2026 01 19 20 20  72 10.2 12.4 99.00 99.00 99.00 999 1009.4  27.6  27.7  23.7 99.0 99.00
2026 01 19 20 30  77 10.0 12.6 99.00 99.00 99.00 999 1009.4  27.6  27.7  23.6 99.0 99.00
2026 01 19 20 40  78  9.4 11.5  2.64  9.09  5.93 103 1009.4  27.7  27.7  23.8 99.0 99.00
2026 01 19 20 50  73 10.6 12.8 99.00 99.00 99.00 999 1009.2  27.5  27.6  23.7 99.0 99.00
2026 01 19 21 00  75  9.6 11.9 99.00 99.00 99.00 999 1009.3  27.6  27.6  24.0 99.0 99.00
2026 01 19 21 10  72 10.1 12.3  2.55  8.33  5.88  96 1009.4  27.6  27.7  24.1 99.0 99.00
2026 01 19 21 20  77 10.4 13.2 99.00 99.00 99.00 999 1009.4  27.6  27.6  24.0 99.0 99.00
2026 01 19 21 30  79 10.8 13.3 99.00 99.00 99.00 999 1009.4  27.5  27.6  23.6 99.0 99.00
2026 01 19 21 40  82 10.9 13.0  2.69  9.09  5.94  97 1009.4  27.7  27.6  23.5 99.0 99.00
2026 01 19 21 50  77 10.2 12.7 99.00 99.00 99.00 999 1009.5  27.7  27.6  23.8 99.0 99.00
2026 01 19 22 00  76 10.6 12.5 99.00 99.00 99.00 999 1009.6  27.6  27.6  23.8 99.0 99.00
2026 01 19 22 10  76 10.3 12.5  2.86  9.09  6.05 104 1009.6  27.6  27.6  23.8 99.0 99.00
2026 01 19 22 20  73 10.4 12.6 99.00 99.00 99.00 999 1009.6  27.5  27.6  23.7 99.0 99.00
2026 01 19 22 30  73 10.5 13.0 99.00 99.00 99.00 999 1009.7  27.5  27.6  23.7 99.0 99.00
2026 01 19 22 40  74  9.8 12.3  2.61  8.33  5.92 105 1009.8  27.6  27.6  23.9 99.0 99.00
2026 01 19 22 50  72 10.7 13.7 99.00 99.00 99.00 999 1009.9  27.5  27.6  23.8 99.0 99.00
2026 01 19 23 00  70 10.4 12.7 99.00 99.00 99.00 999 1010.0  27.6  27.6  23.9 99.0 99.00
2026 01 19 23 10  68 10.3 12.7  2.42  6.67  5.57  97 1010.0  27.5  27.6  24.0 99.0 99.00
2026 01 19 23 20  71  9.8 11.5 99.00 99.00 99.00 999 1010.1  27.4  27.6  23.9 99.0 99.00
2026 01 19 23 30  72  9.6 12.4 99.00 99.00 99.00 999 1010.3  27.5  27.6  23.7 99.0 99.00
2026 01 19 23 40  72  9.6 11.7  2.58  9.09  5.86  96 1010.4  27.5  27.6  23.8 99.0 99.00
2026 01 19 23 50  78 10.0 11.9 99.00 99.00 99.00 999 1010.5  27.5  27.6  23.6 99.0 99.00
2026 01 20 00 00  74  9.0 10.9 99.00 99.00 99.00 999 1010.7  27.6  27.6  23.9 99.0 99.00
2026 01 20 00 10  69 10.0 12.6  2.74  9.09  6.03 109 1010.7  27.5  27.6  24.0 99.0 99.00
2026 01 20 00 20  70  9.7 12.0 99.00 99.00 99.00 999 1010.9  27.5  27.6  24.0 99.0 99.00
2026 01 20 00 30  71  9.9 12.0 99.00 99.00 99.00 999 1011.0  27.5  27.6  23.9 99.0 99.00
2026 01 20 00 40  69  9.6 11.4  2.59  8.33  5.73 101 1011.2  27.5  27.6  24.0 99.0 99.00
2026 01 20 00 50  68  9.8 11.7 99.00 99.00 99.00 999 1011.3  27.5  27.6  24.0 99.0 99.00
2026 01 20 01 00  71  9.8 12.0 99.00 99.00 99.00 999 1011.6  27.5  27.6  23.7 99.0 99.00
2026 01 20 01 10  75  9.8 11.8  2.49  7.69  5.71 100 1011.6  27.6  27.6  23.8 99.0 99.00
2026 01 20 01 20  77 10.3 11.8 99.00 99.00 99.00 999 1011.7  27.6  27.6  23.9 99.0 99.00
2026 01 20 01 30  72  9.7 11.7 99.00 99.00 99.00 999 1011.9  27.6  27.6  23.8 99.0 99.00
2026 01 20 01 40  68  9.5 12.0  2.44  9.09  5.68 106 1012.0  27.5  27.6  24.2 99.0 99.00
2026 01 20 01 50  69  9.8 12.1 99.00 99.00 99.00 999 1012.0  27.4  27.6  24.0 99.0 99.00
2026 01 20 02 00  71 10.1 11.7 99.00 99.00 99.00 999 1012.1  27.5  27.6  23.8 99.0 99.00
2026 01 20 02 10  73 10.0 12.4  2.47  8.33  5.86  98 1012.4  27.5  27.6  23.6 99.0 99.00
2026 01 20 02 20  73  9.9 12.1 99.00 99.00 99.00 999 1012.4  27.6  27.6  23.7 99.0 99.00
2026 01 20 02 30  71  9.7 11.5 99.00 99.00 99.00 999 1012.4  27.6  27.6  23.8 99.0 99.00
2026 01 20 02 40  72  9.6 11.9  2.51  8.33  5.85  98 1012.5  27.6  27.6  23.9 99.0 99.00
2026 01 20 02 50  72  9.2 11.5 99.00 99.00 99.00 999 1012.6  27.5  27.6  24.0 99.0 99.00
2026 01 20 03 00  70  9.4 11.7 99.00 99.00 99.00 999 1012.5  27.5  27.6  24.2 99.0 99.00
2026 01 20 03 10  66 10.2 12.0  2.35  8.33  5.68  95 1012.4  27.4  27.5  23.9 99.0 99.00
2026 01 20 03 20  72 10.3 12.7 99.00 99.00 99.00 999 1012.3  27.4  27.5  23.5 99.0 99.00
2026 01 20 03 30  68 10.1 12.5 99.00 99.00 99.00 999 1012.3  27.5  27.5  23.6 99.0 99.00
2026 01 20 03 40  72 10.3 12.4  2.35  9.09  5.73 104 1012.3  27.5  27.6  23.5 99.0 99.00
2026 01 20 03 50  68  9.8 11.4 99.00 99.00 99.00 999 1012.3  27.4  27.5  23.7 99.0 99.00
2026 01 20 04 00  68  9.4 11.6 99.00 99.00 99.00 999 1012.3  27.5  27.5  23.8 99.0 99.00
2026 01 20 04 10  66  9.4 11.7  2.49  7.69  5.77  95 1012.2  27.4  27.5  23.8 99.0 99.00
2026 01 20 04 20  65  9.3 11.4 99.00 99.00 99.00 999 1012.3  27.4  27.5  23.7 99.0 99.00
2026 01 20 04 30  68 10.0 12.1 99.00 99.00 99.00 999 1012.2  27.4  27.5  23.5 99.0 99.00
2026 01 20 04 40  73  9.8 12.2  2.34  7.69  5.69  98 1012.1  27.5  27.5  23.6 99.0 99.00
2026 01 20 04 50  68  9.2 11.5 99.00 99.00 99.00 999 1012.2  27.4  27.5  23.8 99.0 99.00
2026 01 20 05 00  65  9.3 11.2 99.00 99.00 99.00 999 1012.1  27.4  27.5  23.8 99.0 99.00
2026 01 20 05 10  65  9.9 11.9  2.51  9.09  5.73 100 1012.1  27.3  27.5  23.5 99.0 99.00
2026 01 20 05 20  68  9.4 11.7 99.00 99.00 99.00 999 1012.0  27.4  27.5  23.6 99.0 99.00
2026 01 20 05 30  62  9.1 11.5 99.00 99.00 99.00 999 1011.8  27.3  27.5  23.7 99.0 99.00
2026 01 20 05 40  63  9.5 11.4  2.51  8.33  5.87 106 1011.8  27.3  27.5  23.7 99.0 99.00
2026 01 20 05 50  62  9.9 11.7 99.00 99.00 99.00 999 1011.7  27.3  27.5  23.5 99.0 99.00
2026 01 20 06 00  62  9.3 10.9 99.00 99.00 99.00 999 1011.6  27.3  27.5  23.5 99.0 99.00
2026 01 20 06 10  65  9.6 11.1  2.42  8.33  5.90 106 1011.5  27.3  27.5  23.6 99.0 99.00
2026 01 20 06 20  67  9.8 12.1 99.00 99.00 99.00 999 1011.4  27.2  27.5  23.5 99.0 99.00
2026 01 20 06 30  67 10.1 12.3 99.00 99.00 99.00 999 1011.3  27.3  27.5  23.6 99.0 99.00
2026 01 20 06 40  66 10.4 13.1  2.41  8.33  5.86 104 1011.0  27.2  27.5  23.4 99.0 99.00
2026 01 20 06 50  69 10.5 12.7 99.00 99.00 99.00 999 1011.0  27.3  27.5  23.4 99.0 99.00
2026 01 20 07 00  67 10.3 12.3 99.00 99.00 99.00 999 1011.0  27.3  27.5  23.5 99.0 99.00
2026 01 20 07 10  65 10.6 12.4  2.52  8.33  5.85 101 1010.9  27.3  27.5  23.5 99.0 99.00
2026 01 20 07 20  63 10.0 11.9 99.00 99.00 99.00 999 1010.9  27.0  27.5  23.1 99.0 99.00
2026 01 20 07 30  66  9.7 11.9 99.00 99.00 99.00 999 1010.7  27.0  27.5  22.7 99.0 99.00
2026 01 20 07 40  65  9.6 11.5  2.74  7.69  5.96 103 1010.7  27.1  27.5  22.9 99.0 99.00
2026 01 20 07 50  66  9.7 11.4 99.00 99.00 99.00 999 1010.5  27.1  27.5  23.2 99.0 99.00
2026 01 20 08 00  68 10.4 13.5 99.00 99.00 99.00 999 1010.4  27.2  27.5  23.4 99.0 99.00
2026 01 20 08 10  69 10.9 13.5  2.53  7.14  5.75 109 1010.5  27.2  27.5  23.3 99.0 99.00
2026 01 20 08 20  68 10.5 12.8 99.00 99.00 99.00 999 1010.5  27.3  27.5  23.7 99.0 99.00
2026 01 20 08 30  66  9.6 12.2 99.00 99.00 99.00 999 1010.5  27.2  27.5  23.9 99.0 99.00
2026 01 20 08 40  62 10.4 12.8  2.58  8.33  5.82  99 1010.5  27.0  27.5  23.6 99.0 99.00
2026 01 20 08 50  64  9.6 11.4 99.00 99.00 99.00 999 1010.6  27.1  27.5  23.8 99.0 99.00
2026 01 20 09 00  68  9.7 11.9 99.00 99.00 99.00 999 1010.6  27.1  27.5  23.7 99.0 99.00
2026 01 20 09 10  67  9.9 12.1  2.78  8.33  6.13  99 1010.8  27.2  27.5  23.4 99.0 99.00
2026 01 20 09 20  66  9.9 12.1 99.00 99.00 99.00 999 1010.9  27.3  27.5  23.5 99.0 99.00
2026 01 20 09 30  65  9.8 11.7 99.00 99.00 99.00 999 1011.1  27.2  27.5  23.5 99.0 99.00
2026 01 20 09 40  66 10.0 11.9  2.36  9.09  5.61  98 1011.2  27.2  27.5  23.4 99.0 99.00
2026 01 20 09 50  67  9.5 11.1 99.00 99.00 99.00 999 1011.3  27.3  27.5  23.7 99.0 99.00
2026 01 20 10 00  66 10.3 12.1 99.00 99.00 99.00 999 1011.3  27.1  27.5  22.9 99.0 99.00
2026 01 20 10 10  66  9.9 11.9  2.68  8.33  5.89  97 1011.5  27.2  27.5  23.1 99.0 99.00
2026 01 20 10 20  66  9.8 12.0 99.00 99.00 99.00 999 1011.6  27.1  27.5  23.2 99.0 99.00
2026 01 20 10 30  66  9.9 12.5 99.00 99.00 99.00 999 1011.7  27.0  27.5  23.1 99.0 99.00
2026 01 20 10 40  65 10.1 12.8  2.57  7.69  5.73 109 1011.7  27.1  27.5  23.1 99.0 99.00
2026 01 20 10 50  63 10.4 12.9 99.00 99.00 99.00 999 1011.8  27.2  27.5  23.4 99.0 99.00
2026 01 20 11 00  60 11.0 13.4 99.00 99.00 99.00 999 1011.9  27.0  27.5  23.3 99.0 99.00
2026 01 20 11 10  71 10.9 13.5  2.52  8.33  5.74  98 1012.0  26.8  27.5  22.8 99.0 99.00
2026 01 20 11 20  66 10.0 12.2 99.00 99.00 99.00 999 1012.1  26.8  27.5  22.8 99.0 99.00
2026 01 20 11 30  63 10.2 11.9 99.00 99.00 99.00 999 1012.2  26.9  27.5  22.3 99.0 99.00
2026 01 20 11 40  64 11.0 13.3  2.32  7.69  5.56 104 1012.3  27.1  27.5  23.0 99.0 99.00
2026 01 20 11 50  72 11.2 14.0 99.00 99.00 99.00 999 1012.4  27.0  27.5  23.4 99.0 99.00
2026 01 20 12 00  84 12.1 14.4 99.00 99.00 99.00 999 1012.6  26.3  27.5  23.6 99.0 99.00
2026 01 20 12 10  77 12.3 14.7  2.64  8.33  5.76 101 1012.8  25.9  27.5  23.3 99.0 99.00
2026 01 20 12 20  66 11.6 14.1 99.00 99.00 99.00 999 1012.8  25.8  27.5  23.1 99.0 99.00
2026 01 20 12 30  58 11.5 14.2 99.00 99.00 99.00 999 1012.8  25.9  27.5  22.4 99.0 99.00
2026 01 20 12 40  56 10.5 12.4  2.65  8.33  5.74  98 1013.0  26.1  27.5  22.1 99.0 99.00
2026 01 20 12 50  54  9.8 11.8 99.00 99.00 99.00 999 1013.0  26.4  27.5  21.8 99.0 99.00
2026 01 20 13 00  54  9.1 10.8 99.00 99.00 99.00 999 1013.1  26.7  27.5  21.2 99.0 99.00
2026 01 20 13 10  53  8.6 10.4  2.43  8.33  5.69  93 1013.3  27.0  27.5  21.4 99.0 99.00
2026 01 20 13 20  55  8.8 10.7 99.00 99.00 99.00 999 1013.5  27.2  27.5  21.9 99.0 99.00
2026 01 20 13 30  49  8.7 11.9 99.00 99.00 99.00 999 1013.8  27.1  27.5  22.0 99.0 99.00
2026 01 20 13 40  87 12.8 16.3  2.19  8.33  5.38 100 1013.8  25.7  27.5  22.8 99.0 99.00
2026 01 20 13 50  86 12.6 15.5 99.00 99.00 99.00 999 1014.2  24.7  27.5  22.4 99.0 99.00
2026 01 20 14 00  93 11.8 14.5 99.00 99.00 99.00 999 1014.2  24.9  27.5  23.0 99.0 99.00
2026 01 20 14 10 101 11.1 13.0  2.53  8.33  5.55  99 1014.0  25.1  27.5  22.6 99.0 99.00
2026 01 20 14 20 100 10.6 12.4 99.00 99.00 99.00 999 1014.1  25.9  27.5  22.1 99.0 99.00
2026 01 20 14 30 100 10.2 11.8 99.00 99.00 99.00 999 1014.0  26.3  27.5  21.6 99.0 99.00
2026 01 20 14 40  94  8.6 10.7  2.27  8.33  5.49 102 1014.0  26.6  27.5  21.9 99.0 99.00
2026 01 20 14 50  84  8.2 10.2 99.00 99.00 99.00 999 1014.1  26.8  27.5  22.4 99.0 99.00
2026 01 20 15 00  72  8.8 10.6 99.00 99.00 99.00 999 1014.0  27.0  27.5  22.7 99.0 99.00
2026 01 20 15 10  60 10.6 13.8  2.34  7.69  5.56  98 1014.0  26.9  27.5  23.0 99.0 99.00
2026 01 20 15 20  58 10.4 12.4 99.00 99.00 99.00 999 1014.1  26.0  27.5  22.1 99.0 99.00
2026 01 20 15 30  66  9.1 10.8 99.00 99.00 99.00 999 1014.1  26.0  27.5  22.4 99.0 99.00
2026 01 20 15 40  63  9.4 12.0  2.23  8.33  5.46 105 1014.0  26.4  27.5  23.0 99.0 99.00
2026 01 20 15 50  56  9.5 11.4 99.00 99.00 99.00 999 1014.0  26.7  27.5  23.2 99.0 99.00
2026 01 20 16 00  54  9.6 12.4 99.00 99.00 99.00 999 1014.1  27.0  27.5  23.3 99.0 99.00
2026 01 20 16 10  53  9.3 11.7  2.19  7.69  5.55 108 1014.0  27.0  27.5  23.6 99.0 99.00
2026 01 20 16 20  47  8.8 10.7 99.00 99.00 99.00 999 1014.0  27.0  27.5  23.5 99.0 99.00
2026 01 20 16 30  55  8.2 10.9 99.00 99.00 99.00 999 1013.9  26.9  27.5  23.6 99.0 99.00
2026 01 20 16 40  62 10.1 12.0  2.13  8.33  5.44 105 1013.8  27.3  27.5  23.1 99.0 99.00
2026 01 20 16 50  62 10.5 12.9 99.00 99.00 99.00 999 1013.5  27.4  27.5  22.8 99.0 99.00
2026 01 20 17 00  65 10.4 12.0 99.00 99.00 99.00 999 1013.6  27.5  27.5  22.6 99.0 99.00
2026 01 20 17 10  64 10.0 12.1  2.25  8.33  5.61 109 1013.5  27.5  27.5  22.8 99.0 99.00
2026 01 20 17 20  60  9.7 11.7 99.00 99.00 99.00 999 1013.4  27.4  27.5  23.0 99.0 99.00
2026 01 20 17 30  61  9.8 11.8 99.00 99.00 99.00 999 1013.3  27.4  27.5  22.9 99.0 99.00
2026 01 20 17 40  56 10.1 12.0  2.32  8.33  5.50 102 1013.2  27.4  27.5  22.9 99.0 99.00
2026 01 20 17 50  59  9.7 11.9 99.00 99.00 99.00 999 1013.0  27.5  27.5  23.0 99.0 99.00
2026 01 20 18 00  59  9.7 11.5 99.00 99.00 99.00 999 1012.8 999.0  27.5 999.0 99.0 99.00
2026 01 20 18 10 999 99.0 99.0 99.00 99.00 99.00 999 1012.7 999.0  27.5 999.0 99.0 99.00
2026 01 20 18 20  61  9.8 11.7 99.00 99.00 99.00 999 1012.5  27.4  27.5  22.9 99.0 99.00
2026 01 20 18 30  58  9.5 11.1 99.00 99.00 99.00 999 1012.4  27.4  27.5  22.9 99.0 99.00
2026 01 20 18 40  58  9.5 11.3  2.28  7.14  5.43  90 1012.2  27.4  27.5  22.8 99.0 99.00
2026 01 20 18 50  61  9.7 11.1 99.00 99.00 99.00 999 1012.1  27.4  27.5  22.7 99.0 99.00
2026 01 20 19 00  58  9.2 11.3 99.00 99.00 99.00 999 1012.0  27.4  27.5  23.0 99.0 99.00
2026 01 20 19 10  58  9.4 11.0  2.22  8.33  5.50  98 1012.0  27.4  27.5  22.8 99.0 99.00
2026 01 20 19 20  57  9.4 11.4 99.00 99.00 99.00 999 1011.9  27.4  27.5  22.8 99.0 99.00
2026 01 20 19 30  55  9.3 11.7 99.00 99.00 99.00 999 1011.9  27.4  27.5  23.0 99.0 99.00
2026 01 20 19 40  58  9.0 10.9  2.38  7.69  5.69  94 1011.7  27.4  27.5  22.9 99.0 99.00
2026 01 20 19 50  57  9.5 11.3 99.00 99.00 99.00 999 1011.7  27.4  27.5  22.5 99.0 99.00
2026 01 20 20 00  60  9.0 11.4 99.00 99.00 99.00 999 1011.6  27.5  27.5  22.9 99.0 99.00
2026 01 20 20 10  57  9.3 10.9  2.20  8.33  5.49  91 1011.6  27.4  27.5  22.7 99.0 99.00
2026 01 20 20 20  50  9.1 10.8 99.00 99.00 99.00 999 1011.5  27.4  27.5  22.8 99.0 99.00
2026 01 20 20 30  54  8.9 11.1 99.00 99.00 99.00 999 1011.5  27.4  27.5  22.9 99.0 99.00
2026 01 20 20 40  55  9.7 11.3  2.52  8.33  5.85  95 1011.3  27.3  27.5  22.7 99.0 99.00
2026 01 20 20 50  60  9.8 11.7 99.00 99.00 99.00 999 1011.3  27.4  27.5  22.5 99.0 99.00
2026 01 20 21 00  57  9.5 11.3 99.00 99.00 99.00 999 1011.3  27.4  27.5  22.6 99.0 99.00
2026 01 20 21 10  56  9.7 11.7  2.43  7.69  5.76  98 1011.3  27.4  27.5  22.6 99.0 99.00
2026 01 20 21 20  62  9.4 11.1 99.00 99.00 99.00 999 1011.4  27.4  27.5  22.6 99.0 99.00
2026 01 20 21 30  56  9.1 10.9 99.00 99.00 99.00 999 1011.4  27.4  27.5  22.9 99.0 99.00
2026 01 20 21 40  58  9.6 11.2  2.30  7.14  5.65  96 1011.4  27.3  27.5  22.6 99.0 99.00
2026 01 20 21 50  61  9.3 11.6 99.00 99.00 99.00 999 1011.5  27.4  27.5  22.8 99.0 99.00
2026 01 20 22 00  60  9.1 11.0 99.00 99.00 99.00 999 1011.6  27.4  27.5  22.9 99.0 99.00
2026 01 20 22 10  58  8.9 11.2  2.21  7.69  5.61 105 1011.8  27.4  27.5  22.8 99.0 99.00
2026 01 20 22 20  56  9.4 11.8 99.00 99.00 99.00 999 1011.7  27.4  27.5  22.8 99.0 99.00
2026 01 20 22 30  56  9.2 10.8 99.00 99.00 99.00 999 1011.9  27.3  27.5  22.7 99.0 99.00
2026 01 20 22 40  54  8.6 10.7  2.22  8.33  5.51 100 1011.8  27.4  27.5  23.1 99.0 99.00
2026 01 20 22 50  52  8.5 10.4 99.00 99.00 99.00 999 1011.9  27.3  27.5  23.2 99.0 99.00
2026 01 20 23 00  56  8.7 10.7 99.00 99.00 99.00 999 1011.9  27.2  27.4  23.0 99.0 99.00
2026 01 20 23 10  56  8.3  9.8  2.09  8.33  5.39  94 1012.0  27.3  27.4  23.3 99.0 99.00
2026 01 20 23 20  55  9.0 10.5 99.00 99.00 99.00 999 1012.1  27.2  27.4  23.2 99.0 99.00
2026 01 20 23 30  55  8.8 10.8 99.00 99.00 99.00 999 1012.1  27.2  27.4  22.9 99.0 99.00
2026 01 20 23 40  52  8.9 11.4  2.06  8.33  5.46  93 1012.1  27.3  27.4  23.1 99.0 99.00
2026 01 20 23 50  50  9.5 11.1 99.00 99.00 99.00 999 1012.2  27.2  27.4  22.9 99.0 99.00
2026 01 21 00 00  50  9.1 11.1 99.00 99.00 99.00 999 1012.2  27.3  27.4  22.9 99.0 99.00
2026 01 21 00 10  53  9.0 10.7  2.31  8.33  5.78 101 1012.3  27.3  27.4  23.1 99.0 99.00
2026 01 21 00 20  53  9.2 11.4 99.00 99.00 99.00 999 1012.4  27.3  27.4  23.0 99.0 99.00
2026 01 21 00 30  51  9.0 10.9 99.00 99.00 99.00 999 1012.5  27.3  27.4  23.2 99.0 99.00
2026 01 21 00 40  50  9.3 11.0  2.03  6.67  5.26  87 1012.7  27.3  27.4  23.1 99.0 99.00
2026 01 21 00 50  52  9.4 11.7 99.00 99.00 99.00 999 1012.9  27.3  27.4  22.9 99.0 99.00
2026 01 21 01 00  52  9.2 11.5 99.00 99.00 99.00 999 1012.9  27.4  27.4  23.1 99.0 99.00
2026 01 21 01 10  49  9.8 11.6  2.06  8.33  5.35  99 1013.0  27.3  27.4  22.9 99.0 99.00
2026 01 21 01 20  52  9.0 10.9 99.00 99.00 99.00 999 1013.1  27.3  27.4  23.1 99.0 99.00
2026 01 21 01 30  53  9.5 11.1 99.00 99.00 99.00 999 1013.1  27.3  27.4  22.8 99.0 99.00
2026 01 21 01 40  50  9.3 11.2  2.28  8.33  5.55 100 1013.3  27.4  27.4  23.0 99.0 99.00
2026 01 21 01 50  47  9.7 11.4 99.00 99.00 99.00 999 1013.4  27.3  27.4  22.9 99.0 99.00
2026 01 21 02 00  51  8.8 11.1 99.00 99.00 99.00 999 1013.5  27.3  27.4  23.1 99.0 99.00
2026 01 21 02 10  55  9.1 11.0  2.04  8.33  5.26  93 1013.5  27.3  27.4  23.0 99.0 99.00
2026 01 21 02 20  54  8.9 10.7 99.00 99.00 99.00 999 1013.5  27.3  27.4  23.1 99.0 99.00
2026 01 21 02 30  54  8.8 10.4 99.00 99.00 99.00 999 1013.5  27.3  27.4  23.1 99.0 99.00
2026 01 21 02 40  54  9.1 11.0  2.18  7.69  5.37 110 1013.5  27.3  27.4  23.3 99.0 99.00
2026 01 21 02 50  52  9.0 10.8 99.00 99.00 99.00 999 1013.4  27.2  27.4  23.0 99.0 99.00
2026 01 21 03 00  51  9.3 11.5 99.00 99.00 99.00 999 1013.3  27.3  27.4  23.2 99.0 99.00
2026 01 21 03 10  54  9.3 11.2  2.06  7.69  5.42  91 1013.3  27.2  27.4  23.3 99.0 99.00
2026 01 21 03 20  53  9.3 11.3 99.00 99.00 99.00 999 1013.2  27.1  27.4  23.4 99.0 99.00
2026 01 21 03 30  56  9.8 11.8 99.00 99.00 99.00 999 1013.2  27.1  27.4  23.0 99.0 99.00
2026 01 21 03 40  59  9.5 11.5  2.08  8.33  5.42 106 1013.2  27.1  27.4  23.0 99.0 99.00
2026 01 21 03 50  56  9.3 11.0 99.00 99.00 99.00 999 1013.1  27.2  27.4  23.2 99.0 99.00
2026 01 21 04 00  52  8.7 11.1 99.00 99.00 99.00 999 1013.1  27.2  27.4  23.5 99.0 99.00
2026 01 21 04 10  54  9.1 10.7  2.12  8.33  5.40 102 1012.9  27.1  27.4  23.4 99.0 99.00
2026 01 21 04 20  54  9.3 11.1 99.00 99.00 99.00 999 1012.9  27.1  27.4  23.4 99.0 99.00
2026 01 21 04 30  54  9.3 10.8 99.00 99.00 99.00 999 1012.9  27.1  27.4  23.6 99.0 99.00
2026 01 21 04 40  54  9.3 11.4  2.10  7.14  5.39  97 1012.7  27.0  27.4  23.2 99.0 99.00
2026 01 21 04 50  58  9.2 11.1 99.00 99.00 99.00 999 1012.7  27.1  27.4  23.1 99.0 99.00
2026 01 21 05 00  59  8.8 10.8 99.00 99.00 99.00 999 1012.7  27.2  27.4  23.3 99.0 99.00
2026 01 21 05 10  58  8.9 10.3  2.14  7.69  5.56  99 1012.6  27.2  27.4  23.4 99.0 99.00
2026 01 21 05 20  63  9.3 11.1 99.00 99.00 99.00 999 1012.5  27.2  27.4  23.4 99.0 99.00
2026 01 21 05 30  60  9.2 11.1 99.00 99.00 99.00 999 1012.4  27.2  27.4  23.4 99.0 99.00
2026 01 21 05 40  62  9.8 12.1  2.08  8.33  5.34 104 1012.3  27.2  27.4  23.1 99.0 99.00
2026 01 21 05 50  60  9.7 11.4 99.00 99.00 99.00 999 1012.1  27.2  27.4  23.1 99.0 99.00
2026 01 21 06 00  60  9.7 12.3 99.00 99.00 99.00 999 1012.0  27.1  27.4  23.0 99.0 99.00
2026 01 21 06 10  56  9.6 11.6  1.96  8.33  5.24 105 1011.9  27.2  27.4  23.2 99.0 99.00
2026 01 21 06 20  51  9.0 11.0 99.00 99.00 99.00 999 1011.9  27.2  27.4  23.6 99.0 99.00
2026 01 21 06 30  56  9.1 10.9 99.00 99.00 99.00 999 1011.7  27.1  27.4  23.7 99.0 99.00
2026 01 21 06 40  58  9.5 11.2  2.16  8.33  5.45  95 1011.5  27.0  27.4  23.6 99.0 99.00
2026 01 21 06 50  55  9.5 11.8 99.00 99.00 99.00 999 1011.6  27.0  27.4  23.4 99.0 99.00
2026 01 21 07 00  54  9.4 11.3 99.00 99.00 99.00 999 1011.5  27.0  27.4  23.3 99.0 99.00
2026 01 21 07 10  56  9.6 11.3  2.01  8.33  5.42 105 1011.4  27.0  27.4  23.2 99.0 99.00
2026 01 21 07 20  60  9.8 11.7 99.00 99.00 99.00 999 1011.3  27.0  27.4  23.0 99.0 99.00
2026 01 21 07 30  62  9.7 11.2 99.00 99.00 99.00 999 1011.2  27.0  27.4  23.0 99.0 99.00
2026 01 21 07 40  64  9.4 11.2  2.16  7.69  5.47 103 1011.0  27.0  27.4  22.9 99.0 99.00
2026 01 21 07 50  66  9.1 10.6 99.00 99.00 99.00 999 1011.0  27.1  27.4  23.1 99.0 99.00
2026 01 21 08 00  69  9.5 11.2 99.00 99.00 99.00 999 1010.9  27.0  27.4  23.1 99.0 99.00
2026 01 21 08 10  67  9.2 10.9  2.12  7.69  5.43 102 1010.8  27.1  27.4  23.3 99.0 99.00
2026 01 21 08 20  72  9.4 11.7 99.00 99.00 99.00 999 1010.8  27.0  27.4  23.2 99.0 99.00
2026 01 21 08 30  74  8.8 11.1 99.00 99.00 99.00 999 1010.8  27.0  27.4  23.3 99.0 99.00
2026 01 21 08 40  78  8.9 10.9  2.02  7.69  5.30  95 1010.8  27.0  27.4  23.5 99.0 99.00
2026 01 21 08 50  72  9.6 11.3 99.00 99.00 99.00 999 1010.7  27.0  27.4  23.0 99.0 99.00
2026 01 21 09 00  77  9.5 10.9 99.00 99.00 99.00 999 1010.7  27.0  27.4  23.0 99.0 99.00
2026 01 21 09 10  75  8.8 10.6  2.04  7.14  5.30 100 1010.8  27.1  27.4  23.3 99.0 99.00
2026 01 21 09 20  72  8.5 10.3 99.00 99.00 99.00 999 1011.0  27.1  27.4  23.5 99.0 99.00
2026 01 21 09 30  71  8.8 10.9 99.00 99.00 99.00 999 1011.0  27.0  27.4  23.3 99.0 99.00
2026 01 21 09 40  75  8.8 10.6  1.97  8.33  5.22  97 1011.0  27.1  27.4  23.2 99.0 99.00
2026 01 21 09 50  72  9.3 10.5 99.00 99.00 99.00 999 1011.1  27.0  27.4  23.0 99.0 99.00
2026 01 21 10 00  74  8.4 10.3 99.00 99.00 99.00 999 1011.1  27.1  27.4  23.4 99.0 99.00
2026 01 21 10 10  70  9.0 11.2  2.01  7.14  5.31  96 1011.3  27.1  27.4  23.4 99.0 99.00
2026 01 21 10 20  72  9.5 11.8 99.00 99.00 99.00 999 1011.4  27.0  27.4  23.1 99.0 99.00
2026 01 21 10 30  67  9.6 12.4 99.00 99.00 99.00 999 1011.5  26.9  27.4  23.1 99.0 99.00
2026 01 21 10 40  67  9.1 11.6  2.09  8.33  5.44 103 1011.5  26.1  27.4  22.9 99.0 99.00
2026 01 21 10 50  69  7.9 10.1 99.00 99.00 99.00 999 1011.6  26.1  27.4  23.3 99.0 99.00
2026 01 21 11 00  70  8.1  9.9 99.00 99.00 99.00 999 1011.6  26.4  27.4  23.4 99.0 99.00
2026 01 21 11 10  70  8.5  9.9  1.96  7.69  5.31  96 1011.7  26.5  27.4  23.4 99.0 99.00
2026 01 21 11 20  67  7.9 10.1 99.00 99.00 99.00 999 1011.7  26.5  27.4  23.6 99.0 99.00
2026 01 21 11 30  67 10.2 12.3 99.00 99.00 99.00 999 1011.8  26.1  27.4  23.3 99.0 99.00
2026 01 21 11 40  69  9.3 11.5  1.95  8.33  5.32 104 1011.9  26.5  27.4  23.5 99.0 99.00
2026 01 21 11 50  72  8.5 10.4 99.00 99.00 99.00 999 1012.0  26.7  27.4  23.7 99.0 99.00
2026 01 21 12 00  81 10.3 12.9 99.00 99.00 99.00 999 1012.0  27.0  27.4  23.4 99.0 99.00
2026 01 21 12 10  82 11.4 13.4  1.95  6.67  5.21 109 1011.9  27.2  27.4  23.0 99.0 99.00
2026 01 21 12 20  81 11.0 13.2 99.00 99.00 99.00 999 1012.1  27.2  27.4  23.1 99.0 99.00
2026 01 21 12 30  80 10.4 12.4 99.00 99.00 99.00 999 1012.1  27.2  27.4  23.5 99.0 99.00
2026 01 21 12 40  76 10.1 13.3  1.90  6.67  5.06 106 1012.1  27.2  27.4  23.6 99.0 99.00
2026 01 21 12 50  78 10.7 12.6 99.00 99.00 99.00 999 1012.2  27.1  27.4  23.1 99.0 99.00
2026 01 21 13 00  79 10.5 12.4 99.00 99.00 99.00 999 1012.3  27.2  27.4  23.4 99.0 99.00
2026 01 21 13 10  77 10.1 12.6  2.14  7.14  5.14  94 1012.4  27.2  27.4  23.2 99.0 99.00
2026 01 21 13 20  77  9.8 12.5 99.00 99.00 99.00 999 1012.7  27.2  27.4  23.5 99.0 99.00
2026 01 21 13 30  77 10.1 12.4 99.00 99.00 99.00 999 1012.7  27.1  27.4  23.5 99.0 99.00
2026 01 21 13 40  79 10.4 12.1  2.00  6.67  5.12 106 1012.6  27.1  27.4  23.2 99.0 99.00
2026 01 21 13 50  78 10.9 13.1 99.00 99.00 99.00 999 1012.7  27.3  27.4  23.1 99.0 99.00
2026 01 21 14 00  76 11.2 13.5 99.00 99.00 99.00 999 1012.7  27.3  27.4  23.1 99.0 99.00
2026 01 21 14 10  75 10.5 12.8  1.98  6.67  5.04  88 1012.8  27.3  27.4  23.3 99.0 99.00
2026 01 21 14 20  75  9.9 12.0 99.00 99.00 99.00 999 1012.8  27.3  27.4  23.6 99.0 99.00
2026 01 21 14 30  77 10.0 11.9 99.00 99.00 99.00 999 1012.8  27.3  27.4  23.7 99.0 99.00
2026 01 21 14 40  77  9.5 11.3  2.07  7.69  5.23  89 1012.9  27.3  27.4  23.8 99.0 99.00
2026 01 21 14 50  68  9.6 11.9 99.00 99.00 99.00 999 1012.9  27.2  27.4  23.8 99.0 99.00
2026 01 21 15 00  70  9.7 11.9 99.00 99.00 99.00 999 1012.9  27.2  27.4  23.8 99.0 99.00
2026 01 21 15 10  74  9.6 12.5  2.11  7.69  5.20  96 1012.8  27.3  27.4  23.8 99.0 99.00
2026 01 21 15 20  77 11.0 12.9 99.00 99.00 99.00 999 1012.7  27.3  27.4  23.1 99.0 99.00
2026 01 21 15 30  78 10.8 12.6 99.00 99.00 99.00 999 1012.6  27.5  27.4  23.3 99.0 99.00
2026 01 21 15 40  72 10.5 13.1  2.22  7.69  5.31 104 1012.6  27.5  27.4  23.7 99.0 99.00
2026 01 21 15 50  71 10.3 12.1 99.00 99.00 99.00 999 1012.5  27.2  27.4  23.6 99.0 99.00
2026 01 21 16 00  72  9.9 12.0 99.00 99.00 99.00 999 1012.2  27.3  27.4  23.7 99.0 99.00
2026 01 21 16 10  71  9.9 12.0  2.11  7.69  5.24  88 1012.1  27.4  27.4  23.7 99.0 99.00
2026 01 21 16 20  74 10.4 12.8 99.00 99.00 99.00 999 1012.1  27.4  27.4  23.7 99.0 99.00
2026 01 21 16 30  74 10.9 13.0 99.00 99.00 99.00 999 1012.1  27.3  27.4  23.1 99.0 99.00
2026 01 21 16 40  73 10.9 13.0  2.07  7.69  5.16  88 1011.9  27.4  27.4  23.3 99.0 99.00
2026 01 21 16 50  77 10.6 12.9 99.00 99.00 99.00 999 1011.9  27.4  27.4  23.5 99.0 99.00
2026 01 21 17 00  76  9.5 11.5 99.00 99.00 99.00 999 1011.8  27.4  27.4  23.8 99.0 99.00
2026 01 21 17 10  72 10.4 12.5  2.06  7.69  5.17  90 1011.6  27.3  27.4  23.6 99.0 99.00
2026 01 21 17 20  74 10.2 12.1 99.00 99.00 99.00 999 1011.5  27.3  27.4  23.6 99.0 99.00
2026 01 21 17 30  77 10.1 12.7 99.00 99.00 99.00 999 1011.4  27.3  27.4  23.5 99.0 99.00
2026 01 21 17 40  80 10.1 12.3  2.20  7.14  5.21 101 1011.2  27.3  27.4  23.7 99.0 99.00
2026 01 21 17 50  68  9.5 11.1 99.00 99.00 99.00 999 1011.1  27.3  27.4  23.8 99.0 99.00
2026 01 21 18 00  66  9.5 14.5 99.00 99.00 99.00 999 1011.0  27.1  27.4  23.8 99.0 99.00
2026 01 21 18 10  66 10.3 12.2  2.14  7.69  5.25  88 1010.7  26.5  27.4  23.2 99.0 99.00
2026 01 21 18 20  72 10.8 13.1 99.00 99.00 99.00 999 1010.5  27.2  27.4  23.6 99.0 99.00
2026 01 21 18 30  74 10.6 12.6 99.00 99.00 99.00 999 1010.5  27.3  27.4  23.5 99.0 99.00
2026 01 21 18 40  73 10.8 13.1  2.07  6.67  5.09  89 1010.4  27.3  27.4  23.3 99.0 99.00
2026 01 21 18 50  74 10.9 13.0 99.00 99.00 99.00 999 1010.3  27.4  27.4  23.4 99.0 99.00
2026 01 21 19 00  74 11.1 13.1 99.00 99.00 99.00 999 1010.3  27.4  27.4  23.4 99.0 99.00
2026 01 21 19 10  71 11.5 16.1  2.25  6.25  5.23  89 1010.2  27.2  27.4  23.4 99.0 99.00
2026 01 21 19 20  67 11.0 13.3 99.00 99.00 99.00 999 1010.1  26.2  27.4  22.9 99.0 99.00
2026 01 21 19 30  76 10.5 12.4 99.00 99.00 99.00 999 1010.0  26.4  27.4  22.7 99.0 99.00
2026 01 21 19 40  75  9.8 11.5  2.32  6.67  5.30  79 1010.1  26.5  27.4  22.8 99.0 99.00
2026 01 21 19 50  78  9.5 11.6 99.00 99.00 99.00 999 1010.0  26.7  27.4  23.1 99.0 99.00
2026 01 21 20 00  75  9.9 11.5 99.00 99.00 99.00 999 1009.9  27.0  27.4  23.4 99.0 99.00
2026 01 21 20 10  72  9.8 12.1  2.34  7.69  5.39 102 1009.8  27.1  27.4  23.3 99.0 99.00
2026 01 21 20 20  75  9.7 11.7 99.00 99.00 99.00 999 1009.9  27.3  27.4  23.4 99.0 99.00
2026 01 21 20 30  72  9.9 11.9 99.00 99.00 99.00 999 1009.9  27.2  27.4  23.7 99.0 99.00
2026 01 21 20 40  74 10.1 11.9  2.26  7.14  5.31  90 1009.9  27.1  27.4  23.5 99.0 99.00
2026 01 21 20 50  72 10.8 13.7 99.00 99.00 99.00 999 1010.0  26.7  27.4  22.7 99.0 99.00
2026 01 21 21 00  75 10.2 12.4 99.00 99.00 99.00 999 1010.0  26.3  27.4  22.6 99.0 99.00
2026 01 21 21 10  75  9.6 11.6  2.20  6.67  5.19  90 1010.0  26.4  27.4  23.4 99.0 99.00
2026 01 21 21 20  80  9.5 11.4 99.00 99.00 99.00 999 1010.1  26.4  27.4  22.7 99.0 99.00
2026 01 21 21 30  75  9.5 11.6 99.00 99.00 99.00 999 1010.0  27.0  27.4  23.0 99.0 99.00
2026 01 21 21 40  75 10.5 13.5  2.09  7.14  5.31  96 1010.0  27.3  27.4  23.2 99.0 99.00
2026 01 21 21 50  77 11.0 12.8 99.00 99.00 99.00 999 1010.1  27.2  27.4  23.3 99.0 99.00
2026 01 21 22 00  78 12.8 16.4 99.00 99.00 99.00 999 1010.2  26.7  27.4  22.8 99.0 99.00
2026 01 21 22 10  78 12.5 15.4  2.04  7.14  4.99  88 1010.1  26.3  27.4  22.4 99.0 99.00
2026 01 21 22 20  81 11.0 13.4 99.00 99.00 99.00 999 1010.3  26.7  27.4  22.4 99.0 99.00
2026 01 21 22 30  74 10.4 12.8 99.00 99.00 99.00 999 1010.3  26.7  27.4  23.1 99.0 99.00
2026 01 21 22 40  73 10.0 11.9  2.28  7.14  5.31  91 1010.5  26.7  27.4  22.8 99.0 99.00
2026 01 21 22 50  69  9.9 11.4 99.00 99.00 99.00 999 1010.6  27.1  27.4  23.0 99.0 99.00
2026 01 21 23 00  66  9.5 11.8 99.00 99.00 99.00 999 1010.7  27.1  27.4  23.4 99.0 99.00
2026 01 21 23 10  69  8.7 10.7  2.14  7.14  5.24  97 1010.7  27.0  27.4  23.8 99.0 99.00
2026 01 21 23 20  77  9.1 11.4 99.00 99.00 99.00 999 1010.9  26.9  27.4  23.4 99.0 99.00
2026 01 21 23 30  75  9.5 11.6 99.00 99.00 99.00 999 1011.0  26.9  27.4  23.3 99.0 99.00
2026 01 21 23 40  73  9.2 11.4  2.07  7.14  5.26  99 1011.0  27.0  27.4  23.7 99.0 99.00
2026 01 21 23 50  73  9.1 11.2 99.00 99.00 99.00 999 1011.2  26.9  27.4  23.7 99.0 99.00
2026 01 22 00 00  70  8.2 10.6 99.00 99.00 99.00 999 1011.2  27.1  27.4  24.0 99.0 99.00
2026 01 22 00 10  69  9.6 11.4  2.24  7.69  5.39  91 1011.2  27.1  27.4  23.8 99.0 99.00
2026 01 22 00 20  74  9.3 11.1 99.00 99.00 99.00 999 1011.4  27.2  27.4  23.7 99.0 99.00
2026 01 22 00 30  75  9.3 11.3 99.00 99.00 99.00 999 1011.6  27.4  27.4  23.9 99.0 99.00
2026 01 22 00 40  70  9.7 12.0  1.93  8.33  5.10  84 1011.7  27.3  27.4  23.5 99.0 99.00
2026 01 22 00 50  63  9.4 11.7 99.00 99.00 99.00 999 1011.8  27.5  27.4  23.7 99.0 99.00
2026 01 22 01 00  65  9.9 12.1 99.00 99.00 99.00 999 1011.9  27.4  27.4  23.4 99.0 99.00
2026 01 22 01 10  63 10.1 12.4  2.11  7.14  5.36  93 1012.1  27.4  27.4  23.3 99.0 99.00
2026 01 22 01 20  64 10.5 12.6 99.00 99.00 99.00 999 1012.1  27.4  27.4  23.3 99.0 99.00
2026 01 22 01 30  62 10.1 12.2 99.00 99.00 99.00 999 1012.2  27.5  27.4  23.5 99.0 99.00
2026 01 22 01 40  60 10.1 12.6  2.15  7.14  5.25  97 1012.3  27.3  27.4  23.6 99.0 99.00
2026 01 22 01 50  67 10.4 12.6 99.00 99.00 99.00 999 1012.3  27.3  27.4  23.4 99.0 99.00
2026 01 22 02 00  70 10.9 13.1 99.00 99.00 99.00 999 1012.4  27.4  27.4  23.0 99.0 99.00
2026 01 22 02 10  65 10.6 12.9  2.29  7.14  5.47  85 1012.4  27.5  27.4  23.1 99.0 99.00
2026 01 22 02 20  63 10.5 12.6 99.00 99.00 99.00 999 1012.4  27.5  27.4  23.0 99.0 99.00
2026 01 22 02 30  67 10.2 12.2 99.00 99.00 99.00 999 1012.6  27.5  27.4  23.0 99.0 99.00
2026 01 22 02 40  67 10.2 12.2  2.25  7.14  5.36  90 1012.6  27.5  27.4  23.0 99.0 99.00
2026 01 22 02 50  66  9.7 11.9 99.00 99.00 99.00 999 1012.6  27.5  27.4  23.4 99.0 99.00
2026 01 22 03 00  59  9.6 11.8 99.00 99.00 99.00 999 1012.7  27.4  27.4  23.4 99.0 99.00
2026 01 22 03 10  59  9.6 11.9  2.39  7.69  5.50  87 1012.7  27.4  27.4  23.6 99.0 99.00
2026 01 22 03 20  63 10.7 12.9 99.00 99.00 99.00 999 1012.6  27.3  27.4  23.2 99.0 99.00
2026 01 22 03 30  64 10.5 12.7 99.00 99.00 99.00 999 1012.6  27.4  27.4  23.1 99.0 99.00
2026 01 22 03 40  64 10.0 12.5  2.28  7.69  5.42  96 1012.5  27.4  27.4  23.2 99.0 99.00
2026 01 22 03 50  66 10.2 12.2 99.00 99.00 99.00 999 1012.5  27.4  27.4  23.2 99.0 99.00
2026 01 22 04 00  65 10.5 12.5 99.00 99.00 99.00 999 1012.6  27.3  27.4  22.9 99.0 99.00
2026 01 22 04 10  69 10.1 12.0  2.20  7.14  5.42  96 1012.6  27.4  27.4  22.8 99.0 99.00
2026 01 22 04 20  68  9.3 11.2 99.00 99.00 99.00 999 1012.6  27.4  27.4  23.1 99.0 99.00
2026 01 22 04 30  68  9.5 11.3 99.00 99.00 99.00 999 1012.5  27.3  27.4  23.0 99.0 99.00
2026 01 22 04 40  70  9.6 11.4  2.22  7.69  5.38  91 1012.5  27.3  27.4  22.6 99.0 99.00
2026 01 22 04 50  71  9.6 12.1 99.00 99.00 99.00 999 1012.4  27.4  27.4  22.8 99.0 99.00
2026 01 22 05 00  70  9.2 11.3 99.00 99.00 99.00 999 1012.3  27.3  27.5  23.2 99.0 99.00
2026 01 22 05 10  68  9.0 10.7  2.40  7.69  5.65  91 1012.3  27.3  27.4  23.4 99.0 99.00
2026 01 22 05 20  60  9.7 12.0 99.00 99.00 99.00 999 1012.2  27.2  27.4  23.6 99.0 99.00
2026 01 22 05 30  63 10.0 11.6 99.00 99.00 99.00 999 1012.1  27.1  27.4  23.2 99.0 99.00
2026 01 22 05 40  65  9.5 11.3  2.23  7.69  5.52  95 1012.0  27.2  27.4  23.3 99.0 99.00
2026 01 22 05 50  59  9.6 11.5 99.00 99.00 99.00 999 1011.9  27.2  27.4  23.3 99.0 99.00
2026 01 22 06 00  67  9.5 11.7 99.00 99.00 99.00 999 1011.9  27.2  27.4  23.2 99.0 99.00
2026 01 22 06 10  69  9.4 11.4  2.21  7.69  5.32  88 1011.8  27.2  27.4  22.9 99.0 99.00
2026 01 22 06 20  69  9.6 11.3 99.00 99.00 99.00 999 1011.6  27.2  27.4  22.9 99.0 99.00
2026 01 22 06 30  66  9.6 11.6 99.00 99.00 99.00 999 1011.5  27.2  27.4  23.0 99.0 99.00
2026 01 22 06 40  69  9.4 11.3  2.29  7.14  5.46  95 1011.4  27.2  27.4  23.0 99.0 99.00
2026 01 22 06 50  65  9.3 11.3 99.00 99.00 99.00 999 1011.3  27.2  27.4  23.2 99.0 99.00
2026 01 22 07 00  66  9.0 11.0 99.00 99.00 99.00 999 1011.2  27.2  27.4  23.3 99.0 99.00
2026 01 22 07 10  65  9.2 11.1  2.34  8.33  5.57  93 1011.1  27.1  27.4  23.6 99.0 99.00
2026 01 22 07 20  61 10.0 12.0 99.00 99.00 99.00 999 1011.1  27.0  27.4  23.3 99.0 99.00
2026 01 22 07 30  64  9.8 11.9 99.00 99.00 99.00 999 1011.0  27.1  27.4  23.3 99.0 99.00
2026 01 22 07 40  64  9.9 12.1  2.30  7.14  5.63  98 1011.0  27.1  27.4  23.1 99.0 99.00
2026 01 22 07 50  68  9.8 11.7 99.00 99.00 99.00 999 1010.9  27.1  27.4  23.2 99.0 99.00
2026 01 22 08 00  67  9.9 11.7 99.00 99.00 99.00 999 1010.8  27.1  27.4  23.2 99.0 99.00
2026 01 22 08 10  63  9.3 12.1  2.25  7.69  5.49  91 1010.7  27.1  27.4  23.5 99.0 99.00
2026 01 22 08 20  70 10.1 12.0 99.00 99.00 99.00 999 1010.7  27.0  27.4  23.0 99.0 99.00
2026 01 22 08 30  69  9.7 11.8 99.00 99.00 99.00 999 1010.6  27.1  27.4  23.1 99.0 99.00
2026 01 22 08 40  72  9.4 11.0  2.38  7.14  5.46  97 1010.7  27.2  27.4  23.5 99.0 99.00
2026 01 22 08 50  69 10.0 11.6 99.00 99.00 99.00 999 1010.7  27.1  27.4  23.2 99.0 99.00
2026 01 22 09 00  72  9.9 12.2 99.00 99.00 99.00 999 1010.6  27.1  27.4  23.2 99.0 99.00
2026 01 22 09 10  75  9.9 12.2  2.10  7.69  5.43  93 1010.6  27.1  27.4  23.3 99.0 99.00
2026 01 22 09 20  70 10.1 11.7 99.00 99.00 99.00 999 1010.7  27.0  27.4  23.2 99.0 99.00
2026 01 22 09 30  70  9.6 11.3 99.00 99.00 99.00 999 1010.8  27.0  27.4  23.3 99.0 99.00
2026 01 22 09 40  69  9.6 11.2  2.26  8.33  5.53  86 1010.8  27.1  27.4  23.5 99.0 99.00
2026 01 22 09 50  75 10.3 12.1 99.00 99.00 99.00 999 1010.8  27.0  27.4  22.9 99.0 99.00
2026 01 22 10 00  75  9.9 12.0 99.00 99.00 99.00 999 1011.0  27.2  27.4  23.2 99.0 99.00
2026 01 22 10 10  74 10.2 12.3  2.25  7.14  5.46  83 1011.1  27.1  27.4  23.3 99.0 99.00
2026 01 22 10 20  78  9.8 11.9 99.00 99.00 99.00 999 1011.1  27.2  27.4  23.2 99.0 99.00
2026 01 22 10 30  70 10.2 12.6 99.00 99.00 99.00 999 1011.0  27.1  27.4  23.4 99.0 99.00
2026 01 22 10 40  70 10.1 12.8  2.30  7.69  5.44  90 1011.1  27.1  27.4  23.5 99.0 99.00
2026 01 22 10 50  77 10.3 12.3 99.00 99.00 99.00 999 1011.2  27.1  27.4  23.1 99.0 99.00
2026 01 22 11 00  79  9.6 11.8 99.00 99.00 99.00 999 1011.4  27.2  27.4  23.1 99.0 99.00
2026 01 22 11 10  80 10.1 12.6  2.21  8.33  5.45  90 1011.4  27.1  27.4  23.1 99.0 99.00
2026 01 22 11 20  82 10.1 12.4 99.00 99.00 99.00 999 1011.5  27.2  27.4  23.1 99.0 99.00
2026 01 22 11 30  82  9.8 12.0 99.00 99.00 99.00 999 1011.6  27.3  27.4  23.1 99.0 99.00
2026 01 22 11 40  83 10.2 12.9  2.30  7.69  5.55  93 1011.6  27.2  27.4  23.0 99.0 99.00
2026 01 22 11 50  84 10.3 12.5 99.00 99.00 99.00 999 1011.7  27.3  27.4  23.1 99.0 99.00
2026 01 22 12 00  78 10.7 13.0 99.00 99.00 99.00 999 1011.8  27.1  27.4  22.9 99.0 99.00
2026 01 22 12 10  79 10.6 12.5  2.19  7.69  5.26  86 1011.8  27.3  27.4  23.0 99.0 99.00
2026 01 22 12 20  82 10.4 12.1 99.00 99.00 99.00 999 1011.9  27.2  27.4  23.1 99.0 99.00
2026 01 22 12 30  75 10.2 12.3 99.00 99.00 99.00 999 1012.1  27.3  27.4  23.1 99.0 99.00
2026 01 22 12 40  74 10.7 12.7  2.26  8.33  5.37  88 1012.2  27.3  27.4  23.0 99.0 99.00
2026 01 22 12 50  77 10.4 12.3 99.00 99.00 99.00 999 1012.4  27.4  27.4  23.2 99.0 99.00
2026 01 22 13 00  79  9.9 11.7 99.00 99.00 99.00 999 1012.4  27.4  27.4  23.3 99.0 99.00
2026 01 22 13 10  73 10.0 12.0  2.34  8.33  5.46  96 1012.6  27.3  27.4  23.1 99.0 99.00
2026 01 22 13 20  70  9.5 12.5 99.00 99.00 99.00 999 1012.8  27.3  27.4  23.2 99.0 99.00
2026 01 22 13 30  65  9.2 11.3 99.00 99.00 99.00 999 1013.0  27.1  27.4  23.4 99.0 99.00
2026 01 22 13 40  66  9.6 12.6  2.40  6.25  5.49  97 1013.0  27.0  27.4  23.5 99.0 99.00
2026 01 22 13 50  73 10.2 12.1 99.00 99.00 99.00 999 1013.1  27.2  27.4  23.0 99.0 99.00
2026 01 22 14 00  75 11.0 13.1 99.00 99.00 99.00 999 1013.3  27.4  27.4  22.8 99.0 99.00
2026 01 22 14 10  72  9.9 12.0  2.33  8.33  5.45  84 1013.3  27.5  27.4  23.1 99.0 99.00
2026 01 22 14 20  69 10.4 12.7 99.00 99.00 99.00 999 1013.3  27.4  27.4  23.1 99.0 99.00
2026 01 22 14 30  71 10.3 12.6 99.00 99.00 99.00 999 1013.4  27.4  27.4  23.1 99.0 99.00
2026 01 22 14 40  69 10.2 12.5  2.20  7.69  5.24  86 1013.4  27.4  27.4  23.1 99.0 99.00
2026 01 22 14 50  72  9.8 12.1 99.00 99.00 99.00 999 1013.4  27.5  27.4  23.3 99.0 99.00
2026 01 22 15 00  72  9.7 12.2 99.00 99.00 99.00 999 1013.4  27.4  27.4  23.1 99.0 99.00
2026 01 22 15 10  77  9.8 11.8  2.37  8.33  5.45  84 1013.4  27.4  27.4  22.9 99.0 99.00
2026 01 22 15 20  70 10.0 11.6 99.00 99.00 99.00 999 1013.3  27.5  27.4  23.1 99.0 99.00
2026 01 22 15 30  66  9.4 11.5 99.00 99.00 99.00 999 1013.2  27.4  27.4  23.4 99.0 99.00
2026 01 22 15 40  68 10.3 12.5  2.32  8.33  5.35  89 1013.2  27.3  27.4  22.9 99.0 99.00
2026 01 22 15 50  69  9.7 11.4 99.00 99.00 99.00 999 1013.1  27.4  27.4  23.2 99.0 99.00
2026 01 22 16 00  69  9.4 11.4 99.00 99.00 99.00 999 1013.0  27.4  27.4  23.4 99.0 99.00
2026 01 22 16 10  71  9.3 11.3  2.36  8.33  5.55  83 1013.0  27.4  27.4  23.4 99.0 99.00
2026 01 22 16 20  72  9.7 11.6 99.00 99.00 99.00 999 1012.9  27.4  27.4  23.2 99.0 99.00
2026 01 22 16 30  72 10.5 12.4 99.00 99.00 99.00 999 1012.7  27.4  27.4  22.9 99.0 99.00
2026 01 22 16 40  70 10.2 12.2  2.25  8.33  5.49  91 1012.6  27.5  27.4  23.0 99.0 99.00
2026 01 22 16 50  70  9.8 11.5 99.00 99.00 99.00 999 1012.5  27.5  27.4  23.2 99.0 99.00
2026 01 22 17 00  69 10.0 12.6 99.00 99.00 99.00 999 1012.4  27.4  27.4  23.2 99.0 99.00
2026 01 22 17 10  70 10.2 12.5  2.21  8.33  5.40  89 1012.3  27.3  27.4  23.2 99.0 99.00
2026 01 22 17 20  72 10.2 12.1 99.00 99.00 99.00 999 1012.2  27.1  27.4  23.2 99.0 99.00
2026 01 22 17 30  72 10.6 12.5 99.00 99.00 99.00 999 1012.1  27.3  27.4  22.8 99.0 99.00
2026 01 22 17 40  70 10.3 12.4  2.27  7.69  5.51  89 1012.1  27.5  27.4  22.9 99.0 99.00
2026 01 22 17 50  72  9.4 11.5 99.00 99.00 99.00 999 1011.9  27.5  27.4  23.1 99.0 99.00
2026 01 22 18 00  74 10.4 12.4 99.00 99.00 99.00 999 1011.8  27.4  27.4  23.1 99.0 99.00
2026 01 22 18 10  57  9.1 12.2  2.28  7.14  5.44  96 1011.7  27.0  27.4  23.1 99.0 99.00
2026 01 22 18 20  66  8.3 10.0 99.00 99.00 99.00 999 1011.5  26.8  27.4  23.1 99.0 99.00
2026 01 22 18 30  69  8.5 11.8 99.00 99.00 99.00 999 1011.4  27.1  27.4  23.4 99.0 99.00
2026 01 22 18 40  74  9.8 11.8  2.29  7.69  5.54  97 1011.2  27.2  27.4  23.0 99.0 99.00
2026 01 22 18 50  68  9.6 11.4 99.00 99.00 99.00 999 1011.0  27.4  27.4  22.9 99.0 99.00
2026 01 22 19 00  70  9.2 11.1 99.00 99.00 99.00 999 1010.9  27.4  27.4  22.9 99.0 99.00
2026 01 22 19 10  68  9.5 11.6  2.36  7.14  5.54 100 1010.8  27.4  27.5  23.0 99.0 99.00
2026 01 22 19 20  64  9.3 11.3 99.00 99.00 99.00 999 1010.7  27.4  27.4  23.1 99.0 99.00
2026 01 22 19 30  61  9.5 11.6 99.00 99.00 99.00 999 1010.6  27.3  27.4  23.0 99.0 99.00
2026 01 22 19 40  63  9.7 12.0  2.16  8.33  5.41  92 1010.5  27.4  27.5  22.9 99.0 99.00
2026 01 22 19 50  65  9.4 11.2 99.00 99.00 99.00 999 1010.4  27.4  27.5  22.9 99.0 99.00
2026 01 22 20 00  66  9.1 11.3 99.00 99.00 99.00 999 1010.4  27.4  27.5  23.0 99.0 99.00
2026 01 22 20 10  72  9.2 11.0  2.08  7.69  5.32 104 1010.3  27.3  27.5  22.7 99.0 99.00
2026 01 22 20 20  71  8.8 10.3 99.00 99.00 99.00 999 1010.2  27.4  27.5  23.1 99.0 99.00
2026 01 22 20 30  73  9.3 11.0 99.00 99.00 99.00 999 1010.2  27.3  27.5  22.8 99.0 99.00
2026 01 22 20 40  69  9.2 11.0  2.25  7.14  5.47  96 1010.2  27.3  27.5  22.8 99.0 99.00
2026 01 22 20 50  65  9.2 11.3 99.00 99.00 99.00 999 1010.2  27.3  27.5  23.1 99.0 99.00
2026 01 22 21 00  68  9.3 11.0 99.00 99.00 99.00 999 1010.2  27.1  27.5  22.8 99.0 99.00
2026 01 22 21 10  64  9.1 11.2  2.20  8.33  5.62  95 1010.2  27.3  27.5  22.6 99.0 99.00
2026 01 22 21 20  62  8.3 10.1 99.00 99.00 99.00 999 1010.2  27.3  27.5  23.0 99.0 99.00
2026 01 22 21 30  63  8.9 11.1 99.00 99.00 99.00 999 1010.3  27.2  27.5  23.0 99.0 99.00
2026 01 22 21 40  61  9.2 11.3  2.15  7.14  5.39  92 1010.2  27.2  27.5  23.2 99.0 99.00
2026 01 22 21 50  64  8.5 10.4 99.00 99.00 99.00 999 1010.3  27.1  27.5  23.4 99.0 99.00
2026 01 22 22 00  64  8.7 10.7 99.00 99.00 99.00 999 1010.3  27.1  27.5  23.4 99.0 99.00
2026 01 22 22 10  64  8.4 10.4  2.21  7.14  5.61  96 1010.3  27.1  27.4  23.5 99.0 99.00
2026 01 22 22 20  56  8.7 10.3 99.00 99.00 99.00 999 1010.4  27.1  27.4  23.1 99.0 99.00
2026 01 22 22 30  59  8.7 10.8 99.00 99.00 99.00 999 1010.5  27.2  27.4  22.9 99.0 99.00
2026 01 22 22 40  62  9.0 10.9  2.07  7.14  5.44  93 1010.5  27.2  27.4  22.9 99.0 99.00
2026 01 22 22 50  61  8.8 10.4 99.00 99.00 99.00 999 1010.5  27.2  27.4  22.9 99.0 99.00
2026 01 22 23 00  66  8.8 10.6 99.00 99.00 99.00 999 1010.6  27.2  27.4  22.9 99.0 99.00
2026 01 22 23 10  65  8.5 10.3  2.12  7.14  5.41 104 1010.6  27.2  27.4  22.8 99.0 99.00
2026 01 22 23 20  65  7.8  9.8 99.00 99.00 99.00 999 1010.8  27.3  27.4  23.1 99.0 99.00
2026 01 22 23 30  64  8.2  9.9 99.00 99.00 99.00 999 1010.9  27.2  27.4  23.1 99.0 99.00
2026 01 22 23 40  62  8.0  9.7  2.01  7.69  5.29  98 1010.9  27.2  27.4  23.2 99.0 99.00
2026 01 22 23 50  61  8.4  9.7 99.00 99.00 99.00 999 1011.1  27.2  27.4  23.1 99.0 99.00
2026 01 23 00 00  59  8.5 10.1 99.00 99.00 99.00 999 1011.1  27.2  27.4  23.0 99.0 99.00
2026 01 23 00 10  54  8.2 10.2  2.05  7.69  5.57  92 1011.2  27.2  27.4  23.2 99.0 99.00
2026 01 23 00 20  56  8.3 10.0 99.00 99.00 99.00 999 1011.3  27.2  27.4  23.3 99.0 99.00
2026 01 23 00 30  54  8.4 10.2 99.00 99.00 99.00 999 1011.4  27.2  27.4  23.2 99.0 99.00
2026 01 23 00 40  55  8.8 10.4  2.08  7.69  5.53 101 1011.5  27.2  27.4  23.2 99.0 99.00
2026 01 23 00 50  50  8.6 10.3 99.00 99.00 99.00 999 1011.6  27.2  27.4  23.1 99.0 99.00
2026 01 23 01 00  51  8.5 10.3 99.00 99.00 99.00 999 1011.7  27.2  27.4  23.2 99.0 99.00
2026 01 23 01 10  54  8.6 10.3  1.92  8.33  5.36  90 1011.8  27.3  27.4  23.4 99.0 99.00
2026 01 23 01 20  53  8.7 10.2 99.00 99.00 99.00 999 1011.9  27.3  27.4  23.4 99.0 99.00
2026 01 23 01 30  54  8.8 10.7 99.00 99.00 99.00 999 1012.0  27.2  27.4  23.3 99.0 99.00
2026 01 23 01 40  51  9.0 11.1  2.01  8.33  5.34  83 1012.0  27.2  27.4  23.3 99.0 99.00
2026 01 23 01 50  55  9.0 11.0 99.00 99.00 99.00 999 1012.1  27.2  27.4  23.4 99.0 99.00
2026 01 23 02 00  58  9.2 10.8 99.00 99.00 99.00 999 1012.2  27.2  27.4  23.3 99.0 99.00
2026 01 23 02 10  59  8.8 10.5  1.89  8.33  5.39  90 1012.2  27.2  27.4  23.3 99.0 99.00
2026 01 23 02 20  58  8.7 10.2 99.00 99.00 99.00 999 1012.4  27.2  27.4  23.2 99.0 99.00
2026 01 23 02 30  55  8.4  9.8 99.00 99.00 99.00 999 1012.4  27.3  27.4  23.5 99.0 99.00
2026 01 23 02 40  59  8.9 10.6  1.99  8.33  5.35  92 1012.4  27.2  27.4  23.4 99.0 99.00
2026 01 23 02 50  58  8.8 11.1 99.00 99.00 99.00 999 1012.4  27.2  27.4  23.4 99.0 99.00
2026 01 23 03 00  58  9.0 11.2 99.00 99.00 99.00 999 1012.5  27.2  27.4  23.2 99.0 99.00
2026 01 23 03 10  58  8.4 10.2  1.92  7.69  5.33 102 1012.5  27.3  27.4  23.5 99.0 99.00
2026 01 23 03 20  57  9.0 10.8 99.00 99.00 99.00 999 1012.4  27.1  27.4  23.3 99.0 99.00
2026 01 23 03 30  61  9.1 10.9 99.00 99.00 99.00 999 1012.3  27.1  27.4  23.1 99.0 99.00
2026 01 23 03 40  63  8.6 10.5  1.93  8.33  5.48  90 1012.4  27.2  27.4  23.3 99.0 99.00
2026 01 23 03 50  60  8.5  9.9 99.00 99.00 99.00 999 1012.4  27.1  27.4  23.3 99.0 99.00
2026 01 23 04 00  58  8.9 11.5 99.00 99.00 99.00 999 1012.4  27.1  27.4  23.2 99.0 99.00
2026 01 23 04 10  56  8.4 10.3  1.90  8.33  5.42  96 1012.3  27.1  27.4  23.2 99.0 99.00
2026 01 23 04 20  55  8.4 10.4 99.00 99.00 99.00 999 1012.3  27.1  27.4  23.2 99.0 99.00
2026 01 23 04 30  52  8.7 10.5 99.00 99.00 99.00 999 1012.2  27.1  27.4  23.2 99.0 99.00
2026 01 23 04 40  52  8.7 10.2  1.80  7.69  5.23  86 1012.1  27.1  27.4  23.3 99.0 99.00
2026 01 23 04 50  50  9.0 11.0 99.00 99.00 99.00 999 1012.2  27.1  27.4  23.4 99.0 99.00
2026 01 23 05 00  54  8.9 10.6 99.00 99.00 99.00 999 1012.1  27.1  27.4  23.2 99.0 99.00
2026 01 23 05 10  49  8.9 10.8  1.95  7.69  5.34  95 1012.1  27.0  27.4  23.0 99.0 99.00
2026 01 23 05 20  55  8.8 10.8 99.00 99.00 99.00 999 1012.0  27.0  27.4  23.0 99.0 99.00
2026 01 23 05 30  52  8.9 10.7 99.00 99.00 99.00 999 1011.9  27.1  27.4  23.0 99.0 99.00
2026 01 23 05 40  54  9.2 11.2  1.91  7.69  5.25  93 1011.6  27.1  27.4  23.0 99.0 99.00
2026 01 23 05 50  57  9.1 10.8 99.00 99.00 99.00 999 1011.6  27.1  27.4  23.1 99.0 99.00
2026 01 23 06 00  58  8.9 10.6 99.00 99.00 99.00 999 1011.5  27.1  27.4  23.3 99.0 99.00
2026 01 23 06 10  59  9.1 11.1  1.94  7.69  5.41  91 1011.4  27.0  27.4  23.4 99.0 99.00
2026 01 23 06 20  56  9.0 11.2 99.00 99.00 99.00 999 1011.3  27.1  27.4  23.7 99.0 99.00
2026 01 23 06 30  58  9.5 11.2 99.00 99.00 99.00 999 1011.1  26.9  27.4  23.5 99.0 99.00
2026 01 23 06 40  56  9.4 10.8  1.85  7.14  5.28  91 1011.0  26.9  27.4  23.3 99.0 99.00
2026 01 23 06 50  58  9.6 11.2 99.00 99.00 99.00 999 1011.0  26.9  27.4  23.1 99.0 99.00
2026 01 23 07 00  58  9.5 10.9 99.00 99.00 99.00 999 1011.0  27.0  27.4  23.2 99.0 99.00
2026 01 23 07 10  53  8.5 10.9  1.84  8.33  5.17  98 1011.0  27.0  27.4  23.4 99.0 99.00
2026 01 23 07 20  54  8.3 10.0 99.00 99.00 99.00 999 1010.9  27.0  27.4  23.5 99.0 99.00
2026 01 23 07 30  58  8.6 10.7 99.00 99.00 99.00 999 1010.9  26.9  27.4  23.4 99.0 99.00
2026 01 23 07 40  61  8.7 10.4  1.95  8.33  5.39  90 1010.8  26.9  27.4  23.2 99.0 99.00
2026 01 23 07 50  55  8.7 10.7 99.00 99.00 99.00 999 1010.7  26.9  27.4  23.3 99.0 99.00
2026 01 23 08 00  59  9.3 11.1 99.00 99.00 99.00 999 1010.5  26.9  27.4  23.2 99.0 99.00
2026 01 23 08 10  60  9.3 10.9  2.00  6.67  5.32  97 1010.6  26.9  27.4  23.1 99.0 99.00
2026 01 23 08 20  59  9.2 10.9 99.00 99.00 99.00 999 1010.6  26.9  27.4  23.2 99.0 99.00
2026 01 23 08 30  58  8.9 11.1 99.00 99.00 99.00 999 1010.5  26.9  27.4  23.3 99.0 99.00
2026 01 23 08 40  64  9.0 11.4  1.87  7.69  5.24  97 1010.5  27.0  27.4  23.5 99.0 99.00
2026 01 23 08 50  58  9.7 11.6 99.00 99.00 99.00 999 1010.6  26.9  27.3  23.1 99.0 99.00
2026 01 23 09 00  59  9.9 11.9 99.00 99.00 99.00 999 1010.5  26.9  27.3  23.1 99.0 99.00
2026 01 23 09 10  61  9.6 11.5  1.94  8.33  5.32  88 1010.6  27.0  27.3  23.2 99.0 99.00
2026 01 23 09 20  60  9.4 11.1 99.00 99.00 99.00 999 1010.7  26.9  27.3  23.2 99.0 99.00
2026 01 23 09 30  60  9.6 11.5 99.00 99.00 99.00 999 1010.8  26.9  27.3  23.1 99.0 99.00
2026 01 23 09 40  56  9.5 11.0  1.95  8.33  5.29  86 1010.7  27.0  27.3  23.1 99.0 99.00
2026 01 23 09 50  58  9.2 11.3 99.00 99.00 99.00 999 1010.8  27.0  27.4  23.2 99.0 99.00
2026 01 23 10 00  61  9.1 11.2 99.00 99.00 99.00 999 1011.0  27.0  27.3  23.2 99.0 99.00
2026 01 23 10 10  60  8.7 10.5  2.01  8.33  5.32  93 1011.0  27.1  27.3  23.4 99.0 99.00
2026 01 23 10 20  60  9.0 11.2 99.00 99.00 99.00 999 1011.0  27.0  27.3  23.2 99.0 99.00
2026 01 23 10 30  62  9.5 11.4 99.00 99.00 99.00 999 1011.1  27.0  27.3  23.0 99.0 99.00
2026 01 23 10 40  63  9.2 11.3  2.14  6.67  5.51  94 1011.1  27.1  27.3  23.2 99.0 99.00
2026 01 23 10 50  63  9.1 10.5 99.00 99.00 99.00 999 1011.2  27.0  27.3  23.3 99.0 99.00
2026 01 23 11 00  65  9.5 11.8 99.00 99.00 99.00 999 1011.3  27.0  27.3  23.2 99.0 99.00
2026 01 23 11 10  62  9.2 10.8  1.90  7.14  5.28  87 1011.5  27.0  27.3  23.3 99.0 99.00
2026 01 23 11 20  65  9.3 10.9 99.00 99.00 99.00 999 1011.5  27.0  27.3  23.3 99.0 99.00
2026 01 23 11 30  70  9.4 11.1 99.00 99.00 99.00 999 1011.7  27.0  27.3  23.3 99.0 99.00
2026 01 23 11 40  72  9.3 11.2  1.93  7.14  5.17  89 1011.9  27.1  27.3  23.5 99.0 99.00
2026 01 23 11 50  72  9.6 11.4 99.00 99.00 99.00 999 1012.0  27.0  27.3  23.2 99.0 99.00
2026 01 23 12 00  69  9.6 11.4 99.00 99.00 99.00 999 1012.1  27.1  27.3  23.3 99.0 99.00
2026 01 23 12 10  66  9.6 11.8  1.85  7.69  5.35  94 1012.2  27.1  27.3  23.4 99.0 99.00
2026 01 23 12 20  64 10.1 12.4 99.00 99.00 99.00 999 1012.3  27.1  27.3  23.3 99.0 99.00
2026 01 23 12 30  69  9.8 11.9 99.00 99.00 99.00 999 1012.4  27.2  27.3  23.3 99.0 99.00
2026 01 23 12 40  65  9.4 11.4  2.07  7.69  5.30  99 1012.5  27.2  27.3  23.4 99.0 99.00
2026 01 23 12 50  66  9.3 11.4 99.00 99.00 99.00 999 1012.6  27.2  27.3  23.5 99.0 99.00
2026 01 23 13 00  65  9.7 12.0 99.00 99.00 99.00 999 1012.7  27.2  27.3  23.6 99.0 99.00
2026 01 23 13 10  66  9.5 11.2  1.88  7.69  5.14  95 1012.9  27.2  27.3  23.7 99.0 99.00
2026 01 23 13 20  65  9.1 11.1 99.00 99.00 99.00 999 1013.1  27.2  27.3  23.7 99.0 99.00
2026 01 23 13 30  69  9.7 11.7 99.00 99.00 99.00 999 1013.3  27.1  27.3  23.3 99.0 99.00
2026 01 23 13 40  65  9.9 11.7  2.06  5.88  5.14  84 1013.4  27.2  27.3  23.0 99.0 99.00
2026 01 23 13 50  66  9.2 11.3 99.00 99.00 99.00 999 1013.6  27.3  27.3  23.4 99.0 99.00
2026 01 23 14 00  63  9.3 11.0 99.00 99.00 99.00 999 1013.6  27.2  27.3  23.3 99.0 99.00
2026 01 23 14 10  65  9.0 10.3  1.86  7.69  5.02 101 1013.8  27.3  27.3  23.5 99.0 99.00
2026 01 23 14 20  62  9.0 11.1 99.00 99.00 99.00 999 1013.7  27.3  27.3  23.7 99.0 99.00
2026 01 23 14 30  63  9.3 10.5 99.00 99.00 99.00 999 1013.7  27.2  27.3  23.5 99.0 99.00
2026 01 23 14 40  67  8.8 10.8  1.88  8.33  5.29  97 1013.7  27.2  27.3  23.7 99.0 99.00
2026 01 23 14 50  71  8.6 10.4 99.00 99.00 99.00 999 1013.6  27.2  27.3  23.7 99.0 99.00
2026 01 23 15 00  69  8.6 10.2 99.00 99.00 99.00 999 1013.6  27.3  27.4  23.8 99.0 99.00
2026 01 23 15 10  71  8.7 11.3  1.89  7.69  5.14  99 1013.6  27.2  27.4  23.5 99.0 99.00
2026 01 23 15 20  72  8.3  9.8 99.00 99.00 99.00 999 1013.5  27.3  27.4  23.7 99.0 99.00
2026 01 23 15 30  72  8.3  9.7 99.00 99.00 99.00 999 1013.5  27.3  27.4  23.7 99.0 99.00
2026 01 23 15 40  71  8.4  9.8  1.93  6.25  5.24  79 1013.4  27.3  27.4  23.7 99.0 99.00
2026 01 23 15 50  68  7.8  9.8 99.00 99.00 99.00 999 1013.4  27.4  27.4  24.0 99.0 99.00
2026 01 23 16 00  69  8.2  9.9 99.00 99.00 99.00 999 1013.3  27.3  27.4  24.0 99.0 99.00
2026 01 23 16 10  62  8.4  9.7  1.85  7.69  5.03  91 1013.3  27.2  27.4  23.8 99.0 99.00
2026 01 23 16 20  64  8.3  9.9 99.00 99.00 99.00 999 1013.2  27.3  27.4  23.9 99.0 99.00
2026 01 23 16 30  67  8.4 10.1 99.00 99.00 99.00 999 1013.0  27.3  27.4  23.8 99.0 99.00
2026 01 23 16 40  73  7.9  9.4  1.90  8.33  5.23  92 1012.9  27.3  27.4  23.8 99.0 99.00
2026 01 23 16 50  67  7.5  9.0 99.00 99.00 99.00 999 1012.7  27.4  27.4  24.1 99.0 99.00
2026 01 23 17 00  70  8.6 10.0 99.00 99.00 99.00 999 1012.6  27.2  27.4  23.6 99.0 99.00
2026 01 23 17 10  66  8.6 10.0  1.87  7.69  5.27  89 1012.4  27.3  27.4  23.6 99.0 99.00
2026 01 23 17 20  70  8.1  9.5 99.00 99.00 99.00 999 1012.3  27.3  27.4  23.7 99.0 99.00
2026 01 23 17 30  64  8.1  9.9 99.00 99.00 99.00 999 1012.2  27.3  27.4  23.9 99.0 99.00
2026 01 23 17 40  63  8.0 10.2  1.80  6.67  5.08  88 1012.1  27.3  27.4  23.8 99.0 99.00
2026 01 23 17 50  63  8.5  9.5 99.00 99.00 99.00 999 1012.0  27.2  27.4  23.6 99.0 99.00
2026 01 23 18 00  66  8.5  9.7 99.00 99.00 99.00 999 1011.8  27.3  27.4  23.5 99.0 99.00
2026 01 23 18 10  69  8.8 10.5  1.81  7.14  5.18  95 1011.7  27.3  27.4  23.4 99.0 99.00
2026 01 23 18 20  64  7.4  9.6 99.00 99.00 99.00 999 1011.6  27.4  27.4  23.9 99.0 99.00
2026 01 23 18 30  67  7.7  8.9 99.00 99.00 99.00 999 1011.6  27.2  27.4  23.8 99.0 99.00
2026 01 23 18 40  70  8.0  9.9  1.67  5.26  5.10  90 1011.5  27.3  27.4  23.8 99.0 99.00
2026 01 23 18 50  62  7.8  9.5 99.00 99.00 99.00 999 1011.3  27.2  27.4  23.8 99.0 99.00
2026 01 23 19 00  65  7.9  9.2 99.00 99.00 99.00 999 1011.3  27.2  27.4  23.8 99.0 99.00
2026 01 23 19 10  63  7.8  9.2  1.67  8.33  5.07  97 1011.2  27.2  27.4  23.8 99.0 99.00
2026 01 23 19 20  61  7.6  9.2 99.00 99.00 99.00 999 1011.0  27.3  27.4  23.9 99.0 99.00
2026 01 23 19 30  65  7.5  9.1 99.00 99.00 99.00 999 1011.0  27.2  27.4  23.8 99.0 99.00
2026 01 23 19 40  74  7.3  9.1  1.78  7.69  5.37  98 1011.0  27.3  27.4  24.0 99.0 99.00
2026 01 23 19 50  86  7.5  9.1 99.00 99.00 99.00 999 1010.8  26.8  27.4  23.7 99.0 99.00
2026 01 23 20 00  71  7.0  9.4 99.00 99.00 99.00 999 1010.7  26.9  27.4  23.9 99.0 99.00
2026 01 23 20 10  66  8.0  9.6  1.77  7.69  5.32  83 1010.7  27.2  27.4  23.6 99.0 99.00
2026 01 23 20 20  67  8.2  9.6 99.00 99.00 99.00 999 1010.7  27.3  27.4  23.6 99.0 99.00
2026 01 23 20 30  67  8.2  9.8 99.00 99.00 99.00 999 1010.7  27.3  27.4  23.4 99.0 99.00
2026 01 23 20 40  64  7.7  8.9  1.82  5.88  5.25  99 1010.7  27.4  27.4  23.8 99.0 99.00
2026 01 23 20 50  73  7.7 10.7 99.00 99.00 99.00 999 1010.8  26.9  27.4  23.5 99.0 99.00
2026 01 23 21 00  69  7.5  9.2 99.00 99.00 99.00 999 1010.7  27.1  27.4  23.7 99.0 99.00
2026 01 23 21 10  63  8.3  9.7  1.78  7.69  5.29  99 1010.8  27.1  27.4  23.5 99.0 99.00
2026 01 23 21 20  69  8.0  9.5 99.00 99.00 99.00 999 1010.8  27.2  27.5  23.5 99.0 99.00
2026 01 23 21 30  65  7.8  9.1 99.00 99.00 99.00 999 1010.8  27.3  27.4  23.8 99.0 99.00
2026 01 23 21 40  59  7.7  9.1  1.67  8.33  5.17  99 1010.7  27.1  27.5  23.8 99.0 99.00
2026 01 23 21 50  58  7.5  8.9 99.00 99.00 99.00 999 1010.8  27.0  27.4  23.8 99.0 99.00
2026 01 23 22 00  59  7.4  8.8 99.00 99.00 99.00 999 1010.8  27.0  27.4  23.9 99.0 99.00
2026 01 23 22 10  62  7.5  9.0  1.82  8.33  5.22  93 1010.9  27.0  27.4  24.0 99.0 99.00
2026 01 23 22 20  70  8.3  9.6 99.00 99.00 99.00 999 1011.0  27.0  27.4  23.7 99.0 99.00
2026 01 23 22 30  65  8.2  9.6 99.00 99.00 99.00 999 1011.1  27.1  27.4  23.6 99.0 99.00
2026 01 23 22 40  68  8.1  9.8  1.74  7.69  5.18  88 1011.2  27.1  27.4  23.5 99.0 99.00
2026 01 23 22 50  66  8.1  9.6 99.00 99.00 99.00 999 1011.2  27.3  27.4  23.9 99.0 99.00
2026 01 23 23 00  66  8.2  9.8 99.00 99.00 99.00 999 1011.3  27.0  27.4  23.7 99.0 99.00
2026 01 23 23 10  67  8.1  9.5  1.65  7.14  5.06  87 1011.3  27.1  27.4  23.7 99.0 99.00
2026 01 23 23 20  69  8.0  9.3 99.00 99.00 99.00 999 1011.4  27.1  27.4  23.7 99.0 99.00
2026 01 23 23 30  66  7.8  9.4 99.00 99.00 99.00 999 1011.5  27.1  27.4  23.8 99.0 99.00
2026 01 23 23 40  68  7.8  9.4  1.65  7.69  5.07  94 1011.6  27.1  27.4  23.9 99.0 99.00
2026 01 23 23 50  67  7.2  8.9 99.00 99.00 99.00 999 1011.6  27.1  27.4  24.0 99.0 99.00
2026 01 24 00 00  68  7.7  9.3 99.00 99.00 99.00 999 1011.7  27.2  27.4  24.0 99.0 99.00
2026 01 24 00 10  70  8.4 10.0  1.76  7.69  5.24  90 1011.8  27.1  27.4  23.8 99.0 99.00
2026 01 24 00 20  71  8.4  9.9 99.00 99.00 99.00 999 1011.9  27.1  27.4  23.5 99.0 99.00
2026 01 24 00 30  88  6.9  9.9 99.00 99.00 99.00 999 1012.0  27.1  27.4  24.0 99.0 99.00
2026 01 24 00 40  78  6.6  7.8  1.61  7.14  5.10  93 1012.1  26.9  27.4  24.2 99.0 99.00
2026 01 24 00 50  64  7.0  8.4 99.00 99.00 99.00 999 1012.2  26.9  27.4  23.9 99.0 99.00
2026 01 24 01 00  56  7.0  8.8 99.00 99.00 99.00 999 1012.3  27.0  27.5  24.0 99.0 99.00
2026 01 24 01 10  81  6.8  8.2  1.58  7.69  5.01  91 1012.4  26.7  27.4  23.8 99.0 99.00
2026 01 24 01 20  74  6.6  8.2 99.00 99.00 99.00 999 1012.4  26.8  27.4  23.9 99.0 99.00
2026 01 24 01 30  70  7.4  8.5 99.00 99.00 99.00 999 1012.5  26.9  27.4  23.8 99.0 99.00
2026 01 24 01 40  63  7.3  9.3  1.55  7.69  5.05  88 1012.7  27.1  27.4  23.7 99.0 99.00
2026 01 24 01 50  79  7.0  9.1 99.00 99.00 99.00 999 1012.9  26.8  27.4  23.8 99.0 99.00
2026 01 24 02 00  73  5.7  7.0 99.00 99.00 99.00 999 1012.7  26.5  27.4  24.1 99.0 99.00
2026 01 24 02 10  71  6.6  8.1  1.61  7.69  5.08  89 1012.7  26.9  27.4  24.3 99.0 99.00
2026 01 24 02 20  64  6.6  8.9 99.00 99.00 99.00 999 1012.8  26.9  27.4  24.1 99.0 99.00
2026 01 24 02 30  62  7.5  9.4 99.00 99.00 99.00 999 1012.9  26.8  27.4  23.8 99.0 99.00
2026 01 24 02 40  78  6.2  7.6  1.47  7.69  4.99  95 1012.9  26.7  27.4  24.1 99.0 99.00
2026 01 24 02 50  58  7.5  9.2 99.00 99.00 99.00 999 1012.8  26.8  27.4  24.1 99.0 99.00
2026 01 24 03 00  59  8.2 10.0 99.00 99.00 99.00 999 1012.8  27.0  27.4  23.9 99.0 99.00
2026 01 24 03 10  61  8.2  9.3  1.53  7.69  4.91  99 1012.8  27.0  27.4  23.7 99.0 99.00
2026 01 24 03 20  61  7.8  9.7 99.00 99.00 99.00 999 1012.8  27.1  27.4  24.0 99.0 99.00
2026 01 24 03 30  58  8.0 10.1 99.00 99.00 99.00 999 1012.8  26.9  27.4  23.7 99.0 99.00
2026 01 24 03 40  57  8.1  9.8  1.50  7.69  5.07  80 1012.7  27.0  27.5  23.7 99.0 99.00
2026 01 24 03 50  57  8.4  9.8 99.00 99.00 99.00 999 1012.6  27.1  27.5  23.9 99.0 99.00
2026 01 24 04 00  56  8.1 10.0 99.00 99.00 99.00 999 1012.5  27.0  27.5  23.8 99.0 99.00
2026 01 24 04 10  60  7.9  9.5  1.50  5.26  4.89  69 1012.4  27.0  27.5  23.9 99.0 99.00
2026 01 24 04 20  57  7.9  9.7 99.00 99.00 99.00 999 1012.4  27.0  27.5  23.8 99.0 99.00
2026 01 24 04 30  62  7.9  9.6 99.00 99.00 99.00 999 1012.4  27.1  27.5  23.9 99.0 99.00
2026 01 24 04 40  61  7.6  9.1  1.42  6.25  4.81  76 1012.2  27.0  27.5  23.9 99.0 99.00
2026 01 24 04 50  64  7.8  9.2 99.00 99.00 99.00 999 1012.2  26.9  27.5  23.5 99.0 99.00
2026 01 24 05 00  59  7.5  8.8 99.00 99.00 99.00 999 1012.2  27.1  27.5  23.8 99.0 99.00
2026 01 24 05 10  52  7.7  9.0  1.44  7.69  4.90  97 1012.1  26.9  27.5  23.7 99.0 99.00
2026 01 24 05 20  55  7.8  9.2 99.00 99.00 99.00 999 1012.1  26.9  27.5  23.5 99.0 99.00
2026 01 24 05 30  59  7.7  9.5 99.00 99.00 99.00 999 1012.0  27.0  27.5  23.5 99.0 99.00
2026 01 24 05 40  64  7.6  9.1  1.44  7.69  4.93  97 1011.9  27.0  27.6  23.6 99.0 99.00
2026 01 24 05 50  65  7.8  9.0 99.00 99.00 99.00 999 1011.8  27.0  27.6  23.6 99.0 99.00
2026 01 24 06 00  62  7.7  8.9 99.00 99.00 99.00 999 1011.8  27.0  27.6  23.8 99.0 99.00
2026 01 24 06 10  58  6.6  8.1  1.40  5.88  5.00  72 1011.6  26.9  27.6  24.1 99.0 99.00
2026 01 24 06 20  67  7.6  9.1 99.00 99.00 99.00 999 1011.6  26.8  27.6  23.7 99.0 99.00
2026 01 24 06 30  59  7.6  9.1 99.00 99.00 99.00 999 1011.5  26.9  27.6  23.6 99.0 99.00
2026 01 24 06 40  61  7.6  9.3  1.46  7.69  5.04  91 1011.5  27.0  27.6  23.7 99.0 99.00
2026 01 24 06 50  64  7.9  9.4 99.00 99.00 99.00 999 1011.3  26.9  27.5  23.5 99.0 99.00
2026 01 24 07 00  60  7.4  9.0 99.00 99.00 99.00 999 1011.3  27.0  27.5  23.6 99.0 99.00
2026 01 24 07 10  66  7.5  9.0  1.47  8.33  5.10  89 1011.3  27.0  27.5  23.8 99.0 99.00
2026 01 24 07 20  72  7.4  8.8 99.00 99.00 99.00 999 1011.3  26.8  27.5  23.4 99.0 99.00
2026 01 24 07 30  66  7.3  8.8 99.00 99.00 99.00 999 1011.2  27.0  27.5  23.8 99.0 99.00
2026 01 24 07 40  64  7.3  8.9  1.49  6.67  4.94  81 1011.1  26.9  27.5  23.5 99.0 99.00
2026 01 24 07 50  71  7.5  8.6 99.00 99.00 99.00 999 1011.0  26.8  27.5  23.3 99.0 99.00
2026 01 24 08 00  68  7.3  8.3 99.00 99.00 99.00 999 1011.0  26.9  27.5  23.4 99.0 99.00
2026 01 24 08 10  71  7.3  8.7  1.42  7.69  5.03  78 1011.0  26.9  27.5  23.4 99.0 99.00
2026 01 24 08 20  70  7.3  8.6 99.00 99.00 99.00 999 1011.0  26.9  27.5  23.4 99.0 99.00
2026 01 24 08 30  66  7.1  8.2 99.00 99.00 99.00 999 1011.1  27.0  27.5  23.5 99.0 99.00
2026 01 24 08 40  71  7.3  8.5  1.34  7.14  4.82  78 1011.1  26.9  27.5  23.4 99.0 99.00
2026 01 24 08 50  71  7.5  8.6 99.00 99.00 99.00 999 1011.1  26.9  27.5  23.3 99.0 99.00
2026 01 24 09 00  72  7.3  8.8 99.00 99.00 99.00 999 1011.1  26.9  27.5  23.3 99.0 99.00
2026 01 24 09 10  69  6.8  8.3  1.44  7.69  4.93 106 1011.2  26.7  27.5  23.2 99.0 99.00
2026 01 24 09 20  72  6.5  7.8 99.00 99.00 99.00 999 1011.2  26.8  27.5  23.6 99.0 99.00
2026 01 24 09 30  67  7.1  8.7 99.00 99.00 99.00 999 1011.3  26.9  27.5  23.5 99.0 99.00
2026 01 24 09 40  66  7.2  9.1  1.44  5.88  4.92  85 1011.3  26.9  27.5  23.4 99.0 99.00
2026 01 24 09 50  65  7.1  8.4 99.00 99.00 99.00 999 1011.5  27.0  27.5  23.5 99.0 99.00
2026 01 24 10 00  62  7.1  8.4 99.00 99.00 99.00 999 1011.6  26.9  27.5  23.6 99.0 99.00
2026 01 24 10 10  71  7.7  8.8  1.35  7.14  4.86 107 1011.6  26.9  27.5  23.3 99.0 99.00
2026 01 24 10 20  70  7.0  8.3 99.00 99.00 99.00 999 1011.6  27.0  27.5  23.6 99.0 99.00
2026 01 24 10 30  70  7.0  8.3 99.00 99.00 99.00 999 1011.7  27.0  27.5  23.6 99.0 99.00
2026 01 24 10 40  73  7.1  8.8  1.36  5.56  4.91  69 1011.8  26.9  27.5  23.4 99.0 99.00
2026 01 24 10 50  74  7.1  8.8 99.00 99.00 99.00 999 1011.8  27.0  27.5  23.5 99.0 99.00
2026 01 24 11 00  67  7.5  8.7 99.00 99.00 99.00 999 1011.8  27.0  27.5  23.6 99.0 99.00
2026 01 24 11 10  71  7.4  9.0  1.23  6.67  4.73  89 1011.9  26.9  27.5  23.7 99.0 99.00
2026 01 24 11 20  71  7.2  9.0 99.00 99.00 99.00 999 1012.0  26.8  27.5  23.5 99.0 99.00
2026 01 24 11 30  67  7.0  8.6 99.00 99.00 99.00 999 1012.1  26.9  27.5  23.7 99.0 99.00
2026 01 24 11 40  69  7.0  8.6  1.31  6.25  4.84  75 1012.3  26.9  27.5  23.8 99.0 99.00
2026 01 24 11 50  69  7.2  8.5 99.00 99.00 99.00 999 1012.4  26.8  27.5  23.6 99.0 99.00
2026 01 24 12 00  68  7.3  8.6 99.00 99.00 99.00 999 1012.7  26.9  27.5  23.6 99.0 99.00
2026 01 24 12 10  68  7.2  8.4  1.22  7.14  4.71  90 1012.8  26.9  27.5  23.5 99.0 99.00
2026 01 24 12 20  69  7.9  9.3 99.00 99.00 99.00 999 1012.8  27.0  27.5  23.8 99.0 99.00
2026 01 24 12 30  67  7.8  9.4 99.00 99.00 99.00 999 1012.8  26.7  27.5  23.6 99.0 99.00
2026 01 24 12 40  75  8.2  9.4  1.28  6.67  4.68  81 1012.9  26.8  27.5  23.4 99.0 99.00
2026 01 24 12 50  74  8.3 10.1 99.00 99.00 99.00 999 1013.0  27.0  27.5  23.7 99.0 99.00
2026 01 24 13 00  74  8.3  9.5 99.00 99.00 99.00 999 1013.1  26.9  27.5  23.5 99.0 99.00
2026 01 24 13 10  73  7.9  9.3  1.36 10.81  4.75 108 1013.2  26.9  27.5  23.6 99.0 99.00
2026 01 24 13 20  77  7.7  9.5 99.00 99.00 99.00 999 1013.3  27.0  27.5  23.8 99.0 99.00
2026 01 24 13 30  77  7.6  8.8 99.00 99.00 99.00 999 1013.4  26.9  27.5  23.7 99.0 99.00
2026 01 24 13 40  77  7.0  9.0  1.25  8.33  4.73  83 1013.5  26.9 999.0  23.8 99.0 99.00
2026 01 24 13 50  76  7.2  9.8 99.00 99.00 99.00 999 1013.6  26.8  27.5  23.8 99.0 99.00
2026 01 24 14 00  76  7.5  9.4 99.00 99.00 99.00 999 1013.6  26.7  27.5  23.6 99.0 99.00
2026 01 24 14 10  77  7.2  8.8  1.24  6.25  4.77  81 1013.6  26.9  27.5  23.8 99.0 99.00
2026 01 24 14 20  78  6.9  7.9 99.00 99.00 99.00 999 1013.6  27.0  27.5  24.0 99.0 99.00
2026 01 24 14 30  81  7.9  9.5 99.00 99.00 99.00 999 1013.7  27.0  27.5  23.8 99.0 99.00
2026 01 24 14 40  83  8.3 10.0  1.22  6.67  4.75  95 1013.7  27.1  27.5  23.7 99.0 99.00
2026 01 24 14 50  82  8.0  9.4 99.00 99.00 99.00 999 1013.8  27.1  27.5  23.6 99.0 99.00
2026 01 24 15 00  79  7.7  9.3 99.00 99.00 99.00 999 1013.8  27.2  27.5  23.7 99.0 99.00
2026 01 24 15 10  84  8.0  9.2  1.21  7.69  4.79 102 1013.7  27.2  27.5  23.8 99.0 99.00
2026 01 24 15 20  85  8.1  9.4 99.00 99.00 99.00 999 1013.7  27.1  27.5  23.6 99.0 99.00
2026 01 24 15 30  87  7.6  8.8 99.00 99.00 99.00 999 1013.6  27.3  27.5  23.9 99.0 99.00
2026 01 24 15 40  86  7.9  9.4  1.29  7.14  4.72  84 1013.6  27.2  27.6  23.7 99.0 99.00
2026 01 24 15 50  79  7.5  8.9 99.00 99.00 99.00 999 1013.5  27.3  27.6  23.9 99.0 99.00
2026 01 24 16 00  80  7.7  9.2 99.00 99.00 99.00 999 1013.5  27.2  27.6  23.7 99.0 99.00
2026 01 24 16 10  80  7.7  9.1  1.26  4.55  4.52  82 1013.4  27.3  27.6  23.6 99.0 99.00
2026 01 24 16 20  79  7.7  8.8 99.00 99.00 99.00 999 1013.4  27.3  27.6  23.6 99.0 99.00
2026 01 24 16 30  79  7.5  8.8 99.00 99.00 99.00 999 1013.3  27.3  27.6  23.7 99.0 99.00
2026 01 24 16 40  75  7.5  8.7  1.19  7.69  4.47  91 1013.2  27.3  27.6  23.6 99.0 99.00
2026 01 24 16 50  77  7.5  8.9 99.00 99.00 99.00 999 1013.0  27.4  27.6  23.7 99.0 99.00
2026 01 24 17 00  77  7.4  8.8 99.00 99.00 99.00 999 1013.0  27.4  27.6  23.9 99.0 99.00
2026 01 24 17 10  79  7.8  8.8  1.26  6.67  4.63  82 1012.8  27.3  27.6  23.8 99.0 99.00
2026 01 24 17 20  78  7.5  8.7 99.00 99.00 99.00 999 1012.7  27.3  27.6  23.7 99.0 99.00
2026 01 24 17 30  80  7.3  8.4 99.00 99.00 99.00 999 1012.6  27.4  27.6  23.8 99.0 99.00
2026 01 24 17 40  79  7.8  9.4  1.35  4.76  4.73  86 1012.4  27.3  27.6  23.6 99.0 99.00
2026 01 24 17 50  76  7.5  8.8 99.00 99.00 99.00 999 1012.2  27.4  27.6  23.8 99.0 99.00
2026 01 24 18 00  72  7.7  9.5 99.00 99.00 99.00 999 1012.0  27.4  27.6  23.9 99.0 99.00
2026 01 24 18 10  77  8.1  9.7  1.33  5.56  4.78  81 1011.9  27.3  27.6  23.8 99.0 99.00
2026 01 24 18 20  76  8.1  9.4 99.00 99.00 99.00 999 1011.8  27.3  27.7  23.7 99.0 99.00
2026 01 24 18 30  68  8.0  9.4 99.00 99.00 99.00 999 1011.7  27.3  27.6  23.7 99.0 99.00
2026 01 24 18 40  75  7.7  9.3  1.29  4.76  4.69  92 1011.7  27.3  27.7  23.7 99.0 99.00
2026 01 24 18 50  73  7.8  9.3 99.00 99.00 99.00 999 1011.5  27.3  27.6  23.7 99.0 99.00
2026 01 24 19 00  74  7.5  9.4 99.00 99.00 99.00 999 1011.5  27.4  27.7  23.9 99.0 99.00
2026 01 24 19 10  65  7.7  9.5  1.32  5.00  4.55  93 1011.4  27.3  27.6  23.8 99.0 99.00
2026 01 24 19 20  69  7.8  9.2 99.00 99.00 99.00 999 1011.2  27.3  27.7  23.6 99.0 99.00
2026 01 24 19 30  71  7.9  9.5 99.00 99.00 99.00 999 1011.2  27.4  27.6  23.5 99.0 99.00
2026 01 24 19 40  67  8.1  9.3  1.32  5.26  4.58  86 1011.2  27.4  27.7  23.5 99.0 99.00
2026 01 24 19 50  67  7.5  8.9 99.00 99.00 99.00 999 1011.1  27.5  27.6  23.9 99.0 99.00
2026 01 24 20 00  67  8.2  9.8 99.00 99.00 99.00 999 1011.0  27.3  27.6  23.7 99.0 99.00
2026 01 24 20 10  67  8.0  9.6  1.29  5.88  4.65  77 1010.9  27.4  27.6  23.8 99.0 99.00
2026 01 24 20 20  63  8.4  9.9 99.00 99.00 99.00 999 1010.9  27.3  27.6  23.9 99.0 99.00
2026 01 24 20 30  70  8.2  9.8 99.00 99.00 99.00 999 1010.9  27.3  27.6  24.0 99.0 99.00
2026 01 24 20 40  63  7.9  9.2  1.36  5.00  4.68  94 1010.8  27.2  27.6  23.9 99.0 99.00
2026 01 24 20 50  60  8.5 10.0 99.00 99.00 99.00 999 1010.9  27.3  27.6  24.0 99.0 99.00
2026 01 24 21 00  64  8.5  9.9 99.00 99.00 99.00 999 1010.9  27.3  27.6  23.7 99.0 99.00
2026 01 24 21 10  64  8.6  9.9  1.35  5.88  4.67  80 1011.0  27.4  27.6  23.7 99.0 99.00
2026 01 24 21 20  65  8.2  9.9 99.00 99.00 99.00 999 1011.0  27.4  27.6  23.7 99.0 99.00
2026 01 24 21 30  61  8.5 10.2 99.00 99.00 99.00 999 1011.1  27.4  27.6  23.9 99.0 99.00
2026 01 24 21 40  60  8.6  9.9  1.39  5.26  4.72  90 1011.1  27.4  27.6  23.9 99.0 99.00
2026 01 24 21 50  60  8.7 10.1 99.00 99.00 99.00 999 1011.1  27.4  27.6  23.8 99.0 99.00
2026 01 24 22 00  56  8.4 10.0 99.00 99.00 99.00 999 1011.2  27.4  27.6  23.9 99.0 99.00
2026 01 24 22 10  59  8.6 10.3  1.47  4.76  4.74  92 1011.2  27.4  27.6  23.9 99.0 99.00
2026 01 24 22 20  63  8.2  9.9 99.00 99.00 99.00 999 1011.3  27.4  27.6  23.8 99.0 99.00
2026 01 24 22 30  63  8.3  9.9 99.00 99.00 99.00 999 1011.4  27.4  27.6  24.0 99.0 99.00
2026 01 24 22 40  59  8.6 10.3  1.47  4.76  4.61  90 1011.4  27.3  27.6  23.9 99.0 99.00
2026 01 24 22 50  60  8.5 10.1 99.00 99.00 99.00 999 1011.5  27.3  27.6  23.8 99.0 99.00
2026 01 24 23 00  61  8.4  9.9 99.00 99.00 99.00 999 1011.6  27.4  27.6  23.8 99.0 99.00
2026 01 24 23 10  66  8.3 10.2  1.48  5.56  4.79  86 1011.7  27.4  27.6  23.9 99.0 99.00
2026 01 24 23 20  62  8.4 10.0 99.00 99.00 99.00 999 1011.9  27.4  27.6  24.0 99.0 99.00
2026 01 24 23 30  61  8.3  9.9 99.00 99.00 99.00 999 1011.9  27.4  27.6  24.0 99.0 99.00
2026 01 24 23 40  64  8.3 10.5  1.42  6.25  4.75  99 1012.0  27.3  27.6  23.9 99.0 99.00
2026 01 24 23 50  64  8.4  9.6 99.00 99.00 99.00 999 1012.1  27.4  27.6  24.0 99.0 99.00
2026 01 25 00 00  68  8.3  9.7 99.00 99.00 99.00 999 1012.1  27.3  27.6  23.9 99.0 99.00
2026 01 25 00 10  69  8.7 10.1  1.54  5.56  4.68  97 1012.2  27.2  27.6  23.5 99.0 99.00
2026 01 25 00 20  68  8.0  9.7 99.00 99.00 99.00 999 1012.2  27.4  27.6  23.7 99.0 99.00
2026 01 25 00 30  64  7.9  9.4 99.00 99.00 99.00 999 1012.4  27.4  27.6  24.1 99.0 99.00
2026 01 25 00 40  65  7.9  9.8  1.50  5.26  4.68  93 1012.4  27.2  27.6  24.1 99.0 99.00
2026 01 25 00 50  66  8.4 10.0 99.00 99.00 99.00 999 1012.5  27.3  27.5  24.1 99.0 99.00
2026 01 25 01 00  64  8.1  9.8 99.00 99.00 99.00 999 1012.6  27.3  27.6  24.2 99.0 99.00
2026 01 25 01 10  65  8.5 10.8  1.43  5.26  4.71  93 1012.7  27.3  27.5  24.0 99.0 99.00
2026 01 25 01 20  66  8.8 10.6 99.00 99.00 99.00 999 1012.8  27.3  27.5  23.8 99.0 99.00
2026 01 25 01 30  64  9.1 10.8 99.00 99.00 99.00 999 1013.0  27.3  27.5  23.7 99.0 99.00
2026 01 25 01 40  64  8.2 10.3  1.42  5.26  4.65 100 1013.0  27.4  27.5  23.9 99.0 99.00
2026 01 25 01 50  64  8.3  9.9 99.00 99.00 99.00 999 1013.0  27.3  27.5  24.0 99.0 99.00
2026 01 25 02 00  65  8.5 10.2 99.00 99.00 99.00 999 1013.0  27.3  27.5  24.0 99.0 99.00
2026 01 25 02 10  69  8.6 10.3  1.55  5.56  4.76  96 1013.1  27.3  27.5  23.9 99.0 99.00
2026 01 25 02 20  65  8.3  9.8 99.00 99.00 99.00 999 1013.1  27.3  27.5  24.0 99.0 99.00
2026 01 25 02 30  62  8.5 10.2 99.00 99.00 99.00 999 1013.2  27.3  27.5  24.0 99.0 99.00
2026 01 25 02 40  63  8.7 10.3  1.47  5.00  4.61  93 1013.2  27.3  27.5  24.0 99.0 99.00
2026 01 25 02 50  65  8.7 10.4 99.00 99.00 99.00 999 1013.3  27.2  27.5  23.8 99.0 99.00
2026 01 25 03 00  66  8.7 10.2 99.00 99.00 99.00 999 1013.3  27.2  27.5  23.7 99.0 99.00
2026 01 25 03 10  69  8.5  9.8  1.53  5.00  4.66  93 1013.5  27.3  27.5  23.8 99.0 99.00
2026 01 25 03 20  70  7.8  9.8 99.00 99.00 99.00 999 1013.4  27.3  27.5  24.0 99.0 99.00
2026 01 25 03 30  72  7.8  9.3 99.00 99.00 99.00 999 1013.5  27.3  27.5  24.2 99.0 99.00
2026 01 25 03 40  68  8.0  9.3  1.47  5.56  4.55  99 1013.5  27.2  27.5  24.2 99.0 99.00
2026 01 25 03 50  68  8.4  9.8 99.00 99.00 99.00 999 1013.3  27.2  27.5  24.2 99.0 99.00
2026 01 25 04 00  68  8.6  9.8 99.00 99.00 99.00 999 1013.3  27.2  27.5  24.1 99.0 99.00
2026 01 25 04 10  70  8.2 10.1  1.53  6.25  4.61  94 1013.3  27.3  27.5  24.3 99.0 99.00
2026 01 25 04 20  70  8.7 10.8 99.00 99.00 99.00 999 1013.2  27.1  27.5  23.9 99.0 99.00
2026 01 25 04 30  74  8.7 10.4 99.00 99.00 99.00 999 1013.1  27.2  27.5  23.6 99.0 99.00
2026 01 25 04 40  73  8.5  9.9  1.44  5.26  4.69  87 1013.0  27.3  27.5  23.8 99.0 99.00
2026 01 25 04 50  66  8.4 10.0 99.00 99.00 99.00 999 1012.9  27.2  27.5  24.0 99.0 99.00
2026 01 25 05 00  63  8.3  9.8 99.00 99.00 99.00 999 1012.9  27.2  27.5  24.2 99.0 99.00
2026 01 25 05 10  66  8.1  9.4  1.55  5.26  4.75  88 1012.8  27.1  27.5  24.1 99.0 99.00
2026 01 25 05 20  74  8.1 10.1 99.00 99.00 99.00 999 1012.8  27.1  27.5  24.2 99.0 99.00
2026 01 25 05 30  78  7.9  9.7 99.00 99.00 99.00 999 1012.7  26.9  27.5  24.3 99.0 99.00
2026 01 25 05 40  74  9.0 10.7  1.51  5.88  4.81  94 1012.6  26.9  27.5  23.7 99.0 99.00
2026 01 25 05 50  73  8.8 10.6 99.00 99.00 99.00 999 1012.5  27.1  27.5  23.7 99.0 99.00
2026 01 25 06 00  71  8.2  9.7 99.00 99.00 99.00 999 1012.5  27.2  27.5  23.9 99.0 99.00
2026 01 25 06 10  72  8.1  9.9  1.47  5.56  4.66  93 1012.3  27.1  27.5  23.9 99.0 99.00
2026 01 25 06 20  72  8.4  9.9 99.00 99.00 99.00 999 1012.2  27.1  27.5  23.8 99.0 99.00
2026 01 25 06 30  70  8.0  9.6 99.00 99.00 99.00 999 1012.1  27.1  27.5  23.9 99.0 99.00
2026 01 25 06 40  72  8.2 10.1  1.51  5.88  4.76  84 1012.0  27.0  27.5  23.9 99.0 99.00
2026 01 25 06 50  75  8.3  9.9 99.00 99.00 99.00 999 1011.9  27.0  27.5  23.9 99.0 99.00
2026 01 25 07 00  77  8.5  9.9 99.00 99.00 99.00 999 1011.9  27.0  27.5  23.7 99.0 99.00
2026 01 25 07 10  77  8.6 10.4  1.58  5.88  4.75  76 1011.8  27.0  27.5  23.8 99.0 99.00
2026 01 25 07 20  72  8.5 10.1 99.00 99.00 99.00 999 1011.8  27.1  27.5  23.8 99.0 99.00
2026 01 25 07 30  72  8.0  9.3 99.00 99.00 99.00 999 1011.8  27.2  27.5  24.1 99.0 99.00
2026 01 25 07 40  70  8.1  9.7  1.44  6.25  4.64  77 1011.6  27.1  27.5  24.0 99.0 99.00
2026 01 25 07 50  74  8.5 10.6 99.00 99.00 99.00 999 1011.6  27.0  27.5  23.9 99.0 99.00
2026 01 25 08 00  62  8.2 10.6 99.00 99.00 99.00 999 1011.5  26.6  27.5  23.8 99.0 99.00
2026 01 25 08 10  74  7.6  9.8  1.53  5.26  4.81  98 1011.5  26.5  27.5  23.7 99.0 99.00
2026 01 25 08 20  75  7.9  9.2 99.00 99.00 99.00 999 1011.5  26.8  27.5  23.9 99.0 99.00
2026 01 25 08 30  72  8.4 10.2 99.00 99.00 99.00 999 1011.5  26.9  27.5  23.9 99.0 99.00
2026 01 25 08 40  73  8.5 10.0  1.51  5.88  4.86  83 1011.5  26.9  27.5  23.9 99.0 99.00
2026 01 25 08 50  75  8.7 10.5 99.00 99.00 99.00 999 1011.6  27.0  27.5  23.7 99.0 99.00
2026 01 25 09 00  74  8.5 10.2 99.00 99.00 99.00 999 1011.6  27.0  27.5  23.7 99.0 99.00
2026 01 25 09 10  77  8.0  9.7  1.57  5.56  4.80  82 1011.6  27.1  27.5  24.0 99.0 99.00
2026 01 25 09 20  75  8.3 10.2 99.00 99.00 99.00 999 1011.6  27.0  27.5  23.8 99.0 99.00
2026 01 25 09 30  74  7.9  9.7 99.00 99.00 99.00 999 1011.7  27.0  27.5  23.9 99.0 99.00
2026 01 25 09 40  72  8.6 10.2  1.47  6.25  4.70  81 1011.8  27.0  27.5  23.7 99.0 99.00
2026 01 25 09 50  77  9.2 10.5 99.00 99.00 99.00 999 1011.8  27.0  27.5  23.3 99.0 99.00
2026 01 25 10 00  77  9.0 10.4 99.00 99.00 99.00 999 1011.9  27.1  27.5  23.4 99.0 99.00
2026 01 25 10 10  80  8.8 10.4  1.53  5.88  4.87  76 1012.0  27.1  27.5  23.4 99.0 99.00
2026 01 25 10 20  77  8.8 10.3 99.00 99.00 99.00 999 1012.1  27.1  27.5  23.5 99.0 99.00
2026 01 25 10 30  84  8.7 10.1 99.00 99.00 99.00 999 1012.1  27.1  27.5  23.5 99.0 99.00
2026 01 25 10 40  81  8.4  9.7  1.56  5.88  4.71  87 1012.2  27.1  27.5  23.7 99.0 99.00
2026 01 25 10 50  82  8.1  9.5 99.00 99.00 99.00 999 1012.3  27.1  27.5  23.8 99.0 99.00
2026 01 25 11 00  79  8.4  9.8 99.00 99.00 99.00 999 1012.4  27.1 999.0  23.8 99.0 99.00
2026 01 25 11 10  79  8.4  9.8  1.53  5.88  4.73  78 1012.4  27.0  27.5  23.5 99.0 99.00
2026 01 25 11 20  80  8.5 10.3 99.00 99.00 99.00 999 1012.6  27.1  27.5  23.4 99.0 99.00
2026 01 25 11 30  85  8.4 10.0 99.00 99.00 99.00 999 1012.7  27.2  27.5  23.8 99.0 99.00
2026 01 25 11 40  84  8.9 11.0  1.53  5.88  4.84  86 1012.8  27.1  27.6  23.6 99.0 99.00
2026 01 25 11 50  85  8.7  9.8 99.00 99.00 99.00 999 1012.9  27.1  27.6  23.6 99.0 99.00
2026 01 25 12 00  83  8.5 10.0 99.00 99.00 99.00 999 1012.9  27.1  27.6  23.9 99.0 99.00
2026 01 25 12 10  81  8.7 10.0  1.67  6.25  4.87  81 1013.1  27.1  27.6  23.8 99.0 99.00
2026 01 25 12 20  82  9.9 14.3 99.00 99.00 99.00 999 1013.4  27.0  27.6  23.8 99.0 99.00
2026 01 25 12 30  91  8.1 12.6 99.00 99.00 99.00 999 1013.5  26.0  27.6  23.2 99.0 99.00
2026 01 25 12 40  85  6.7  8.7  1.51  6.67  4.88  84 1013.7  26.4  27.6  23.6 99.0 99.00
2026 01 25 12 50  87  8.0  9.4 99.00 99.00 99.00 999 1013.7  26.9  27.6  23.6 99.0 99.00
2026 01 25 13 00  84  8.5 10.0 99.00 99.00 99.00 999 1013.7  27.2  27.6  23.8 99.0 99.00
2026 01 25 13 10  84  8.7 10.2  1.47  6.25  4.77  89 1013.8  27.2  27.6  23.7 99.0 99.00
2026 01 25 13 20  84  8.9 10.4 99.00 99.00 99.00 999 1014.0  27.3  27.5  23.7 99.0 99.00
2026 01 25 13 30  81  8.8 10.8 99.00 99.00 99.00 999 1014.1  27.3  27.5  23.9 99.0 99.00
2026 01 25 13 40  82  8.4  9.9  1.46  6.25  4.75  87 1014.2  27.2  27.5  23.9 99.0 99.00
2026 01 25 13 50  84  8.1  9.6 99.00 99.00 99.00 999 1014.3  27.3  27.5  24.1 99.0 99.00
2026 01 25 14 00  85  8.0  9.6 99.00 99.00 99.00 999 1014.3  27.4  27.5  24.2 99.0 99.00
2026 01 25 14 10  84  8.2  9.7  1.55  6.25  4.80  81 1014.3  27.2  27.5  23.9 99.0 99.00
2026 01 25 14 20  90  8.8 10.7 99.00 99.00 99.00 999 1014.3  27.2  27.5  23.9 99.0 99.00
2026 01 25 14 30  91  8.8 10.5 99.00 99.00 99.00 999 1014.4  27.3  27.5  24.0 99.0 99.00
2026 01 25 14 40  90  8.2 10.0  1.42  5.88  4.54  82 1014.4  27.3  27.5  24.0 99.0 99.00
2026 01 25 14 50  90  8.4 10.0 99.00 99.00 99.00 999 1014.4  27.3  27.5  23.7 99.0 99.00
2026 01 25 15 00  87  8.2  9.6 99.00 99.00 99.00 999 1014.3  27.4  27.5  23.7 99.0 99.00
2026 01 25 15 10  91  8.0  9.3  1.37  5.88  4.45  96 1014.3  27.4  27.5  23.8 99.0 99.00
2026 01 25 15 20  89  8.4  9.9 99.00 99.00 99.00 999 1014.2  27.3  27.5  23.6 99.0 99.00
2026 01 25 15 30  90  8.4  9.6 99.00 99.00 99.00 999 1014.1  27.3  27.5  23.3 99.0 99.00
2026 01 25 15 40  94  8.3  9.7  1.41  5.88  4.62  77 1014.0  27.4  27.5  23.5 99.0 99.00
2026 01 25 15 50  93  8.4 10.0 99.00 99.00 99.00 999 1013.9  27.3  27.5  23.7 99.0 99.00
2026 01 25 16 00  94  7.6  9.0 99.00 99.00 99.00 999 1013.8  27.3  27.5  23.8 99.0 99.00
2026 01 25 16 10  93  8.1  9.4  1.41  6.25  4.54  94 1013.7  27.3  27.5  23.7 99.0 99.00
2026 01 25 16 20  92  7.5  8.8 99.00 99.00 99.00 999 1013.5  27.4  27.6  23.8 99.0 99.00
2026 01 25 16 30  87  7.3  8.8 99.00 99.00 99.00 999 1013.5  27.4  27.6  24.0 99.0 99.00
2026 01 25 16 40  86  7.4  8.6  1.50  6.25  4.75  77 1013.4  27.3  27.6  24.0 99.0 99.00
2026 01 25 16 50  90  7.2  8.6 99.00 99.00 99.00 999 1013.3  27.3  27.6  24.0 99.0 99.00
2026 01 25 17 00  93  7.2  8.3 99.00 99.00 99.00 999 1013.2  27.3  27.6  23.8 99.0 99.00
2026 01 25 17 10  87  7.2  8.3  1.46  6.67  4.73  90 1013.0  27.4  27.6  24.1 99.0 99.00
2026 01 25 17 20  91  7.7  8.8 99.00 99.00 99.00 999 1013.0  27.2  27.6  23.6 99.0 99.00
2026 01 25 17 30  92  7.8  9.0 99.00 99.00 99.00 999 1012.9  27.4  27.6  23.6 99.0 99.00
2026 01 25 17 40  92  7.1  8.8  1.53  5.88  4.71  83 1012.9  27.5  27.6  23.9 99.0 99.00
2026 01 25 17 50  82  7.5  8.6 99.00 99.00 99.00 999 1012.8  27.3  27.6  23.8 99.0 99.00
2026 01 25 18 00  84  7.7  8.9 99.00 99.00 99.00 999 1012.6  27.4  27.6  23.8 99.0 99.00
2026 01 25 18 10  87  7.3  8.7  1.49  6.25  4.80  82 1012.5  27.4  27.6  23.9 99.0 99.00
2026 01 25 18 20  91  7.5  8.9 99.00 99.00 99.00 999 1012.4  27.4  27.7  24.0 99.0 99.00
2026 01 25 18 30  89  7.6  8.8 99.00 99.00 99.00 999 1012.4  27.4  27.7  23.9 99.0 99.00
2026 01 25 18 40  84  7.6  9.1  1.44  6.67  4.76  89 1012.2  27.4  27.7  23.8 99.0 99.00
2026 01 25 18 50  89  7.2  8.8 99.00 99.00 99.00 999 1012.2  27.4  27.7  23.8 99.0 99.00
2026 01 25 19 00  89  7.1  8.4 99.00 99.00 99.00 999 1012.1  27.4  27.7  23.7 99.0 99.00
2026 01 25 19 10  86  7.0  8.2  1.54  6.67  4.99  82 1012.1  27.5  27.7  23.9 99.0 99.00
2026 01 25 19 20  80  7.3  8.8 99.00 99.00 99.00 999 1012.1  27.4  27.7  23.9 99.0 99.00
2026 01 25 19 30  64  7.5  9.4 99.00 99.00 99.00 999 1011.9  27.2  27.7  23.9 99.0 99.00
2026 01 25 19 40  62  6.1  7.5  1.59  5.88  4.92  86 1011.8  27.0  27.7  24.2 99.0 99.00
2026 01 25 19 50  78  6.3  8.0 99.00 99.00 99.00 999 1011.6  27.1  27.7  24.2 99.0 99.00
2026 01 25 20 00  86  7.0  8.4 99.00 99.00 99.00 999 1011.5  27.3  27.7  24.0 99.0 99.00
2026 01 25 20 10  83  7.2  8.6  1.49  6.67  4.92  82 1011.3  27.4 999.0  23.9 99.0 99.00
2026 01 25 20 20  80  6.8  8.2 99.00 99.00 99.00 999 1011.4  27.4  27.7  24.0 99.0 99.00
2026 01 25 20 30  75  6.7  8.3 99.00 99.00 99.00 999 1011.4  27.4  27.7  24.2 99.0 99.00
2026 01 25 20 40  76  7.4  8.5  1.49  6.25  4.93  92 1011.5  27.3  27.7  23.9 99.0 99.00
2026 01 25 20 50  76  7.5  9.0 99.00 99.00 99.00 999 1011.6  27.4  27.7  23.8 99.0 99.00
2026 01 25 21 00  78  7.4  8.7 99.00 99.00 99.00 999 1011.5  27.5  27.7  23.8 99.0 99.00
2026 01 25 21 10  70  6.8  7.9  1.44  6.25  4.83  76 1011.6  27.5  27.7  24.1 99.0 99.00
2026 01 25 21 20  70  7.3  8.6 99.00 99.00 99.00 999 1011.6  27.4  27.7  24.0 99.0 99.00
2026 01 25 21 30  72  7.5  8.9 99.00 99.00 99.00 999 1011.7  27.4  27.7  24.0 99.0 99.00
2026 01 25 21 40  64  7.3  8.4  1.50  6.67  4.87  86 1011.7  27.5  27.7  24.2 99.0 99.00
2026 01 25 21 50  66  7.8  9.3 99.00 99.00 99.00 999 1011.8  27.4  27.7  24.2 99.0 99.00
2026 01 25 22 00  67  7.7  9.3 99.00 99.00 99.00 999 1011.8  27.4  27.7  24.2 99.0 99.00
2026 01 25 22 10  70  7.9  9.4  1.43  6.25  4.66  83 1011.9  27.4  27.7  24.1 99.0 99.00
2026 01 25 22 20  70  7.9  9.8 99.00 99.00 99.00 999 1011.9  27.5  27.7  24.2 99.0 99.00
2026 01 25 22 30  63  7.9  9.5 99.00 99.00 99.00 999 1011.9  27.4  27.7  24.2 99.0 99.00
2026 01 25 22 40  67  7.9 10.8  1.41  6.25  4.76  83 1011.9  27.3  27.7  24.2 99.0 99.00
2026 01 25 22 50  66  9.9 11.9 99.00 99.00 99.00 999 1011.9  26.9  27.7  23.2 99.0 99.00
2026 01 25 23 00  60  8.4 10.1 99.00 99.00 99.00 999 1012.1  27.1  27.6  23.8 99.0 99.00
2026 01 25 23 10  59  7.8  9.3  1.53  6.67  4.79  79 1012.1  26.9  27.6  24.0 99.0 99.00
2026 01 25 23 20  59  7.7  9.3 99.00 99.00 99.00 999 1012.0  27.1  27.6  24.4 99.0 99.00
2026 01 25 23 30  60  7.9  9.5 99.00 99.00 99.00 999 1012.1  27.1  27.6  24.5 99.0 99.00
2026 01 25 23 40  69  8.6 10.4  1.44  5.88  4.69  94 1012.1  27.3  27.6  24.5 99.0 99.00
2026 01 25 23 50  67  8.7 10.4 99.00 99.00 99.00 999 1012.1  27.3  27.6  24.5 99.0 99.00
2026 01 26 00 00  61  8.9 10.6 99.00 99.00 99.00 999 1012.3  27.1  27.7  24.4 99.0 99.00
2026 01 26 00 10  67  8.7 10.3  1.43  6.25  4.75  79 1012.4  27.0  27.7  24.5 99.0 99.00
2026 01 26 00 20  71  8.9 10.6 99.00 99.00 99.00 999 1012.5  27.1  27.6  24.6 99.0 99.00
2026 01 26 00 30  72  8.7 10.2 99.00 99.00 99.00 999 1012.6  27.1  27.6  24.5 99.0 99.00
2026 01 26 00 40  75  9.1 10.8  1.52  6.25  4.79  71 1012.6  27.0  27.6  24.1 99.0 99.00
2026 01 26 00 50  73  9.2 11.0 99.00 99.00 99.00 999 1012.8  27.2  27.6  24.4 99.0 99.00
2026 01 26 01 00  77  9.9 11.7 99.00 99.00 99.00 999 1013.0  27.2  27.6  24.3 99.0 99.00
2026 01 26 01 10  77 10.0 11.5  1.59  6.67  4.76  80 1013.0  27.2  27.6  24.2 99.0 99.00
2026 01 26 01 20  76  9.1 10.8 99.00 99.00 99.00 999 1013.1  27.3  27.6  24.4 99.0 99.00
2026 01 26 01 30  80  9.1 10.4 99.00 99.00 99.00 999 1013.2  27.3  27.6  24.3 99.0 99.00
2026 01 26 01 40  78  9.3 11.9  1.55  6.67  4.63  83 1013.2  27.3  27.6  24.3 99.0 99.00
2026 01 26 01 50  80 10.0 11.7 99.00 99.00 99.00 999 1013.3  27.3  27.6  24.3 99.0 99.00
2026 01 26 02 00  81  9.7 12.2 99.00 99.00 99.00 999 1013.3  27.3  27.6  24.1 99.0 99.00
2026 01 26 02 10  81  9.4 11.2  1.59  6.25  4.68  85 1013.3  27.4  27.6  24.2 99.0 99.00
2026 01 26 02 20  82  9.5 11.4 99.00 99.00 99.00 999 1013.3  27.3  27.6  24.1 99.0 99.00
2026 01 26 02 30  85  9.3 10.9 99.00 99.00 99.00 999 1013.4  27.4  27.6  24.1 99.0 99.00
2026 01 26 02 40  83  9.2 11.0  1.66  6.25  4.63  80 1013.4  27.4  27.6  24.1 99.0 99.00
2026 01 26 02 50  83  9.4 11.2 99.00 99.00 99.00 999 1013.4  27.4  27.6  24.2 99.0 99.00
2026 01 26 03 00  81  9.4 11.0 99.00 99.00 99.00 999 1013.4  27.4  27.6  24.3 99.0 99.00
2026 01 26 03 10  80  9.8 11.6  1.60  5.56  4.66  89 1013.5  27.3  27.6  24.2 99.0 99.00
2026 01 26 03 20  78  9.3 10.9 99.00 99.00 99.00 999 1013.5  27.4  27.6  24.3 99.0 99.00
2026 01 26 03 30  78  9.5 11.1 99.00 99.00 99.00 999 1013.5  27.3  27.6  24.3 99.0 99.00
2026 01 26 03 40  81 10.0 11.9  1.68  4.76  4.72  87 1013.6  27.2  27.6  23.8 99.0 99.00
2026 01 26 03 50  83 10.7 12.6 99.00 99.00 99.00 999 1013.6  27.3  27.6  23.5 99.0 99.00
2026 01 26 04 00  86 10.3 12.0 99.00 99.00 99.00 999 1013.5  27.3  27.6  23.8 99.0 99.00
2026 01 26 04 10  88  9.7 11.3  1.73  5.00  4.73  93 1013.4  27.3  27.6  24.0 99.0 99.00
2026 01 26 04 20  83  9.3 11.0 99.00 99.00 99.00 999 1013.3  27.3  27.6  24.2 99.0 99.00
2026 01 26 04 30  82  8.6 10.6 99.00 99.00 99.00 999 1013.3  27.3  27.6  24.5 99.0 99.00
2026 01 26 04 40  78  9.8 12.6  1.78  5.26  4.82  92 1013.1  27.2  27.6  24.2 99.0 99.00
2026 01 26 04 50  77 10.1 12.1 99.00 99.00 99.00 999 1013.2  27.3  27.5  23.9 99.0 99.00
2026 01 26 05 00  79  9.8 11.9 99.00 99.00 99.00 999 1013.2  27.4  27.5  24.1 99.0 99.00
2026 01 26 05 10  77 10.7 13.0  1.74  5.88  4.75  87 1013.1  27.3  27.5  23.9 99.0 99.00
2026 01 26 05 20  79 10.4 12.6 99.00 99.00 99.00 999 1013.2  27.3  27.5  23.9 99.0 99.00
2026 01 26 05 30  82 10.3 12.2 99.00 99.00 99.00 999 1013.1  27.3  27.5  24.0 99.0 99.00
2026 01 26 05 40  83  9.8 12.1  1.78  6.25  4.79  75 1013.0  27.3  27.5  24.0 99.0 99.00
2026 01 26 05 50  78  9.5 11.0 99.00 99.00 99.00 999 1012.8  27.2  27.5  24.2 99.0 99.00
2026 01 26 06 00  80  8.8 11.0 99.00 99.00 99.00 999 1012.6  27.0 999.0  24.5 99.0 99.00
2026 01 26 06 10  81  8.6 10.9  1.78  6.25  4.90  70 1012.6  26.8  27.5  24.5 99.0 99.00
2026 01 26 06 20  77  9.6 11.8 99.00 99.00 99.00 999 1012.5  27.0  27.5  24.2 99.0 99.00
2026 01 26 06 30  80  9.7 12.7 99.00 99.00 99.00 999 1012.5  27.1  27.5  24.2 99.0 99.00
2026 01 26 06 40  83 10.6 12.8  1.92  5.88  4.93  91 1012.4  27.1  27.5  24.4 99.0 99.00
2026 01 26 06 50  75  9.4 12.3 99.00 99.00 99.00 999 1012.4  26.7  27.5  23.9 99.0 99.00
2026 01 26 07 00  77 10.1 12.2 99.00 99.00 99.00 999 1012.3  27.1  27.5  24.2 99.0 99.00
2026 01 26 07 10  77 10.6 12.9  1.82  6.67  4.92  71 1012.2  27.2  27.5  24.1 99.0 99.00
2026 01 26 07 20  79 11.0 12.7 99.00 99.00 99.00 999 1012.1  27.2  27.5  23.8 99.0 99.00
2026 01 26 07 30  79 10.2 12.1 99.00 99.00 99.00 999 1012.1  27.3  27.5  24.1 99.0 99.00
2026 01 26 07 40  83 10.4 12.3  1.88  6.25  4.89  84 1012.2  27.2  27.5  23.9 99.0 99.00
2026 01 26 07 50  78 10.5 12.7 99.00 99.00 99.00 999 1012.2  27.2  27.5  23.7 99.0 99.00
2026 01 26 08 00  77 10.3 12.4 99.00 99.00 99.00 999 1012.2  27.2  27.5  23.8 99.0 99.00
2026 01 26 08 10  77 10.5 13.0  1.97  6.67  4.93  78 1012.2  27.1  27.5  23.8 99.0 99.00
2026 01 26 08 20  81 10.3 12.2 99.00 99.00 99.00 999 1012.2  27.2  27.5  23.8 99.0 99.00
2026 01 26 08 30  86  9.6 12.2 99.00 99.00 99.00 999 1012.1  27.2  27.5  23.8 99.0 99.00
2026 01 26 08 40  85  9.4 11.2  2.05  6.67  5.12  78 1012.2  27.2  27.5  23.9 99.0 99.00
2026 01 26 08 50  83  9.8 12.1 99.00 99.00 99.00 999 1012.1  27.2  27.5  23.8 99.0 99.00
2026 01 26 09 00  84  9.7 11.4 99.00 99.00 99.00 999 1012.2  27.2  27.5  23.8 99.0 99.00
2026 01 26 09 10  82  9.5 11.5  2.18  7.14  5.19  78 1012.4  27.2  27.5  23.8 99.0 99.00
2026 01 26 09 20  81  9.5 11.5 99.00 99.00 99.00 999 1012.4  27.2  27.5  23.8 99.0 99.00
2026 01 26 09 30  82 10.2 12.1 99.00 99.00 99.00 999 1012.6  27.1  27.5  23.4 99.0 99.00
2026 01 26 09 40  87  9.9 12.4  2.01  7.14  5.04  73 1012.7  27.3  27.5  23.5 99.0 99.00
2026 01 26 09 50  88  9.9 12.2 99.00 99.00 99.00 999 1012.8  27.3  27.5  23.5 99.0 99.00
2026 01 26 10 00  84  9.9 12.3 99.00 99.00 99.00 999 1012.8  27.3  27.5  23.6 99.0 99.00
2026 01 26 10 10  84  9.9 11.6  2.02  7.69  5.13  74 1012.9  27.2  27.5  23.5 99.0 99.00
2026 01 26 10 20  81  9.8 11.5 99.00 99.00 99.00 999 1013.1  27.2  27.5  23.5 99.0 99.00
2026 01 26 10 30  86  9.8 11.9 99.00 99.00 99.00 999 1013.2  27.3  27.5  23.6 99.0 99.00
2026 01 26 10 40  82  9.8 11.6  2.08  7.69  5.28  73 1013.3  27.2  27.5  23.6 99.0 99.00
2026 01 26 10 50  83  9.8 12.9 99.00 99.00 99.00 999 1013.3  27.3  27.5  23.9 99.0 99.00
2026 01 26 11 00  80  9.6 11.4 99.00 99.00 99.00 999 1013.5  27.3  27.5  23.9 99.0 99.00
2026 01 26 11 10  79 10.2 12.0  2.17  7.14  5.37  71 1013.6  27.1  27.5  23.4 99.0 99.00
2026 01 26 11 20  81 10.0 11.6 99.00 99.00 99.00 999 1013.7  27.2  27.5  23.2 99.0 99.00
2026 01 26 11 30  81  9.7 11.6 99.00 99.00 99.00 999 1013.9  27.3  27.5  23.2 99.0 99.00
2026 01 26 11 40  82  9.5 11.7  2.11  7.69  5.24  72 1014.0  27.3  27.5  23.5 99.0 99.00
2026 01 26 11 50  83  9.6 11.1 99.00 99.00 99.00 999 1014.2  27.2  27.5  23.5 99.0 99.00
2026 01 26 12 00  82 10.2 12.4 99.00 99.00 99.00 999 1014.4  27.2  27.4  23.4 99.0 99.00
2026 01 26 12 10  82  9.8 11.8  2.01  7.14  5.20  79 1014.5  27.3  27.5  23.5 99.0 99.00
2026 01 26 12 20  78  9.9 11.5 99.00 99.00 99.00 999 1014.6  27.3  27.5  23.4 99.0 99.00
2026 01 26 12 30  81 10.1 12.3 99.00 99.00 99.00 999 1014.7  27.4  27.5  23.5 99.0 99.00
2026 01 26 12 40  82 10.1 11.8  1.92  7.14  5.12  73 1014.7  27.4  27.4  23.6 99.0 99.00
2026 01 26 12 50  81 10.7 12.9 99.00 99.00 99.00 999 1014.9  27.3  27.5  23.4 99.0 99.00
2026 01 26 13 00  80 10.1 11.6 99.00 99.00 99.00 999 1015.0  27.2  27.4  23.5 99.0 99.00
2026 01 26 13 10  85 10.5 12.5  1.99  7.69  5.05  75 1015.2  27.2  27.5  23.4 99.0 99.00
2026 01 26 13 20  82 10.4 12.5 99.00 99.00 99.00 999 1015.4  27.2  27.4  23.7 99.0 99.00
2026 01 26 13 30  80  9.7 11.5 99.00 99.00 99.00 999 1015.5  27.2  27.4  23.9 99.0 99.00
2026 01 26 13 40  77 10.3 12.5  2.03  7.14  5.11  86 1015.7  27.1  27.4  23.6 99.0 99.00
2026 01 26 13 50  84  9.6 11.9 99.00 99.00 99.00 999 1015.9  27.2  27.5  23.7 99.0 99.00
2026 01 26 14 00  83 10.3 12.1 99.00 99.00 99.00 999 1016.0  27.3  27.4  23.6 99.0 99.00
2026 01 26 14 10  81 10.2 11.8  2.22  7.69  5.25  73 1016.2  27.4  27.4  23.5 99.0 99.00
2026 01 26 14 20  82 10.1 11.8 99.00 99.00 99.00 999 1016.2  27.4  27.4  23.5 99.0 99.00
2026 01 26 14 30  82  9.8 12.1 99.00 99.00 99.00 999 1016.3  27.5  27.4  23.6 99.0 99.00
2026 01 26 14 40  83  9.7 11.5  2.12  7.14  5.27  78 1016.3  27.5  27.4  23.5 99.0 99.00
2026 01 26 14 50  81  9.6 11.3 99.00 99.00 99.00 999 1016.3  27.4  27.4  23.7 99.0 99.00
2026 01 26 15 00  82  9.8 11.9 99.00 99.00 99.00 999 1016.2  27.3  27.4  23.4 99.0 99.00
2026 01 26 15 10  84 10.1 12.0  1.90  7.69  5.14  75 1016.3  27.4  27.4  22.9 99.0 99.00
2026 01 26 15 20  84  9.6 12.1 99.00 99.00 99.00 999 1016.2  27.5  27.4  23.1 99.0 99.00
2026 01 26 15 30  77  9.7 11.5 99.00 99.00 99.00 999 1016.0  27.5  27.4  23.4 99.0 99.00
2026 01 26 15 40  79  9.7 11.6  1.96  7.69  5.13  78 1016.0  27.4  27.4  23.4 99.0 99.00
2026 01 26 15 50  78  9.8 11.5 99.00 99.00 99.00 999 1015.9  27.4  27.4  23.4 99.0 99.00
2026 01 26 16 00  81  9.7 11.7 99.00 99.00 99.00 999 1015.8  27.4  27.4  23.4 99.0 99.00
2026 01 26 16 10  85 10.0 11.9  2.05  7.14  5.30  88 1015.7  27.4  27.5  23.4 99.0 99.00
2026 01 26 16 20  78  9.4 11.3 99.00 99.00 99.00 999 1015.6  27.4  27.5  23.7 99.0 99.00
2026 01 26 16 30  79  9.6 11.5 99.00 99.00 99.00 999 1015.4  27.3  27.4  23.5 99.0 99.00
2026 01 26 16 40  82  9.7 11.7  2.02  7.69  5.30  74 1015.2  27.3  27.5  23.6 99.0 99.00
2026 01 26 16 50  81  9.0 11.3 99.00 99.00 99.00 999 1015.2  27.3  27.5  23.8 99.0 99.00
2026 01 26 17 00  82  9.5 11.3 99.00 99.00 99.00 999 1015.0  27.2  27.5  23.7 99.0 99.00
2026 01 26 17 10  84  9.3 11.1  1.93  7.14  5.05  76 1014.9  27.3  27.5  23.5 99.0 99.00
2026 01 26 17 20  83  9.7 11.3 99.00 99.00 99.00 999 1014.9  27.3  27.5  23.5 99.0 99.00
2026 01 26 17 30  82  9.4 11.8 99.00 99.00 99.00 999 1014.8  27.3  27.5  23.5 99.0 99.00
2026 01 26 17 40  79  9.2 11.0  2.02  7.69  5.27  93 1014.6  27.3  27.5  23.5 99.0 99.00
2026 01 26 17 50  79  9.4 11.1 99.00 99.00 99.00 999 1014.4  27.3  27.5  23.5 99.0 99.00
2026 01 26 18 00  80  8.9 10.5 99.00 99.00 99.00 999 1014.4  27.3  27.5  23.5 99.0 99.00
2026 01 26 18 10  82  8.6 10.4  2.09  7.69  5.33  77 1014.2  27.3  27.5  23.5 99.0 99.00
2026 01 26 18 20  80  9.1 10.7 99.00 99.00 99.00 999 1014.0  27.2  27.5  23.1 99.0 99.00
2026 01 26 18 30  78  8.7 10.5 99.00 99.00 99.00 999 1014.0  27.4  27.5  23.3 99.0 99.00
2026 01 26 18 40  78  9.0 10.4  2.00  7.69  5.20  88 1013.8  27.3  27.5  23.1 99.0 99.00
2026 01 26 18 50  82  8.8 10.5 99.00 99.00 99.00 999 1013.8  27.3  27.5  23.0 99.0 99.00
2026 01 26 19 00  81  8.6 10.6 99.00 99.00 99.00 999 1013.8  27.4  27.5  23.3 99.0 99.00
2026 01 26 19 10  80  8.7 10.0  1.98  7.69  5.26  79 1013.6  27.3  27.5  23.2 99.0 99.00
2026 01 26 19 20  78  9.4 11.2 99.00 99.00 99.00 999 1013.6  27.2  27.5  22.7 99.0 99.00
2026 01 26 19 30  84  8.5 10.8 99.00 99.00 99.00 999 1013.5  27.4  27.5  23.0 99.0 99.00
2026 01 26 19 40  82  8.6 10.3  1.99  7.14  5.16  84 1013.4  27.3  27.5  23.0 99.0 99.00
2026 01 26 19 50  80  8.6 10.3 99.00 99.00 99.00 999 1013.4  27.3  27.5  23.0 99.0 99.00
2026 01 26 20 00  82  8.6 10.3 99.00 99.00 99.00 999 1013.3  27.3  27.5  22.9 99.0 99.00
2026 01 26 20 10  83  8.9 10.6  1.92  7.69  5.18  81 1013.2  27.3  27.5  22.6 99.0 99.00
2026 01 26 20 20  78  8.5 10.1 99.00 99.00 99.00 999 1013.2  27.4  27.5  23.1 99.0 99.00
2026 01 26 20 30  80  8.7 10.2 99.00 99.00 99.00 999 1013.1  27.3  27.5  22.8 99.0 99.00
2026 01 26 20 40  82  8.7 10.0  2.05  7.14  5.36  84 1013.1  27.4  27.5  22.9 99.0 99.00
2026 01 26 20 50  82  8.7 10.6 99.00 99.00 99.00 999 1013.1  27.3  27.5  22.7 99.0 99.00
2026 01 26 21 00  74  8.6  9.8 99.00 99.00 99.00 999 1013.1  27.4  27.5  22.9 99.0 99.00
2026 01 26 21 10  76  8.7 10.1  2.03  7.69  5.32  87 1013.0  27.4  27.5  23.0 99.0 99.00
2026 01 26 21 20  76  8.4 10.1 99.00 99.00 99.00 999 1013.0  27.4  27.5  23.1 99.0 99.00
2026 01 26 21 30  76  8.8 10.5 99.00 99.00 99.00 999 1012.9  27.3  27.5  22.8 99.0 99.00
2026 01 26 21 40  73  8.9 10.2  2.15  7.69  5.62  84 1012.9  27.3  27.5  23.0 99.0 99.00
2026 01 26 21 50  74  8.8 10.5 99.00 99.00 99.00 999 1012.9  27.3  27.5  23.1 99.0 99.00
2026 01 26 22 00  72  8.5 10.5 99.00 99.00 99.00 999 1012.9  27.3  27.5  23.3 99.0 99.00
2026 01 26 22 10  76  9.0 10.4  1.83  7.69  5.02  82 1012.9  27.2  27.5  22.9 99.0 99.00
2026 01 26 22 20  74  8.8 10.4 99.00 99.00 99.00 999 1012.9  27.3  27.5  23.0 99.0 99.00
2026 01 26 22 30  75  8.5  9.9 99.00 99.00 99.00 999 1013.0  27.3  27.5  23.1 99.0 99.00
2026 01 26 22 40  71  8.6 10.4  1.88  7.69  5.30  85 1013.0  27.3  27.5  23.2 99.0 99.00
2026 01 26 22 50  66  8.2  9.9 99.00 99.00 99.00 999 1013.1  27.3  27.5  23.2 99.0 99.00
2026 01 26 23 00  69  8.4 10.0 99.00 99.00 99.00 999 1013.1  27.3  27.5  23.4 99.0 99.00
2026 01 26 23 10  67  8.3 10.0  1.95  7.69  5.26  83 1013.3  27.3  27.5  23.5 99.0 99.00
2026 01 26 23 20  69  8.8 10.5 99.00 99.00 99.00 999 1013.4  27.2  27.5  23.2 99.0 99.00
2026 01 26 23 30  65  8.7 10.4 99.00 99.00 99.00 999 1013.4  27.3  27.5  23.4 99.0 99.00
2026 01 26 23 40  67  8.0  9.6  1.72  7.69  5.09  85 1013.6  27.3  27.5  23.5 99.0 99.00
2026 01 26 23 50  59  8.5  9.8 99.00 99.00 99.00 999 1013.7  27.3  27.5  23.7 99.0 99.00
2026 01 27 00 00  66  8.8 10.7 99.00 99.00 99.00 999 1013.8  27.3  27.5  23.8 99.0 99.00
2026 01 27 00 10  69  8.3 10.2  1.77  7.69  5.14  84 1013.8  27.3  27.5  23.8 99.0 99.00
2026 01 27 00 20  76  8.6 10.4 99.00 99.00 99.00 999 1013.9  27.2  27.5  23.7 99.0 99.00
2026 01 27 00 30  75  8.7 10.1 99.00 99.00 99.00 999 1014.0  27.2  27.5  23.6 99.0 99.00
2026 01 27 00 40  64  8.7 10.5  1.87  7.69  5.36  84 1014.2  27.2  27.5  23.7 99.0 99.00
2026 01 27 00 50  66  8.1  9.6 99.00 99.00 99.00 999 1014.2  27.1  27.5  23.8 99.0 99.00
2026 01 27 01 00  71  8.3 10.0 99.00 99.00 99.00 999 1014.4  27.2  27.5  23.9 99.0 99.00
2026 01 27 01 10  77  8.4 10.1  1.81  7.69  5.35  86 1014.5  27.1  27.5  23.5 99.0 99.00
2026 01 27 01 20  79  8.9 10.4 99.00 99.00 99.00 999 1014.6  27.1  27.5  23.2 99.0 99.00
2026 01 27 01 30  75  8.7 10.3 99.00 99.00 99.00 999 1014.7  27.2  27.5  23.3 99.0 99.00
2026 01 27 01 40  72  8.5 10.2  1.96  7.69  5.47  92 1014.8  27.2  27.5  23.5 99.0 99.00
2026 01 27 01 50  69  9.1 11.1 99.00 99.00 99.00 999 1014.9  27.1  27.4  23.2 99.0 99.00
2026 01 27 02 00  70  8.9 10.5 99.00 99.00 99.00 999 1014.9  27.2  27.4  23.2 99.0 99.00
2026 01 27 02 10  69  8.9 10.5  1.86  7.14  5.24  78 1015.0  27.2  27.4  23.3 99.0 99.00
2026 01 27 02 20  71  8.9 10.3 99.00 99.00 99.00 999 1015.0  27.1  27.4  23.1 99.0 99.00
2026 01 27 02 30  68  8.6 10.5 99.00 99.00 99.00 999 1015.0  27.2  27.4  23.3 99.0 99.00
2026 01 27 02 40  76  8.8 10.3  1.81  7.69  5.22  91 1015.1  27.1  27.4  23.1 99.0 99.00
2026 01 27 02 50  69  8.8 10.1 99.00 99.00 99.00 999 1015.2  27.2  27.4  23.1 99.0 99.00
2026 01 27 03 00  63  9.2 10.7 99.00 99.00 99.00 999 1015.2  27.2  27.4  23.0 99.0 99.00
2026 01 27 03 10  70  8.9 10.3  1.88  7.69  5.40  85 1015.2  27.2  27.4  23.1 99.0 99.00
2026 01 27 03 20  61  8.7 10.0 99.00 99.00 99.00 999 1015.2  27.2  27.4  23.3 99.0 99.00
2026 01 27 03 30  65  8.2 10.1 99.00 99.00 99.00 999 1015.2  27.1  27.4  23.4 99.0 99.00
2026 01 27 03 40  69  8.4  9.8  1.67  7.69  5.26  87 1015.2  27.0  27.4  23.2 99.0 99.00
2026 01 27 03 50  67  9.0 10.5 99.00 99.00 99.00 999 1015.2  27.0  27.4  23.1 99.0 99.00
2026 01 27 04 00  68  8.9 10.4 99.00 99.00 99.00 999 1015.2  27.1  27.4  23.2 99.0 99.00
2026 01 27 04 10  65  8.9 10.5  1.77  7.69  5.22  88 1015.1  27.1  27.4  23.1 99.0 99.00
2026 01 27 04 20  67  8.9 10.5 99.00 99.00 99.00 999 1015.2  27.1  27.4  23.0 99.0 99.00
2026 01 27 04 30  65  8.7 10.2 99.00 99.00 99.00 999 1015.1  27.1  27.4  23.3 99.0 99.00
2026 01 27 04 40  63  8.5 10.0  1.79  7.69  5.20  87 1015.0  27.1  27.4  23.4 99.0 99.00
2026 01 27 04 50  60  8.7 10.6 99.00 99.00 99.00 999 1014.9  27.0  27.4  23.3 99.0 99.00
2026 01 27 05 00  63  8.6 10.3 99.00 99.00 99.00 999 1014.9  27.0  27.4  23.2 99.0 99.00
2026 01 27 05 10  61  8.6 10.3  1.72  7.69  5.06  85 1014.9  27.0  27.4  23.3 99.0 99.00
2026 01 27 05 20  62  8.8 10.4 99.00 99.00 99.00 999 1014.9  27.0  27.4  23.4 99.0 99.00
2026 01 27 05 30  61  8.6 10.6 99.00 99.00 99.00 999 1014.9  27.0  27.4  23.3 99.0 99.00
2026 01 27 05 40  66  8.6 10.0  1.80  7.14  5.15  89 1014.8  27.0  27.4  23.4 99.0 99.00
2026 01 27 05 50  61  8.8 10.7 99.00 99.00 99.00 999 1014.6  26.9  27.4  23.2 99.0 99.00
2026 01 27 06 00  65  8.9 10.7 99.00 99.00 99.00 999 1014.5  27.0  27.4  23.2 99.0 99.00
2026 01 27 06 10  66  9.2 10.7  1.90  7.69  5.24  87 1014.4  26.9  27.4  22.9 99.0 99.00
2026 01 27 06 20  67  9.1 11.2 99.00 99.00 99.00 999 1014.4  27.0  27.4  23.0 99.0 99.00
2026 01 27 06 30  66  9.2 11.0 99.00 99.00 99.00 999 1014.3  27.0  27.4  23.1 99.0 99.00
2026 01 27 06 40  68  8.8 10.8  1.72  7.69  5.06  91 1014.3  27.0  27.4  23.0 99.0 99.00
2026 01 27 06 50  67  8.5 10.3 99.00 99.00 99.00 999 1014.1  27.0  27.4  23.2 99.0 99.00
2026 01 27 07 00  71  8.6 10.6 99.00 99.00 99.00 999 1014.1  27.0  27.4  23.1 99.0 99.00
2026 01 27 07 10  67  8.9 10.7  1.78  7.69  5.14  81 1014.0  27.0  27.4  23.0 99.0 99.00
2026 01 27 07 20  67  8.8 11.6 99.00 99.00 99.00 999 1014.0  27.0  27.4  23.1 99.0 99.00
2026 01 27 07 30  69  8.8 10.9 99.00 99.00 99.00 999 1014.1  27.0  27.4  22.9 99.0 99.00
2026 01 27 07 40  67  8.7 10.4  1.62  7.69  4.78  85 1014.0  27.0  27.4  23.0 99.0 99.00
2026 01 27 07 50  60  8.6 10.7 99.00 99.00 99.00 999 1013.9  27.0  27.4  23.1 99.0 99.00
2026 01 27 08 00  63  8.9 10.2 99.00 99.00 99.00 999 1013.8  27.0  27.4  23.1 99.0 99.00
2026 01 27 08 10  67  8.9 10.8  1.73  7.69  4.97  95 1013.8  27.0  27.4  23.2 99.0 99.00
2026 01 27 08 20  64  8.8 10.5 99.00 99.00 99.00 999 1013.7  26.9  27.4  23.0 99.0 99.00
2026 01 27 08 30  67  9.1 11.0 99.00 99.00 99.00 999 1013.7  26.9  27.4  23.0 99.0 99.00
2026 01 27 08 40  70  8.4  9.6  1.61  8.33  4.92  93 1013.8  27.0  27.4  23.1 99.0 99.00
2026 01 27 08 50  69  8.5 10.1 99.00 99.00 99.00 999 1013.9  26.9  27.4  23.0 99.0 99.00
2026 01 27 09 00  61  8.2 10.0 99.00 99.00 99.00 999 1014.0  27.0  27.4  23.1 99.0 99.00
2026 01 27 09 10  61  8.1  9.6  1.72  7.69  5.09  86 1014.0  26.9  27.4  23.2 99.0 99.00
2026 01 27 09 20  65  8.2 10.8 99.00 99.00 99.00 999 1014.0  26.9  27.4  23.3 99.0 99.00
2026 01 27 09 30  65  8.8 11.0 99.00 99.00 99.00 999 1014.2  26.9  27.4  23.3 99.0 99.00
2026 01 27 09 40  73  8.7 10.5  1.70  8.33  4.98  97 1014.3  27.0  27.4  23.3 99.0 99.00
2026 01 27 09 50  68  8.9 10.8 99.00 99.00 99.00 999 1014.4  26.9  27.3  23.1 99.0 99.00
2026 01 27 10 00  69  8.5 10.1 99.00 99.00 99.00 999 1014.5  27.0  27.4  23.3 99.0 99.00
2026 01 27 10 10  65  8.9 10.7  1.66  7.69  5.07  92 1014.6  26.9  27.4  23.1 99.0 99.00
2026 01 27 10 20  67  9.4 11.2 99.00 99.00 99.00 999 1014.6  27.0  27.4  22.8 99.0 99.00
2026 01 27 10 30  66  8.9 10.6 99.00 99.00 99.00 999 1014.7  27.0  27.4  22.8 99.0 99.00
2026 01 27 10 40  69  9.1 11.0  1.64  8.33  4.92  99 1014.7  27.0  27.3  22.3 99.0 99.00
2026 01 27 10 50  66  9.1 10.5 99.00 99.00 99.00 999 1014.9  27.0  27.4  22.2 99.0 99.00
2026 01 27 11 00  70  8.6 10.4 99.00 99.00 99.00 999 1014.9  27.1  27.3  22.6 99.0 99.00
2026 01 27 11 10  71  8.7 10.4  1.70  7.69  5.00  96 1015.0  27.0  27.3  22.4 99.0 99.00
2026 01 27 11 20  71  8.8 10.8 99.00 99.00 99.00 999 1015.1  27.1  27.3  22.7 99.0 99.00
2026 01 27 11 30  69  8.6 10.1 99.00 99.00 99.00 999 1015.2  27.0  27.4  22.6 99.0 99.00
2026 01 27 11 40  70  8.7 10.6  1.64  5.00  4.81  81 1015.4  27.0  27.3  22.7 99.0 99.00
2026 01 27 11 50  69  8.3  9.9 99.00 99.00 99.00 999 1015.4  27.1  27.3  23.2 99.0 99.00
2026 01 27 12 00  71  9.2 10.8 99.00 99.00 99.00 999 1015.6  26.9  27.4  22.9 99.0 99.00
2026 01 27 12 10  71  8.9 10.9  1.68  7.69  4.98  83 1015.7  26.9  27.3  22.7 99.0 99.00
2026 01 27 12 20  66  9.1 10.2 99.00 99.00 99.00 999 1015.9  27.0  27.3  23.0 99.0 99.00
2026 01 27 12 30  64  9.0 11.1 99.00 99.00 99.00 999 1016.0  27.0  27.3  23.1 99.0 99.00
2026 01 27 12 40  65  9.3 11.1  1.58  7.14  4.82  84 1016.2  27.0  27.3  22.6 99.0 99.00
2026 01 27 12 50  66  9.1 11.0 99.00 99.00 99.00 999 1016.2  27.1  27.3  22.5 99.0 99.00
2026 01 27 13 00  64  9.3 11.1 99.00 99.00 99.00 999 1016.4  27.1  27.3  22.4 99.0 99.00
2026 01 27 13 10  63  9.2 11.0  1.80  7.69  5.09  92 1016.5  27.2  27.3  22.4 99.0 99.00
2026 01 27 13 20  64  9.2 10.9 99.00 99.00 99.00 999 1016.7  27.1  27.3  21.8 99.0 99.00
2026 01 27 13 30  66  9.3 11.1 99.00 99.00 99.00 999 1016.8  27.1  27.3  21.6 99.0 99.00
2026 01 27 13 40  65  9.6 11.4  1.69  7.69  4.73  85 1017.0  27.1  27.3  21.6 99.0 99.00
2026 01 27 13 50  69  9.5 11.4 99.00 99.00 99.00 999 1017.1  27.2  27.3  21.9 99.0 99.00
2026 01 27 14 00  74  9.5 11.0 99.00 99.00 99.00 999 1017.1  27.1  27.3  21.7 99.0 99.00
2026 01 27 14 10  71  9.1 10.5  1.81  7.69  4.96  97 1017.1  27.2  27.3  22.3 99.0 99.00
2026 01 27 14 20  68  9.2 11.2 99.00 99.00 99.00 999 1017.2  27.1  27.3  22.2 99.0 99.00
2026 01 27 14 30  71  9.0 10.9 99.00 99.00 99.00 999 1017.2  27.1  27.4  22.2 99.0 99.00
2026 01 27 14 40  67  8.8 10.6  1.76  7.69  4.94  78 1017.1  27.2  27.4  22.4 99.0 99.00
2026 01 27 14 50  69  9.0 10.8 99.00 99.00 99.00 999 1017.1  27.1  27.4  22.2 99.0 99.00
2026 01 27 15 00  67  9.0 10.9 99.00 99.00 99.00 999 1017.0  27.1  27.4  22.2 99.0 99.00
2026 01 27 15 10  59  9.2 11.6  1.81  7.14  5.04 103 1016.9  27.1  27.4  22.0 99.0 99.00
2026 01 27 15 20  63  9.3 11.1 99.00 99.00 99.00 999 1016.7  27.1  27.4  22.0 99.0 99.00
2026 01 27 15 30  63  9.2 11.0 99.00 99.00 99.00 999 1016.7  27.1  27.4  22.0 99.0 99.00
2026 01 27 15 40  62  8.7 10.3  1.80  7.69  5.01  97 1016.6  27.2  27.4  22.3 99.0 99.00
2026 01 27 15 50  58  9.0 10.8 99.00 99.00 99.00 999 1016.6  27.1  27.4  22.2 99.0 99.00
2026 01 27 16 00  60  9.0 10.6 99.00 99.00 99.00 999 1016.5  27.2  27.4  22.3 99.0 99.00
2026 01 27 16 10  61  8.8 10.1  1.71  7.69  5.03 104 1016.3  27.2  27.4  22.4 99.0 99.00
2026 01 27 16 20  63  8.7 10.5 99.00 99.00 99.00 999 1016.2  27.2  27.4  22.5 99.0 99.00
2026 01 27 16 30  62  9.0 10.9 99.00 99.00 99.00 999 1016.0  27.1  27.4  22.5 99.0 99.00
2026 01 27 16 40  60  8.7 11.1  1.69  7.69  4.89  98 1015.9  27.2  27.4  22.8 99.0 99.00
2026 01 27 16 50  61  8.7 10.2 99.00 99.00 99.00 999 1015.7  27.1  27.4  22.8 99.0 99.00
2026 01 27 17 00  64  9.1 10.6 99.00 99.00 99.00 999 1015.5  27.0  27.4  22.7 99.0 99.00
2026 01 27 17 10  65  9.5 10.9  1.80  7.69  5.02  93 1015.4  27.0  27.4  22.3 99.0 99.00
2026 01 27 17 20  65  8.7 10.6 99.00 99.00 99.00 999 1015.3  27.2  27.4  22.7 99.0 99.00
2026 01 27 17 30  66  8.9 10.5 99.00 99.00 99.00 999 1015.1  27.1  27.4  22.6 99.0 99.00
2026 01 27 17 40  63  9.0 10.6  1.71  7.69  4.91  88 1014.9  27.1  27.4  22.6 99.0 99.00
2026 01 27 17 50  62  8.7 10.7 99.00 99.00 99.00 999 1014.7  27.1  27.4  22.6 99.0 99.00
2026 01 27 18 00  62  8.9 10.7 99.00 99.00 99.00 999 1014.6  27.1  27.4  22.5 99.0 99.00
2026 01 27 18 10  67  8.7 11.0  1.69  7.69  5.16 100 1014.5  27.1  27.4  22.2 99.0 99.00
2026 01 27 18 20  67  8.0  9.9 99.00 99.00 99.00 999 1014.3  27.2  27.4  22.5 99.0 99.00
2026 01 27 18 30  62  8.4 10.0 99.00 99.00 99.00 999 1014.1  27.1  27.4  22.5 99.0 99.00
2026 01 27 18 40  66  8.6 10.1  1.77  7.69  5.12  85 1014.0  27.1  27.4  22.3 99.0 99.00
2026 01 27 18 50  68  8.5 10.6 99.00 99.00 99.00 999 1013.9  27.1  27.4  22.1 99.0 99.00
2026 01 27 19 00  70  8.6 10.4 99.00 99.00 99.00 999 1013.8  27.2  27.4  22.2 99.0 99.00
2026 01 27 19 10  67  8.4  9.9  1.82  7.14  4.97  89 1013.6  27.2  27.4  22.4 99.0 99.00
2026 01 27 19 20  66  8.5 10.1 99.00 99.00 99.00 999 1013.5  27.1  27.4  22.2 99.0 99.00
2026 01 27 19 30  69  8.5 10.0 99.00 99.00 99.00 999 1013.5  27.2  27.5  22.2 99.0 99.00
2026 01 27 19 40  70  8.2  9.5  1.69  7.14  5.03  85 1013.4  27.2  27.5  22.4 99.0 99.00
2026 01 27 19 50  66  8.6 10.1 99.00 99.00 99.00 999 1013.3  27.2  27.5  22.4 99.0 99.00
2026 01 27 20 00  65  8.3  9.8 99.00 99.00 99.00 999 1013.3  27.3  27.5  22.7 99.0 99.00
2026 01 27 20 10  66  8.6 10.3  1.73  7.69  5.14  84 1013.2  27.2  27.5  22.6 99.0 99.00
2026 01 27 20 20  68  8.1  9.8 99.00 99.00 99.00 999 1013.2  27.2  27.5  22.6 99.0 99.00
2026 01 27 20 30  66  8.3  9.9 99.00 99.00 99.00 999 1013.2  27.2  27.5  22.6 99.0 99.00
2026 01 27 20 40  67  9.1 10.7  1.61  7.69  4.93  94 1013.0  27.2  27.5  22.6 99.0 99.00
2026 01 27 20 50  65  8.8 10.2 99.00 99.00 99.00 999 1013.0  27.2  27.5  22.5 99.0 99.00
2026 01 27 21 00  64  8.4 10.2 99.00 99.00 99.00 999 1013.1  27.3  27.4  22.9 99.0 99.00
2026 01 27 21 10  66  8.4 10.4  1.68  7.69  4.89  90 1013.1  27.2  27.5  22.8 99.0 99.00
2026 01 27 21 20  65  8.3  9.9 99.00 99.00 99.00 999 1013.1  27.2  27.4  22.8 99.0 99.00
2026 01 27 21 30  68  8.7 10.1 99.00 99.00 99.00 999 1013.1  27.2  27.4  22.7 99.0 99.00
2026 01 27 21 40  62  8.7 10.4  1.62  7.69  5.06  84 1013.2  27.2  27.4  22.7 99.0 99.00
2026 01 27 21 50  63  8.4  9.5 99.00 99.00 99.00 999 1013.2  27.2  27.4  22.5 99.0 99.00
2026 01 27 22 00  65  7.8  9.5 99.00 99.00 99.00 999 1013.3  27.3  27.4  22.9 99.0 99.00
2026 01 27 22 10  62  8.0 10.5  1.67  7.14  5.02  86 1013.3  27.2  27.4  23.2 99.0 99.00
2026 01 27 22 20  65  8.4  9.8 99.00 99.00 99.00 999 1013.4  27.1  27.4  23.0 99.0 99.00
2026 01 27 22 30  63  8.7 11.1 99.00 99.00 99.00 999 1013.3  27.2  27.4  23.2 99.0 99.00
2026 01 27 22 40  64  9.0 10.9  1.70  7.69  5.02  86 1013.4  27.1  27.4  23.0 99.0 99.00
2026 01 27 22 50  65  9.2 10.8 99.00 99.00 99.00 999 1013.5  27.1  27.4  22.9 99.0 99.00
2026 01 27 23 00  67  8.6 10.2 99.00 99.00 99.00 999 1013.7  27.1  27.4  22.9 99.0 99.00
2026 01 27 23 10  68  8.6 10.7  1.71  7.69  4.94  88 1013.7  27.2  27.4  23.0 99.0 99.00
2026 01 27 23 20  65  8.5  9.9 99.00 99.00 99.00 999 1013.8  27.1  27.4  22.9 99.0 99.00
2026 01 27 23 30  60  8.7 10.3 99.00 99.00 99.00 999 1013.7  27.0  27.4  22.8 99.0 99.00
2026 01 27 23 40  65  8.2  9.8  1.84  7.14  5.14  92 1013.8  27.1  27.4  22.9 99.0 99.00
2026 01 27 23 50  60  8.5  9.9 99.00 99.00 99.00 999 1013.8  27.0  27.4  22.8 99.0 99.00
2026 01 28 00 00  57  8.5 10.2 99.00 99.00 99.00 999 1013.9  27.0  27.4  22.9 99.0 99.00
2026 01 28 00 10  62  8.4  9.9  1.64  6.25  4.90  79 1014.0  27.0  27.4  23.0 99.0 99.00
2026 01 28 00 20  60  8.8 11.0 99.00 99.00 99.00 999 1014.0  27.0  27.4  22.9 99.0 99.00
2026 01 28 00 30  61  8.7 10.7 99.00 99.00 99.00 999 1014.1  27.0  27.4  22.8 99.0 99.00
2026 01 28 00 40  62  8.4  9.8  1.71  7.69  4.90  84 1014.2  27.0  27.4  22.9 99.0 99.00
2026 01 28 00 50  63  8.3 10.4 99.00 99.00 99.00 999 1014.4  26.9  27.4  22.7 99.0 99.00
2026 01 28 01 00  67  8.7 10.3 99.00 99.00 99.00 999 1014.4  27.1  27.4  22.9 99.0 99.00
2026 01 28 01 10  66  8.5 10.2  1.74  7.14  5.00  97 1014.5  27.0  27.4  22.9 99.0 99.00
2026 01 28 01 20  64  8.7 10.4 99.00 99.00 99.00 999 1014.5  27.0  27.4  22.9 99.0 99.00
2026 01 28 01 30  64  8.7 10.2 99.00 99.00 99.00 999 1014.5  27.0  27.4  23.0 99.0 99.00
2026 01 28 01 40  66  8.9 10.5  1.58  7.69  4.91  83 1014.6  27.0  27.4  23.0 99.0 99.00
2026 01 28 01 50  75  9.1 11.3 99.00 99.00 99.00 999 1014.6  27.0  27.4  23.1 99.0 99.00
2026 01 28 02 00  84  8.4 10.0 99.00 99.00 99.00 999 1014.7  26.5  27.4  23.0 99.0 99.00
2026 01 28 02 10  78  7.6  9.2  1.65  7.69  5.05  99 1014.9  26.5  27.4  22.9 99.0 99.00
2026 01 28 02 20  68  7.3  9.0 99.00 99.00 99.00 999 1014.9  26.7  27.4  23.1 99.0 99.00
2026 01 28 02 30  58  8.8 10.7 99.00 99.00 99.00 999 1014.9  26.8  27.4  22.8 99.0 99.00
2026 01 28 02 40  58  8.5 10.2  1.70  7.69  5.01  96 1014.9  27.0  27.4  23.0 99.0 99.00
2026 01 28 02 50  59  8.9 10.4 99.00 99.00 99.00 999 1015.0  26.9  27.4  22.7 99.0 99.00
2026 01 28 03 00  62  8.7 10.8 99.00 99.00 99.00 999 1014.9  27.0  27.4  22.8 99.0 99.00
2026 01 28 03 10  68  8.5 10.4  1.63  7.69  4.96  86 1014.9  27.0  27.4  22.8 99.0 99.00
2026 01 28 03 20  67  8.5  9.7 99.00 99.00 99.00 999 1014.8  27.0  27.4  22.8 99.0 99.00
2026 01 28 03 30  64  8.4 10.1 99.00 99.00 99.00 999 1014.7  27.0  27.4  22.8 99.0 99.00
2026 01 28 03 40  64  7.9  9.9  1.70  7.69  4.99  92 1014.6  27.0  27.4  22.9 99.0 99.00
2026 01 28 03 50  63  8.3 10.1 99.00 99.00 99.00 999 1014.6  27.0  27.4  23.0 99.0 99.00
2026 01 28 04 00  63  8.7 10.1 99.00 99.00 99.00 999 1014.5  27.0  27.4  23.0 99.0 99.00
2026 01 28 04 10  63  8.8 10.3  1.65  7.14  4.99  89 1014.3  27.0  27.4  23.0 99.0 99.00
2026 01 28 04 20  67  8.9 10.4 99.00 99.00 99.00 999 1014.3  27.0  27.4  23.0 99.0 99.00
2026 01 28 04 30  66  8.4 10.0 99.00 99.00 99.00 999 1014.3  26.9  27.4  22.9 99.0 99.00
2026 01 28 04 40  66  8.5 10.1  1.61  7.69  4.93  86 1014.3  27.0  27.4  23.0 99.0 99.00
2026 01 28 04 50  63  8.4 10.0 99.00 99.00 99.00 999 1014.0  27.0  27.4  23.1 99.0 99.00
2026 01 28 05 00  69  9.3 11.1 99.00 99.00 99.00 999 1013.9  26.9  27.4  23.0 99.0 99.00
2026 01 28 05 10  69  8.8 10.6  1.62  7.14  4.84  90 1014.1  26.9  27.4  22.9 99.0 99.00
2026 01 28 05 20  72  7.9  9.5 99.00 99.00 99.00 999 1014.0  27.0  27.4  23.2 99.0 99.00
2026 01 28 05 30  73  8.6 10.3 99.00 99.00 99.00 999 1014.0  26.9  27.4  22.9 99.0 99.00
2026 01 28 05 40  69  8.6 10.0  1.57  7.69  4.89  93 1013.8  26.9  27.4  22.8 99.0 99.00
2026 01 28 05 50  73  8.7 10.4 99.00 99.00 99.00 999 1013.6  26.9  27.4  22.8 99.0 99.00
2026 01 28 06 00  73  8.6 10.1 99.00 99.00 99.00 999 1013.5  26.9  27.4  22.8 99.0 99.00
2026 01 28 06 10  70  8.4  9.9  1.67  7.69  4.92  90 1013.3  26.9  27.4  22.8 99.0 99.00
2026 01 28 06 20  67  8.2  9.7 99.00 99.00 99.00 999 1013.2  26.9  27.4  23.0 99.0 99.00
2026 01 28 06 30  65  8.7 10.0 99.00 99.00 99.00 999 1013.0  26.9  27.4  23.0 99.0 99.00
2026 01 28 06 40  65  8.7 10.7  1.66  7.69  5.02  91 1012.7  26.9  27.4  23.0 99.0 99.00
2026 01 28 06 50  68  8.8 10.3 99.00 99.00 99.00 999 1012.6  26.9  27.4  23.0 99.0 99.00
2026 01 28 07 00  68  8.9 10.2 99.00 99.00 99.00 999 1012.4  26.8  27.4  22.9 99.0 99.00
2026 01 28 07 10  73  9.3 10.8  1.58  7.69  4.82  91 1012.3  26.8  27.4  22.7 99.0 99.00
2026 01 28 07 20  73  9.5 10.8 99.00 99.00 99.00 999 1012.3  26.8  27.4  22.4 99.0 99.00
2026 01 28 07 30  71  9.2 11.0 99.00 99.00 99.00 999 1012.1  26.9  27.4  22.7 99.0 99.00
2026 01 28 07 40  73  9.3 11.0  1.59  8.33  4.89  91 1012.1  26.8  27.4  22.6 99.0 99.00
2026 01 28 07 50  72  8.9 10.4 99.00 99.00 99.00 999 1012.0  26.8  27.4  22.7 99.0 99.00
2026 01 28 08 00  73  9.2 11.1 99.00 99.00 99.00 999 1011.9  26.8  27.4  22.9 99.0 99.00
2026 01 28 08 10  70  9.2 10.9  1.58  8.33  4.73  97 1011.9  26.7  27.4  22.9 99.0 99.00
2026 01 28 08 20  70  9.4 11.6 99.00 99.00 99.00 999 1011.9  26.7  27.4  22.9 99.0 99.00
2026 01 28 08 30  72  9.8 11.7 99.00 99.00 99.00 999 1011.7  26.8  27.4  22.8 99.0 99.00
2026 01 28 08 40  73  9.8 11.8  1.69  7.69  4.77  85 1011.7  26.8  27.4  22.7 99.0 99.00
2026 01 28 08 50  74  9.5 11.2 99.00 99.00 99.00 999 1011.7  26.8 999.0  22.5 99.0 99.00
2026 01 28 09 00  72  9.6 11.2 99.00 99.00 99.00 999 1011.8  26.8  27.4  22.7 99.0 99.00
2026 01 28 09 10  74  9.3 11.1  1.66  7.69  4.94  94 1011.9  26.8  27.4  22.8 99.0 99.00
2026 01 28 09 20  70  9.6 11.3 99.00 99.00 99.00 999 1011.9  26.8  27.4  22.6 99.0 99.00
2026 01 28 09 30  70  9.5 11.3 99.00 99.00 99.00 999 1012.0  26.9  27.4  22.6 99.0 99.00
2026 01 28 09 40  72  9.5 11.4  1.55  7.69  4.65  84 1012.2  26.9  27.4  22.3 99.0 99.00
2026 01 28 09 50  74  9.9 11.5 99.00 99.00 99.00 999 1012.3  26.9  27.4  22.0 99.0 99.00
2026 01 28 10 00  75  9.8 11.6 99.00 99.00 99.00 999 1012.3  27.0  27.4  22.3 99.0 99.00
2026 01 28 10 10  72  9.8 11.2  1.65  7.69  4.83  98 1012.4  26.9  27.4  22.2 99.0 99.00
2026 01 28 10 20  75  9.3 10.6 99.00 99.00 99.00 999 1012.5  27.0  27.4  22.3 99.0 99.00
2026 01 28 10 30  74  9.1 11.0 99.00 99.00 99.00 999 1012.6  26.9  27.4  22.5 99.0 99.00
2026 01 28 10 40  77  9.2 10.8  1.72  8.33  4.88  92 1012.7  26.9  27.4  22.3 99.0 99.00
2026 01 28 10 50  79  9.7 11.0 99.00 99.00 99.00 999 1012.8  27.0  27.4  22.1 99.0 99.00
2026 01 28 11 00  78  9.2 10.9 99.00 99.00 99.00 999 1012.9  27.0  27.4  22.2 99.0 99.00
2026 01 28 11 10  74  8.9 10.7  1.69  8.33  4.94 103 1013.1  27.0  27.4  22.4 99.0 99.00
2026 01 28 11 20  76  8.6  9.9 99.00 99.00 99.00 999 1013.2  26.9  27.4  22.3 99.0 99.00
2026 01 28 11 30  77  8.7 10.1 99.00 99.00 99.00 999 1013.2  26.9  27.4  22.2 99.0 99.00
2026 01 28 11 40  76  8.7 10.4  1.61  8.33  4.79  94 1013.4  27.0  27.4  22.2 99.0 99.00
2026 01 28 11 50  69  8.1 10.2 99.00 99.00 99.00 999 1013.7  27.0  27.4  22.4 99.0 99.00
2026 01 28 12 00  72  8.5  9.9 99.00 99.00 99.00 999 1014.1  27.0  27.4  22.0 99.0 99.00
2026 01 28 12 10  68  8.3  9.9  1.65  8.33  4.81 105 1014.2  27.1  27.4  21.7 99.0 99.00
2026 01 28 12 20  78  9.0 10.4 99.00 99.00 99.00 999 1014.4  27.2  27.4  21.9 99.0 99.00
2026 01 28 12 30  83  8.9 10.3 99.00 99.00 99.00 999 1014.6  27.1  27.4  22.2 99.0 99.00
2026 01 28 12 40  76  8.6 10.0  1.74  9.09  5.13  99 1014.8  27.1  27.4  22.1 99.0 99.00
2026 01 28 12 50  75  8.1  9.3 99.00 99.00 99.00 999 1014.9  27.2  27.4  22.1 99.0 99.00
2026 01 28 13 00  77  8.2  9.6 99.00 99.00 99.00 999 1014.9  27.2  27.4  22.2 99.0 99.00
2026 01 28 13 10  80  8.5 10.1  1.62  5.88  4.89  78 1015.0  27.1  27.4  22.1 99.0 99.00
2026 01 28 13 20  75  8.6 10.4 99.00 99.00 99.00 999 1015.2  27.1  27.4  22.0 99.0 99.00
2026 01 28 13 30  73  7.9  9.1 99.00 99.00 99.00 999 1015.4  27.2  27.4  22.3 99.0 99.00
2026 01 28 13 40  76  7.9  9.8  1.60  8.33  4.97 100 1015.6  27.2  27.4  22.4 99.0 99.00
2026 01 28 13 50  73  8.0  9.2 99.00 99.00 99.00 999 1015.7  27.1  27.4  22.2 99.0 99.00
2026 01 28 14 00  73  7.6  9.0 99.00 99.00 99.00 999 1015.8  27.2  27.4  22.2 99.0 99.00
2026 01 28 14 10  79  7.6  9.1  1.72  8.33  5.13  94 1015.8  27.2  27.4  22.3 99.0 99.00
2026 01 28 14 20  83  7.8  9.0 99.00 99.00 99.00 999 1015.8  27.2  27.4  22.3 99.0 99.00
2026 01 28 14 30  82  8.0  9.7 99.00 99.00 99.00 999 1015.7  27.2  27.4  22.3 99.0 99.00
2026 01 28 14 40  79  7.6  9.7  1.62  8.33  5.11  98 1015.6  27.2  27.4  22.2 99.0 99.00
2026 01 28 14 50  82  7.6  8.9 99.00 99.00 99.00 999 1015.4  27.2  27.4  22.3 99.0 99.00
2026 01 28 15 00  81  7.8  9.0 99.00 99.00 99.00 999 1015.4  27.1  27.4  22.0 99.0 99.00
2026 01 28 15 10  78  7.3  9.0  1.62  7.69  5.09  92 1015.6  27.2  27.4  22.3 99.0 99.00
2026 01 28 15 20  76  7.6  8.9 99.00 99.00 99.00 999 1015.6  27.2  27.4  22.3 99.0 99.00
2026 01 28 15 30  77  7.7  8.9 99.00 99.00 99.00 999 1015.5  27.2  27.4  22.2 99.0 99.00
2026 01 28 15 40  79  8.1  9.4  1.52  7.69  4.95  87 1015.4  27.1  27.4  21.7 99.0 99.00
2026 01 28 15 50  76  7.9  9.2 99.00 99.00 99.00 999 1015.3  27.2  27.4  21.8 99.0 99.00
2026 01 28 16 00  77  7.7  9.4 99.00 99.00 99.00 999 1015.2  27.3  27.4  22.1 99.0 99.00
2026 01 28 16 10  75  7.9  9.7  1.65  5.88  5.11  87 1015.2  27.2  27.4  22.0 99.0 99.00
2026 01 28 16 20  77  7.6  9.3 99.00 99.00 99.00 999 1014.9  27.2  27.4  22.1 99.0 99.00
2026 01 28 16 30  74  7.3  8.7 99.00 99.00 99.00 999 1014.9  27.2  27.4  22.2 99.0 99.00
2026 01 28 16 40  74  7.8  9.2  1.58  8.33  4.93 101 1014.8  27.1  27.4  22.0 99.0 99.00
2026 01 28 16 50  77  7.5  8.8 99.00 99.00 99.00 999 1014.6  27.3  27.4  22.4 99.0 99.00
2026 01 28 17 00  83  7.9  9.2 99.00 99.00 99.00 999 1014.4  27.2  27.4  22.2 99.0 99.00
2026 01 28 17 10  81  7.9  9.2  1.61  7.69  4.95 111 1014.3  27.2  27.4  22.2 99.0 99.00
2026 01 28 17 20  83  7.6  8.8 99.00 99.00 99.00 999 1014.1  27.3  27.4  22.6 99.0 99.00
2026 01 28 17 30  83  7.9  9.2 99.00 99.00 99.00 999 1014.0  27.2  27.5  22.3 99.0 99.00
2026 01 28 17 40  78  7.8  9.2  1.61  7.69  5.09  98 1013.8  27.2  27.5  22.2 99.0 99.00
2026 01 28 17 50  82  8.1  9.5 99.00 99.00 99.00 999 1013.7  27.2  27.5  22.3 99.0 99.00
2026 01 28 18 00  83  7.9  9.0 99.00 99.00 99.00 999 1013.5  27.3  27.5  22.5 99.0 99.00
2026 01 28 18 10  74  7.8  9.1  1.55  7.14  4.97  97 1013.3  27.2  27.5  22.6 99.0 99.00
2026 01 28 18 20  77  7.8  9.2 99.00 99.00 99.00 999 1013.1  27.3  27.5  22.8 99.0 99.00
2026 01 28 18 30  75  7.9  9.2 99.00 99.00 99.00 999 1012.9  27.2  27.5  22.7 99.0 99.00
2026 01 28 18 40  79  8.3  9.3  1.40  5.26  4.77  93 1012.7  27.2  27.5  22.7 99.0 99.00
2026 01 28 18 50  74  8.5 10.0 99.00 99.00 99.00 999 1012.7  27.2  27.5  22.6 99.0 99.00
2026 01 28 19 00  77  8.5 10.1 99.00 99.00 99.00 999 1012.5  27.2  27.5  22.7 99.0 99.00
2026 01 28 19 10  79  8.7 10.1  1.52  8.33  4.88  85 1012.3  27.2  27.5  22.1 99.0 99.00
2026 01 28 19 20  81  8.5 10.2 99.00 99.00 99.00 999 1012.2  27.3  27.5  22.0 99.0 99.00
2026 01 28 19 30  82  8.1  9.4 99.00 99.00 99.00 999 1012.1  27.3  27.5  21.7 99.0 99.00
2026 01 28 19 40  80  7.6  8.9  1.53  7.69  4.94  97 1012.1  27.3  27.5  21.9 99.0 99.00
2026 01 28 19 50  76  7.5  8.9 99.00 99.00 99.00 999 1012.1  27.2  27.5  21.9 99.0 99.00
2026 01 28 20 00  74  7.8  9.2 99.00 99.00 99.00 999 1012.1  27.2  27.5  21.9 99.0 99.00
2026 01 28 20 10  77  7.6  8.8  1.62  7.69  5.04  98 1012.0  27.2  27.5  22.1 99.0 99.00
2026 01 28 20 20  79  7.6  9.3 99.00 99.00 99.00 999 1012.1  27.2  27.5  22.0 99.0 99.00
2026 01 28 20 30  81  7.6  9.5 99.00 99.00 99.00 999 1012.1  27.2  27.5  21.9 99.0 99.00
2026 01 28 20 40  79  7.2  9.0  1.54  7.14  4.95 102 1012.0  27.3  27.5  22.1 99.0 99.00
2026 01 28 20 50  76  6.7  8.1 99.00 99.00 99.00 999 1012.0  27.2  27.5  22.2 99.0 99.00
2026 01 28 21 00  73  6.8  8.2 99.00 99.00 99.00 999 1012.0  27.2  27.5  22.1 99.0 99.00
2026 01 28 21 10  67  6.6  8.1  1.60  7.69  5.14  87 1012.0  27.2  27.5  22.3 99.0 99.00
2026 01 28 21 20  67  6.6  7.8 99.00 99.00 99.00 999 1012.0  27.3  27.5  22.6 99.0 99.00
2026 01 28 21 30  65  6.9  8.0 99.00 99.00 99.00 999 1012.0  27.2  27.5  22.5 99.0 99.00
2026 01 28 21 40  63  7.2  8.3  1.50  7.69  5.13  94 1012.1  27.3  27.5  22.8 99.0 99.00
2026 01 28 21 50  61  8.0 10.0 99.00 99.00 99.00 999 1012.1  27.3  27.5  22.7 99.0 99.00
2026 01 28 22 00  62  7.6  9.3 99.00 99.00 99.00 999 1012.2  27.1  27.5  22.7 99.0 99.00
2026 01 28 22 10  65  8.1  9.8  1.54  7.69  5.03  88 1012.2  27.2  27.5  22.5 99.0 99.00
2026 01 28 22 20  68  8.2  9.6 99.00 99.00 99.00 999 1012.1  27.2  27.5  22.3 99.0 99.00
2026 01 28 22 30  70  8.2  9.5 99.00 99.00 99.00 999 1012.2  27.3  27.5  22.3 99.0 99.00
2026 01 28 22 40  71  7.9  9.2  1.53  6.67  5.04  88 1012.3  27.3  27.4  22.5 99.0 99.00
2026 01 28 22 50  68  7.7  8.9 99.00 99.00 99.00 999 1012.4  27.3  27.4  22.8 99.0 99.00
2026 01 28 23 00  59  7.4  9.1 99.00 99.00 99.00 999 1012.5  27.2  27.4  22.9 99.0 99.00
2026 01 28 23 10  58  7.4  8.6  1.57  7.14  5.02  99 1012.5  27.1  27.4  23.0 99.0 99.00
2026 01 28 23 20  60  7.2  8.5 99.00 99.00 99.00 999 1012.6  27.1  27.4  23.0 99.0 99.00
2026 01 28 23 30  63  7.3  8.9 99.00 99.00 99.00 999 1012.7  27.0  27.4  22.7 99.0 99.00
2026 01 28 23 40  64  7.2  8.9  1.52  7.69  5.03 102 1012.9  27.1  27.4  22.7 99.0 99.00
2026 01 28 23 50  76  8.3 12.4 99.00 99.00 99.00 999 1013.0  26.0  27.4  21.9 99.0 99.00
2026 01 29 00 00  53  7.6 10.1 99.00 99.00 99.00 999 1013.1  26.0  27.4  21.8 99.0 99.00
2026 01 29 00 10  53  6.7  8.8  1.46  7.69  5.03 100 1013.2  26.0  27.4  21.4 99.0 99.00
2026 01 29 00 20  61  6.0  7.2 99.00 99.00 99.00 999 1013.4  26.7  27.4  22.0 99.0 99.00
2026 01 29 00 30  65  6.7  8.8 99.00 99.00 99.00 999 1013.5  26.7  27.4  22.8 99.0 99.00
2026 01 29 00 40  62  7.3  9.0  1.42  7.69  4.94 101 1013.7  26.9  27.4  22.8 99.0 99.00
2026 01 29 00 50  57  6.8  8.3 99.00 99.00 99.00 999 1013.8  27.0  27.4  23.0 99.0 99.00
2026 01 29 01 00  59  6.7  8.3 99.00 99.00 99.00 999 1013.9  27.1  27.4  23.3 99.0 99.00
2026 01 29 01 10  65  7.5  9.2  1.45  7.14  5.07  92 1014.0  26.9  27.4  22.7 99.0 99.00
2026 01 29 01 20  65  7.0  8.2 99.00 99.00 99.00 999 1014.0  27.2  27.4  22.8 99.0 99.00
2026 01 29 01 30  63  8.0  9.5 99.00 99.00 99.00 999 1014.1  27.0  27.4  22.4 99.0 99.00
2026 01 29 01 40  69  7.6  8.9  1.41  7.14  5.01  87 1014.3  26.9  27.4  22.3 99.0 99.00
2026 01 29 01 50  67  7.3  8.2 99.00 99.00 99.00 999 1014.3  27.0  27.4  22.5 99.0 99.00
2026 01 29 02 00  59  6.8  8.0 99.00 99.00 99.00 999 1014.4  27.1  27.4  23.0 99.0 99.00
2026 01 29 02 10  51  6.3  7.5  1.38  7.69  5.05 103 1014.6  26.9  27.4  23.1 99.0 99.00
2026 01 29 02 20  57  6.9  8.9 99.00 99.00 99.00 999 1014.6  27.0  27.4  23.3 99.0 99.00
2026 01 29 02 30  43  8.5 11.3 99.00 99.00 99.00 999 1014.7  26.7  27.4  22.6 99.0 99.00
2026 01 29 02 40  37  7.9  9.7  1.44  7.69  4.91 101 1014.6  26.0  27.4  21.8 99.0 99.00
2026 01 29 02 50  40  6.8  8.7 99.00 99.00 99.00 999 1014.8  26.4  27.4  22.3 99.0 99.00
2026 01 29 03 00  51  6.5  8.2 99.00 99.00 99.00 999 1014.8  26.8  27.4  23.1 99.0 99.00
2026 01 29 03 10  56  7.0  7.9  1.46  7.69  5.09  92 1014.7  26.8  27.4  23.2 99.0 99.00
2026 01 29 03 20  62  6.8  8.1 99.00 99.00 99.00 999 1014.7  26.8  27.4  22.9 99.0 99.00
2026 01 29 03 30  76  7.2  8.4 99.00 99.00 99.00 999 1014.8  26.9  27.4  21.7 99.0 99.00
2026 01 29 03 40  67  6.6  7.7  1.49  7.14  5.03  92 1014.8  27.2  27.4  22.0 99.0 99.00
2026 01 29 03 50  71  6.4  7.6 99.00 99.00 99.00 999 1014.7  27.2  27.4  22.3 99.0 99.00
2026 01 29 04 00  67  7.0  8.4 99.00 99.00 99.00 999 1014.6  27.1  27.4  22.3 99.0 99.00
2026 01 29 04 10  66  6.7  8.2  1.46  7.69  4.87  89 1014.6  27.1  27.4  22.4 99.0 99.00
2026 01 29 04 20  64  6.8  7.9 99.00 99.00 99.00 999 1014.5  27.0  27.4  22.4 99.0 99.00
2026 01 29 04 30  67  7.0  8.1 99.00 99.00 99.00 999 1014.4  27.0  27.4  22.2 99.0 99.00
2026 01 29 04 40  64  6.7  7.9  1.43  7.69  5.09  93 1014.4  27.0  27.4  22.3 99.0 99.00
2026 01 29 04 50  66  6.2  7.7 99.00 99.00 99.00 999 1014.3  27.0  27.4  22.3 99.0 99.00
2026 01 29 05 00  57  6.6  7.8 99.00 99.00 99.00 999 1014.2  27.0  27.4  22.7 99.0 99.00
2026 01 29 05 10  58  6.4  7.6  1.44  7.14  5.07  99 1014.1  27.0  27.4  22.7 99.0 99.00
2026 01 29 05 20  60  6.3  7.5 99.00 99.00 99.00 999 1014.0  26.9  27.4  22.4 99.0 99.00
2026 01 29 05 30  54  6.4  7.8 99.00 99.00 99.00 999 1013.8  27.1  27.4  22.8 99.0 99.00
2026 01 29 05 40  48  6.5  7.9  1.39  7.69  5.06 100 1013.8  26.9  27.4  22.7 99.0 99.00
2026 01 29 05 50  58  6.6  7.6 99.00 99.00 99.00 999 1013.6  27.0  27.4  22.8 99.0 99.00
2026 01 29 06 00  55  6.5  7.6 99.00 99.00 99.00 999 1013.5  27.0  27.4  23.3 99.0 99.00
2026 01 29 06 10  63  6.3  7.4  1.40  7.69  5.04  98 1013.4  26.6  27.4  22.9 99.0 99.00
2026 01 29 06 20  69  5.6  6.8 99.00 99.00 99.00 999 1013.3  26.7  27.4  22.7 99.0 99.00
2026 01 29 06 30  65  5.9  7.1 99.00 99.00 99.00 999 1013.3  26.6  27.4  22.3 99.0 99.00
2026 01 29 06 40  64  6.3  7.2  1.47  7.69  5.27  93 1013.1  26.8  27.4  22.6 99.0 99.00
2026 01 29 06 50  64  6.4  7.5 99.00 99.00 99.00 999 1013.1  26.7  27.4  22.7 99.0 99.00
2026 01 29 07 00  58  6.3  7.4 99.00 99.00 99.00 999 1012.9  26.7  27.4  22.7 99.0 99.00
2026 01 29 07 10  56  6.7  7.7  1.38  7.14  5.19  98 1012.8  26.7  27.4  22.6 99.0 99.00
2026 01 29 07 20  55  6.7  8.0 99.00 99.00 99.00 999 1012.7  26.7  27.4  22.7 99.0 99.00
2026 01 29 07 30  54  6.9  8.1 99.00 99.00 99.00 999 1012.7  26.7  27.4  22.8 99.0 99.00
2026 01 29 07 40  59  7.4  9.2  1.47  7.69  5.22  85 1012.6  26.5  27.4  22.8 99.0 99.00
2026 01 29 07 50  44  7.3  9.4 99.00 99.00 99.00 999 1012.7  25.5  27.4  21.4 99.0 99.00
2026 01 29 08 00  93  3.6 11.9 99.00 99.00 99.00 999 1012.6  25.3  27.4  21.6 99.0 99.00
2026 01 29 08 10  60  5.8  8.2  1.32  7.69  5.10  98 1012.6  25.9  27.3  22.3 99.0 99.00
2026 01 29 08 20  70  7.5  9.2 99.00 99.00 99.00 999 1012.6  26.3  27.3  21.7 99.0 99.00
2026 01 29 08 30  62  7.7  9.5 99.00 99.00 99.00 999 1012.5  26.7  27.3  21.1 99.0 99.00
2026 01 29 08 40  63  7.3  8.8  1.41  7.69  5.26  71 1012.4  26.9  27.3  21.4 99.0 99.00
2026 01 29 08 50  66  6.7  8.2 99.00 99.00 99.00 999 1012.4  26.8  27.3  21.6 99.0 99.00
2026 01 29 09 00  58  6.7  8.0 99.00 99.00 99.00 999 1012.3  26.8  27.3  21.4 99.0 99.00
2026 01 29 09 10  71  5.9  6.9  1.39  7.69  4.98  95 1012.1  26.8  27.3  21.3 99.0 99.00
2026 01 29 09 20  78  5.4  6.4 99.00 99.00 99.00 999 1012.1  26.8  27.4  21.3 99.0 99.00
2026 01 29 09 30  85  5.2  6.2 99.00 99.00 99.00 999 1012.2  26.8  27.3  21.5 99.0 99.00
2026 01 29 09 40  81  5.7  6.9  1.35  7.14  5.18  87 1012.1  26.9  27.4  21.9 99.0 99.00
2026 01 29 09 50  90  6.6  8.2 99.00 99.00 99.00 999 1012.1  26.9  27.3  22.4 99.0 99.00
2026 01 29 10 00  86  6.0  7.0 99.00 99.00 99.00 999 1012.2  26.8  27.3  22.5 99.0 99.00
2026 01 29 10 10  91  5.5  6.5  1.38  6.25  5.15  87 1012.4  26.7  27.3  22.4 99.0 99.00
2026 01 29 10 20  91  7.1  9.0 99.00 99.00 99.00 999 1012.4  26.8  27.3  21.9 99.0 99.00
2026 01 29 10 30  88  7.2  8.5 99.00 99.00 99.00 999 1012.4  26.9  27.3  22.6 99.0 99.00
2026 01 29 10 40  92  7.2  8.3  1.38  7.69  5.33  99 1012.6  26.7  27.3  22.6 99.0 99.00
2026 01 29 10 50  89  7.0  8.3 99.00 99.00 99.00 999 1012.7  26.6  27.3  22.7 99.0 99.00
2026 01 29 11 00  88  6.7  7.8 99.00 99.00 99.00 999 1012.8  26.5  27.3  22.8 99.0 99.00
2026 01 29 11 10  85  6.0  7.4  1.34  7.14  5.08  82 1012.9  26.6  27.3  23.1 99.0 99.00
2026 01 29 11 20  88  7.0  8.3 99.00 99.00 99.00 999 1013.0  26.6  27.3  22.8 99.0 99.00
2026 01 29 11 30  86  7.0  8.4 99.00 99.00 99.00 999 1013.0  26.7  27.3  22.7 99.0 99.00
2026 01 29 11 40  86  7.5  9.1  1.47  7.14  5.37  94 1013.0  26.7  27.3  22.5 99.0 99.00
2026 01 29 11 50  90  7.4  8.5 99.00 99.00 99.00 999 1013.1  26.8  27.3  22.5 99.0 99.00
2026 01 29 12 00  88  7.1  8.5 99.00 99.00 99.00 999 1013.3  26.8  27.3  22.6 99.0 99.00
2026 01 29 12 10  86  7.6  8.9  1.34  7.14  5.03  85 1013.3  26.8  27.3  22.4 99.0 99.00
2026 01 29 12 20  89  7.4  8.5 99.00 99.00 99.00 999 1013.4  26.8  27.3  22.6 99.0 99.00
2026 01 29 12 30  85  6.7  8.2 99.00 99.00 99.00 999 1013.6  26.9  27.4  22.9 99.0 99.00
2026 01 29 12 40  89  7.6  9.0  1.42  7.69  4.97  87 1013.7  26.8  27.3  22.9 99.0 99.00
2026 01 29 12 50  96  8.7 10.7 99.00 99.00 99.00 999 1013.8  26.4  27.3  22.0 99.0 99.00
2026 01 29 13 00  88  7.3  9.0 99.00 99.00 99.00 999 1013.8  26.3  27.3  21.6 99.0 99.00
2026 01 29 13 10  89  6.7  7.9  1.38  7.69  4.95  90 1013.8  26.7  27.3  22.6 99.0 99.00
2026 01 29 13 20  81  7.0  9.1 99.00 99.00 99.00 999 1013.9  26.8  27.3  23.0 99.0 99.00
2026 01 29 13 30  83  7.9  9.4 99.00 99.00 99.00 999 1014.0  26.9  27.3  22.6 99.0 99.00
2026 01 29 13 40  86  8.0  9.4  1.38  7.69  4.93  99 1014.0  26.9  27.3  22.4 99.0 99.00
2026 01 29 13 50  86  7.8  9.3 99.00 99.00 99.00 999 1014.1  26.9  27.3  22.1 99.0 99.00
2026 01 29 14 00  85  8.1  9.7 99.00 99.00 99.00 999 1014.2  26.9  27.4  21.9 99.0 99.00
2026 01 29 14 10  85  7.8  9.8  1.47 10.00  5.08 125 1014.4  26.9  27.3  22.1 99.0 99.00
2026 01 29 14 20  83  7.7  9.3 99.00 99.00 99.00 999 1014.3  26.8  27.4  21.8 99.0 99.00
2026 01 29 14 30  88  7.6  9.4 99.00 99.00 99.00 999 1014.3  26.9  27.4  21.9 99.0 99.00
2026 01 29 14 40  91  7.9  9.6  1.43  7.69  5.00  88 1014.2  27.0  27.4  21.7 99.0 99.00
2026 01 29 14 50  89  8.0  9.1 99.00 99.00 99.00 999 1014.2  27.0  27.4  22.0 99.0 99.00
2026 01 29 15 00  92  7.8  9.4 99.00 99.00 99.00 999 1014.2  27.0  27.4  22.0 99.0 99.00
2026 01 29 15 10  89  7.7  9.3  1.38  7.69  4.71  85 1014.3  26.9  27.4  21.9 99.0 99.00
2026 01 29 15 20  85  7.7  9.2 99.00 99.00 99.00 999 1014.1  26.9  27.4  21.5 99.0 99.00
2026 01 29 15 30  89  7.4  9.5 99.00 99.00 99.00 999 1013.9  27.0  27.4  21.7 99.0 99.00
2026 01 29 15 40  92  7.4  8.8  1.55  6.25  4.93  95 1013.8  26.9  27.4  21.6 99.0 99.00
2026 01 29 15 50  93  7.3  8.9 99.00 99.00 99.00 999 1013.8  26.9  27.4  21.6 99.0 99.00
2026 01 29 16 00  88  6.9  8.5 99.00 99.00 99.00 999 1013.6  26.9  27.4  21.8 99.0 99.00
2026 01 29 16 10  83  7.1  8.4  1.47  7.69  4.86  89 1013.5  26.9  27.4  21.9 99.0 99.00
2026 01 29 16 20  91  7.2  8.5 99.00 99.00 99.00 999 1013.2  26.9  27.4  21.9 99.0 99.00
2026 01 29 16 30  87  7.6  9.0 99.00 99.00 99.00 999 1013.1  26.8  27.4  21.6 99.0 99.00
2026 01 29 16 40  84  7.2  8.8  1.46  7.14  4.78 109 1013.0  26.9  27.4  21.8 99.0 99.00
2026 01 29 16 50  83  7.5  8.6 99.00 99.00 99.00 999 1012.8  26.8  27.4  21.6 99.0 99.00
2026 01 29 17 00  88  7.2  8.9 99.00 99.00 99.00 999 1012.6  26.9  27.4  21.7 99.0 99.00
2026 01 29 17 10  87  7.0  8.2  1.57  7.14  5.30 102 1012.5  26.8  27.4  21.6 99.0 99.00
2026 01 29 17 20  83  7.2  9.2 99.00 99.00 99.00 999 1012.4  26.8  27.4  21.7 99.0 99.00
2026 01 29 17 30  84  7.3  9.1 99.00 99.00 99.00 999 1012.2  26.9  27.4  21.9 99.0 99.00
2026 01 29 17 40  90  7.0  8.6  1.50  7.14  4.96  96 1011.9  26.9  27.4  21.8 99.0 99.00
2026 01 29 17 50  86  6.9  8.1 99.00 99.00 99.00 999 1011.8  26.9  27.4  21.9 99.0 99.00
2026 01 29 18 00  81  7.0  8.1 99.00 99.00 99.00 999 1011.6  26.8  27.4  21.6 99.0 99.00
2026 01 29 18 10  75  6.9  8.2  1.51  6.25  4.94 104 1011.4  26.9  27.4  21.7 99.0 99.00
2026 01 29 18 20  72  6.5  7.4 99.00 99.00 99.00 999 1011.4  26.9  27.4  21.9 99.0 99.00
2026 01 29 18 30  71  7.0  8.3 99.00 99.00 99.00 999 1011.3  26.9  27.4  21.8 99.0 99.00
2026 01 29 18 40  72  7.0  8.3  1.48  7.14  4.92 102 1011.2  26.9 999.0  21.8 99.0 99.00
2026 01 29 18 50  76  6.8  8.3 99.00 99.00 99.00 999 1011.2  26.9  27.4  21.8 99.0 99.00
2026 01 29 19 00  68  6.8  8.0 99.00 99.00 99.00 999 1011.0  26.9  27.5  22.0 99.0 99.00
2026 01 29 19 10  59  6.9  8.1  1.48  7.14  4.97 106 1010.9  26.9  27.5  22.1 99.0 99.00
2026 01 29 19 20  66  6.7  8.1 99.00 99.00 99.00 999 1010.9  26.9  27.5  22.2 99.0 99.00
2026 01 29 19 30  69  7.1  8.7 99.00 99.00 99.00 999 1010.8  26.9  27.5  21.9 99.0 99.00
2026 01 29 19 40  72  7.3  8.4  1.52  7.14  5.08 109 1010.7  26.8  27.5  20.7 99.0 99.00
2026 01 29 19 50  73  7.1  8.3 99.00 99.00 99.00 999 1010.7  27.0  27.5  20.4 99.0 99.00
2026 01 29 20 00  67  7.1  8.5 99.00 99.00 99.00 999 1010.7  27.1  27.5  20.5 99.0 99.00
2026 01 29 20 10  67  6.8  8.1  1.44  6.67  5.10 115 1010.6  27.1  27.5  21.1 99.0 99.00
2026 01 29 20 20  68  6.9  8.3 99.00 99.00 99.00 999 1010.6  27.0  27.5  21.3 99.0 99.00
2026 01 29 20 30  73  7.0  8.6 99.00 99.00 99.00 999 1010.5  27.0  27.5  21.4 99.0 99.00
2026 01 29 20 40  71  7.0  8.2  1.56  6.25  5.09  92 1010.5  27.0  27.5  21.5 99.0 99.00
2026 01 29 20 50  71  7.2  8.9 99.00 99.00 99.00 999 1010.6  27.0  27.5  21.6 99.0 99.00
2026 01 29 21 00  72  7.4  8.8 99.00 99.00 99.00 999 1010.6  26.9  27.5  21.4 99.0 99.00
2026 01 29 21 10  73  7.4  8.6  1.40  6.25  4.90  96 1010.7  27.0  27.5  21.3 99.0 99.00
2026 01 29 21 20  69  7.4  8.7 99.00 99.00 99.00 999 1010.6  26.9  27.4  21.2 99.0 99.00
2026 01 29 21 30  79  7.6  9.0 99.00 99.00 99.00 999 1010.5  27.0  27.4  21.2 99.0 99.00
2026 01 29 21 40  80  7.3  8.7  1.45  7.14  4.89 104 1010.5  27.0  27.4  21.3 99.0 99.00
2026 01 29 21 50  74  7.2  8.7 99.00 99.00 99.00 999 1010.5  26.9  27.4  21.3 99.0 99.00
2026 01 29 22 00  74  7.0  8.3 99.00 99.00 99.00 999 1010.7  27.0  27.4  21.4 99.0 99.00
2026 01 29 22 10  75  6.9  8.4  1.49  6.67  4.94 102 1010.7  27.0  27.4  21.6 99.0 99.00
2026 01 29 22 20  73  7.1  8.7 99.00 99.00 99.00 999 1010.8  27.0  27.4  21.7 99.0 99.00
2026 01 29 22 30  74  7.1  8.6 99.00 99.00 99.00 999 1010.9  26.9  27.4  21.6 99.0 99.00
2026 01 29 22 40  76  7.3  8.4  1.45  7.14  4.92 105 1010.9  27.0  27.4  21.7 99.0 99.00
2026 01 29 22 50  75  7.2  8.8 99.00 99.00 99.00 999 1010.9  27.0  27.4  21.8 99.0 99.00
2026 01 29 23 00  75  7.2  8.8 99.00 99.00 99.00 999 1011.0  27.0  27.4  21.8 99.0 99.00
2026 01 29 23 10  68  7.0  8.3  1.46  5.56  4.98 100 1011.1  27.0  27.4  21.7 99.0 99.00
2026 01 29 23 20  69  7.2  8.9 99.00 99.00 99.00 999 1011.1  27.0  27.4  21.7 99.0 99.00
2026 01 29 23 30  62  7.6  9.6 99.00 99.00 99.00 999 1011.1  27.0  27.4  21.7 99.0 99.00
2026 01 29 23 40  61  7.8  9.1  1.46  7.14  4.97 102 1011.2  27.0  27.4  21.7 99.0 99.00
2026 01 29 23 50  62  7.7  9.1 99.00 99.00 99.00 999 1011.3  27.0  27.4  21.8 99.0 99.00
2026 01 30 00 00  60  7.5  8.9 99.00 99.00 99.00 999 1011.4  26.9  27.4  21.6 99.0 99.00
2026 01 30 00 10  54  7.4  9.0  1.49  7.14  4.87 104 1011.5  26.9  27.4  21.5 99.0 99.00
2026 01 30 00 20  60  7.6  9.2 99.00 99.00 99.00 999 1011.7  27.0  27.4  21.8 99.0 99.00
2026 01 30 00 30  57  7.8  9.5 99.00 99.00 99.00 999 1011.8  26.9  27.4  22.1 99.0 99.00
2026 01 30 00 40  69  8.1  9.4  1.40  7.14  4.75  96 1011.9  26.9  27.4  21.8 99.0 99.00
2026 01 30 00 50  64  8.0  9.3 99.00 99.00 99.00 999 1011.9  27.0 999.0  22.1 99.0 99.00
2026 01 30 01 00  62  8.3  9.5 99.00 99.00 99.00 999 1012.0  26.9  27.4  21.9 99.0 99.00
2026 01 30 01 10  63  7.7  9.2  1.49  6.25  4.78 101 1012.0  26.9  27.4  22.0 99.0 99.00
2026 01 30 01 20  59  7.8  9.7 99.00 99.00 99.00 999 1012.1  26.9  27.3  22.0 99.0 99.00
2026 01 30 01 30  62  7.7  9.0 99.00 99.00 99.00 999 1012.2  26.9  27.3  21.9 99.0 99.00
2026 01 30 01 40  66  7.6  9.0  1.42  6.67  4.78 109 1012.3  26.9  27.3  22.0 99.0 99.00
2026 01 30 01 50  65  8.2  9.3 99.00 99.00 99.00 999 1012.4  26.9  27.3  21.9 99.0 99.00
2026 01 30 02 00  74  8.1  9.3 99.00 99.00 99.00 999 1012.4  26.9  27.3  21.6 99.0 99.00
2026 01 30 02 10  77  7.5  9.1  1.39  6.67  4.83 101 1012.5  27.0  27.4  21.8 99.0 99.00
2026 01 30 02 20  72  7.9  9.4 99.00 99.00 99.00 999 1012.7  27.0  27.4  21.6 99.0 99.00
2026 01 30 02 30  69  7.4  8.7 99.00 99.00 99.00 999 1012.7  27.1  27.3  21.9 99.0 99.00
2026 01 30 02 40  64  7.2  9.1  1.49  7.14  4.98 101 1012.7  27.0  27.4  22.2 99.0 99.00
2026 01 30 02 50  63  7.5  8.9 99.00 99.00 99.00 999 1012.7  26.9  27.4  22.3 99.0 99.00
2026 01 30 03 00  67  7.2  8.9 99.00 99.00 99.00 999 1012.7  27.0  27.4  22.4 99.0 99.00
2026 01 30 03 10  67  7.4  9.2  1.41  7.14  4.79 108 1012.9  26.9  27.4  22.2 99.0 99.00
2026 01 30 03 20  66  7.4  9.1 99.00 99.00 99.00 999 1012.9  26.9  27.3  22.0 99.0 99.00
2026 01 30 03 30  72  7.5  9.0 99.00 99.00 99.00 999 1012.9  26.9  27.3  21.4 99.0 99.00
2026 01 30 03 40  69  7.5  9.1  1.42  6.67  4.89 105 1012.9  26.9  27.3  21.3 99.0 99.00
2026 01 30 03 50  73  7.3  8.5 99.00 99.00 99.00 999 1012.9  27.0  27.3  21.3 99.0 99.00
2026 01 30 04 00  74  7.2  9.2 99.00 99.00 99.00 999 1012.8  27.0  27.3  21.4 99.0 99.00
2026 01 30 04 10  76  6.8  8.0  1.38  6.67  4.78 105 1012.7  27.0  27.3  21.7 99.0 99.00
2026 01 30 04 20  77  7.3  8.7 99.00 99.00 99.00 999 1012.6  27.0  27.3  21.7 99.0 99.00
2026 01 30 04 30  78  7.4  9.1 99.00 99.00 99.00 999 1012.6  26.9  27.3  21.6 99.0 99.00
2026 01 30 04 40  74  7.3  8.9  1.35  6.67  4.76  98 1012.5  26.9  27.3  21.3 99.0 99.00
2026 01 30 04 50  77  7.2  8.5 99.00 99.00 99.00 999 1012.5  26.9  27.3  20.7 99.0 99.00
2026 01 30 05 00  78  7.4  8.9 99.00 99.00 99.00 999 1012.4  26.9  27.3  20.6 99.0 99.00
2026 01 30 05 10  74  7.2  8.7  1.40  6.25  4.88 107 1012.4  26.9  27.3  21.0 99.0 99.00
2026 01 30 05 20  73  7.2  8.4 99.00 99.00 99.00 999 1012.4  26.9  27.3  21.3 99.0 99.00
2026 01 30 05 30  77  7.5  9.0 99.00 99.00 99.00 999 1012.3  26.8  27.3  21.4 99.0 99.00
2026 01 30 05 40  86  7.3  9.0  1.37  7.14  4.76 103 1012.2  26.8  27.3  21.5 99.0 99.00
2026 01 30 05 50  78  6.9  8.3 99.00 99.00 99.00 999 1012.1  26.8  27.3  21.8 99.0 99.00
2026 01 30 06 00  76  7.1  8.5 99.00 99.00 99.00 999 1012.0  26.7  27.3  21.7 99.0 99.00
2026 01 30 06 10  78  7.4  9.2  1.39  7.14  4.86 104 1011.8  26.7  27.3  21.6 99.0 99.00
2026 01 30 06 20  72  6.9  8.6 99.00 99.00 99.00 999 1011.6  26.8  27.3  22.0 99.0 99.00
2026 01 30 06 30  69  6.9  8.9 99.00 99.00 99.00 999 1011.6  26.8  27.3  22.1 99.0 99.00
2026 01 30 06 40  79  7.4  8.4  1.38  5.88  4.80  99 1011.4  26.7  27.3  21.4 99.0 99.00
2026 01 30 06 50  77  7.4  8.7 99.00 99.00 99.00 999 1011.4  26.7  27.3  21.3 99.0 99.00
2026 01 30 07 00  75  7.5  8.8 99.00 99.00 99.00 999 1011.4  26.7  27.3  21.4 99.0 99.00
2026 01 30 07 10  71  7.4  8.8  1.38  6.25  4.75 104 1011.3  26.6  27.3  21.4 99.0 99.00
2026 01 30 07 20  71  7.8  9.0 99.00 99.00 99.00 999 1011.3  26.6  27.3  21.3 99.0 99.00
2026 01 30 07 30  71  7.9  9.6 99.00 99.00 99.00 999 1011.3  26.6  27.3  21.1 99.0 99.00
2026 01 30 07 40  71  7.6  9.7  1.36  5.88  4.66 102 1011.2  26.6  27.3  21.2 99.0 99.00
2026 01 30 07 50  69  8.1 10.0 99.00 99.00 99.00 999 1011.2  26.5  27.3  20.9 99.0 99.00
2026 01 30 08 00  71  7.9  9.2 99.00 99.00 99.00 999 1011.1  26.5  27.3  20.9 99.0 99.00
2026 01 30 08 10  74  7.6  9.2  1.42  6.67  4.70 108 1011.2  26.5  27.3  20.9 99.0 99.00
2026 01 30 08 20  72  7.7  9.5 99.00 99.00 99.00 999 1011.1  26.5  27.3  20.8 99.0 99.00
2026 01 30 08 30  69  7.5  8.9 99.00 99.00 99.00 999 1011.1  26.5  27.3  20.8 99.0 99.00
2026 01 30 08 40  69  7.7  9.9  1.40  5.88  4.67  99 1011.2  26.5  27.3  20.8 99.0 99.00
2026 01 30 08 50  68  7.2  8.7 99.00 99.00 99.00 999 1011.1  26.5  27.3  21.0 99.0 99.00
2026 01 30 09 00  73  7.7  9.8 99.00 99.00 99.00 999 1011.1  26.4  27.3  20.6 99.0 99.00
2026 01 30 09 10  71  7.7  8.9  1.31  5.88  4.55 104 1011.2  26.5  27.3  20.7 99.0 99.00
2026 01 30 09 20  68  7.6  9.1 99.00 99.00 99.00 999 1011.2  26.5  27.3  20.9 99.0 99.00
2026 01 30 09 30  65  7.7  9.1 99.00 99.00 99.00 999 1011.3  26.5  27.3  21.0 99.0 99.00
2026 01 30 09 40  69  7.2  8.6  1.36  6.67  4.61  95 1011.3  26.4  27.3  20.7 99.0 99.00
2026 01 30 09 50  66  7.0  8.2 99.00 99.00 99.00 999 1011.4  26.5  27.3  20.8 99.0 99.00
2026 01 30 10 00  71  7.3  9.0 99.00 99.00 99.00 999 1011.6  26.5  27.3  20.1 99.0 99.00
2026 01 30 10 10  71  7.0  8.5  1.33  5.88  4.75 100 1011.5  26.6  27.3  20.0 99.0 99.00
2026 01 30 10 20  70  7.0  8.2 99.00 99.00 99.00 999 1011.6  26.6  27.3  20.0 99.0 99.00
2026 01 30 10 30  80  7.4  8.9 99.00 99.00 99.00 999 1011.7  26.6  27.3  20.7 99.0 99.00
2026 01 30 10 40  74  7.3  9.0  1.25  5.88  4.65 120 1011.7  26.6  27.3  21.1 99.0 99.00
2026 01 30 10 50  71  7.2  9.2 99.00 99.00 99.00 999 1011.9  26.5  27.3  21.1 99.0 99.00
2026 01 30 11 00  72  7.5  9.1 99.00 99.00 99.00 999 1011.9  26.6  27.3  21.3 99.0 99.00
2026 01 30 11 10  72  7.5  8.9  1.38  5.56  4.84 109 1011.9  26.6  27.3  21.2 99.0 99.00
2026 01 30 11 20  71  7.7  9.3 99.00 99.00 99.00 999 1012.0  26.6  27.3  21.2 99.0 99.00
2026 01 30 11 30  66  7.5  9.1 99.00 99.00 99.00 999 1012.1  26.6  27.3  21.5 99.0 99.00
2026 01 30 11 40  68  7.7  9.4  1.36  6.25  4.80 106 1012.2  26.7  27.3  21.8 99.0 99.00
2026 01 30 11 50  70  7.7  9.0 99.00 99.00 99.00 999 1012.3  26.7  27.3  21.7 99.0 99.00
2026 01 30 12 00  69  7.8  9.1 99.00 99.00 99.00 999 1012.4  26.7  27.3  21.9 99.0 99.00
2026 01 30 12 10  71  7.8  9.3  1.37 10.00  4.80 331 1012.5  26.7  27.3  21.9 99.0 99.00
2026 01 30 12 20  70  7.5  8.9 99.00 99.00 99.00 999 1012.7  26.7  27.3  21.9 99.0 99.00
2026 01 30 12 30  65  7.5  9.1 99.00 99.00 99.00 999 1012.7  26.8  27.3  22.1 99.0 99.00
2026 01 30 12 40  70  7.9  9.4  1.46  6.67  4.86 107 1012.9  26.8  27.3  22.0 99.0 99.00
2026 01 30 12 50  72  7.1  8.5 99.00 99.00 99.00 999 1013.0  26.9  27.3  22.3 99.0 99.00
2026 01 30 13 00  73  7.4  8.9 99.00 99.00 99.00 999 1013.0  26.8  27.3  22.2 99.0 99.00
2026 01 30 13 10  71  7.3  8.9  1.45  5.56  4.88 110 1013.2  26.8  27.3  22.0 99.0 99.00
2026 01 30 13 20  67  6.9  8.1 99.00 99.00 99.00 999 1013.3  27.0  27.3  22.4 99.0 99.00
2026 01 30 13 30  66  6.9  8.6 99.00 99.00 99.00 999 1013.5  26.9  27.3  22.2 99.0 99.00
2026 01 30 13 40  78  6.5  8.5  1.45  6.67  5.16 112 1013.7  27.0  27.3  22.5 99.0 99.00
2026 01 30 13 50  83  5.6  7.3 99.00 99.00 99.00 999 1013.8  26.9  27.3  22.4 99.0 99.00
2026 01 30 14 00  80  6.4  7.9 99.00 99.00 99.00 999 1013.8  26.9  27.3  22.3 99.0 99.00
